[0.052s] DEBUG:colcon:Command line arguments: ['/usr/bin/colcon', 'build', '--cmake-args', '-DROS_EDITION=ROS2', '-DHUMBLE_ROS=humble']
[0.052s] DEBUG:colcon:Parsed command line arguments: Namespace(log_base=None, log_level=None, verb_name='build', build_base='build', install_base='install', merge_install=False, symlink_install=False, test_result_base=None, continue_on_error=False, executor='parallel', parallel_workers=24, event_handlers=None, ignore_user_meta=False, metas=['./colcon.meta'], base_paths=['.'], packages_ignore=None, packages_ignore_regex=None, paths=None, packages_up_to=None, packages_up_to_regex=None, packages_above=None, packages_above_and_dependencies=None, packages_above_depth=None, packages_select_by_dep=None, packages_skip_by_dep=None, packages_skip_up_to=None, packages_select_build_failed=False, packages_skip_build_finished=False, packages_select_test_failures=False, packages_skip_test_passed=False, packages_select=None, packages_skip=None, packages_select_regex=None, packages_skip_regex=None, packages_start=None, packages_end=None, cmake_args=['-DROS_EDITION=ROS2', '-DHUMBLE_ROS=humble'], cmake_target=None, cmake_target_skip_unavailable=False, cmake_clean_cache=False, cmake_clean_first=False, cmake_force_configure=False, ament_cmake_args=None, catkin_cmake_args=None, catkin_skip_building_tests=False, mixin_files=None, mixin=None, verb_parser=<colcon_mixin.mixin.mixin_argument.MixinArgumentDecorator object at 0x72caa2a22650>, verb_extension=<colcon_core.verb.build.BuildVerb object at 0x72caa2a21fc0>, main=<bound method BuildVerb.main of <colcon_core.verb.build.BuildVerb object at 0x72caa2a21fc0>>, mixin_verb=('build',))
[0.133s] Level 1:colcon.colcon_core.package_discovery:discover_packages(colcon_meta) check parameters
[0.133s] INFO:colcon.colcon_metadata.package_discovery.colcon_meta:Using configuration from '/root/.colcon/metadata/default/Gazebo.meta'
[0.134s] INFO:colcon.colcon_metadata.package_discovery.colcon_meta:Using configuration from '/root/.colcon/metadata/default/fastdds.meta'
[0.134s] INFO:colcon.colcon_metadata.package_discovery.colcon_meta:Using configuration from '/root/.colcon/metadata/default/fastrtps.meta'
[0.134s] Level 1:colcon.colcon_core.package_discovery:discover_packages(recursive) check parameters
[0.134s] Level 1:colcon.colcon_core.package_discovery:discover_packages(ignore) check parameters
[0.134s] Level 1:colcon.colcon_core.package_discovery:discover_packages(path) check parameters
[0.134s] Level 1:colcon.colcon_core.package_discovery:discover_packages(colcon_meta) discover
[0.134s] Level 1:colcon.colcon_core.package_discovery:discover_packages(recursive) discover
[0.134s] INFO:colcon.colcon_core.package_discovery:Crawling recursively for packages in '/root/ros2_ws/src'
[0.134s] Level 1:colcon.colcon_core.package_identification:_identify(.) by extensions ['ignore', 'ignore_ament_install']
[0.134s] Level 1:colcon.colcon_core.package_identification:_identify(.) by extension 'ignore'
[0.134s] Level 1:colcon.colcon_core.package_identification:_identify(.) by extension 'ignore_ament_install'
[0.134s] Level 1:colcon.colcon_core.package_identification:_identify(.) by extensions ['colcon_pkg']
[0.134s] Level 1:colcon.colcon_core.package_identification:_identify(.) by extension 'colcon_pkg'
[0.134s] Level 1:colcon.colcon_core.package_identification:_identify(.) by extensions ['colcon_meta']
[0.134s] Level 1:colcon.colcon_core.package_identification:_identify(.) by extension 'colcon_meta'
[0.134s] Level 1:colcon.colcon_core.package_identification:_identify(.) by extensions ['ros']
[0.134s] Level 1:colcon.colcon_core.package_identification:_identify(.) by extension 'ros'
[0.140s] Level 1:colcon.colcon_core.package_identification:_identify(.) by extensions ['cmake', 'python']
[0.140s] Level 1:colcon.colcon_core.package_identification:_identify(.) by extension 'cmake'
[0.140s] Level 1:colcon.colcon_core.package_identification:_identify(.) by extension 'python'
[0.140s] Level 1:colcon.colcon_core.package_identification:_identify(.) by extensions ['python_setup_py']
[0.140s] Level 1:colcon.colcon_core.package_identification:_identify(.) by extension 'python_setup_py'
[0.140s] Level 1:colcon.colcon_core.package_identification:_identify(base_autonomy) by extensions ['ignore', 'ignore_ament_install']
[0.140s] Level 1:colcon.colcon_core.package_identification:_identify(base_autonomy) by extension 'ignore'
[0.140s] Level 1:colcon.colcon_core.package_identification:_identify(base_autonomy) by extension 'ignore_ament_install'
[0.140s] Level 1:colcon.colcon_core.package_identification:_identify(base_autonomy) by extensions ['colcon_pkg']
[0.140s] Level 1:colcon.colcon_core.package_identification:_identify(base_autonomy) by extension 'colcon_pkg'
[0.140s] Level 1:colcon.colcon_core.package_identification:_identify(base_autonomy) by extensions ['colcon_meta']
[0.140s] Level 1:colcon.colcon_core.package_identification:_identify(base_autonomy) by extension 'colcon_meta'
[0.140s] Level 1:colcon.colcon_core.package_identification:_identify(base_autonomy) by extensions ['ros']
[0.140s] Level 1:colcon.colcon_core.package_identification:_identify(base_autonomy) by extension 'ros'
[0.140s] Level 1:colcon.colcon_core.package_identification:_identify(base_autonomy) by extensions ['cmake', 'python']
[0.140s] Level 1:colcon.colcon_core.package_identification:_identify(base_autonomy) by extension 'cmake'
[0.140s] Level 1:colcon.colcon_core.package_identification:_identify(base_autonomy) by extension 'python'
[0.140s] Level 1:colcon.colcon_core.package_identification:_identify(base_autonomy) by extensions ['python_setup_py']
[0.140s] Level 1:colcon.colcon_core.package_identification:_identify(base_autonomy) by extension 'python_setup_py'
[0.140s] Level 1:colcon.colcon_core.package_identification:_identify(base_autonomy/local_planner) by extensions ['ignore', 'ignore_ament_install']
[0.140s] Level 1:colcon.colcon_core.package_identification:_identify(base_autonomy/local_planner) by extension 'ignore'
[0.140s] Level 1:colcon.colcon_core.package_identification:_identify(base_autonomy/local_planner) by extension 'ignore_ament_install'
[0.140s] Level 1:colcon.colcon_core.package_identification:_identify(base_autonomy/local_planner) by extensions ['colcon_pkg']
[0.140s] Level 1:colcon.colcon_core.package_identification:_identify(base_autonomy/local_planner) by extension 'colcon_pkg'
[0.140s] Level 1:colcon.colcon_core.package_identification:_identify(base_autonomy/local_planner) by extensions ['colcon_meta']
[0.140s] Level 1:colcon.colcon_core.package_identification:_identify(base_autonomy/local_planner) by extension 'colcon_meta'
[0.140s] Level 1:colcon.colcon_core.package_identification:_identify(base_autonomy/local_planner) by extensions ['ros']
[0.140s] Level 1:colcon.colcon_core.package_identification:_identify(base_autonomy/local_planner) by extension 'ros'
[0.142s] DEBUG:colcon.colcon_core.package_identification:Package 'base_autonomy/local_planner' with type 'ros.ament_cmake' and name 'local_planner'
[0.142s] Level 1:colcon.colcon_core.package_identification:_identify(base_autonomy/sensor_scan_generation) by extensions ['ignore', 'ignore_ament_install']
[0.142s] Level 1:colcon.colcon_core.package_identification:_identify(base_autonomy/sensor_scan_generation) by extension 'ignore'
[0.142s] Level 1:colcon.colcon_core.package_identification:_identify(base_autonomy/sensor_scan_generation) by extension 'ignore_ament_install'
[0.142s] Level 1:colcon.colcon_core.package_identification:_identify(base_autonomy/sensor_scan_generation) by extensions ['colcon_pkg']
[0.142s] Level 1:colcon.colcon_core.package_identification:_identify(base_autonomy/sensor_scan_generation) by extension 'colcon_pkg'
[0.142s] Level 1:colcon.colcon_core.package_identification:_identify(base_autonomy/sensor_scan_generation) by extensions ['colcon_meta']
[0.142s] Level 1:colcon.colcon_core.package_identification:_identify(base_autonomy/sensor_scan_generation) by extension 'colcon_meta'
[0.142s] Level 1:colcon.colcon_core.package_identification:_identify(base_autonomy/sensor_scan_generation) by extensions ['ros']
[0.142s] Level 1:colcon.colcon_core.package_identification:_identify(base_autonomy/sensor_scan_generation) by extension 'ros'
[0.143s] DEBUG:colcon.colcon_core.package_identification:Package 'base_autonomy/sensor_scan_generation' with type 'ros.ament_cmake' and name 'sensor_scan_generation'
[0.143s] Level 1:colcon.colcon_core.package_identification:_identify(base_autonomy/terrain_analysis) by extensions ['ignore', 'ignore_ament_install']
[0.143s] Level 1:colcon.colcon_core.package_identification:_identify(base_autonomy/terrain_analysis) by extension 'ignore'
[0.143s] Level 1:colcon.colcon_core.package_identification:_identify(base_autonomy/terrain_analysis) by extension 'ignore_ament_install'
[0.143s] Level 1:colcon.colcon_core.package_identification:_identify(base_autonomy/terrain_analysis) by extensions ['colcon_pkg']
[0.143s] Level 1:colcon.colcon_core.package_identification:_identify(base_autonomy/terrain_analysis) by extension 'colcon_pkg'
[0.143s] Level 1:colcon.colcon_core.package_identification:_identify(base_autonomy/terrain_analysis) by extensions ['colcon_meta']
[0.143s] Level 1:colcon.colcon_core.package_identification:_identify(base_autonomy/terrain_analysis) by extension 'colcon_meta'
[0.143s] Level 1:colcon.colcon_core.package_identification:_identify(base_autonomy/terrain_analysis) by extensions ['ros']
[0.143s] Level 1:colcon.colcon_core.package_identification:_identify(base_autonomy/terrain_analysis) by extension 'ros'
[0.143s] DEBUG:colcon.colcon_core.package_identification:Package 'base_autonomy/terrain_analysis' with type 'ros.ament_cmake' and name 'terrain_analysis'
[0.143s] Level 1:colcon.colcon_core.package_identification:_identify(base_autonomy/terrain_analysis_ext) by extensions ['ignore', 'ignore_ament_install']
[0.143s] Level 1:colcon.colcon_core.package_identification:_identify(base_autonomy/terrain_analysis_ext) by extension 'ignore'
[0.143s] Level 1:colcon.colcon_core.package_identification:_identify(base_autonomy/terrain_analysis_ext) by extension 'ignore_ament_install'
[0.143s] Level 1:colcon.colcon_core.package_identification:_identify(base_autonomy/terrain_analysis_ext) by extensions ['colcon_pkg']
[0.143s] Level 1:colcon.colcon_core.package_identification:_identify(base_autonomy/terrain_analysis_ext) by extension 'colcon_pkg'
[0.143s] Level 1:colcon.colcon_core.package_identification:_identify(base_autonomy/terrain_analysis_ext) by extensions ['colcon_meta']
[0.143s] Level 1:colcon.colcon_core.package_identification:_identify(base_autonomy/terrain_analysis_ext) by extension 'colcon_meta'
[0.144s] Level 1:colcon.colcon_core.package_identification:_identify(base_autonomy/terrain_analysis_ext) by extensions ['ros']
[0.144s] Level 1:colcon.colcon_core.package_identification:_identify(base_autonomy/terrain_analysis_ext) by extension 'ros'
[0.145s] DEBUG:colcon.colcon_core.package_identification:Package 'base_autonomy/terrain_analysis_ext' with type 'ros.ament_cmake' and name 'terrain_analysis_ext'
[0.145s] Level 1:colcon.colcon_core.package_identification:_identify(base_autonomy/vehicle_simulator) by extensions ['ignore', 'ignore_ament_install']
[0.145s] Level 1:colcon.colcon_core.package_identification:_identify(base_autonomy/vehicle_simulator) by extension 'ignore'
[0.145s] Level 1:colcon.colcon_core.package_identification:_identify(base_autonomy/vehicle_simulator) by extension 'ignore_ament_install'
[0.145s] Level 1:colcon.colcon_core.package_identification:_identify(base_autonomy/vehicle_simulator) by extensions ['colcon_pkg']
[0.145s] Level 1:colcon.colcon_core.package_identification:_identify(base_autonomy/vehicle_simulator) by extension 'colcon_pkg'
[0.145s] Level 1:colcon.colcon_core.package_identification:_identify(base_autonomy/vehicle_simulator) by extensions ['colcon_meta']
[0.145s] Level 1:colcon.colcon_core.package_identification:_identify(base_autonomy/vehicle_simulator) by extension 'colcon_meta'
[0.145s] Level 1:colcon.colcon_core.package_identification:_identify(base_autonomy/vehicle_simulator) by extensions ['ros']
[0.145s] Level 1:colcon.colcon_core.package_identification:_identify(base_autonomy/vehicle_simulator) by extension 'ros'
[0.145s] DEBUG:colcon.colcon_core.package_identification:Package 'base_autonomy/vehicle_simulator' with type 'ros.ament_cmake' and name 'vehicle_simulator'
[0.145s] Level 1:colcon.colcon_core.package_identification:_identify(base_autonomy/visualization_tools) by extensions ['ignore', 'ignore_ament_install']
[0.145s] Level 1:colcon.colcon_core.package_identification:_identify(base_autonomy/visualization_tools) by extension 'ignore'
[0.145s] Level 1:colcon.colcon_core.package_identification:_identify(base_autonomy/visualization_tools) by extension 'ignore_ament_install'
[0.145s] Level 1:colcon.colcon_core.package_identification:_identify(base_autonomy/visualization_tools) by extensions ['colcon_pkg']
[0.145s] Level 1:colcon.colcon_core.package_identification:_identify(base_autonomy/visualization_tools) by extension 'colcon_pkg'
[0.145s] Level 1:colcon.colcon_core.package_identification:_identify(base_autonomy/visualization_tools) by extensions ['colcon_meta']
[0.145s] Level 1:colcon.colcon_core.package_identification:_identify(base_autonomy/visualization_tools) by extension 'colcon_meta'
[0.145s] Level 1:colcon.colcon_core.package_identification:_identify(base_autonomy/visualization_tools) by extensions ['ros']
[0.145s] Level 1:colcon.colcon_core.package_identification:_identify(base_autonomy/visualization_tools) by extension 'ros'
[0.146s] DEBUG:colcon.colcon_core.package_identification:Package 'base_autonomy/visualization_tools' with type 'ros.ament_cmake' and name 'visualization_tools'
[0.146s] Level 1:colcon.colcon_core.package_identification:_identify(base_autonomy/waypoint_example) by extensions ['ignore', 'ignore_ament_install']
[0.146s] Level 1:colcon.colcon_core.package_identification:_identify(base_autonomy/waypoint_example) by extension 'ignore'
[0.146s] Level 1:colcon.colcon_core.package_identification:_identify(base_autonomy/waypoint_example) by extension 'ignore_ament_install'
[0.146s] Level 1:colcon.colcon_core.package_identification:_identify(base_autonomy/waypoint_example) by extensions ['colcon_pkg']
[0.146s] Level 1:colcon.colcon_core.package_identification:_identify(base_autonomy/waypoint_example) by extension 'colcon_pkg'
[0.146s] Level 1:colcon.colcon_core.package_identification:_identify(base_autonomy/waypoint_example) by extensions ['colcon_meta']
[0.146s] Level 1:colcon.colcon_core.package_identification:_identify(base_autonomy/waypoint_example) by extension 'colcon_meta'
[0.146s] Level 1:colcon.colcon_core.package_identification:_identify(base_autonomy/waypoint_example) by extensions ['ros']
[0.146s] Level 1:colcon.colcon_core.package_identification:_identify(base_autonomy/waypoint_example) by extension 'ros'
[0.152s] DEBUG:colcon.colcon_core.package_identification:Package 'base_autonomy/waypoint_example' with type 'ros.ament_cmake' and name 'waypoint_example'
[0.152s] Level 1:colcon.colcon_core.package_identification:_identify(build) by extensions ['ignore', 'ignore_ament_install']
[0.152s] Level 1:colcon.colcon_core.package_identification:_identify(build) by extension 'ignore'
[0.152s] Level 1:colcon.colcon_core.package_identification:_identify(build) ignored
[0.152s] Level 1:colcon.colcon_core.package_identification:_identify(install) by extensions ['ignore', 'ignore_ament_install']
[0.152s] Level 1:colcon.colcon_core.package_identification:_identify(install) by extension 'ignore'
[0.152s] Level 1:colcon.colcon_core.package_identification:_identify(install) ignored
[0.152s] Level 1:colcon.colcon_core.package_identification:_identify(log) by extensions ['ignore', 'ignore_ament_install']
[0.152s] Level 1:colcon.colcon_core.package_identification:_identify(log) by extension 'ignore'
[0.152s] Level 1:colcon.colcon_core.package_identification:_identify(log) ignored
[0.152s] Level 1:colcon.colcon_core.package_identification:_identify(route_planner) by extensions ['ignore', 'ignore_ament_install']
[0.152s] Level 1:colcon.colcon_core.package_identification:_identify(route_planner) by extension 'ignore'
[0.152s] Level 1:colcon.colcon_core.package_identification:_identify(route_planner) by extension 'ignore_ament_install'
[0.152s] Level 1:colcon.colcon_core.package_identification:_identify(route_planner) by extensions ['colcon_pkg']
[0.152s] Level 1:colcon.colcon_core.package_identification:_identify(route_planner) by extension 'colcon_pkg'
[0.152s] Level 1:colcon.colcon_core.package_identification:_identify(route_planner) by extensions ['colcon_meta']
[0.152s] Level 1:colcon.colcon_core.package_identification:_identify(route_planner) by extension 'colcon_meta'
[0.152s] Level 1:colcon.colcon_core.package_identification:_identify(route_planner) by extensions ['ros']
[0.152s] Level 1:colcon.colcon_core.package_identification:_identify(route_planner) by extension 'ros'
[0.152s] Level 1:colcon.colcon_core.package_identification:_identify(route_planner) by extensions ['cmake', 'python']
[0.152s] Level 1:colcon.colcon_core.package_identification:_identify(route_planner) by extension 'cmake'
[0.152s] Level 1:colcon.colcon_core.package_identification:_identify(route_planner) by extension 'python'
[0.152s] Level 1:colcon.colcon_core.package_identification:_identify(route_planner) by extensions ['python_setup_py']
[0.152s] Level 1:colcon.colcon_core.package_identification:_identify(route_planner) by extension 'python_setup_py'
[0.152s] Level 1:colcon.colcon_core.package_identification:_identify(route_planner/boundary_handler) by extensions ['ignore', 'ignore_ament_install']
[0.152s] Level 1:colcon.colcon_core.package_identification:_identify(route_planner/boundary_handler) by extension 'ignore'
[0.152s] Level 1:colcon.colcon_core.package_identification:_identify(route_planner/boundary_handler) by extension 'ignore_ament_install'
[0.152s] Level 1:colcon.colcon_core.package_identification:_identify(route_planner/boundary_handler) by extensions ['colcon_pkg']
[0.152s] Level 1:colcon.colcon_core.package_identification:_identify(route_planner/boundary_handler) by extension 'colcon_pkg'
[0.152s] Level 1:colcon.colcon_core.package_identification:_identify(route_planner/boundary_handler) by extensions ['colcon_meta']
[0.152s] Level 1:colcon.colcon_core.package_identification:_identify(route_planner/boundary_handler) by extension 'colcon_meta'
[0.153s] Level 1:colcon.colcon_core.package_identification:_identify(route_planner/boundary_handler) by extensions ['ros']
[0.153s] Level 1:colcon.colcon_core.package_identification:_identify(route_planner/boundary_handler) by extension 'ros'
[0.153s] DEBUG:colcon.colcon_core.package_identification:Package 'route_planner/boundary_handler' with type 'ros.ament_cmake' and name 'boundary_handler'
[0.153s] Level 1:colcon.colcon_core.package_identification:_identify(route_planner/far_planner) by extensions ['ignore', 'ignore_ament_install']
[0.153s] Level 1:colcon.colcon_core.package_identification:_identify(route_planner/far_planner) by extension 'ignore'
[0.153s] Level 1:colcon.colcon_core.package_identification:_identify(route_planner/far_planner) by extension 'ignore_ament_install'
[0.153s] Level 1:colcon.colcon_core.package_identification:_identify(route_planner/far_planner) by extensions ['colcon_pkg']
[0.153s] Level 1:colcon.colcon_core.package_identification:_identify(route_planner/far_planner) by extension 'colcon_pkg'
[0.153s] Level 1:colcon.colcon_core.package_identification:_identify(route_planner/far_planner) by extensions ['colcon_meta']
[0.153s] Level 1:colcon.colcon_core.package_identification:_identify(route_planner/far_planner) by extension 'colcon_meta'
[0.153s] Level 1:colcon.colcon_core.package_identification:_identify(route_planner/far_planner) by extensions ['ros']
[0.153s] Level 1:colcon.colcon_core.package_identification:_identify(route_planner/far_planner) by extension 'ros'
[0.154s] DEBUG:colcon.colcon_core.package_identification:Package 'route_planner/far_planner' with type 'ros.ament_cmake' and name 'far_planner'
[0.154s] Level 1:colcon.colcon_core.package_identification:_identify(route_planner/graph_decoder) by extensions ['ignore', 'ignore_ament_install']
[0.154s] Level 1:colcon.colcon_core.package_identification:_identify(route_planner/graph_decoder) by extension 'ignore'
[0.154s] Level 1:colcon.colcon_core.package_identification:_identify(route_planner/graph_decoder) by extension 'ignore_ament_install'
[0.154s] Level 1:colcon.colcon_core.package_identification:_identify(route_planner/graph_decoder) by extensions ['colcon_pkg']
[0.154s] Level 1:colcon.colcon_core.package_identification:_identify(route_planner/graph_decoder) by extension 'colcon_pkg'
[0.154s] Level 1:colcon.colcon_core.package_identification:_identify(route_planner/graph_decoder) by extensions ['colcon_meta']
[0.154s] Level 1:colcon.colcon_core.package_identification:_identify(route_planner/graph_decoder) by extension 'colcon_meta'
[0.154s] Level 1:colcon.colcon_core.package_identification:_identify(route_planner/graph_decoder) by extensions ['ros']
[0.154s] Level 1:colcon.colcon_core.package_identification:_identify(route_planner/graph_decoder) by extension 'ros'
[0.154s] DEBUG:colcon.colcon_core.package_identification:Package 'route_planner/graph_decoder' with type 'ros.ament_cmake' and name 'graph_decoder'
[0.154s] Level 1:colcon.colcon_core.package_identification:_identify(route_planner/visibility_graph_msg) by extensions ['ignore', 'ignore_ament_install']
[0.154s] Level 1:colcon.colcon_core.package_identification:_identify(route_planner/visibility_graph_msg) by extension 'ignore'
[0.154s] Level 1:colcon.colcon_core.package_identification:_identify(route_planner/visibility_graph_msg) by extension 'ignore_ament_install'
[0.154s] Level 1:colcon.colcon_core.package_identification:_identify(route_planner/visibility_graph_msg) by extensions ['colcon_pkg']
[0.154s] Level 1:colcon.colcon_core.package_identification:_identify(route_planner/visibility_graph_msg) by extension 'colcon_pkg'
[0.154s] Level 1:colcon.colcon_core.package_identification:_identify(route_planner/visibility_graph_msg) by extensions ['colcon_meta']
[0.154s] Level 1:colcon.colcon_core.package_identification:_identify(route_planner/visibility_graph_msg) by extension 'colcon_meta'
[0.154s] Level 1:colcon.colcon_core.package_identification:_identify(route_planner/visibility_graph_msg) by extensions ['ros']
[0.154s] Level 1:colcon.colcon_core.package_identification:_identify(route_planner/visibility_graph_msg) by extension 'ros'
[0.155s] DEBUG:colcon.colcon_core.package_identification:Package 'route_planner/visibility_graph_msg' with type 'ros.ament_cmake' and name 'visibility_graph_msg'
[0.155s] Level 1:colcon.colcon_core.package_identification:_identify(slam) by extensions ['ignore', 'ignore_ament_install']
[0.155s] Level 1:colcon.colcon_core.package_identification:_identify(slam) by extension 'ignore'
[0.155s] Level 1:colcon.colcon_core.package_identification:_identify(slam) by extension 'ignore_ament_install'
[0.155s] Level 1:colcon.colcon_core.package_identification:_identify(slam) by extensions ['colcon_pkg']
[0.155s] Level 1:colcon.colcon_core.package_identification:_identify(slam) by extension 'colcon_pkg'
[0.155s] Level 1:colcon.colcon_core.package_identification:_identify(slam) by extensions ['colcon_meta']
[0.155s] Level 1:colcon.colcon_core.package_identification:_identify(slam) by extension 'colcon_meta'
[0.155s] Level 1:colcon.colcon_core.package_identification:_identify(slam) by extensions ['ros']
[0.155s] Level 1:colcon.colcon_core.package_identification:_identify(slam) by extension 'ros'
[0.155s] Level 1:colcon.colcon_core.package_identification:_identify(slam) by extensions ['cmake', 'python']
[0.155s] Level 1:colcon.colcon_core.package_identification:_identify(slam) by extension 'cmake'
[0.155s] Level 1:colcon.colcon_core.package_identification:_identify(slam) by extension 'python'
[0.155s] Level 1:colcon.colcon_core.package_identification:_identify(slam) by extensions ['python_setup_py']
[0.155s] Level 1:colcon.colcon_core.package_identification:_identify(slam) by extension 'python_setup_py'
[0.155s] Level 1:colcon.colcon_core.package_identification:_identify(slam/SuperOdom) by extensions ['ignore', 'ignore_ament_install']
[0.155s] Level 1:colcon.colcon_core.package_identification:_identify(slam/SuperOdom) by extension 'ignore'
[0.155s] Level 1:colcon.colcon_core.package_identification:_identify(slam/SuperOdom) by extension 'ignore_ament_install'
[0.155s] Level 1:colcon.colcon_core.package_identification:_identify(slam/SuperOdom) by extensions ['colcon_pkg']
[0.155s] Level 1:colcon.colcon_core.package_identification:_identify(slam/SuperOdom) by extension 'colcon_pkg'
[0.155s] Level 1:colcon.colcon_core.package_identification:_identify(slam/SuperOdom) by extensions ['colcon_meta']
[0.155s] Level 1:colcon.colcon_core.package_identification:_identify(slam/SuperOdom) by extension 'colcon_meta'
[0.155s] Level 1:colcon.colcon_core.package_identification:_identify(slam/SuperOdom) by extensions ['ros']
[0.155s] Level 1:colcon.colcon_core.package_identification:_identify(slam/SuperOdom) by extension 'ros'
[0.155s] Level 1:colcon.colcon_core.package_identification:_identify(slam/SuperOdom) by extensions ['cmake', 'python']
[0.155s] Level 1:colcon.colcon_core.package_identification:_identify(slam/SuperOdom) by extension 'cmake'
[0.155s] Level 1:colcon.colcon_core.package_identification:_identify(slam/SuperOdom) by extension 'python'
[0.155s] Level 1:colcon.colcon_core.package_identification:_identify(slam/SuperOdom) by extensions ['python_setup_py']
[0.155s] Level 1:colcon.colcon_core.package_identification:_identify(slam/SuperOdom) by extension 'python_setup_py'
[0.155s] Level 1:colcon.colcon_core.package_identification:_identify(slam/SuperOdom/doc) by extensions ['ignore', 'ignore_ament_install']
[0.155s] Level 1:colcon.colcon_core.package_identification:_identify(slam/SuperOdom/doc) by extension 'ignore'
[0.155s] Level 1:colcon.colcon_core.package_identification:_identify(slam/SuperOdom/doc) by extension 'ignore_ament_install'
[0.155s] Level 1:colcon.colcon_core.package_identification:_identify(slam/SuperOdom/doc) by extensions ['colcon_pkg']
[0.155s] Level 1:colcon.colcon_core.package_identification:_identify(slam/SuperOdom/doc) by extension 'colcon_pkg'
[0.155s] Level 1:colcon.colcon_core.package_identification:_identify(slam/SuperOdom/doc) by extensions ['colcon_meta']
[0.155s] Level 1:colcon.colcon_core.package_identification:_identify(slam/SuperOdom/doc) by extension 'colcon_meta'
[0.155s] Level 1:colcon.colcon_core.package_identification:_identify(slam/SuperOdom/doc) by extensions ['ros']
[0.155s] Level 1:colcon.colcon_core.package_identification:_identify(slam/SuperOdom/doc) by extension 'ros'
[0.155s] Level 1:colcon.colcon_core.package_identification:_identify(slam/SuperOdom/doc) by extensions ['cmake', 'python']
[0.156s] Level 1:colcon.colcon_core.package_identification:_identify(slam/SuperOdom/doc) by extension 'cmake'
[0.156s] Level 1:colcon.colcon_core.package_identification:_identify(slam/SuperOdom/doc) by extension 'python'
[0.156s] Level 1:colcon.colcon_core.package_identification:_identify(slam/SuperOdom/doc) by extensions ['python_setup_py']
[0.156s] Level 1:colcon.colcon_core.package_identification:_identify(slam/SuperOdom/doc) by extension 'python_setup_py'
[0.156s] Level 1:colcon.colcon_core.package_identification:_identify(slam/SuperOdom/ros2_humble_docker) by extensions ['ignore', 'ignore_ament_install']
[0.156s] Level 1:colcon.colcon_core.package_identification:_identify(slam/SuperOdom/ros2_humble_docker) by extension 'ignore'
[0.156s] Level 1:colcon.colcon_core.package_identification:_identify(slam/SuperOdom/ros2_humble_docker) by extension 'ignore_ament_install'
[0.156s] Level 1:colcon.colcon_core.package_identification:_identify(slam/SuperOdom/ros2_humble_docker) by extensions ['colcon_pkg']
[0.156s] Level 1:colcon.colcon_core.package_identification:_identify(slam/SuperOdom/ros2_humble_docker) by extension 'colcon_pkg'
[0.156s] Level 1:colcon.colcon_core.package_identification:_identify(slam/SuperOdom/ros2_humble_docker) by extensions ['colcon_meta']
[0.156s] Level 1:colcon.colcon_core.package_identification:_identify(slam/SuperOdom/ros2_humble_docker) by extension 'colcon_meta'
[0.156s] Level 1:colcon.colcon_core.package_identification:_identify(slam/SuperOdom/ros2_humble_docker) by extensions ['ros']
[0.156s] Level 1:colcon.colcon_core.package_identification:_identify(slam/SuperOdom/ros2_humble_docker) by extension 'ros'
[0.156s] Level 1:colcon.colcon_core.package_identification:_identify(slam/SuperOdom/ros2_humble_docker) by extensions ['cmake', 'python']
[0.156s] Level 1:colcon.colcon_core.package_identification:_identify(slam/SuperOdom/ros2_humble_docker) by extension 'cmake'
[0.156s] Level 1:colcon.colcon_core.package_identification:_identify(slam/SuperOdom/ros2_humble_docker) by extension 'python'
[0.156s] Level 1:colcon.colcon_core.package_identification:_identify(slam/SuperOdom/ros2_humble_docker) by extensions ['python_setup_py']
[0.156s] Level 1:colcon.colcon_core.package_identification:_identify(slam/SuperOdom/ros2_humble_docker) by extension 'python_setup_py'
[0.156s] Level 1:colcon.colcon_core.package_identification:_identify(slam/SuperOdom/script) by extensions ['ignore', 'ignore_ament_install']
[0.156s] Level 1:colcon.colcon_core.package_identification:_identify(slam/SuperOdom/script) by extension 'ignore'
[0.156s] Level 1:colcon.colcon_core.package_identification:_identify(slam/SuperOdom/script) by extension 'ignore_ament_install'
[0.156s] Level 1:colcon.colcon_core.package_identification:_identify(slam/SuperOdom/script) by extensions ['colcon_pkg']
[0.156s] Level 1:colcon.colcon_core.package_identification:_identify(slam/SuperOdom/script) by extension 'colcon_pkg'
[0.156s] Level 1:colcon.colcon_core.package_identification:_identify(slam/SuperOdom/script) by extensions ['colcon_meta']
[0.156s] Level 1:colcon.colcon_core.package_identification:_identify(slam/SuperOdom/script) by extension 'colcon_meta'
[0.156s] Level 1:colcon.colcon_core.package_identification:_identify(slam/SuperOdom/script) by extensions ['ros']
[0.156s] Level 1:colcon.colcon_core.package_identification:_identify(slam/SuperOdom/script) by extension 'ros'
[0.156s] Level 1:colcon.colcon_core.package_identification:_identify(slam/SuperOdom/script) by extensions ['cmake', 'python']
[0.156s] Level 1:colcon.colcon_core.package_identification:_identify(slam/SuperOdom/script) by extension 'cmake'
[0.156s] Level 1:colcon.colcon_core.package_identification:_identify(slam/SuperOdom/script) by extension 'python'
[0.156s] Level 1:colcon.colcon_core.package_identification:_identify(slam/SuperOdom/script) by extensions ['python_setup_py']
[0.156s] Level 1:colcon.colcon_core.package_identification:_identify(slam/SuperOdom/script) by extension 'python_setup_py'
[0.156s] Level 1:colcon.colcon_core.package_identification:_identify(slam/SuperOdom/script/visualizers) by extensions ['ignore', 'ignore_ament_install']
[0.156s] Level 1:colcon.colcon_core.package_identification:_identify(slam/SuperOdom/script/visualizers) by extension 'ignore'
[0.156s] Level 1:colcon.colcon_core.package_identification:_identify(slam/SuperOdom/script/visualizers) by extension 'ignore_ament_install'
[0.156s] Level 1:colcon.colcon_core.package_identification:_identify(slam/SuperOdom/script/visualizers) by extensions ['colcon_pkg']
[0.156s] Level 1:colcon.colcon_core.package_identification:_identify(slam/SuperOdom/script/visualizers) by extension 'colcon_pkg'
[0.156s] Level 1:colcon.colcon_core.package_identification:_identify(slam/SuperOdom/script/visualizers) by extensions ['colcon_meta']
[0.156s] Level 1:colcon.colcon_core.package_identification:_identify(slam/SuperOdom/script/visualizers) by extension 'colcon_meta'
[0.156s] Level 1:colcon.colcon_core.package_identification:_identify(slam/SuperOdom/script/visualizers) by extensions ['ros']
[0.156s] Level 1:colcon.colcon_core.package_identification:_identify(slam/SuperOdom/script/visualizers) by extension 'ros'
[0.156s] Level 1:colcon.colcon_core.package_identification:_identify(slam/SuperOdom/script/visualizers) by extensions ['cmake', 'python']
[0.156s] Level 1:colcon.colcon_core.package_identification:_identify(slam/SuperOdom/script/visualizers) by extension 'cmake'
[0.156s] Level 1:colcon.colcon_core.package_identification:_identify(slam/SuperOdom/script/visualizers) by extension 'python'
[0.156s] Level 1:colcon.colcon_core.package_identification:_identify(slam/SuperOdom/script/visualizers) by extensions ['python_setup_py']
[0.156s] Level 1:colcon.colcon_core.package_identification:_identify(slam/SuperOdom/script/visualizers) by extension 'python_setup_py'
[0.156s] Level 1:colcon.colcon_core.package_identification:_identify(slam/SuperOdom/super_odometry) by extensions ['ignore', 'ignore_ament_install']
[0.157s] Level 1:colcon.colcon_core.package_identification:_identify(slam/SuperOdom/super_odometry) by extension 'ignore'
[0.157s] Level 1:colcon.colcon_core.package_identification:_identify(slam/SuperOdom/super_odometry) by extension 'ignore_ament_install'
[0.157s] Level 1:colcon.colcon_core.package_identification:_identify(slam/SuperOdom/super_odometry) by extensions ['colcon_pkg']
[0.157s] Level 1:colcon.colcon_core.package_identification:_identify(slam/SuperOdom/super_odometry) by extension 'colcon_pkg'
[0.157s] Level 1:colcon.colcon_core.package_identification:_identify(slam/SuperOdom/super_odometry) by extensions ['colcon_meta']
[0.157s] Level 1:colcon.colcon_core.package_identification:_identify(slam/SuperOdom/super_odometry) by extension 'colcon_meta'
[0.157s] Level 1:colcon.colcon_core.package_identification:_identify(slam/SuperOdom/super_odometry) by extensions ['ros']
[0.157s] Level 1:colcon.colcon_core.package_identification:_identify(slam/SuperOdom/super_odometry) by extension 'ros'
[0.157s] DEBUG:colcon.colcon_core.package_identification:Package 'slam/SuperOdom/super_odometry' with type 'ros.ament_cmake' and name 'super_odometry'
[0.157s] Level 1:colcon.colcon_core.package_identification:_identify(slam/SuperOdom/super_odometry_msgs) by extensions ['ignore', 'ignore_ament_install']
[0.157s] Level 1:colcon.colcon_core.package_identification:_identify(slam/SuperOdom/super_odometry_msgs) by extension 'ignore'
[0.157s] Level 1:colcon.colcon_core.package_identification:_identify(slam/SuperOdom/super_odometry_msgs) by extension 'ignore_ament_install'
[0.157s] Level 1:colcon.colcon_core.package_identification:_identify(slam/SuperOdom/super_odometry_msgs) by extensions ['colcon_pkg']
[0.157s] Level 1:colcon.colcon_core.package_identification:_identify(slam/SuperOdom/super_odometry_msgs) by extension 'colcon_pkg'
[0.157s] Level 1:colcon.colcon_core.package_identification:_identify(slam/SuperOdom/super_odometry_msgs) by extensions ['colcon_meta']
[0.157s] Level 1:colcon.colcon_core.package_identification:_identify(slam/SuperOdom/super_odometry_msgs) by extension 'colcon_meta'
[0.157s] Level 1:colcon.colcon_core.package_identification:_identify(slam/SuperOdom/super_odometry_msgs) by extensions ['ros']
[0.157s] Level 1:colcon.colcon_core.package_identification:_identify(slam/SuperOdom/super_odometry_msgs) by extension 'ros'
[0.158s] DEBUG:colcon.colcon_core.package_identification:Package 'slam/SuperOdom/super_odometry_msgs' with type 'ros.ament_cmake' and name 'super_odometry_msgs'
[0.158s] Level 1:colcon.colcon_core.package_identification:_identify(slam/livox_ros_driver2) by extensions ['ignore', 'ignore_ament_install']
[0.158s] Level 1:colcon.colcon_core.package_identification:_identify(slam/livox_ros_driver2) by extension 'ignore'
[0.158s] Level 1:colcon.colcon_core.package_identification:_identify(slam/livox_ros_driver2) by extension 'ignore_ament_install'
[0.158s] Level 1:colcon.colcon_core.package_identification:_identify(slam/livox_ros_driver2) by extensions ['colcon_pkg']
[0.158s] Level 1:colcon.colcon_core.package_identification:_identify(slam/livox_ros_driver2) by extension 'colcon_pkg'
[0.158s] Level 1:colcon.colcon_core.package_identification:_identify(slam/livox_ros_driver2) by extensions ['colcon_meta']
[0.158s] Level 1:colcon.colcon_core.package_identification:_identify(slam/livox_ros_driver2) by extension 'colcon_meta'
[0.158s] Level 1:colcon.colcon_core.package_identification:_identify(slam/livox_ros_driver2) by extensions ['ros']
[0.158s] Level 1:colcon.colcon_core.package_identification:_identify(slam/livox_ros_driver2) by extension 'ros'
[0.159s] DEBUG:colcon.colcon_core.package_identification:Package 'slam/livox_ros_driver2' with type 'ros.ament_cmake' and name 'livox_ros_driver2'
[0.159s] Level 1:colcon.colcon_core.package_identification:_identify(slam/rviz_2d_overlay_plugins) by extensions ['ignore', 'ignore_ament_install']
[0.159s] Level 1:colcon.colcon_core.package_identification:_identify(slam/rviz_2d_overlay_plugins) by extension 'ignore'
[0.159s] Level 1:colcon.colcon_core.package_identification:_identify(slam/rviz_2d_overlay_plugins) by extension 'ignore_ament_install'
[0.159s] Level 1:colcon.colcon_core.package_identification:_identify(slam/rviz_2d_overlay_plugins) by extensions ['colcon_pkg']
[0.159s] Level 1:colcon.colcon_core.package_identification:_identify(slam/rviz_2d_overlay_plugins) by extension 'colcon_pkg'
[0.159s] Level 1:colcon.colcon_core.package_identification:_identify(slam/rviz_2d_overlay_plugins) by extensions ['colcon_meta']
[0.159s] Level 1:colcon.colcon_core.package_identification:_identify(slam/rviz_2d_overlay_plugins) by extension 'colcon_meta'
[0.159s] Level 1:colcon.colcon_core.package_identification:_identify(slam/rviz_2d_overlay_plugins) by extensions ['ros']
[0.159s] Level 1:colcon.colcon_core.package_identification:_identify(slam/rviz_2d_overlay_plugins) by extension 'ros'
[0.159s] Level 1:colcon.colcon_core.package_identification:_identify(slam/rviz_2d_overlay_plugins) by extensions ['cmake', 'python']
[0.159s] Level 1:colcon.colcon_core.package_identification:_identify(slam/rviz_2d_overlay_plugins) by extension 'cmake'
[0.159s] Level 1:colcon.colcon_core.package_identification:_identify(slam/rviz_2d_overlay_plugins) by extension 'python'
[0.159s] Level 1:colcon.colcon_core.package_identification:_identify(slam/rviz_2d_overlay_plugins) by extensions ['python_setup_py']
[0.159s] Level 1:colcon.colcon_core.package_identification:_identify(slam/rviz_2d_overlay_plugins) by extension 'python_setup_py'
[0.159s] Level 1:colcon.colcon_core.package_identification:_identify(slam/rviz_2d_overlay_plugins/rviz_2d_overlay_msgs) by extensions ['ignore', 'ignore_ament_install']
[0.159s] Level 1:colcon.colcon_core.package_identification:_identify(slam/rviz_2d_overlay_plugins/rviz_2d_overlay_msgs) by extension 'ignore'
[0.159s] Level 1:colcon.colcon_core.package_identification:_identify(slam/rviz_2d_overlay_plugins/rviz_2d_overlay_msgs) by extension 'ignore_ament_install'
[0.159s] Level 1:colcon.colcon_core.package_identification:_identify(slam/rviz_2d_overlay_plugins/rviz_2d_overlay_msgs) by extensions ['colcon_pkg']
[0.159s] Level 1:colcon.colcon_core.package_identification:_identify(slam/rviz_2d_overlay_plugins/rviz_2d_overlay_msgs) by extension 'colcon_pkg'
[0.159s] Level 1:colcon.colcon_core.package_identification:_identify(slam/rviz_2d_overlay_plugins/rviz_2d_overlay_msgs) by extensions ['colcon_meta']
[0.159s] Level 1:colcon.colcon_core.package_identification:_identify(slam/rviz_2d_overlay_plugins/rviz_2d_overlay_msgs) by extension 'colcon_meta'
[0.159s] Level 1:colcon.colcon_core.package_identification:_identify(slam/rviz_2d_overlay_plugins/rviz_2d_overlay_msgs) by extensions ['ros']
[0.159s] Level 1:colcon.colcon_core.package_identification:_identify(slam/rviz_2d_overlay_plugins/rviz_2d_overlay_msgs) by extension 'ros'
[0.159s] DEBUG:colcon.colcon_core.package_identification:Package 'slam/rviz_2d_overlay_plugins/rviz_2d_overlay_msgs' with type 'ros.ament_cmake' and name 'rviz_2d_overlay_msgs'
[0.159s] Level 1:colcon.colcon_core.package_identification:_identify(slam/rviz_2d_overlay_plugins/rviz_2d_overlay_plugins) by extensions ['ignore', 'ignore_ament_install']
[0.159s] Level 1:colcon.colcon_core.package_identification:_identify(slam/rviz_2d_overlay_plugins/rviz_2d_overlay_plugins) by extension 'ignore'
[0.159s] Level 1:colcon.colcon_core.package_identification:_identify(slam/rviz_2d_overlay_plugins/rviz_2d_overlay_plugins) by extension 'ignore_ament_install'
[0.160s] Level 1:colcon.colcon_core.package_identification:_identify(slam/rviz_2d_overlay_plugins/rviz_2d_overlay_plugins) by extensions ['colcon_pkg']
[0.160s] Level 1:colcon.colcon_core.package_identification:_identify(slam/rviz_2d_overlay_plugins/rviz_2d_overlay_plugins) by extension 'colcon_pkg'
[0.160s] Level 1:colcon.colcon_core.package_identification:_identify(slam/rviz_2d_overlay_plugins/rviz_2d_overlay_plugins) by extensions ['colcon_meta']
[0.160s] Level 1:colcon.colcon_core.package_identification:_identify(slam/rviz_2d_overlay_plugins/rviz_2d_overlay_plugins) by extension 'colcon_meta'
[0.160s] Level 1:colcon.colcon_core.package_identification:_identify(slam/rviz_2d_overlay_plugins/rviz_2d_overlay_plugins) by extensions ['ros']
[0.160s] Level 1:colcon.colcon_core.package_identification:_identify(slam/rviz_2d_overlay_plugins/rviz_2d_overlay_plugins) by extension 'ros'
[0.160s] DEBUG:colcon.colcon_core.package_identification:Package 'slam/rviz_2d_overlay_plugins/rviz_2d_overlay_plugins' with type 'ros.ament_cmake' and name 'rviz_2d_overlay_plugins'
[0.160s] Level 1:colcon.colcon_core.package_identification:_identify(utilities) by extensions ['ignore', 'ignore_ament_install']
[0.160s] Level 1:colcon.colcon_core.package_identification:_identify(utilities) by extension 'ignore'
[0.160s] Level 1:colcon.colcon_core.package_identification:_identify(utilities) by extension 'ignore_ament_install'
[0.160s] Level 1:colcon.colcon_core.package_identification:_identify(utilities) by extensions ['colcon_pkg']
[0.160s] Level 1:colcon.colcon_core.package_identification:_identify(utilities) by extension 'colcon_pkg'
[0.160s] Level 1:colcon.colcon_core.package_identification:_identify(utilities) by extensions ['colcon_meta']
[0.160s] Level 1:colcon.colcon_core.package_identification:_identify(utilities) by extension 'colcon_meta'
[0.160s] Level 1:colcon.colcon_core.package_identification:_identify(utilities) by extensions ['ros']
[0.160s] Level 1:colcon.colcon_core.package_identification:_identify(utilities) by extension 'ros'
[0.160s] Level 1:colcon.colcon_core.package_identification:_identify(utilities) by extensions ['cmake', 'python']
[0.160s] Level 1:colcon.colcon_core.package_identification:_identify(utilities) by extension 'cmake'
[0.160s] Level 1:colcon.colcon_core.package_identification:_identify(utilities) by extension 'python'
[0.160s] Level 1:colcon.colcon_core.package_identification:_identify(utilities) by extensions ['python_setup_py']
[0.160s] Level 1:colcon.colcon_core.package_identification:_identify(utilities) by extension 'python_setup_py'
[0.160s] Level 1:colcon.colcon_core.package_identification:_identify(utilities/ROS-TCP-Endpoint) by extensions ['ignore', 'ignore_ament_install']
[0.160s] Level 1:colcon.colcon_core.package_identification:_identify(utilities/ROS-TCP-Endpoint) by extension 'ignore'
[0.160s] Level 1:colcon.colcon_core.package_identification:_identify(utilities/ROS-TCP-Endpoint) by extension 'ignore_ament_install'
[0.160s] Level 1:colcon.colcon_core.package_identification:_identify(utilities/ROS-TCP-Endpoint) by extensions ['colcon_pkg']
[0.160s] Level 1:colcon.colcon_core.package_identification:_identify(utilities/ROS-TCP-Endpoint) by extension 'colcon_pkg'
[0.160s] Level 1:colcon.colcon_core.package_identification:_identify(utilities/ROS-TCP-Endpoint) by extensions ['colcon_meta']
[0.160s] Level 1:colcon.colcon_core.package_identification:_identify(utilities/ROS-TCP-Endpoint) by extension 'colcon_meta'
[0.160s] Level 1:colcon.colcon_core.package_identification:_identify(utilities/ROS-TCP-Endpoint) by extensions ['ros']
[0.160s] Level 1:colcon.colcon_core.package_identification:_identify(utilities/ROS-TCP-Endpoint) by extension 'ros'
[0.161s] DEBUG:colcon.colcon_core.package_identification:Package 'utilities/ROS-TCP-Endpoint' with type 'ros.ament_python' and name 'ros_tcp_endpoint'
[0.161s] Level 1:colcon.colcon_core.package_identification:_identify(utilities/calibrate_imu) by extensions ['ignore', 'ignore_ament_install']
[0.161s] Level 1:colcon.colcon_core.package_identification:_identify(utilities/calibrate_imu) by extension 'ignore'
[0.161s] Level 1:colcon.colcon_core.package_identification:_identify(utilities/calibrate_imu) by extension 'ignore_ament_install'
[0.161s] Level 1:colcon.colcon_core.package_identification:_identify(utilities/calibrate_imu) by extensions ['colcon_pkg']
[0.161s] Level 1:colcon.colcon_core.package_identification:_identify(utilities/calibrate_imu) by extension 'colcon_pkg'
[0.161s] Level 1:colcon.colcon_core.package_identification:_identify(utilities/calibrate_imu) by extensions ['colcon_meta']
[0.161s] Level 1:colcon.colcon_core.package_identification:_identify(utilities/calibrate_imu) by extension 'colcon_meta'
[0.161s] Level 1:colcon.colcon_core.package_identification:_identify(utilities/calibrate_imu) by extensions ['ros']
[0.161s] Level 1:colcon.colcon_core.package_identification:_identify(utilities/calibrate_imu) by extension 'ros'
[0.161s] DEBUG:colcon.colcon_core.package_identification:Package 'utilities/calibrate_imu' with type 'ros.ament_cmake' and name 'calibrate_imu'
[0.161s] Level 1:colcon.colcon_core.package_identification:_identify(utilities/goalpoint_rviz_plugin) by extensions ['ignore', 'ignore_ament_install']
[0.161s] Level 1:colcon.colcon_core.package_identification:_identify(utilities/goalpoint_rviz_plugin) by extension 'ignore'
[0.161s] Level 1:colcon.colcon_core.package_identification:_identify(utilities/goalpoint_rviz_plugin) by extension 'ignore_ament_install'
[0.161s] Level 1:colcon.colcon_core.package_identification:_identify(utilities/goalpoint_rviz_plugin) by extensions ['colcon_pkg']
[0.161s] Level 1:colcon.colcon_core.package_identification:_identify(utilities/goalpoint_rviz_plugin) by extension 'colcon_pkg'
[0.161s] Level 1:colcon.colcon_core.package_identification:_identify(utilities/goalpoint_rviz_plugin) by extensions ['colcon_meta']
[0.161s] Level 1:colcon.colcon_core.package_identification:_identify(utilities/goalpoint_rviz_plugin) by extension 'colcon_meta'
[0.162s] Level 1:colcon.colcon_core.package_identification:_identify(utilities/goalpoint_rviz_plugin) by extensions ['ros']
[0.162s] Level 1:colcon.colcon_core.package_identification:_identify(utilities/goalpoint_rviz_plugin) by extension 'ros'
[0.162s] DEBUG:colcon.colcon_core.package_identification:Package 'utilities/goalpoint_rviz_plugin' with type 'ros.ament_cmake' and name 'goalpoint_rviz_plugin'
[0.162s] Level 1:colcon.colcon_core.package_identification:_identify(utilities/teleop_rviz_plugin) by extensions ['ignore', 'ignore_ament_install']
[0.162s] Level 1:colcon.colcon_core.package_identification:_identify(utilities/teleop_rviz_plugin) by extension 'ignore'
[0.162s] Level 1:colcon.colcon_core.package_identification:_identify(utilities/teleop_rviz_plugin) by extension 'ignore_ament_install'
[0.162s] Level 1:colcon.colcon_core.package_identification:_identify(utilities/teleop_rviz_plugin) by extensions ['colcon_pkg']
[0.162s] Level 1:colcon.colcon_core.package_identification:_identify(utilities/teleop_rviz_plugin) by extension 'colcon_pkg'
[0.162s] Level 1:colcon.colcon_core.package_identification:_identify(utilities/teleop_rviz_plugin) by extensions ['colcon_meta']
[0.162s] Level 1:colcon.colcon_core.package_identification:_identify(utilities/teleop_rviz_plugin) by extension 'colcon_meta'
[0.162s] Level 1:colcon.colcon_core.package_identification:_identify(utilities/teleop_rviz_plugin) by extensions ['ros']
[0.162s] Level 1:colcon.colcon_core.package_identification:_identify(utilities/teleop_rviz_plugin) by extension 'ros'
[0.163s] DEBUG:colcon.colcon_core.package_identification:Package 'utilities/teleop_rviz_plugin' with type 'ros.ament_cmake' and name 'teleop_rviz_plugin'
[0.163s] Level 1:colcon.colcon_core.package_identification:_identify(utilities/teleop_rviz_plugin_plus) by extensions ['ignore', 'ignore_ament_install']
[0.163s] Level 1:colcon.colcon_core.package_identification:_identify(utilities/teleop_rviz_plugin_plus) by extension 'ignore'
[0.163s] Level 1:colcon.colcon_core.package_identification:_identify(utilities/teleop_rviz_plugin_plus) by extension 'ignore_ament_install'
[0.163s] Level 1:colcon.colcon_core.package_identification:_identify(utilities/teleop_rviz_plugin_plus) by extensions ['colcon_pkg']
[0.163s] Level 1:colcon.colcon_core.package_identification:_identify(utilities/teleop_rviz_plugin_plus) by extension 'colcon_pkg'
[0.163s] Level 1:colcon.colcon_core.package_identification:_identify(utilities/teleop_rviz_plugin_plus) by extensions ['colcon_meta']
[0.163s] Level 1:colcon.colcon_core.package_identification:_identify(utilities/teleop_rviz_plugin_plus) by extension 'colcon_meta'
[0.163s] Level 1:colcon.colcon_core.package_identification:_identify(utilities/teleop_rviz_plugin_plus) by extensions ['ros']
[0.163s] Level 1:colcon.colcon_core.package_identification:_identify(utilities/teleop_rviz_plugin_plus) by extension 'ros'
[0.164s] DEBUG:colcon.colcon_core.package_identification:Package 'utilities/teleop_rviz_plugin_plus' with type 'ros.ament_cmake' and name 'teleop_rviz_plugin_plus'
[0.164s] Level 1:colcon.colcon_core.package_identification:_identify(utilities/transform_sensors) by extensions ['ignore', 'ignore_ament_install']
[0.164s] Level 1:colcon.colcon_core.package_identification:_identify(utilities/transform_sensors) by extension 'ignore'
[0.164s] Level 1:colcon.colcon_core.package_identification:_identify(utilities/transform_sensors) by extension 'ignore_ament_install'
[0.164s] Level 1:colcon.colcon_core.package_identification:_identify(utilities/transform_sensors) by extensions ['colcon_pkg']
[0.164s] Level 1:colcon.colcon_core.package_identification:_identify(utilities/transform_sensors) by extension 'colcon_pkg'
[0.164s] Level 1:colcon.colcon_core.package_identification:_identify(utilities/transform_sensors) by extensions ['colcon_meta']
[0.164s] Level 1:colcon.colcon_core.package_identification:_identify(utilities/transform_sensors) by extension 'colcon_meta'
[0.164s] Level 1:colcon.colcon_core.package_identification:_identify(utilities/transform_sensors) by extensions ['ros']
[0.164s] Level 1:colcon.colcon_core.package_identification:_identify(utilities/transform_sensors) by extension 'ros'
[0.164s] DEBUG:colcon.colcon_core.package_identification:Package 'utilities/transform_sensors' with type 'ros.ament_python' and name 'transform_sensors'
[0.164s] Level 1:colcon.colcon_core.package_identification:_identify(utilities/unitree_pkgs) by extensions ['ignore', 'ignore_ament_install']
[0.164s] Level 1:colcon.colcon_core.package_identification:_identify(utilities/unitree_pkgs) by extension 'ignore'
[0.164s] Level 1:colcon.colcon_core.package_identification:_identify(utilities/unitree_pkgs) by extension 'ignore_ament_install'
[0.164s] Level 1:colcon.colcon_core.package_identification:_identify(utilities/unitree_pkgs) by extensions ['colcon_pkg']
[0.164s] Level 1:colcon.colcon_core.package_identification:_identify(utilities/unitree_pkgs) by extension 'colcon_pkg'
[0.164s] Level 1:colcon.colcon_core.package_identification:_identify(utilities/unitree_pkgs) by extensions ['colcon_meta']
[0.164s] Level 1:colcon.colcon_core.package_identification:_identify(utilities/unitree_pkgs) by extension 'colcon_meta'
[0.164s] Level 1:colcon.colcon_core.package_identification:_identify(utilities/unitree_pkgs) by extensions ['ros']
[0.164s] Level 1:colcon.colcon_core.package_identification:_identify(utilities/unitree_pkgs) by extension 'ros'
[0.164s] Level 1:colcon.colcon_core.package_identification:_identify(utilities/unitree_pkgs) by extensions ['cmake', 'python']
[0.164s] Level 1:colcon.colcon_core.package_identification:_identify(utilities/unitree_pkgs) by extension 'cmake'
[0.164s] Level 1:colcon.colcon_core.package_identification:_identify(utilities/unitree_pkgs) by extension 'python'
[0.164s] Level 1:colcon.colcon_core.package_identification:_identify(utilities/unitree_pkgs) by extensions ['python_setup_py']
[0.164s] Level 1:colcon.colcon_core.package_identification:_identify(utilities/unitree_pkgs) by extension 'python_setup_py'
[0.165s] Level 1:colcon.colcon_core.package_identification:_identify(utilities/unitree_pkgs/go2_h264_repub) by extensions ['ignore', 'ignore_ament_install']
[0.165s] Level 1:colcon.colcon_core.package_identification:_identify(utilities/unitree_pkgs/go2_h264_repub) by extension 'ignore'
[0.165s] Level 1:colcon.colcon_core.package_identification:_identify(utilities/unitree_pkgs/go2_h264_repub) by extension 'ignore_ament_install'
[0.165s] Level 1:colcon.colcon_core.package_identification:_identify(utilities/unitree_pkgs/go2_h264_repub) by extensions ['colcon_pkg']
[0.165s] Level 1:colcon.colcon_core.package_identification:_identify(utilities/unitree_pkgs/go2_h264_repub) by extension 'colcon_pkg'
[0.165s] Level 1:colcon.colcon_core.package_identification:_identify(utilities/unitree_pkgs/go2_h264_repub) by extensions ['colcon_meta']
[0.165s] Level 1:colcon.colcon_core.package_identification:_identify(utilities/unitree_pkgs/go2_h264_repub) by extension 'colcon_meta'
[0.165s] Level 1:colcon.colcon_core.package_identification:_identify(utilities/unitree_pkgs/go2_h264_repub) by extensions ['ros']
[0.165s] Level 1:colcon.colcon_core.package_identification:_identify(utilities/unitree_pkgs/go2_h264_repub) by extension 'ros'
[0.165s] DEBUG:colcon.colcon_core.package_identification:Package 'utilities/unitree_pkgs/go2_h264_repub' with type 'ros.ament_cmake' and name 'go2_h264_repub'
[0.165s] Level 1:colcon.colcon_core.package_identification:_identify(utilities/unitree_pkgs/go2_sport_api) by extensions ['ignore', 'ignore_ament_install']
[0.165s] Level 1:colcon.colcon_core.package_identification:_identify(utilities/unitree_pkgs/go2_sport_api) by extension 'ignore'
[0.165s] Level 1:colcon.colcon_core.package_identification:_identify(utilities/unitree_pkgs/go2_sport_api) by extension 'ignore_ament_install'
[0.165s] Level 1:colcon.colcon_core.package_identification:_identify(utilities/unitree_pkgs/go2_sport_api) by extensions ['colcon_pkg']
[0.165s] Level 1:colcon.colcon_core.package_identification:_identify(utilities/unitree_pkgs/go2_sport_api) by extension 'colcon_pkg'
[0.165s] Level 1:colcon.colcon_core.package_identification:_identify(utilities/unitree_pkgs/go2_sport_api) by extensions ['colcon_meta']
[0.165s] Level 1:colcon.colcon_core.package_identification:_identify(utilities/unitree_pkgs/go2_sport_api) by extension 'colcon_meta'
[0.165s] Level 1:colcon.colcon_core.package_identification:_identify(utilities/unitree_pkgs/go2_sport_api) by extensions ['ros']
[0.165s] Level 1:colcon.colcon_core.package_identification:_identify(utilities/unitree_pkgs/go2_sport_api) by extension 'ros'
[0.166s] DEBUG:colcon.colcon_core.package_identification:Package 'utilities/unitree_pkgs/go2_sport_api' with type 'ros.ament_cmake' and name 'go2_sport_api'
[0.166s] Level 1:colcon.colcon_core.package_identification:_identify(utilities/unitree_pkgs/unitree_api) by extensions ['ignore', 'ignore_ament_install']
[0.166s] Level 1:colcon.colcon_core.package_identification:_identify(utilities/unitree_pkgs/unitree_api) by extension 'ignore'
[0.166s] Level 1:colcon.colcon_core.package_identification:_identify(utilities/unitree_pkgs/unitree_api) by extension 'ignore_ament_install'
[0.166s] Level 1:colcon.colcon_core.package_identification:_identify(utilities/unitree_pkgs/unitree_api) by extensions ['colcon_pkg']
[0.166s] Level 1:colcon.colcon_core.package_identification:_identify(utilities/unitree_pkgs/unitree_api) by extension 'colcon_pkg'
[0.166s] Level 1:colcon.colcon_core.package_identification:_identify(utilities/unitree_pkgs/unitree_api) by extensions ['colcon_meta']
[0.166s] Level 1:colcon.colcon_core.package_identification:_identify(utilities/unitree_pkgs/unitree_api) by extension 'colcon_meta'
[0.166s] Level 1:colcon.colcon_core.package_identification:_identify(utilities/unitree_pkgs/unitree_api) by extensions ['ros']
[0.166s] Level 1:colcon.colcon_core.package_identification:_identify(utilities/unitree_pkgs/unitree_api) by extension 'ros'
[0.166s] DEBUG:colcon.colcon_core.package_identification:Package 'utilities/unitree_pkgs/unitree_api' with type 'ros.ament_cmake' and name 'unitree_api'
[0.166s] Level 1:colcon.colcon_core.package_identification:_identify(utilities/unitree_pkgs/unitree_go) by extensions ['ignore', 'ignore_ament_install']
[0.166s] Level 1:colcon.colcon_core.package_identification:_identify(utilities/unitree_pkgs/unitree_go) by extension 'ignore'
[0.166s] Level 1:colcon.colcon_core.package_identification:_identify(utilities/unitree_pkgs/unitree_go) by extension 'ignore_ament_install'
[0.166s] Level 1:colcon.colcon_core.package_identification:_identify(utilities/unitree_pkgs/unitree_go) by extensions ['colcon_pkg']
[0.166s] Level 1:colcon.colcon_core.package_identification:_identify(utilities/unitree_pkgs/unitree_go) by extension 'colcon_pkg'
[0.166s] Level 1:colcon.colcon_core.package_identification:_identify(utilities/unitree_pkgs/unitree_go) by extensions ['colcon_meta']
[0.166s] Level 1:colcon.colcon_core.package_identification:_identify(utilities/unitree_pkgs/unitree_go) by extension 'colcon_meta'
[0.166s] Level 1:colcon.colcon_core.package_identification:_identify(utilities/unitree_pkgs/unitree_go) by extensions ['ros']
[0.166s] Level 1:colcon.colcon_core.package_identification:_identify(utilities/unitree_pkgs/unitree_go) by extension 'ros'
[0.166s] DEBUG:colcon.colcon_core.package_identification:Package 'utilities/unitree_pkgs/unitree_go' with type 'ros.ament_cmake' and name 'unitree_go'
[0.167s] Level 1:colcon.colcon_core.package_identification:_identify(utilities/waypoint_rviz_plugin) by extensions ['ignore', 'ignore_ament_install']
[0.167s] Level 1:colcon.colcon_core.package_identification:_identify(utilities/waypoint_rviz_plugin) by extension 'ignore'
[0.167s] Level 1:colcon.colcon_core.package_identification:_identify(utilities/waypoint_rviz_plugin) by extension 'ignore_ament_install'
[0.167s] Level 1:colcon.colcon_core.package_identification:_identify(utilities/waypoint_rviz_plugin) by extensions ['colcon_pkg']
[0.167s] Level 1:colcon.colcon_core.package_identification:_identify(utilities/waypoint_rviz_plugin) by extension 'colcon_pkg'
[0.167s] Level 1:colcon.colcon_core.package_identification:_identify(utilities/waypoint_rviz_plugin) by extensions ['colcon_meta']
[0.167s] Level 1:colcon.colcon_core.package_identification:_identify(utilities/waypoint_rviz_plugin) by extension 'colcon_meta'
[0.167s] Level 1:colcon.colcon_core.package_identification:_identify(utilities/waypoint_rviz_plugin) by extensions ['ros']
[0.167s] Level 1:colcon.colcon_core.package_identification:_identify(utilities/waypoint_rviz_plugin) by extension 'ros'
[0.167s] DEBUG:colcon.colcon_core.package_identification:Package 'utilities/waypoint_rviz_plugin' with type 'ros.ament_cmake' and name 'waypoint_rviz_plugin'
[0.167s] Level 1:colcon.colcon_core.package_discovery:discover_packages(recursive) using defaults
[0.167s] Level 1:colcon.colcon_core.package_discovery:discover_packages(ignore) discover
[0.167s] Level 1:colcon.colcon_core.package_discovery:discover_packages(ignore) using defaults
[0.167s] Level 1:colcon.colcon_core.package_discovery:discover_packages(path) discover
[0.167s] Level 1:colcon.colcon_core.package_discovery:discover_packages(path) using defaults
[0.179s] Level 5:colcon.colcon_core.verb:set package 'go2_h264_repub' build argument 'cmake_args' from command line to '['-DROS_EDITION=ROS2', '-DHUMBLE_ROS=humble']'
[0.179s] Level 5:colcon.colcon_core.verb:set package 'go2_h264_repub' build argument 'cmake_target' from command line to 'None'
[0.179s] Level 5:colcon.colcon_core.verb:set package 'go2_h264_repub' build argument 'cmake_target_skip_unavailable' from command line to 'False'
[0.179s] Level 5:colcon.colcon_core.verb:set package 'go2_h264_repub' build argument 'cmake_clean_cache' from command line to 'False'
[0.179s] Level 5:colcon.colcon_core.verb:set package 'go2_h264_repub' build argument 'cmake_clean_first' from command line to 'False'
[0.179s] Level 5:colcon.colcon_core.verb:set package 'go2_h264_repub' build argument 'cmake_force_configure' from command line to 'False'
[0.179s] Level 5:colcon.colcon_core.verb:set package 'go2_h264_repub' build argument 'ament_cmake_args' from command line to 'None'
[0.179s] Level 5:colcon.colcon_core.verb:set package 'go2_h264_repub' build argument 'catkin_cmake_args' from command line to 'None'
[0.180s] Level 5:colcon.colcon_core.verb:set package 'go2_h264_repub' build argument 'catkin_skip_building_tests' from command line to 'False'
[0.180s] DEBUG:colcon.colcon_core.verb:Building package 'go2_h264_repub' with the following arguments: {'ament_cmake_args': None, 'build_base': '/root/ros2_ws/src/build/go2_h264_repub', 'catkin_cmake_args': None, 'catkin_skip_building_tests': False, 'cmake_args': ['-DROS_EDITION=ROS2', '-DHUMBLE_ROS=humble'], 'cmake_clean_cache': False, 'cmake_clean_first': False, 'cmake_force_configure': False, 'cmake_target': None, 'cmake_target_skip_unavailable': False, 'install_base': '/root/ros2_ws/src/install/go2_h264_repub', 'merge_install': False, 'path': '/root/ros2_ws/src/utilities/unitree_pkgs/go2_h264_repub', 'symlink_install': False, 'test_result_base': None}
[0.180s] Level 5:colcon.colcon_core.verb:set package 'goalpoint_rviz_plugin' build argument 'cmake_args' from command line to '['-DROS_EDITION=ROS2', '-DHUMBLE_ROS=humble']'
[0.180s] Level 5:colcon.colcon_core.verb:set package 'goalpoint_rviz_plugin' build argument 'cmake_target' from command line to 'None'
[0.180s] Level 5:colcon.colcon_core.verb:set package 'goalpoint_rviz_plugin' build argument 'cmake_target_skip_unavailable' from command line to 'False'
[0.180s] Level 5:colcon.colcon_core.verb:set package 'goalpoint_rviz_plugin' build argument 'cmake_clean_cache' from command line to 'False'
[0.180s] Level 5:colcon.colcon_core.verb:set package 'goalpoint_rviz_plugin' build argument 'cmake_clean_first' from command line to 'False'
[0.180s] Level 5:colcon.colcon_core.verb:set package 'goalpoint_rviz_plugin' build argument 'cmake_force_configure' from command line to 'False'
[0.180s] Level 5:colcon.colcon_core.verb:set package 'goalpoint_rviz_plugin' build argument 'ament_cmake_args' from command line to 'None'
[0.180s] Level 5:colcon.colcon_core.verb:set package 'goalpoint_rviz_plugin' build argument 'catkin_cmake_args' from command line to 'None'
[0.180s] Level 5:colcon.colcon_core.verb:set package 'goalpoint_rviz_plugin' build argument 'catkin_skip_building_tests' from command line to 'False'
[0.180s] DEBUG:colcon.colcon_core.verb:Building package 'goalpoint_rviz_plugin' with the following arguments: {'ament_cmake_args': None, 'build_base': '/root/ros2_ws/src/build/goalpoint_rviz_plugin', 'catkin_cmake_args': None, 'catkin_skip_building_tests': False, 'cmake_args': ['-DROS_EDITION=ROS2', '-DHUMBLE_ROS=humble'], 'cmake_clean_cache': False, 'cmake_clean_first': False, 'cmake_force_configure': False, 'cmake_target': None, 'cmake_target_skip_unavailable': False, 'install_base': '/root/ros2_ws/src/install/goalpoint_rviz_plugin', 'merge_install': False, 'path': '/root/ros2_ws/src/utilities/goalpoint_rviz_plugin', 'symlink_install': False, 'test_result_base': None}
[0.180s] Level 5:colcon.colcon_core.verb:set package 'livox_ros_driver2' build argument 'cmake_args' from command line to '['-DROS_EDITION=ROS2', '-DHUMBLE_ROS=humble']'
[0.180s] Level 5:colcon.colcon_core.verb:set package 'livox_ros_driver2' build argument 'cmake_target' from command line to 'None'
[0.180s] Level 5:colcon.colcon_core.verb:set package 'livox_ros_driver2' build argument 'cmake_target_skip_unavailable' from command line to 'False'
[0.180s] Level 5:colcon.colcon_core.verb:set package 'livox_ros_driver2' build argument 'cmake_clean_cache' from command line to 'False'
[0.180s] Level 5:colcon.colcon_core.verb:set package 'livox_ros_driver2' build argument 'cmake_clean_first' from command line to 'False'
[0.180s] Level 5:colcon.colcon_core.verb:set package 'livox_ros_driver2' build argument 'cmake_force_configure' from command line to 'False'
[0.180s] Level 5:colcon.colcon_core.verb:set package 'livox_ros_driver2' build argument 'ament_cmake_args' from command line to 'None'
[0.180s] Level 5:colcon.colcon_core.verb:set package 'livox_ros_driver2' build argument 'catkin_cmake_args' from command line to 'None'
[0.180s] Level 5:colcon.colcon_core.verb:set package 'livox_ros_driver2' build argument 'catkin_skip_building_tests' from command line to 'False'
[0.180s] DEBUG:colcon.colcon_core.verb:Building package 'livox_ros_driver2' with the following arguments: {'ament_cmake_args': None, 'build_base': '/root/ros2_ws/src/build/livox_ros_driver2', 'catkin_cmake_args': None, 'catkin_skip_building_tests': False, 'cmake_args': ['-DROS_EDITION=ROS2', '-DHUMBLE_ROS=humble'], 'cmake_clean_cache': False, 'cmake_clean_first': False, 'cmake_force_configure': False, 'cmake_target': None, 'cmake_target_skip_unavailable': False, 'install_base': '/root/ros2_ws/src/install/livox_ros_driver2', 'merge_install': False, 'path': '/root/ros2_ws/src/slam/livox_ros_driver2', 'symlink_install': False, 'test_result_base': None}
[0.180s] Level 5:colcon.colcon_core.verb:set package 'ros_tcp_endpoint' build argument 'cmake_args' from command line to '['-DROS_EDITION=ROS2', '-DHUMBLE_ROS=humble']'
[0.180s] Level 5:colcon.colcon_core.verb:set package 'ros_tcp_endpoint' build argument 'cmake_target' from command line to 'None'
[0.180s] Level 5:colcon.colcon_core.verb:set package 'ros_tcp_endpoint' build argument 'cmake_target_skip_unavailable' from command line to 'False'
[0.180s] Level 5:colcon.colcon_core.verb:set package 'ros_tcp_endpoint' build argument 'cmake_clean_cache' from command line to 'False'
[0.180s] Level 5:colcon.colcon_core.verb:set package 'ros_tcp_endpoint' build argument 'cmake_clean_first' from command line to 'False'
[0.180s] Level 5:colcon.colcon_core.verb:set package 'ros_tcp_endpoint' build argument 'cmake_force_configure' from command line to 'False'
[0.180s] Level 5:colcon.colcon_core.verb:set package 'ros_tcp_endpoint' build argument 'ament_cmake_args' from command line to 'None'
[0.180s] Level 5:colcon.colcon_core.verb:set package 'ros_tcp_endpoint' build argument 'catkin_cmake_args' from command line to 'None'
[0.180s] Level 5:colcon.colcon_core.verb:set package 'ros_tcp_endpoint' build argument 'catkin_skip_building_tests' from command line to 'False'
[0.180s] DEBUG:colcon.colcon_core.verb:Building package 'ros_tcp_endpoint' with the following arguments: {'ament_cmake_args': None, 'build_base': '/root/ros2_ws/src/build/ros_tcp_endpoint', 'catkin_cmake_args': None, 'catkin_skip_building_tests': False, 'cmake_args': ['-DROS_EDITION=ROS2', '-DHUMBLE_ROS=humble'], 'cmake_clean_cache': False, 'cmake_clean_first': False, 'cmake_force_configure': False, 'cmake_target': None, 'cmake_target_skip_unavailable': False, 'install_base': '/root/ros2_ws/src/install/ros_tcp_endpoint', 'merge_install': False, 'path': '/root/ros2_ws/src/utilities/ROS-TCP-Endpoint', 'symlink_install': False, 'test_result_base': None}
[0.180s] Level 5:colcon.colcon_core.verb:set package 'rviz_2d_overlay_msgs' build argument 'cmake_args' from command line to '['-DROS_EDITION=ROS2', '-DHUMBLE_ROS=humble']'
[0.180s] Level 5:colcon.colcon_core.verb:set package 'rviz_2d_overlay_msgs' build argument 'cmake_target' from command line to 'None'
[0.180s] Level 5:colcon.colcon_core.verb:set package 'rviz_2d_overlay_msgs' build argument 'cmake_target_skip_unavailable' from command line to 'False'
[0.180s] Level 5:colcon.colcon_core.verb:set package 'rviz_2d_overlay_msgs' build argument 'cmake_clean_cache' from command line to 'False'
[0.180s] Level 5:colcon.colcon_core.verb:set package 'rviz_2d_overlay_msgs' build argument 'cmake_clean_first' from command line to 'False'
[0.180s] Level 5:colcon.colcon_core.verb:set package 'rviz_2d_overlay_msgs' build argument 'cmake_force_configure' from command line to 'False'
[0.180s] Level 5:colcon.colcon_core.verb:set package 'rviz_2d_overlay_msgs' build argument 'ament_cmake_args' from command line to 'None'
[0.180s] Level 5:colcon.colcon_core.verb:set package 'rviz_2d_overlay_msgs' build argument 'catkin_cmake_args' from command line to 'None'
[0.180s] Level 5:colcon.colcon_core.verb:set package 'rviz_2d_overlay_msgs' build argument 'catkin_skip_building_tests' from command line to 'False'
[0.180s] DEBUG:colcon.colcon_core.verb:Building package 'rviz_2d_overlay_msgs' with the following arguments: {'ament_cmake_args': None, 'build_base': '/root/ros2_ws/src/build/rviz_2d_overlay_msgs', 'catkin_cmake_args': None, 'catkin_skip_building_tests': False, 'cmake_args': ['-DROS_EDITION=ROS2', '-DHUMBLE_ROS=humble'], 'cmake_clean_cache': False, 'cmake_clean_first': False, 'cmake_force_configure': False, 'cmake_target': None, 'cmake_target_skip_unavailable': False, 'install_base': '/root/ros2_ws/src/install/rviz_2d_overlay_msgs', 'merge_install': False, 'path': '/root/ros2_ws/src/slam/rviz_2d_overlay_plugins/rviz_2d_overlay_msgs', 'symlink_install': False, 'test_result_base': None}
[0.181s] Level 5:colcon.colcon_core.verb:set package 'sensor_scan_generation' build argument 'cmake_args' from command line to '['-DROS_EDITION=ROS2', '-DHUMBLE_ROS=humble']'
[0.181s] Level 5:colcon.colcon_core.verb:set package 'sensor_scan_generation' build argument 'cmake_target' from command line to 'None'
[0.181s] Level 5:colcon.colcon_core.verb:set package 'sensor_scan_generation' build argument 'cmake_target_skip_unavailable' from command line to 'False'
[0.181s] Level 5:colcon.colcon_core.verb:set package 'sensor_scan_generation' build argument 'cmake_clean_cache' from command line to 'False'
[0.181s] Level 5:colcon.colcon_core.verb:set package 'sensor_scan_generation' build argument 'cmake_clean_first' from command line to 'False'
[0.181s] Level 5:colcon.colcon_core.verb:set package 'sensor_scan_generation' build argument 'cmake_force_configure' from command line to 'False'
[0.181s] Level 5:colcon.colcon_core.verb:set package 'sensor_scan_generation' build argument 'ament_cmake_args' from command line to 'None'
[0.181s] Level 5:colcon.colcon_core.verb:set package 'sensor_scan_generation' build argument 'catkin_cmake_args' from command line to 'None'
[0.181s] Level 5:colcon.colcon_core.verb:set package 'sensor_scan_generation' build argument 'catkin_skip_building_tests' from command line to 'False'
[0.181s] DEBUG:colcon.colcon_core.verb:Building package 'sensor_scan_generation' with the following arguments: {'ament_cmake_args': None, 'build_base': '/root/ros2_ws/src/build/sensor_scan_generation', 'catkin_cmake_args': None, 'catkin_skip_building_tests': False, 'cmake_args': ['-DROS_EDITION=ROS2', '-DHUMBLE_ROS=humble'], 'cmake_clean_cache': False, 'cmake_clean_first': False, 'cmake_force_configure': False, 'cmake_target': None, 'cmake_target_skip_unavailable': False, 'install_base': '/root/ros2_ws/src/install/sensor_scan_generation', 'merge_install': False, 'path': '/root/ros2_ws/src/base_autonomy/sensor_scan_generation', 'symlink_install': False, 'test_result_base': None}
[0.181s] Level 5:colcon.colcon_core.verb:set package 'super_odometry_msgs' build argument 'cmake_args' from command line to '['-DROS_EDITION=ROS2', '-DHUMBLE_ROS=humble']'
[0.181s] Level 5:colcon.colcon_core.verb:set package 'super_odometry_msgs' build argument 'cmake_target' from command line to 'None'
[0.181s] Level 5:colcon.colcon_core.verb:set package 'super_odometry_msgs' build argument 'cmake_target_skip_unavailable' from command line to 'False'
[0.181s] Level 5:colcon.colcon_core.verb:set package 'super_odometry_msgs' build argument 'cmake_clean_cache' from command line to 'False'
[0.181s] Level 5:colcon.colcon_core.verb:set package 'super_odometry_msgs' build argument 'cmake_clean_first' from command line to 'False'
[0.181s] Level 5:colcon.colcon_core.verb:set package 'super_odometry_msgs' build argument 'cmake_force_configure' from command line to 'False'
[0.181s] Level 5:colcon.colcon_core.verb:set package 'super_odometry_msgs' build argument 'ament_cmake_args' from command line to 'None'
[0.181s] Level 5:colcon.colcon_core.verb:set package 'super_odometry_msgs' build argument 'catkin_cmake_args' from command line to 'None'
[0.181s] Level 5:colcon.colcon_core.verb:set package 'super_odometry_msgs' build argument 'catkin_skip_building_tests' from command line to 'False'
[0.181s] DEBUG:colcon.colcon_core.verb:Building package 'super_odometry_msgs' with the following arguments: {'ament_cmake_args': None, 'build_base': '/root/ros2_ws/src/build/super_odometry_msgs', 'catkin_cmake_args': None, 'catkin_skip_building_tests': False, 'cmake_args': ['-DROS_EDITION=ROS2', '-DHUMBLE_ROS=humble'], 'cmake_clean_cache': False, 'cmake_clean_first': False, 'cmake_force_configure': False, 'cmake_target': None, 'cmake_target_skip_unavailable': False, 'install_base': '/root/ros2_ws/src/install/super_odometry_msgs', 'merge_install': False, 'path': '/root/ros2_ws/src/slam/SuperOdom/super_odometry_msgs', 'symlink_install': False, 'test_result_base': None}
[0.181s] Level 5:colcon.colcon_core.verb:set package 'teleop_rviz_plugin' build argument 'cmake_args' from command line to '['-DROS_EDITION=ROS2', '-DHUMBLE_ROS=humble']'
[0.181s] Level 5:colcon.colcon_core.verb:set package 'teleop_rviz_plugin' build argument 'cmake_target' from command line to 'None'
[0.181s] Level 5:colcon.colcon_core.verb:set package 'teleop_rviz_plugin' build argument 'cmake_target_skip_unavailable' from command line to 'False'
[0.181s] Level 5:colcon.colcon_core.verb:set package 'teleop_rviz_plugin' build argument 'cmake_clean_cache' from command line to 'False'
[0.181s] Level 5:colcon.colcon_core.verb:set package 'teleop_rviz_plugin' build argument 'cmake_clean_first' from command line to 'False'
[0.181s] Level 5:colcon.colcon_core.verb:set package 'teleop_rviz_plugin' build argument 'cmake_force_configure' from command line to 'False'
[0.181s] Level 5:colcon.colcon_core.verb:set package 'teleop_rviz_plugin' build argument 'ament_cmake_args' from command line to 'None'
[0.181s] Level 5:colcon.colcon_core.verb:set package 'teleop_rviz_plugin' build argument 'catkin_cmake_args' from command line to 'None'
[0.181s] Level 5:colcon.colcon_core.verb:set package 'teleop_rviz_plugin' build argument 'catkin_skip_building_tests' from command line to 'False'
[0.181s] DEBUG:colcon.colcon_core.verb:Building package 'teleop_rviz_plugin' with the following arguments: {'ament_cmake_args': None, 'build_base': '/root/ros2_ws/src/build/teleop_rviz_plugin', 'catkin_cmake_args': None, 'catkin_skip_building_tests': False, 'cmake_args': ['-DROS_EDITION=ROS2', '-DHUMBLE_ROS=humble'], 'cmake_clean_cache': False, 'cmake_clean_first': False, 'cmake_force_configure': False, 'cmake_target': None, 'cmake_target_skip_unavailable': False, 'install_base': '/root/ros2_ws/src/install/teleop_rviz_plugin', 'merge_install': False, 'path': '/root/ros2_ws/src/utilities/teleop_rviz_plugin', 'symlink_install': False, 'test_result_base': None}
[0.181s] Level 5:colcon.colcon_core.verb:set package 'teleop_rviz_plugin_plus' build argument 'cmake_args' from command line to '['-DROS_EDITION=ROS2', '-DHUMBLE_ROS=humble']'
[0.181s] Level 5:colcon.colcon_core.verb:set package 'teleop_rviz_plugin_plus' build argument 'cmake_target' from command line to 'None'
[0.181s] Level 5:colcon.colcon_core.verb:set package 'teleop_rviz_plugin_plus' build argument 'cmake_target_skip_unavailable' from command line to 'False'
[0.181s] Level 5:colcon.colcon_core.verb:set package 'teleop_rviz_plugin_plus' build argument 'cmake_clean_cache' from command line to 'False'
[0.181s] Level 5:colcon.colcon_core.verb:set package 'teleop_rviz_plugin_plus' build argument 'cmake_clean_first' from command line to 'False'
[0.181s] Level 5:colcon.colcon_core.verb:set package 'teleop_rviz_plugin_plus' build argument 'cmake_force_configure' from command line to 'False'
[0.181s] Level 5:colcon.colcon_core.verb:set package 'teleop_rviz_plugin_plus' build argument 'ament_cmake_args' from command line to 'None'
[0.181s] Level 5:colcon.colcon_core.verb:set package 'teleop_rviz_plugin_plus' build argument 'catkin_cmake_args' from command line to 'None'
[0.181s] Level 5:colcon.colcon_core.verb:set package 'teleop_rviz_plugin_plus' build argument 'catkin_skip_building_tests' from command line to 'False'
[0.181s] DEBUG:colcon.colcon_core.verb:Building package 'teleop_rviz_plugin_plus' with the following arguments: {'ament_cmake_args': None, 'build_base': '/root/ros2_ws/src/build/teleop_rviz_plugin_plus', 'catkin_cmake_args': None, 'catkin_skip_building_tests': False, 'cmake_args': ['-DROS_EDITION=ROS2', '-DHUMBLE_ROS=humble'], 'cmake_clean_cache': False, 'cmake_clean_first': False, 'cmake_force_configure': False, 'cmake_target': None, 'cmake_target_skip_unavailable': False, 'install_base': '/root/ros2_ws/src/install/teleop_rviz_plugin_plus', 'merge_install': False, 'path': '/root/ros2_ws/src/utilities/teleop_rviz_plugin_plus', 'symlink_install': False, 'test_result_base': None}
[0.181s] Level 5:colcon.colcon_core.verb:set package 'terrain_analysis' build argument 'cmake_args' from command line to '['-DROS_EDITION=ROS2', '-DHUMBLE_ROS=humble']'
[0.181s] Level 5:colcon.colcon_core.verb:set package 'terrain_analysis' build argument 'cmake_target' from command line to 'None'
[0.181s] Level 5:colcon.colcon_core.verb:set package 'terrain_analysis' build argument 'cmake_target_skip_unavailable' from command line to 'False'
[0.181s] Level 5:colcon.colcon_core.verb:set package 'terrain_analysis' build argument 'cmake_clean_cache' from command line to 'False'
[0.181s] Level 5:colcon.colcon_core.verb:set package 'terrain_analysis' build argument 'cmake_clean_first' from command line to 'False'
[0.181s] Level 5:colcon.colcon_core.verb:set package 'terrain_analysis' build argument 'cmake_force_configure' from command line to 'False'
[0.181s] Level 5:colcon.colcon_core.verb:set package 'terrain_analysis' build argument 'ament_cmake_args' from command line to 'None'
[0.181s] Level 5:colcon.colcon_core.verb:set package 'terrain_analysis' build argument 'catkin_cmake_args' from command line to 'None'
[0.181s] Level 5:colcon.colcon_core.verb:set package 'terrain_analysis' build argument 'catkin_skip_building_tests' from command line to 'False'
[0.182s] DEBUG:colcon.colcon_core.verb:Building package 'terrain_analysis' with the following arguments: {'ament_cmake_args': None, 'build_base': '/root/ros2_ws/src/build/terrain_analysis', 'catkin_cmake_args': None, 'catkin_skip_building_tests': False, 'cmake_args': ['-DROS_EDITION=ROS2', '-DHUMBLE_ROS=humble'], 'cmake_clean_cache': False, 'cmake_clean_first': False, 'cmake_force_configure': False, 'cmake_target': None, 'cmake_target_skip_unavailable': False, 'install_base': '/root/ros2_ws/src/install/terrain_analysis', 'merge_install': False, 'path': '/root/ros2_ws/src/base_autonomy/terrain_analysis', 'symlink_install': False, 'test_result_base': None}
[0.182s] Level 5:colcon.colcon_core.verb:set package 'terrain_analysis_ext' build argument 'cmake_args' from command line to '['-DROS_EDITION=ROS2', '-DHUMBLE_ROS=humble']'
[0.182s] Level 5:colcon.colcon_core.verb:set package 'terrain_analysis_ext' build argument 'cmake_target' from command line to 'None'
[0.182s] Level 5:colcon.colcon_core.verb:set package 'terrain_analysis_ext' build argument 'cmake_target_skip_unavailable' from command line to 'False'
[0.182s] Level 5:colcon.colcon_core.verb:set package 'terrain_analysis_ext' build argument 'cmake_clean_cache' from command line to 'False'
[0.182s] Level 5:colcon.colcon_core.verb:set package 'terrain_analysis_ext' build argument 'cmake_clean_first' from command line to 'False'
[0.182s] Level 5:colcon.colcon_core.verb:set package 'terrain_analysis_ext' build argument 'cmake_force_configure' from command line to 'False'
[0.182s] Level 5:colcon.colcon_core.verb:set package 'terrain_analysis_ext' build argument 'ament_cmake_args' from command line to 'None'
[0.182s] Level 5:colcon.colcon_core.verb:set package 'terrain_analysis_ext' build argument 'catkin_cmake_args' from command line to 'None'
[0.182s] Level 5:colcon.colcon_core.verb:set package 'terrain_analysis_ext' build argument 'catkin_skip_building_tests' from command line to 'False'
[0.182s] DEBUG:colcon.colcon_core.verb:Building package 'terrain_analysis_ext' with the following arguments: {'ament_cmake_args': None, 'build_base': '/root/ros2_ws/src/build/terrain_analysis_ext', 'catkin_cmake_args': None, 'catkin_skip_building_tests': False, 'cmake_args': ['-DROS_EDITION=ROS2', '-DHUMBLE_ROS=humble'], 'cmake_clean_cache': False, 'cmake_clean_first': False, 'cmake_force_configure': False, 'cmake_target': None, 'cmake_target_skip_unavailable': False, 'install_base': '/root/ros2_ws/src/install/terrain_analysis_ext', 'merge_install': False, 'path': '/root/ros2_ws/src/base_autonomy/terrain_analysis_ext', 'symlink_install': False, 'test_result_base': None}
[0.182s] Level 5:colcon.colcon_core.verb:set package 'transform_sensors' build argument 'cmake_args' from command line to '['-DROS_EDITION=ROS2', '-DHUMBLE_ROS=humble']'
[0.182s] Level 5:colcon.colcon_core.verb:set package 'transform_sensors' build argument 'cmake_target' from command line to 'None'
[0.182s] Level 5:colcon.colcon_core.verb:set package 'transform_sensors' build argument 'cmake_target_skip_unavailable' from command line to 'False'
[0.182s] Level 5:colcon.colcon_core.verb:set package 'transform_sensors' build argument 'cmake_clean_cache' from command line to 'False'
[0.182s] Level 5:colcon.colcon_core.verb:set package 'transform_sensors' build argument 'cmake_clean_first' from command line to 'False'
[0.182s] Level 5:colcon.colcon_core.verb:set package 'transform_sensors' build argument 'cmake_force_configure' from command line to 'False'
[0.182s] Level 5:colcon.colcon_core.verb:set package 'transform_sensors' build argument 'ament_cmake_args' from command line to 'None'
[0.182s] Level 5:colcon.colcon_core.verb:set package 'transform_sensors' build argument 'catkin_cmake_args' from command line to 'None'
[0.182s] Level 5:colcon.colcon_core.verb:set package 'transform_sensors' build argument 'catkin_skip_building_tests' from command line to 'False'
[0.182s] DEBUG:colcon.colcon_core.verb:Building package 'transform_sensors' with the following arguments: {'ament_cmake_args': None, 'build_base': '/root/ros2_ws/src/build/transform_sensors', 'catkin_cmake_args': None, 'catkin_skip_building_tests': False, 'cmake_args': ['-DROS_EDITION=ROS2', '-DHUMBLE_ROS=humble'], 'cmake_clean_cache': False, 'cmake_clean_first': False, 'cmake_force_configure': False, 'cmake_target': None, 'cmake_target_skip_unavailable': False, 'install_base': '/root/ros2_ws/src/install/transform_sensors', 'merge_install': False, 'path': '/root/ros2_ws/src/utilities/transform_sensors', 'symlink_install': False, 'test_result_base': None}
[0.182s] Level 5:colcon.colcon_core.verb:set package 'unitree_api' build argument 'cmake_args' from command line to '['-DROS_EDITION=ROS2', '-DHUMBLE_ROS=humble']'
[0.182s] Level 5:colcon.colcon_core.verb:set package 'unitree_api' build argument 'cmake_target' from command line to 'None'
[0.182s] Level 5:colcon.colcon_core.verb:set package 'unitree_api' build argument 'cmake_target_skip_unavailable' from command line to 'False'
[0.182s] Level 5:colcon.colcon_core.verb:set package 'unitree_api' build argument 'cmake_clean_cache' from command line to 'False'
[0.182s] Level 5:colcon.colcon_core.verb:set package 'unitree_api' build argument 'cmake_clean_first' from command line to 'False'
[0.182s] Level 5:colcon.colcon_core.verb:set package 'unitree_api' build argument 'cmake_force_configure' from command line to 'False'
[0.182s] Level 5:colcon.colcon_core.verb:set package 'unitree_api' build argument 'ament_cmake_args' from command line to 'None'
[0.182s] Level 5:colcon.colcon_core.verb:set package 'unitree_api' build argument 'catkin_cmake_args' from command line to 'None'
[0.182s] Level 5:colcon.colcon_core.verb:set package 'unitree_api' build argument 'catkin_skip_building_tests' from command line to 'False'
[0.182s] DEBUG:colcon.colcon_core.verb:Building package 'unitree_api' with the following arguments: {'ament_cmake_args': None, 'build_base': '/root/ros2_ws/src/build/unitree_api', 'catkin_cmake_args': None, 'catkin_skip_building_tests': False, 'cmake_args': ['-DROS_EDITION=ROS2', '-DHUMBLE_ROS=humble'], 'cmake_clean_cache': False, 'cmake_clean_first': False, 'cmake_force_configure': False, 'cmake_target': None, 'cmake_target_skip_unavailable': False, 'install_base': '/root/ros2_ws/src/install/unitree_api', 'merge_install': False, 'path': '/root/ros2_ws/src/utilities/unitree_pkgs/unitree_api', 'symlink_install': False, 'test_result_base': None}
[0.182s] Level 5:colcon.colcon_core.verb:set package 'unitree_go' build argument 'cmake_args' from command line to '['-DROS_EDITION=ROS2', '-DHUMBLE_ROS=humble']'
[0.182s] Level 5:colcon.colcon_core.verb:set package 'unitree_go' build argument 'cmake_target' from command line to 'None'
[0.182s] Level 5:colcon.colcon_core.verb:set package 'unitree_go' build argument 'cmake_target_skip_unavailable' from command line to 'False'
[0.182s] Level 5:colcon.colcon_core.verb:set package 'unitree_go' build argument 'cmake_clean_cache' from command line to 'False'
[0.182s] Level 5:colcon.colcon_core.verb:set package 'unitree_go' build argument 'cmake_clean_first' from command line to 'False'
[0.182s] Level 5:colcon.colcon_core.verb:set package 'unitree_go' build argument 'cmake_force_configure' from command line to 'False'
[0.182s] Level 5:colcon.colcon_core.verb:set package 'unitree_go' build argument 'ament_cmake_args' from command line to 'None'
[0.182s] Level 5:colcon.colcon_core.verb:set package 'unitree_go' build argument 'catkin_cmake_args' from command line to 'None'
[0.182s] Level 5:colcon.colcon_core.verb:set package 'unitree_go' build argument 'catkin_skip_building_tests' from command line to 'False'
[0.182s] DEBUG:colcon.colcon_core.verb:Building package 'unitree_go' with the following arguments: {'ament_cmake_args': None, 'build_base': '/root/ros2_ws/src/build/unitree_go', 'catkin_cmake_args': None, 'catkin_skip_building_tests': False, 'cmake_args': ['-DROS_EDITION=ROS2', '-DHUMBLE_ROS=humble'], 'cmake_clean_cache': False, 'cmake_clean_first': False, 'cmake_force_configure': False, 'cmake_target': None, 'cmake_target_skip_unavailable': False, 'install_base': '/root/ros2_ws/src/install/unitree_go', 'merge_install': False, 'path': '/root/ros2_ws/src/utilities/unitree_pkgs/unitree_go', 'symlink_install': False, 'test_result_base': None}
[0.182s] Level 5:colcon.colcon_core.verb:set package 'visibility_graph_msg' build argument 'cmake_args' from command line to '['-DROS_EDITION=ROS2', '-DHUMBLE_ROS=humble']'
[0.183s] Level 5:colcon.colcon_core.verb:set package 'visibility_graph_msg' build argument 'cmake_target' from command line to 'None'
[0.183s] Level 5:colcon.colcon_core.verb:set package 'visibility_graph_msg' build argument 'cmake_target_skip_unavailable' from command line to 'False'
[0.183s] Level 5:colcon.colcon_core.verb:set package 'visibility_graph_msg' build argument 'cmake_clean_cache' from command line to 'False'
[0.183s] Level 5:colcon.colcon_core.verb:set package 'visibility_graph_msg' build argument 'cmake_clean_first' from command line to 'False'
[0.183s] Level 5:colcon.colcon_core.verb:set package 'visibility_graph_msg' build argument 'cmake_force_configure' from command line to 'False'
[0.183s] Level 5:colcon.colcon_core.verb:set package 'visibility_graph_msg' build argument 'ament_cmake_args' from command line to 'None'
[0.183s] Level 5:colcon.colcon_core.verb:set package 'visibility_graph_msg' build argument 'catkin_cmake_args' from command line to 'None'
[0.183s] Level 5:colcon.colcon_core.verb:set package 'visibility_graph_msg' build argument 'catkin_skip_building_tests' from command line to 'False'
[0.183s] DEBUG:colcon.colcon_core.verb:Building package 'visibility_graph_msg' with the following arguments: {'ament_cmake_args': None, 'build_base': '/root/ros2_ws/src/build/visibility_graph_msg', 'catkin_cmake_args': None, 'catkin_skip_building_tests': False, 'cmake_args': ['-DROS_EDITION=ROS2', '-DHUMBLE_ROS=humble'], 'cmake_clean_cache': False, 'cmake_clean_first': False, 'cmake_force_configure': False, 'cmake_target': None, 'cmake_target_skip_unavailable': False, 'install_base': '/root/ros2_ws/src/install/visibility_graph_msg', 'merge_install': False, 'path': '/root/ros2_ws/src/route_planner/visibility_graph_msg', 'symlink_install': False, 'test_result_base': None}
[0.183s] Level 5:colcon.colcon_core.verb:set package 'visualization_tools' build argument 'cmake_args' from command line to '['-DROS_EDITION=ROS2', '-DHUMBLE_ROS=humble']'
[0.183s] Level 5:colcon.colcon_core.verb:set package 'visualization_tools' build argument 'cmake_target' from command line to 'None'
[0.183s] Level 5:colcon.colcon_core.verb:set package 'visualization_tools' build argument 'cmake_target_skip_unavailable' from command line to 'False'
[0.183s] Level 5:colcon.colcon_core.verb:set package 'visualization_tools' build argument 'cmake_clean_cache' from command line to 'False'
[0.183s] Level 5:colcon.colcon_core.verb:set package 'visualization_tools' build argument 'cmake_clean_first' from command line to 'False'
[0.183s] Level 5:colcon.colcon_core.verb:set package 'visualization_tools' build argument 'cmake_force_configure' from command line to 'False'
[0.183s] Level 5:colcon.colcon_core.verb:set package 'visualization_tools' build argument 'ament_cmake_args' from command line to 'None'
[0.183s] Level 5:colcon.colcon_core.verb:set package 'visualization_tools' build argument 'catkin_cmake_args' from command line to 'None'
[0.183s] Level 5:colcon.colcon_core.verb:set package 'visualization_tools' build argument 'catkin_skip_building_tests' from command line to 'False'
[0.183s] DEBUG:colcon.colcon_core.verb:Building package 'visualization_tools' with the following arguments: {'ament_cmake_args': None, 'build_base': '/root/ros2_ws/src/build/visualization_tools', 'catkin_cmake_args': None, 'catkin_skip_building_tests': False, 'cmake_args': ['-DROS_EDITION=ROS2', '-DHUMBLE_ROS=humble'], 'cmake_clean_cache': False, 'cmake_clean_first': False, 'cmake_force_configure': False, 'cmake_target': None, 'cmake_target_skip_unavailable': False, 'install_base': '/root/ros2_ws/src/install/visualization_tools', 'merge_install': False, 'path': '/root/ros2_ws/src/base_autonomy/visualization_tools', 'symlink_install': False, 'test_result_base': None}
[0.183s] Level 5:colcon.colcon_core.verb:set package 'waypoint_example' build argument 'cmake_args' from command line to '['-DROS_EDITION=ROS2', '-DHUMBLE_ROS=humble']'
[0.183s] Level 5:colcon.colcon_core.verb:set package 'waypoint_example' build argument 'cmake_target' from command line to 'None'
[0.183s] Level 5:colcon.colcon_core.verb:set package 'waypoint_example' build argument 'cmake_target_skip_unavailable' from command line to 'False'
[0.183s] Level 5:colcon.colcon_core.verb:set package 'waypoint_example' build argument 'cmake_clean_cache' from command line to 'False'
[0.183s] Level 5:colcon.colcon_core.verb:set package 'waypoint_example' build argument 'cmake_clean_first' from command line to 'False'
[0.183s] Level 5:colcon.colcon_core.verb:set package 'waypoint_example' build argument 'cmake_force_configure' from command line to 'False'
[0.183s] Level 5:colcon.colcon_core.verb:set package 'waypoint_example' build argument 'ament_cmake_args' from command line to 'None'
[0.183s] Level 5:colcon.colcon_core.verb:set package 'waypoint_example' build argument 'catkin_cmake_args' from command line to 'None'
[0.183s] Level 5:colcon.colcon_core.verb:set package 'waypoint_example' build argument 'catkin_skip_building_tests' from command line to 'False'
[0.183s] DEBUG:colcon.colcon_core.verb:Building package 'waypoint_example' with the following arguments: {'ament_cmake_args': None, 'build_base': '/root/ros2_ws/src/build/waypoint_example', 'catkin_cmake_args': None, 'catkin_skip_building_tests': False, 'cmake_args': ['-DROS_EDITION=ROS2', '-DHUMBLE_ROS=humble'], 'cmake_clean_cache': False, 'cmake_clean_first': False, 'cmake_force_configure': False, 'cmake_target': None, 'cmake_target_skip_unavailable': False, 'install_base': '/root/ros2_ws/src/install/waypoint_example', 'merge_install': False, 'path': '/root/ros2_ws/src/base_autonomy/waypoint_example', 'symlink_install': False, 'test_result_base': None}
[0.183s] Level 5:colcon.colcon_core.verb:set package 'waypoint_rviz_plugin' build argument 'cmake_args' from command line to '['-DROS_EDITION=ROS2', '-DHUMBLE_ROS=humble']'
[0.183s] Level 5:colcon.colcon_core.verb:set package 'waypoint_rviz_plugin' build argument 'cmake_target' from command line to 'None'
[0.183s] Level 5:colcon.colcon_core.verb:set package 'waypoint_rviz_plugin' build argument 'cmake_target_skip_unavailable' from command line to 'False'
[0.183s] Level 5:colcon.colcon_core.verb:set package 'waypoint_rviz_plugin' build argument 'cmake_clean_cache' from command line to 'False'
[0.183s] Level 5:colcon.colcon_core.verb:set package 'waypoint_rviz_plugin' build argument 'cmake_clean_first' from command line to 'False'
[0.183s] Level 5:colcon.colcon_core.verb:set package 'waypoint_rviz_plugin' build argument 'cmake_force_configure' from command line to 'False'
[0.183s] Level 5:colcon.colcon_core.verb:set package 'waypoint_rviz_plugin' build argument 'ament_cmake_args' from command line to 'None'
[0.183s] Level 5:colcon.colcon_core.verb:set package 'waypoint_rviz_plugin' build argument 'catkin_cmake_args' from command line to 'None'
[0.183s] Level 5:colcon.colcon_core.verb:set package 'waypoint_rviz_plugin' build argument 'catkin_skip_building_tests' from command line to 'False'
[0.183s] DEBUG:colcon.colcon_core.verb:Building package 'waypoint_rviz_plugin' with the following arguments: {'ament_cmake_args': None, 'build_base': '/root/ros2_ws/src/build/waypoint_rviz_plugin', 'catkin_cmake_args': None, 'catkin_skip_building_tests': False, 'cmake_args': ['-DROS_EDITION=ROS2', '-DHUMBLE_ROS=humble'], 'cmake_clean_cache': False, 'cmake_clean_first': False, 'cmake_force_configure': False, 'cmake_target': None, 'cmake_target_skip_unavailable': False, 'install_base': '/root/ros2_ws/src/install/waypoint_rviz_plugin', 'merge_install': False, 'path': '/root/ros2_ws/src/utilities/waypoint_rviz_plugin', 'symlink_install': False, 'test_result_base': None}
[0.183s] Level 5:colcon.colcon_core.verb:set package 'boundary_handler' build argument 'cmake_args' from command line to '['-DROS_EDITION=ROS2', '-DHUMBLE_ROS=humble']'
[0.183s] Level 5:colcon.colcon_core.verb:set package 'boundary_handler' build argument 'cmake_target' from command line to 'None'
[0.183s] Level 5:colcon.colcon_core.verb:set package 'boundary_handler' build argument 'cmake_target_skip_unavailable' from command line to 'False'
[0.183s] Level 5:colcon.colcon_core.verb:set package 'boundary_handler' build argument 'cmake_clean_cache' from command line to 'False'
[0.183s] Level 5:colcon.colcon_core.verb:set package 'boundary_handler' build argument 'cmake_clean_first' from command line to 'False'
[0.183s] Level 5:colcon.colcon_core.verb:set package 'boundary_handler' build argument 'cmake_force_configure' from command line to 'False'
[0.183s] Level 5:colcon.colcon_core.verb:set package 'boundary_handler' build argument 'ament_cmake_args' from command line to 'None'
[0.183s] Level 5:colcon.colcon_core.verb:set package 'boundary_handler' build argument 'catkin_cmake_args' from command line to 'None'
[0.183s] Level 5:colcon.colcon_core.verb:set package 'boundary_handler' build argument 'catkin_skip_building_tests' from command line to 'False'
[0.183s] DEBUG:colcon.colcon_core.verb:Building package 'boundary_handler' with the following arguments: {'ament_cmake_args': None, 'build_base': '/root/ros2_ws/src/build/boundary_handler', 'catkin_cmake_args': None, 'catkin_skip_building_tests': False, 'cmake_args': ['-DROS_EDITION=ROS2', '-DHUMBLE_ROS=humble'], 'cmake_clean_cache': False, 'cmake_clean_first': False, 'cmake_force_configure': False, 'cmake_target': None, 'cmake_target_skip_unavailable': False, 'install_base': '/root/ros2_ws/src/install/boundary_handler', 'merge_install': False, 'path': '/root/ros2_ws/src/route_planner/boundary_handler', 'symlink_install': False, 'test_result_base': None}
[0.184s] Level 5:colcon.colcon_core.verb:set package 'far_planner' build argument 'cmake_args' from command line to '['-DROS_EDITION=ROS2', '-DHUMBLE_ROS=humble']'
[0.184s] Level 5:colcon.colcon_core.verb:set package 'far_planner' build argument 'cmake_target' from command line to 'None'
[0.184s] Level 5:colcon.colcon_core.verb:set package 'far_planner' build argument 'cmake_target_skip_unavailable' from command line to 'False'
[0.184s] Level 5:colcon.colcon_core.verb:set package 'far_planner' build argument 'cmake_clean_cache' from command line to 'False'
[0.184s] Level 5:colcon.colcon_core.verb:set package 'far_planner' build argument 'cmake_clean_first' from command line to 'False'
[0.184s] Level 5:colcon.colcon_core.verb:set package 'far_planner' build argument 'cmake_force_configure' from command line to 'False'
[0.184s] Level 5:colcon.colcon_core.verb:set package 'far_planner' build argument 'ament_cmake_args' from command line to 'None'
[0.184s] Level 5:colcon.colcon_core.verb:set package 'far_planner' build argument 'catkin_cmake_args' from command line to 'None'
[0.184s] Level 5:colcon.colcon_core.verb:set package 'far_planner' build argument 'catkin_skip_building_tests' from command line to 'False'
[0.184s] DEBUG:colcon.colcon_core.verb:Building package 'far_planner' with the following arguments: {'ament_cmake_args': None, 'build_base': '/root/ros2_ws/src/build/far_planner', 'catkin_cmake_args': None, 'catkin_skip_building_tests': False, 'cmake_args': ['-DROS_EDITION=ROS2', '-DHUMBLE_ROS=humble'], 'cmake_clean_cache': False, 'cmake_clean_first': False, 'cmake_force_configure': False, 'cmake_target': None, 'cmake_target_skip_unavailable': False, 'install_base': '/root/ros2_ws/src/install/far_planner', 'merge_install': False, 'path': '/root/ros2_ws/src/route_planner/far_planner', 'symlink_install': False, 'test_result_base': None}
[0.184s] Level 5:colcon.colcon_core.verb:set package 'go2_sport_api' build argument 'cmake_args' from command line to '['-DROS_EDITION=ROS2', '-DHUMBLE_ROS=humble']'
[0.184s] Level 5:colcon.colcon_core.verb:set package 'go2_sport_api' build argument 'cmake_target' from command line to 'None'
[0.184s] Level 5:colcon.colcon_core.verb:set package 'go2_sport_api' build argument 'cmake_target_skip_unavailable' from command line to 'False'
[0.184s] Level 5:colcon.colcon_core.verb:set package 'go2_sport_api' build argument 'cmake_clean_cache' from command line to 'False'
[0.184s] Level 5:colcon.colcon_core.verb:set package 'go2_sport_api' build argument 'cmake_clean_first' from command line to 'False'
[0.184s] Level 5:colcon.colcon_core.verb:set package 'go2_sport_api' build argument 'cmake_force_configure' from command line to 'False'
[0.184s] Level 5:colcon.colcon_core.verb:set package 'go2_sport_api' build argument 'ament_cmake_args' from command line to 'None'
[0.184s] Level 5:colcon.colcon_core.verb:set package 'go2_sport_api' build argument 'catkin_cmake_args' from command line to 'None'
[0.184s] Level 5:colcon.colcon_core.verb:set package 'go2_sport_api' build argument 'catkin_skip_building_tests' from command line to 'False'
[0.184s] DEBUG:colcon.colcon_core.verb:Building package 'go2_sport_api' with the following arguments: {'ament_cmake_args': None, 'build_base': '/root/ros2_ws/src/build/go2_sport_api', 'catkin_cmake_args': None, 'catkin_skip_building_tests': False, 'cmake_args': ['-DROS_EDITION=ROS2', '-DHUMBLE_ROS=humble'], 'cmake_clean_cache': False, 'cmake_clean_first': False, 'cmake_force_configure': False, 'cmake_target': None, 'cmake_target_skip_unavailable': False, 'install_base': '/root/ros2_ws/src/install/go2_sport_api', 'merge_install': False, 'path': '/root/ros2_ws/src/utilities/unitree_pkgs/go2_sport_api', 'symlink_install': False, 'test_result_base': None}
[0.184s] Level 5:colcon.colcon_core.verb:set package 'graph_decoder' build argument 'cmake_args' from command line to '['-DROS_EDITION=ROS2', '-DHUMBLE_ROS=humble']'
[0.184s] Level 5:colcon.colcon_core.verb:set package 'graph_decoder' build argument 'cmake_target' from command line to 'None'
[0.184s] Level 5:colcon.colcon_core.verb:set package 'graph_decoder' build argument 'cmake_target_skip_unavailable' from command line to 'False'
[0.184s] Level 5:colcon.colcon_core.verb:set package 'graph_decoder' build argument 'cmake_clean_cache' from command line to 'False'
[0.184s] Level 5:colcon.colcon_core.verb:set package 'graph_decoder' build argument 'cmake_clean_first' from command line to 'False'
[0.184s] Level 5:colcon.colcon_core.verb:set package 'graph_decoder' build argument 'cmake_force_configure' from command line to 'False'
[0.184s] Level 5:colcon.colcon_core.verb:set package 'graph_decoder' build argument 'ament_cmake_args' from command line to 'None'
[0.184s] Level 5:colcon.colcon_core.verb:set package 'graph_decoder' build argument 'catkin_cmake_args' from command line to 'None'
[0.184s] Level 5:colcon.colcon_core.verb:set package 'graph_decoder' build argument 'catkin_skip_building_tests' from command line to 'False'
[0.184s] DEBUG:colcon.colcon_core.verb:Building package 'graph_decoder' with the following arguments: {'ament_cmake_args': None, 'build_base': '/root/ros2_ws/src/build/graph_decoder', 'catkin_cmake_args': None, 'catkin_skip_building_tests': False, 'cmake_args': ['-DROS_EDITION=ROS2', '-DHUMBLE_ROS=humble'], 'cmake_clean_cache': False, 'cmake_clean_first': False, 'cmake_force_configure': False, 'cmake_target': None, 'cmake_target_skip_unavailable': False, 'install_base': '/root/ros2_ws/src/install/graph_decoder', 'merge_install': False, 'path': '/root/ros2_ws/src/route_planner/graph_decoder', 'symlink_install': False, 'test_result_base': None}
[0.184s] Level 5:colcon.colcon_core.verb:set package 'rviz_2d_overlay_plugins' build argument 'cmake_args' from command line to '['-DROS_EDITION=ROS2', '-DHUMBLE_ROS=humble']'
[0.184s] Level 5:colcon.colcon_core.verb:set package 'rviz_2d_overlay_plugins' build argument 'cmake_target' from command line to 'None'
[0.184s] Level 5:colcon.colcon_core.verb:set package 'rviz_2d_overlay_plugins' build argument 'cmake_target_skip_unavailable' from command line to 'False'
[0.184s] Level 5:colcon.colcon_core.verb:set package 'rviz_2d_overlay_plugins' build argument 'cmake_clean_cache' from command line to 'False'
[0.184s] Level 5:colcon.colcon_core.verb:set package 'rviz_2d_overlay_plugins' build argument 'cmake_clean_first' from command line to 'False'
[0.184s] Level 5:colcon.colcon_core.verb:set package 'rviz_2d_overlay_plugins' build argument 'cmake_force_configure' from command line to 'False'
[0.184s] Level 5:colcon.colcon_core.verb:set package 'rviz_2d_overlay_plugins' build argument 'ament_cmake_args' from command line to 'None'
[0.184s] Level 5:colcon.colcon_core.verb:set package 'rviz_2d_overlay_plugins' build argument 'catkin_cmake_args' from command line to 'None'
[0.184s] Level 5:colcon.colcon_core.verb:set package 'rviz_2d_overlay_plugins' build argument 'catkin_skip_building_tests' from command line to 'False'
[0.184s] DEBUG:colcon.colcon_core.verb:Building package 'rviz_2d_overlay_plugins' with the following arguments: {'ament_cmake_args': None, 'build_base': '/root/ros2_ws/src/build/rviz_2d_overlay_plugins', 'catkin_cmake_args': None, 'catkin_skip_building_tests': False, 'cmake_args': ['-DROS_EDITION=ROS2', '-DHUMBLE_ROS=humble'], 'cmake_clean_cache': False, 'cmake_clean_first': False, 'cmake_force_configure': False, 'cmake_target': None, 'cmake_target_skip_unavailable': False, 'install_base': '/root/ros2_ws/src/install/rviz_2d_overlay_plugins', 'merge_install': False, 'path': '/root/ros2_ws/src/slam/rviz_2d_overlay_plugins/rviz_2d_overlay_plugins', 'symlink_install': False, 'test_result_base': None}
[0.185s] Level 5:colcon.colcon_core.verb:set package 'super_odometry' build argument 'cmake_args' from command line to '['-DROS_EDITION=ROS2', '-DHUMBLE_ROS=humble']'
[0.185s] Level 5:colcon.colcon_core.verb:set package 'super_odometry' build argument 'cmake_target' from command line to 'None'
[0.185s] Level 5:colcon.colcon_core.verb:set package 'super_odometry' build argument 'cmake_target_skip_unavailable' from command line to 'False'
[0.185s] Level 5:colcon.colcon_core.verb:set package 'super_odometry' build argument 'cmake_clean_cache' from command line to 'False'
[0.185s] Level 5:colcon.colcon_core.verb:set package 'super_odometry' build argument 'cmake_clean_first' from command line to 'False'
[0.185s] Level 5:colcon.colcon_core.verb:set package 'super_odometry' build argument 'cmake_force_configure' from command line to 'False'
[0.185s] Level 5:colcon.colcon_core.verb:set package 'super_odometry' build argument 'ament_cmake_args' from command line to 'None'
[0.185s] Level 5:colcon.colcon_core.verb:set package 'super_odometry' build argument 'catkin_cmake_args' from command line to 'None'
[0.185s] Level 5:colcon.colcon_core.verb:set package 'super_odometry' build argument 'catkin_skip_building_tests' from command line to 'False'
[0.185s] DEBUG:colcon.colcon_core.verb:Building package 'super_odometry' with the following arguments: {'ament_cmake_args': None, 'build_base': '/root/ros2_ws/src/build/super_odometry', 'catkin_cmake_args': None, 'catkin_skip_building_tests': False, 'cmake_args': ['-DROS_EDITION=ROS2', '-DHUMBLE_ROS=humble'], 'cmake_clean_cache': False, 'cmake_clean_first': False, 'cmake_force_configure': False, 'cmake_target': None, 'cmake_target_skip_unavailable': False, 'install_base': '/root/ros2_ws/src/install/super_odometry', 'merge_install': False, 'path': '/root/ros2_ws/src/slam/SuperOdom/super_odometry', 'symlink_install': False, 'test_result_base': None}
[0.185s] Level 5:colcon.colcon_core.verb:set package 'vehicle_simulator' build argument 'cmake_args' from command line to '['-DROS_EDITION=ROS2', '-DHUMBLE_ROS=humble']'
[0.185s] Level 5:colcon.colcon_core.verb:set package 'vehicle_simulator' build argument 'cmake_target' from command line to 'None'
[0.185s] Level 5:colcon.colcon_core.verb:set package 'vehicle_simulator' build argument 'cmake_target_skip_unavailable' from command line to 'False'
[0.185s] Level 5:colcon.colcon_core.verb:set package 'vehicle_simulator' build argument 'cmake_clean_cache' from command line to 'False'
[0.185s] Level 5:colcon.colcon_core.verb:set package 'vehicle_simulator' build argument 'cmake_clean_first' from command line to 'False'
[0.185s] Level 5:colcon.colcon_core.verb:set package 'vehicle_simulator' build argument 'cmake_force_configure' from command line to 'False'
[0.185s] Level 5:colcon.colcon_core.verb:set package 'vehicle_simulator' build argument 'ament_cmake_args' from command line to 'None'
[0.185s] Level 5:colcon.colcon_core.verb:set package 'vehicle_simulator' build argument 'catkin_cmake_args' from command line to 'None'
[0.185s] Level 5:colcon.colcon_core.verb:set package 'vehicle_simulator' build argument 'catkin_skip_building_tests' from command line to 'False'
[0.185s] DEBUG:colcon.colcon_core.verb:Building package 'vehicle_simulator' with the following arguments: {'ament_cmake_args': None, 'build_base': '/root/ros2_ws/src/build/vehicle_simulator', 'catkin_cmake_args': None, 'catkin_skip_building_tests': False, 'cmake_args': ['-DROS_EDITION=ROS2', '-DHUMBLE_ROS=humble'], 'cmake_clean_cache': False, 'cmake_clean_first': False, 'cmake_force_configure': False, 'cmake_target': None, 'cmake_target_skip_unavailable': False, 'install_base': '/root/ros2_ws/src/install/vehicle_simulator', 'merge_install': False, 'path': '/root/ros2_ws/src/base_autonomy/vehicle_simulator', 'symlink_install': False, 'test_result_base': None}
[0.185s] Level 5:colcon.colcon_core.verb:set package 'calibrate_imu' build argument 'cmake_args' from command line to '['-DROS_EDITION=ROS2', '-DHUMBLE_ROS=humble']'
[0.185s] Level 5:colcon.colcon_core.verb:set package 'calibrate_imu' build argument 'cmake_target' from command line to 'None'
[0.185s] Level 5:colcon.colcon_core.verb:set package 'calibrate_imu' build argument 'cmake_target_skip_unavailable' from command line to 'False'
[0.185s] Level 5:colcon.colcon_core.verb:set package 'calibrate_imu' build argument 'cmake_clean_cache' from command line to 'False'
[0.185s] Level 5:colcon.colcon_core.verb:set package 'calibrate_imu' build argument 'cmake_clean_first' from command line to 'False'
[0.185s] Level 5:colcon.colcon_core.verb:set package 'calibrate_imu' build argument 'cmake_force_configure' from command line to 'False'
[0.185s] Level 5:colcon.colcon_core.verb:set package 'calibrate_imu' build argument 'ament_cmake_args' from command line to 'None'
[0.185s] Level 5:colcon.colcon_core.verb:set package 'calibrate_imu' build argument 'catkin_cmake_args' from command line to 'None'
[0.185s] Level 5:colcon.colcon_core.verb:set package 'calibrate_imu' build argument 'catkin_skip_building_tests' from command line to 'False'
[0.185s] DEBUG:colcon.colcon_core.verb:Building package 'calibrate_imu' with the following arguments: {'ament_cmake_args': None, 'build_base': '/root/ros2_ws/src/build/calibrate_imu', 'catkin_cmake_args': None, 'catkin_skip_building_tests': False, 'cmake_args': ['-DROS_EDITION=ROS2', '-DHUMBLE_ROS=humble'], 'cmake_clean_cache': False, 'cmake_clean_first': False, 'cmake_force_configure': False, 'cmake_target': None, 'cmake_target_skip_unavailable': False, 'install_base': '/root/ros2_ws/src/install/calibrate_imu', 'merge_install': False, 'path': '/root/ros2_ws/src/utilities/calibrate_imu', 'symlink_install': False, 'test_result_base': None}
[0.185s] Level 5:colcon.colcon_core.verb:set package 'local_planner' build argument 'cmake_args' from command line to '['-DROS_EDITION=ROS2', '-DHUMBLE_ROS=humble']'
[0.185s] Level 5:colcon.colcon_core.verb:set package 'local_planner' build argument 'cmake_target' from command line to 'None'
[0.185s] Level 5:colcon.colcon_core.verb:set package 'local_planner' build argument 'cmake_target_skip_unavailable' from command line to 'False'
[0.185s] Level 5:colcon.colcon_core.verb:set package 'local_planner' build argument 'cmake_clean_cache' from command line to 'False'
[0.185s] Level 5:colcon.colcon_core.verb:set package 'local_planner' build argument 'cmake_clean_first' from command line to 'False'
[0.185s] Level 5:colcon.colcon_core.verb:set package 'local_planner' build argument 'cmake_force_configure' from command line to 'False'
[0.185s] Level 5:colcon.colcon_core.verb:set package 'local_planner' build argument 'ament_cmake_args' from command line to 'None'
[0.185s] Level 5:colcon.colcon_core.verb:set package 'local_planner' build argument 'catkin_cmake_args' from command line to 'None'
[0.185s] Level 5:colcon.colcon_core.verb:set package 'local_planner' build argument 'catkin_skip_building_tests' from command line to 'False'
[0.185s] DEBUG:colcon.colcon_core.verb:Building package 'local_planner' with the following arguments: {'ament_cmake_args': None, 'build_base': '/root/ros2_ws/src/build/local_planner', 'catkin_cmake_args': None, 'catkin_skip_building_tests': False, 'cmake_args': ['-DROS_EDITION=ROS2', '-DHUMBLE_ROS=humble'], 'cmake_clean_cache': False, 'cmake_clean_first': False, 'cmake_force_configure': False, 'cmake_target': None, 'cmake_target_skip_unavailable': False, 'install_base': '/root/ros2_ws/src/install/local_planner', 'merge_install': False, 'path': '/root/ros2_ws/src/base_autonomy/local_planner', 'symlink_install': False, 'test_result_base': None}
[0.185s] INFO:colcon.colcon_core.executor:Executing jobs using 'parallel' executor
[0.187s] DEBUG:colcon.colcon_parallel_executor.executor.parallel:run_until_complete
[0.187s] INFO:colcon.colcon_ros.task.ament_cmake.build:Building ROS package in '/root/ros2_ws/src/utilities/unitree_pkgs/unitree_api' with build type 'ament_cmake'
[0.187s] INFO:colcon.colcon_cmake.task.cmake.build:Building CMake package in '/root/ros2_ws/src/utilities/unitree_pkgs/unitree_api'
[0.188s] INFO:colcon.colcon_core.plugin_system:Skipping extension 'colcon_core.shell.bat': Not used on non-Windows systems
[0.188s] INFO:colcon.colcon_core.shell:Skip shell extension 'powershell' for command environment: Not usable outside of PowerShell
[0.188s] DEBUG:colcon.colcon_core.shell:Skip shell extension 'dsv' for command environment
[0.190s] INFO:colcon.colcon_ros.task.ament_cmake.build:Building ROS package in '/root/ros2_ws/src/utilities/unitree_pkgs/unitree_go' with build type 'ament_cmake'
[0.190s] INFO:colcon.colcon_cmake.task.cmake.build:Building CMake package in '/root/ros2_ws/src/utilities/unitree_pkgs/unitree_go'
[0.191s] INFO:colcon.colcon_core.shell:Skip shell extension 'powershell' for command environment: Not usable outside of PowerShell
[0.191s] DEBUG:colcon.colcon_core.shell:Skip shell extension 'dsv' for command environment
[0.192s] INFO:colcon.colcon_ros.task.ament_cmake.build:Building ROS package in '/root/ros2_ws/src/route_planner/visibility_graph_msg' with build type 'ament_cmake'
[0.192s] INFO:colcon.colcon_cmake.task.cmake.build:Building CMake package in '/root/ros2_ws/src/route_planner/visibility_graph_msg'
[0.192s] INFO:colcon.colcon_core.shell:Skip shell extension 'powershell' for command environment: Not usable outside of PowerShell
[0.192s] DEBUG:colcon.colcon_core.shell:Skip shell extension 'dsv' for command environment
[0.194s] INFO:colcon.colcon_ros.task.ament_cmake.build:Building ROS package in '/root/ros2_ws/src/slam/livox_ros_driver2' with build type 'ament_cmake'
[0.194s] INFO:colcon.colcon_cmake.task.cmake.build:Building CMake package in '/root/ros2_ws/src/slam/livox_ros_driver2'
[0.194s] INFO:colcon.colcon_core.shell:Skip shell extension 'powershell' for command environment: Not usable outside of PowerShell
[0.194s] DEBUG:colcon.colcon_core.shell:Skip shell extension 'dsv' for command environment
[0.196s] INFO:colcon.colcon_ros.task.ament_python.build:Building ROS package in '/root/ros2_ws/src/utilities/ROS-TCP-Endpoint' with build type 'ament_python'
[0.196s] Level 1:colcon.colcon_core.shell:create_environment_hook('ros_tcp_endpoint', 'ament_prefix_path')
[0.196s] INFO:colcon.colcon_core.shell:Creating environment hook '/root/ros2_ws/src/install/ros_tcp_endpoint/share/ros_tcp_endpoint/hook/ament_prefix_path.ps1'
[0.196s] INFO:colcon.colcon_core.shell:Creating environment descriptor '/root/ros2_ws/src/install/ros_tcp_endpoint/share/ros_tcp_endpoint/hook/ament_prefix_path.dsv'
[0.197s] INFO:colcon.colcon_core.shell:Creating environment hook '/root/ros2_ws/src/install/ros_tcp_endpoint/share/ros_tcp_endpoint/hook/ament_prefix_path.sh'
[0.198s] INFO:colcon.colcon_core.shell:Skip shell extension 'powershell' for command environment: Not usable outside of PowerShell
[0.198s] DEBUG:colcon.colcon_core.shell:Skip shell extension 'dsv' for command environment
[0.201s] INFO:colcon.colcon_ros.task.ament_cmake.build:Building ROS package in '/root/ros2_ws/src/slam/rviz_2d_overlay_plugins/rviz_2d_overlay_msgs' with build type 'ament_cmake'
[0.201s] INFO:colcon.colcon_cmake.task.cmake.build:Building CMake package in '/root/ros2_ws/src/slam/rviz_2d_overlay_plugins/rviz_2d_overlay_msgs'
[0.201s] INFO:colcon.colcon_core.shell:Skip shell extension 'powershell' for command environment: Not usable outside of PowerShell
[0.201s] DEBUG:colcon.colcon_core.shell:Skip shell extension 'dsv' for command environment
[0.202s] INFO:colcon.colcon_ros.task.ament_cmake.build:Building ROS package in '/root/ros2_ws/src/slam/SuperOdom/super_odometry_msgs' with build type 'ament_cmake'
[0.203s] INFO:colcon.colcon_cmake.task.cmake.build:Building CMake package in '/root/ros2_ws/src/slam/SuperOdom/super_odometry_msgs'
[0.203s] INFO:colcon.colcon_core.shell:Skip shell extension 'powershell' for command environment: Not usable outside of PowerShell
[0.203s] DEBUG:colcon.colcon_core.shell:Skip shell extension 'dsv' for command environment
[0.204s] INFO:colcon.colcon_ros.task.ament_cmake.build:Building ROS package in '/root/ros2_ws/src/utilities/unitree_pkgs/go2_h264_repub' with build type 'ament_cmake'
[0.204s] INFO:colcon.colcon_cmake.task.cmake.build:Building CMake package in '/root/ros2_ws/src/utilities/unitree_pkgs/go2_h264_repub'
[0.204s] INFO:colcon.colcon_core.shell:Skip shell extension 'powershell' for command environment: Not usable outside of PowerShell
[0.204s] DEBUG:colcon.colcon_core.shell:Skip shell extension 'dsv' for command environment
[0.206s] INFO:colcon.colcon_ros.task.ament_cmake.build:Building ROS package in '/root/ros2_ws/src/utilities/goalpoint_rviz_plugin' with build type 'ament_cmake'
[0.206s] INFO:colcon.colcon_cmake.task.cmake.build:Building CMake package in '/root/ros2_ws/src/utilities/goalpoint_rviz_plugin'
[0.206s] INFO:colcon.colcon_core.shell:Skip shell extension 'powershell' for command environment: Not usable outside of PowerShell
[0.206s] DEBUG:colcon.colcon_core.shell:Skip shell extension 'dsv' for command environment
[0.208s] INFO:colcon.colcon_ros.task.ament_cmake.build:Building ROS package in '/root/ros2_ws/src/base_autonomy/sensor_scan_generation' with build type 'ament_cmake'
[0.208s] INFO:colcon.colcon_cmake.task.cmake.build:Building CMake package in '/root/ros2_ws/src/base_autonomy/sensor_scan_generation'
[0.208s] INFO:colcon.colcon_core.shell:Skip shell extension 'powershell' for command environment: Not usable outside of PowerShell
[0.209s] DEBUG:colcon.colcon_core.shell:Skip shell extension 'dsv' for command environment
[0.210s] INFO:colcon.colcon_ros.task.ament_cmake.build:Building ROS package in '/root/ros2_ws/src/utilities/teleop_rviz_plugin' with build type 'ament_cmake'
[0.210s] INFO:colcon.colcon_cmake.task.cmake.build:Building CMake package in '/root/ros2_ws/src/utilities/teleop_rviz_plugin'
[0.210s] INFO:colcon.colcon_core.shell:Skip shell extension 'powershell' for command environment: Not usable outside of PowerShell
[0.210s] DEBUG:colcon.colcon_core.shell:Skip shell extension 'dsv' for command environment
[0.212s] INFO:colcon.colcon_ros.task.ament_cmake.build:Building ROS package in '/root/ros2_ws/src/utilities/teleop_rviz_plugin_plus' with build type 'ament_cmake'
[0.212s] INFO:colcon.colcon_cmake.task.cmake.build:Building CMake package in '/root/ros2_ws/src/utilities/teleop_rviz_plugin_plus'
[0.212s] INFO:colcon.colcon_core.shell:Skip shell extension 'powershell' for command environment: Not usable outside of PowerShell
[0.212s] DEBUG:colcon.colcon_core.shell:Skip shell extension 'dsv' for command environment
[0.216s] INFO:colcon.colcon_ros.task.ament_cmake.build:Building ROS package in '/root/ros2_ws/src/base_autonomy/terrain_analysis' with build type 'ament_cmake'
[0.216s] INFO:colcon.colcon_cmake.task.cmake.build:Building CMake package in '/root/ros2_ws/src/base_autonomy/terrain_analysis'
[0.216s] INFO:colcon.colcon_core.shell:Skip shell extension 'powershell' for command environment: Not usable outside of PowerShell
[0.216s] DEBUG:colcon.colcon_core.shell:Skip shell extension 'dsv' for command environment
[0.217s] INFO:colcon.colcon_ros.task.ament_cmake.build:Building ROS package in '/root/ros2_ws/src/base_autonomy/terrain_analysis_ext' with build type 'ament_cmake'
[0.217s] INFO:colcon.colcon_cmake.task.cmake.build:Building CMake package in '/root/ros2_ws/src/base_autonomy/terrain_analysis_ext'
[0.217s] INFO:colcon.colcon_core.shell:Skip shell extension 'powershell' for command environment: Not usable outside of PowerShell
[0.218s] DEBUG:colcon.colcon_core.shell:Skip shell extension 'dsv' for command environment
[0.219s] INFO:colcon.colcon_ros.task.ament_python.build:Building ROS package in '/root/ros2_ws/src/utilities/transform_sensors' with build type 'ament_python'
[0.219s] Level 1:colcon.colcon_core.shell:create_environment_hook('transform_sensors', 'ament_prefix_path')
[0.219s] INFO:colcon.colcon_core.shell:Creating environment hook '/root/ros2_ws/src/install/transform_sensors/share/transform_sensors/hook/ament_prefix_path.ps1'
[0.220s] INFO:colcon.colcon_core.shell:Creating environment descriptor '/root/ros2_ws/src/install/transform_sensors/share/transform_sensors/hook/ament_prefix_path.dsv'
[0.220s] INFO:colcon.colcon_core.shell:Creating environment hook '/root/ros2_ws/src/install/transform_sensors/share/transform_sensors/hook/ament_prefix_path.sh'
[0.221s] INFO:colcon.colcon_core.shell:Skip shell extension 'powershell' for command environment: Not usable outside of PowerShell
[0.221s] DEBUG:colcon.colcon_core.shell:Skip shell extension 'dsv' for command environment
[0.222s] INFO:colcon.colcon_ros.task.ament_cmake.build:Building ROS package in '/root/ros2_ws/src/base_autonomy/visualization_tools' with build type 'ament_cmake'
[0.222s] INFO:colcon.colcon_cmake.task.cmake.build:Building CMake package in '/root/ros2_ws/src/base_autonomy/visualization_tools'
[0.223s] INFO:colcon.colcon_core.shell:Skip shell extension 'powershell' for command environment: Not usable outside of PowerShell
[0.223s] DEBUG:colcon.colcon_core.shell:Skip shell extension 'dsv' for command environment
[0.224s] INFO:colcon.colcon_ros.task.ament_cmake.build:Building ROS package in '/root/ros2_ws/src/base_autonomy/waypoint_example' with build type 'ament_cmake'
[0.224s] INFO:colcon.colcon_cmake.task.cmake.build:Building CMake package in '/root/ros2_ws/src/base_autonomy/waypoint_example'
[0.224s] INFO:colcon.colcon_core.shell:Skip shell extension 'powershell' for command environment: Not usable outside of PowerShell
[0.224s] DEBUG:colcon.colcon_core.shell:Skip shell extension 'dsv' for command environment
[0.226s] INFO:colcon.colcon_ros.task.ament_cmake.build:Building ROS package in '/root/ros2_ws/src/utilities/waypoint_rviz_plugin' with build type 'ament_cmake'
[0.226s] INFO:colcon.colcon_cmake.task.cmake.build:Building CMake package in '/root/ros2_ws/src/utilities/waypoint_rviz_plugin'
[0.226s] INFO:colcon.colcon_core.shell:Skip shell extension 'powershell' for command environment: Not usable outside of PowerShell
[0.226s] DEBUG:colcon.colcon_core.shell:Skip shell extension 'dsv' for command environment
[0.231s] DEBUG:colcon.colcon_core.event_handler.log_command:Invoking command in '/root/ros2_ws/src/build/unitree_api': CMAKE_PREFIX_PATH=/opt/ros/humble /usr/bin/cmake --build /root/ros2_ws/src/build/unitree_api -- -j24 -l24
[0.235s] DEBUG:colcon.colcon_core.event_handler.log_command:Invoking command in '/root/ros2_ws/src/build/unitree_go': CMAKE_PREFIX_PATH=/opt/ros/humble /usr/bin/cmake --build /root/ros2_ws/src/build/unitree_go -- -j24 -l24
[0.238s] DEBUG:colcon.colcon_core.event_handler.log_command:Invoking command in '/root/ros2_ws/src/build/visibility_graph_msg': CMAKE_PREFIX_PATH=/opt/ros/humble /usr/bin/cmake --build /root/ros2_ws/src/build/visibility_graph_msg -- -j24 -l24
[0.242s] DEBUG:colcon.colcon_core.event_handler.log_command:Invoking command in '/root/ros2_ws/src/build/livox_ros_driver2': CMAKE_PREFIX_PATH=/opt/ros/humble /usr/bin/cmake --build /root/ros2_ws/src/build/livox_ros_driver2 -- -j24 -l24
[0.536s] INFO:colcon.colcon_core.task.python.build:Building Python package in '/root/ros2_ws/src/utilities/ROS-TCP-Endpoint'
[0.537s] INFO:colcon.colcon_core.shell:Skip shell extension 'powershell' for command environment: Not usable outside of PowerShell
[0.537s] DEBUG:colcon.colcon_core.shell:Skip shell extension 'dsv' for command environment
[0.551s] DEBUG:colcon.colcon_core.event_handler.log_command:Invoking command in '/root/ros2_ws/src/build/rviz_2d_overlay_msgs': CMAKE_PREFIX_PATH=/opt/ros/humble /usr/bin/cmake --build /root/ros2_ws/src/build/rviz_2d_overlay_msgs -- -j24 -l24
[0.551s] DEBUG:colcon.colcon_core.event_handler.log_command:Invoking command in '/root/ros2_ws/src/build/super_odometry_msgs': CMAKE_PREFIX_PATH=/opt/ros/humble /usr/bin/cmake --build /root/ros2_ws/src/build/super_odometry_msgs -- -j24 -l24
[0.553s] DEBUG:colcon.colcon_core.event_handler.log_command:Invoking command in '/root/ros2_ws/src/build/go2_h264_repub': CMAKE_PREFIX_PATH=/opt/ros/humble /usr/bin/cmake --build /root/ros2_ws/src/build/go2_h264_repub -- -j24 -l24
[0.556s] DEBUG:colcon.colcon_core.event_handler.log_command:Invoking command in '/root/ros2_ws/src/build/goalpoint_rviz_plugin': CMAKE_PREFIX_PATH=/opt/ros/humble /usr/bin/cmake --build /root/ros2_ws/src/build/goalpoint_rviz_plugin -- -j24 -l24
[0.558s] DEBUG:colcon.colcon_core.event_handler.log_command:Invoking command in '/root/ros2_ws/src/build/sensor_scan_generation': CMAKE_PREFIX_PATH=/opt/ros/humble /usr/bin/cmake --build /root/ros2_ws/src/build/sensor_scan_generation -- -j24 -l24
[0.563s] DEBUG:colcon.colcon_core.event_handler.log_command:Invoking command in '/root/ros2_ws/src/build/teleop_rviz_plugin': CMAKE_PREFIX_PATH=/opt/ros/humble /usr/bin/cmake --build /root/ros2_ws/src/build/teleop_rviz_plugin -- -j24 -l24
[0.566s] DEBUG:colcon.colcon_core.event_handler.log_command:Invoking command in '/root/ros2_ws/src/build/teleop_rviz_plugin_plus': CMAKE_PREFIX_PATH=/opt/ros/humble /usr/bin/cmake --build /root/ros2_ws/src/build/teleop_rviz_plugin_plus -- -j24 -l24
[0.566s] DEBUG:colcon.colcon_core.event_handler.log_command:Invoking command in '/root/ros2_ws/src/build/terrain_analysis': CMAKE_PREFIX_PATH=/opt/ros/humble /usr/bin/cmake --build /root/ros2_ws/src/build/terrain_analysis -- -j24 -l24
[0.569s] DEBUG:colcon.colcon_core.event_handler.log_command:Invoking command in '/root/ros2_ws/src/build/terrain_analysis_ext': CMAKE_PREFIX_PATH=/opt/ros/humble /usr/bin/cmake --build /root/ros2_ws/src/build/terrain_analysis_ext -- -j24 -l24
[0.867s] INFO:colcon.colcon_core.task.python.build:Building Python package in '/root/ros2_ws/src/utilities/transform_sensors'
[0.867s] INFO:colcon.colcon_core.shell:Skip shell extension 'powershell' for command environment: Not usable outside of PowerShell
[0.867s] DEBUG:colcon.colcon_core.shell:Skip shell extension 'dsv' for command environment
[0.871s] DEBUG:colcon.colcon_core.event_handler.log_command:Invoking command in '/root/ros2_ws/src/build/visualization_tools': CMAKE_PREFIX_PATH=/opt/ros/humble /usr/bin/cmake --build /root/ros2_ws/src/build/visualization_tools -- -j24 -l24
[0.877s] DEBUG:colcon.colcon_core.event_handler.log_command:Invoking command in '/root/ros2_ws/src/build/waypoint_example': CMAKE_PREFIX_PATH=/opt/ros/humble /usr/bin/cmake --build /root/ros2_ws/src/build/waypoint_example -- -j24 -l24
[0.878s] DEBUG:colcon.colcon_core.event_handler.log_command:Invoking command in '/root/ros2_ws/src/build/waypoint_rviz_plugin': CMAKE_PREFIX_PATH=/opt/ros/humble /usr/bin/cmake --build /root/ros2_ws/src/build/waypoint_rviz_plugin -- -j24 -l24
[0.909s] DEBUG:colcon.colcon_core.event_handler.log_command:Invoked command in '/root/ros2_ws/src/build/terrain_analysis_ext' returned '0': CMAKE_PREFIX_PATH=/opt/ros/humble /usr/bin/cmake --build /root/ros2_ws/src/build/terrain_analysis_ext -- -j24 -l24
[0.918s] DEBUG:colcon.colcon_core.event_handler.log_command:Invoking command in '/root/ros2_ws/src/build/terrain_analysis_ext': CMAKE_PREFIX_PATH=/opt/ros/humble /usr/bin/cmake --install /root/ros2_ws/src/build/terrain_analysis_ext
[0.919s] DEBUG:colcon.colcon_core.event_handler.log_command:Invoked command in '/root/ros2_ws/src/build/terrain_analysis' returned '0': CMAKE_PREFIX_PATH=/opt/ros/humble /usr/bin/cmake --build /root/ros2_ws/src/build/terrain_analysis -- -j24 -l24
[0.920s] DEBUG:colcon.colcon_core.event_handler.log_command:Invoking command in '/root/ros2_ws/src/build/terrain_analysis': CMAKE_PREFIX_PATH=/opt/ros/humble /usr/bin/cmake --install /root/ros2_ws/src/build/terrain_analysis
[0.921s] DEBUG:colcon.colcon_core.event_handler.log_command:Invoked command in '/root/ros2_ws/src/build/goalpoint_rviz_plugin' returned '0': CMAKE_PREFIX_PATH=/opt/ros/humble /usr/bin/cmake --build /root/ros2_ws/src/build/goalpoint_rviz_plugin -- -j24 -l24
[0.922s] DEBUG:colcon.colcon_core.event_handler.log_command:Invoking command in '/root/ros2_ws/src/build/goalpoint_rviz_plugin': CMAKE_PREFIX_PATH=/opt/ros/humble /usr/bin/cmake --install /root/ros2_ws/src/build/goalpoint_rviz_plugin
[0.922s] DEBUG:colcon.colcon_core.event_handler.log_command:Invoked command in '/root/ros2_ws/src/build/go2_h264_repub' returned '0': CMAKE_PREFIX_PATH=/opt/ros/humble /usr/bin/cmake --build /root/ros2_ws/src/build/go2_h264_repub -- -j24 -l24
[0.924s] DEBUG:colcon.colcon_core.event_handler.log_command:Invoking command in '/root/ros2_ws/src/build/go2_h264_repub': CMAKE_PREFIX_PATH=/opt/ros/humble /usr/bin/cmake --install /root/ros2_ws/src/build/go2_h264_repub
[0.924s] DEBUG:colcon.colcon_core.event_handler.log_command:Invoked command in '/root/ros2_ws/src/build/sensor_scan_generation' returned '0': CMAKE_PREFIX_PATH=/opt/ros/humble /usr/bin/cmake --build /root/ros2_ws/src/build/sensor_scan_generation -- -j24 -l24
[0.926s] DEBUG:colcon.colcon_core.event_handler.log_command:Invoking command in '/root/ros2_ws/src/build/sensor_scan_generation': CMAKE_PREFIX_PATH=/opt/ros/humble /usr/bin/cmake --install /root/ros2_ws/src/build/sensor_scan_generation
[0.926s] DEBUG:colcon.colcon_core.event_handler.log_command:Invoked command in '/root/ros2_ws/src/build/unitree_go' returned '0': CMAKE_PREFIX_PATH=/opt/ros/humble /usr/bin/cmake --build /root/ros2_ws/src/build/unitree_go -- -j24 -l24
[0.928s] DEBUG:colcon.colcon_core.event_handler.log_command:Invoking command in '/root/ros2_ws/src/build/unitree_go': CMAKE_PREFIX_PATH=/opt/ros/humble /usr/bin/cmake --install /root/ros2_ws/src/build/unitree_go
[0.928s] DEBUG:colcon.colcon_core.event_handler.log_command:Invoked command in '/root/ros2_ws/src/build/teleop_rviz_plugin_plus' returned '0': CMAKE_PREFIX_PATH=/opt/ros/humble /usr/bin/cmake --build /root/ros2_ws/src/build/teleop_rviz_plugin_plus -- -j24 -l24
[0.929s] DEBUG:colcon.colcon_core.event_handler.log_command:Invoking command in '/root/ros2_ws/src/build/teleop_rviz_plugin_plus': CMAKE_PREFIX_PATH=/opt/ros/humble /usr/bin/cmake --install /root/ros2_ws/src/build/teleop_rviz_plugin_plus
[0.930s] DEBUG:colcon.colcon_core.event_handler.log_command:Invoked command in '/root/ros2_ws/src/build/livox_ros_driver2' returned '0': CMAKE_PREFIX_PATH=/opt/ros/humble /usr/bin/cmake --build /root/ros2_ws/src/build/livox_ros_driver2 -- -j24 -l24
[0.931s] DEBUG:colcon.colcon_core.event_handler.log_command:Invoking command in '/root/ros2_ws/src/build/livox_ros_driver2': CMAKE_PREFIX_PATH=/opt/ros/humble /usr/bin/cmake --install /root/ros2_ws/src/build/livox_ros_driver2
[0.935s] DEBUG:colcon.colcon_core.event_handler.log_command:Invoked command in '/root/ros2_ws/src/build/teleop_rviz_plugin' returned '0': CMAKE_PREFIX_PATH=/opt/ros/humble /usr/bin/cmake --build /root/ros2_ws/src/build/teleop_rviz_plugin -- -j24 -l24
[0.937s] DEBUG:colcon.colcon_core.event_handler.log_command:Invoking command in '/root/ros2_ws/src/build/teleop_rviz_plugin': CMAKE_PREFIX_PATH=/opt/ros/humble /usr/bin/cmake --install /root/ros2_ws/src/build/teleop_rviz_plugin
[0.938s] DEBUG:colcon.colcon_core.event_handler.log_command:Invoked command in '/root/ros2_ws/src/build/unitree_api' returned '0': CMAKE_PREFIX_PATH=/opt/ros/humble /usr/bin/cmake --build /root/ros2_ws/src/build/unitree_api -- -j24 -l24
[0.939s] DEBUG:colcon.colcon_core.event_handler.log_command:Invoking command in '/root/ros2_ws/src/build/unitree_api': CMAKE_PREFIX_PATH=/opt/ros/humble /usr/bin/cmake --install /root/ros2_ws/src/build/unitree_api
[0.951s] DEBUG:colcon.colcon_core.event_handler.log_command:Invoked command in '/root/ros2_ws/src/build/visibility_graph_msg' returned '0': CMAKE_PREFIX_PATH=/opt/ros/humble /usr/bin/cmake --build /root/ros2_ws/src/build/visibility_graph_msg -- -j24 -l24
[0.960s] Level 1:colcon.colcon_core.environment:create_environment_scripts_only(terrain_analysis_ext)
[0.982s] Level 1:colcon.colcon_core.environment:checking '/root/ros2_ws/src/install/terrain_analysis_ext' for CMake module files
[0.986s] Level 1:colcon.colcon_core.environment:checking '/root/ros2_ws/src/install/terrain_analysis_ext' for CMake config files
[0.987s] DEBUG:colcon.colcon_core.event_handler.log_command:Invoking command in '/root/ros2_ws/src/build/visibility_graph_msg': CMAKE_PREFIX_PATH=/opt/ros/humble /usr/bin/cmake --install /root/ros2_ws/src/build/visibility_graph_msg
[0.993s] Level 1:colcon.colcon_core.shell:create_environment_hook('terrain_analysis_ext', 'cmake_prefix_path')
[0.993s] INFO:colcon.colcon_core.shell:Creating environment hook '/root/ros2_ws/src/install/terrain_analysis_ext/share/terrain_analysis_ext/hook/cmake_prefix_path.ps1'
[0.996s] INFO:colcon.colcon_core.shell:Creating environment descriptor '/root/ros2_ws/src/install/terrain_analysis_ext/share/terrain_analysis_ext/hook/cmake_prefix_path.dsv'
[0.999s] INFO:colcon.colcon_core.shell:Creating environment hook '/root/ros2_ws/src/install/terrain_analysis_ext/share/terrain_analysis_ext/hook/cmake_prefix_path.sh'
[1.001s] Level 1:colcon.colcon_core.environment:checking '/root/ros2_ws/src/install/terrain_analysis_ext/lib'
[1.001s] Level 1:colcon.colcon_core.environment:checking '/root/ros2_ws/src/install/terrain_analysis_ext/bin'
[1.001s] Level 1:colcon.colcon_core.environment:checking '/root/ros2_ws/src/install/terrain_analysis_ext/lib/pkgconfig/terrain_analysis_ext.pc'
[1.001s] Level 1:colcon.colcon_core.environment:checking '/root/ros2_ws/src/install/terrain_analysis_ext/lib/python3.10/site-packages'
[1.002s] Level 1:colcon.colcon_core.environment:checking '/root/ros2_ws/src/install/terrain_analysis_ext/bin'
[1.002s] INFO:colcon.colcon_core.shell:Creating package script '/root/ros2_ws/src/install/terrain_analysis_ext/share/terrain_analysis_ext/package.ps1'
[1.005s] INFO:colcon.colcon_core.shell:Creating package descriptor '/root/ros2_ws/src/install/terrain_analysis_ext/share/terrain_analysis_ext/package.dsv'
[1.010s] INFO:colcon.colcon_core.shell:Creating package script '/root/ros2_ws/src/install/terrain_analysis_ext/share/terrain_analysis_ext/package.sh'
[1.012s] INFO:colcon.colcon_core.shell:Creating package script '/root/ros2_ws/src/install/terrain_analysis_ext/share/terrain_analysis_ext/package.bash'
[1.014s] INFO:colcon.colcon_core.shell:Creating package script '/root/ros2_ws/src/install/terrain_analysis_ext/share/terrain_analysis_ext/package.zsh'
[1.017s] Level 1:colcon.colcon_core.environment:create_file_with_runtime_dependencies(/root/ros2_ws/src/install/terrain_analysis_ext/share/colcon-core/packages/terrain_analysis_ext)
[1.021s] Level 1:colcon.colcon_core.environment:create_environment_scripts_only(terrain_analysis_ext)
[1.021s] DEBUG:colcon.colcon_core.event_handler.log_command:Invoked command in '/root/ros2_ws/src/build/terrain_analysis_ext' returned '0': CMAKE_PREFIX_PATH=/opt/ros/humble /usr/bin/cmake --install /root/ros2_ws/src/build/terrain_analysis_ext
[1.021s] Level 1:colcon.colcon_core.environment:checking '/root/ros2_ws/src/install/terrain_analysis_ext' for CMake module files
[1.024s] Level 1:colcon.colcon_core.environment:checking '/root/ros2_ws/src/install/terrain_analysis_ext' for CMake config files
[1.031s] Level 1:colcon.colcon_core.shell:create_environment_hook('terrain_analysis_ext', 'cmake_prefix_path')
[1.032s] INFO:colcon.colcon_core.shell:Creating environment hook '/root/ros2_ws/src/install/terrain_analysis_ext/share/terrain_analysis_ext/hook/cmake_prefix_path.ps1'
[1.033s] INFO:colcon.colcon_core.shell:Creating environment descriptor '/root/ros2_ws/src/install/terrain_analysis_ext/share/terrain_analysis_ext/hook/cmake_prefix_path.dsv'
[1.034s] INFO:colcon.colcon_core.shell:Creating environment hook '/root/ros2_ws/src/install/terrain_analysis_ext/share/terrain_analysis_ext/hook/cmake_prefix_path.sh'
[1.035s] Level 1:colcon.colcon_core.environment:checking '/root/ros2_ws/src/install/terrain_analysis_ext/lib'
[1.035s] Level 1:colcon.colcon_core.environment:checking '/root/ros2_ws/src/install/terrain_analysis_ext/bin'
[1.035s] Level 1:colcon.colcon_core.environment:checking '/root/ros2_ws/src/install/terrain_analysis_ext/lib/pkgconfig/terrain_analysis_ext.pc'
[1.035s] Level 1:colcon.colcon_core.environment:checking '/root/ros2_ws/src/install/terrain_analysis_ext/lib/python3.10/site-packages'
[1.036s] Level 1:colcon.colcon_core.environment:checking '/root/ros2_ws/src/install/terrain_analysis_ext/bin'
[1.036s] INFO:colcon.colcon_core.shell:Creating package script '/root/ros2_ws/src/install/terrain_analysis_ext/share/terrain_analysis_ext/package.ps1'
[1.037s] INFO:colcon.colcon_core.shell:Creating package descriptor '/root/ros2_ws/src/install/terrain_analysis_ext/share/terrain_analysis_ext/package.dsv'
[1.037s] INFO:colcon.colcon_core.shell:Creating package script '/root/ros2_ws/src/install/terrain_analysis_ext/share/terrain_analysis_ext/package.sh'
[1.039s] INFO:colcon.colcon_core.shell:Creating package script '/root/ros2_ws/src/install/terrain_analysis_ext/share/terrain_analysis_ext/package.bash'
[1.050s] INFO:colcon.colcon_core.shell:Creating package script '/root/ros2_ws/src/install/terrain_analysis_ext/share/terrain_analysis_ext/package.zsh'
[1.050s] Level 1:colcon.colcon_core.environment:create_file_with_runtime_dependencies(/root/ros2_ws/src/install/terrain_analysis_ext/share/colcon-core/packages/terrain_analysis_ext)
[1.050s] Level 1:colcon.colcon_core.environment:create_environment_scripts_only(terrain_analysis)
[1.051s] Level 1:colcon.colcon_core.environment:checking '/root/ros2_ws/src/install/terrain_analysis' for CMake module files
[1.051s] Level 1:colcon.colcon_core.environment:checking '/root/ros2_ws/src/install/terrain_analysis' for CMake config files
[1.051s] Level 1:colcon.colcon_core.shell:create_environment_hook('terrain_analysis', 'cmake_prefix_path')
[1.051s] INFO:colcon.colcon_core.shell:Creating environment hook '/root/ros2_ws/src/install/terrain_analysis/share/terrain_analysis/hook/cmake_prefix_path.ps1'
[1.053s] INFO:colcon.colcon_core.shell:Creating environment descriptor '/root/ros2_ws/src/install/terrain_analysis/share/terrain_analysis/hook/cmake_prefix_path.dsv'
[1.054s] DEBUG:colcon.colcon_core.event_handler.log_command:Invoked command in '/root/ros2_ws/src/build/terrain_analysis' returned '0': CMAKE_PREFIX_PATH=/opt/ros/humble /usr/bin/cmake --install /root/ros2_ws/src/build/terrain_analysis
[1.054s] INFO:colcon.colcon_core.shell:Creating environment hook '/root/ros2_ws/src/install/terrain_analysis/share/terrain_analysis/hook/cmake_prefix_path.sh'
[1.054s] Level 1:colcon.colcon_core.environment:checking '/root/ros2_ws/src/install/terrain_analysis/lib'
[1.054s] Level 1:colcon.colcon_core.environment:checking '/root/ros2_ws/src/install/terrain_analysis/bin'
[1.054s] Level 1:colcon.colcon_core.environment:checking '/root/ros2_ws/src/install/terrain_analysis/lib/pkgconfig/terrain_analysis.pc'
[1.055s] Level 1:colcon.colcon_core.environment:checking '/root/ros2_ws/src/install/terrain_analysis/lib/python3.10/site-packages'
[1.055s] Level 1:colcon.colcon_core.environment:checking '/root/ros2_ws/src/install/terrain_analysis/bin'
[1.055s] INFO:colcon.colcon_core.shell:Creating package script '/root/ros2_ws/src/install/terrain_analysis/share/terrain_analysis/package.ps1'
[1.055s] INFO:colcon.colcon_core.shell:Creating package descriptor '/root/ros2_ws/src/install/terrain_analysis/share/terrain_analysis/package.dsv'
[1.056s] INFO:colcon.colcon_core.shell:Creating package script '/root/ros2_ws/src/install/terrain_analysis/share/terrain_analysis/package.sh'
[1.056s] INFO:colcon.colcon_core.shell:Creating package script '/root/ros2_ws/src/install/terrain_analysis/share/terrain_analysis/package.bash'
[1.056s] INFO:colcon.colcon_core.shell:Creating package script '/root/ros2_ws/src/install/terrain_analysis/share/terrain_analysis/package.zsh'
[1.056s] Level 1:colcon.colcon_core.environment:create_file_with_runtime_dependencies(/root/ros2_ws/src/install/terrain_analysis/share/colcon-core/packages/terrain_analysis)
[1.057s] Level 1:colcon.colcon_core.environment:create_environment_scripts_only(terrain_analysis)
[1.057s] Level 1:colcon.colcon_core.environment:checking '/root/ros2_ws/src/install/terrain_analysis' for CMake module files
[1.057s] Level 1:colcon.colcon_core.environment:checking '/root/ros2_ws/src/install/terrain_analysis' for CMake config files
[1.057s] Level 1:colcon.colcon_core.shell:create_environment_hook('terrain_analysis', 'cmake_prefix_path')
[1.057s] INFO:colcon.colcon_core.shell:Creating environment hook '/root/ros2_ws/src/install/terrain_analysis/share/terrain_analysis/hook/cmake_prefix_path.ps1'
[1.058s] INFO:colcon.colcon_core.shell:Creating environment descriptor '/root/ros2_ws/src/install/terrain_analysis/share/terrain_analysis/hook/cmake_prefix_path.dsv'
[1.058s] INFO:colcon.colcon_core.shell:Creating environment hook '/root/ros2_ws/src/install/terrain_analysis/share/terrain_analysis/hook/cmake_prefix_path.sh'
[1.058s] Level 1:colcon.colcon_core.environment:checking '/root/ros2_ws/src/install/terrain_analysis/lib'
[1.058s] Level 1:colcon.colcon_core.environment:checking '/root/ros2_ws/src/install/terrain_analysis/bin'
[1.058s] Level 1:colcon.colcon_core.environment:checking '/root/ros2_ws/src/install/terrain_analysis/lib/pkgconfig/terrain_analysis.pc'
[1.058s] Level 1:colcon.colcon_core.environment:checking '/root/ros2_ws/src/install/terrain_analysis/lib/python3.10/site-packages'
[1.059s] Level 1:colcon.colcon_core.environment:checking '/root/ros2_ws/src/install/terrain_analysis/bin'
[1.059s] INFO:colcon.colcon_core.shell:Creating package script '/root/ros2_ws/src/install/terrain_analysis/share/terrain_analysis/package.ps1'
[1.059s] INFO:colcon.colcon_core.shell:Creating package descriptor '/root/ros2_ws/src/install/terrain_analysis/share/terrain_analysis/package.dsv'
[1.060s] INFO:colcon.colcon_core.shell:Creating package script '/root/ros2_ws/src/install/terrain_analysis/share/terrain_analysis/package.sh'
[1.060s] INFO:colcon.colcon_core.shell:Creating package script '/root/ros2_ws/src/install/terrain_analysis/share/terrain_analysis/package.bash'
[1.060s] INFO:colcon.colcon_core.shell:Creating package script '/root/ros2_ws/src/install/terrain_analysis/share/terrain_analysis/package.zsh'
[1.060s] Level 1:colcon.colcon_core.environment:create_file_with_runtime_dependencies(/root/ros2_ws/src/install/terrain_analysis/share/colcon-core/packages/terrain_analysis)
[1.061s] Level 1:colcon.colcon_core.environment:create_environment_scripts_only(sensor_scan_generation)
[1.061s] Level 1:colcon.colcon_core.environment:checking '/root/ros2_ws/src/install/sensor_scan_generation' for CMake module files
[1.061s] DEBUG:colcon.colcon_core.event_handler.log_command:Invoked command in '/root/ros2_ws/src/build/sensor_scan_generation' returned '0': CMAKE_PREFIX_PATH=/opt/ros/humble /usr/bin/cmake --install /root/ros2_ws/src/build/sensor_scan_generation
[1.061s] Level 1:colcon.colcon_core.environment:checking '/root/ros2_ws/src/install/sensor_scan_generation' for CMake config files
[1.062s] Level 1:colcon.colcon_core.shell:create_environment_hook('sensor_scan_generation', 'cmake_prefix_path')
[1.062s] INFO:colcon.colcon_core.shell:Creating environment hook '/root/ros2_ws/src/install/sensor_scan_generation/share/sensor_scan_generation/hook/cmake_prefix_path.ps1'
[1.062s] INFO:colcon.colcon_core.shell:Creating environment descriptor '/root/ros2_ws/src/install/sensor_scan_generation/share/sensor_scan_generation/hook/cmake_prefix_path.dsv'
[1.062s] INFO:colcon.colcon_core.shell:Creating environment hook '/root/ros2_ws/src/install/sensor_scan_generation/share/sensor_scan_generation/hook/cmake_prefix_path.sh'
[1.063s] Level 1:colcon.colcon_core.environment:checking '/root/ros2_ws/src/install/sensor_scan_generation/lib'
[1.063s] Level 1:colcon.colcon_core.environment:checking '/root/ros2_ws/src/install/sensor_scan_generation/bin'
[1.063s] Level 1:colcon.colcon_core.environment:checking '/root/ros2_ws/src/install/sensor_scan_generation/lib/pkgconfig/sensor_scan_generation.pc'
[1.063s] Level 1:colcon.colcon_core.environment:checking '/root/ros2_ws/src/install/sensor_scan_generation/lib/python3.10/site-packages'
[1.063s] Level 1:colcon.colcon_core.environment:checking '/root/ros2_ws/src/install/sensor_scan_generation/bin'
[1.063s] INFO:colcon.colcon_core.shell:Creating package script '/root/ros2_ws/src/install/sensor_scan_generation/share/sensor_scan_generation/package.ps1'
[1.063s] INFO:colcon.colcon_core.shell:Creating package descriptor '/root/ros2_ws/src/install/sensor_scan_generation/share/sensor_scan_generation/package.dsv'
[1.064s] INFO:colcon.colcon_core.shell:Creating package script '/root/ros2_ws/src/install/sensor_scan_generation/share/sensor_scan_generation/package.sh'
[1.064s] INFO:colcon.colcon_core.shell:Creating package script '/root/ros2_ws/src/install/sensor_scan_generation/share/sensor_scan_generation/package.bash'
[1.064s] INFO:colcon.colcon_core.shell:Creating package script '/root/ros2_ws/src/install/sensor_scan_generation/share/sensor_scan_generation/package.zsh'
[1.064s] Level 1:colcon.colcon_core.environment:create_file_with_runtime_dependencies(/root/ros2_ws/src/install/sensor_scan_generation/share/colcon-core/packages/sensor_scan_generation)
[1.065s] Level 1:colcon.colcon_core.environment:create_environment_scripts_only(sensor_scan_generation)
[1.065s] Level 1:colcon.colcon_core.environment:checking '/root/ros2_ws/src/install/sensor_scan_generation' for CMake module files
[1.065s] Level 1:colcon.colcon_core.environment:checking '/root/ros2_ws/src/install/sensor_scan_generation' for CMake config files
[1.065s] Level 1:colcon.colcon_core.shell:create_environment_hook('sensor_scan_generation', 'cmake_prefix_path')
[1.065s] INFO:colcon.colcon_core.shell:Creating environment hook '/root/ros2_ws/src/install/sensor_scan_generation/share/sensor_scan_generation/hook/cmake_prefix_path.ps1'
[1.065s] INFO:colcon.colcon_core.shell:Creating environment descriptor '/root/ros2_ws/src/install/sensor_scan_generation/share/sensor_scan_generation/hook/cmake_prefix_path.dsv'
[1.066s] INFO:colcon.colcon_core.shell:Creating environment hook '/root/ros2_ws/src/install/sensor_scan_generation/share/sensor_scan_generation/hook/cmake_prefix_path.sh'
[1.066s] Level 1:colcon.colcon_core.environment:checking '/root/ros2_ws/src/install/sensor_scan_generation/lib'
[1.066s] Level 1:colcon.colcon_core.environment:checking '/root/ros2_ws/src/install/sensor_scan_generation/bin'
[1.066s] Level 1:colcon.colcon_core.environment:checking '/root/ros2_ws/src/install/sensor_scan_generation/lib/pkgconfig/sensor_scan_generation.pc'
[1.066s] Level 1:colcon.colcon_core.environment:checking '/root/ros2_ws/src/install/sensor_scan_generation/lib/python3.10/site-packages'
[1.066s] Level 1:colcon.colcon_core.environment:checking '/root/ros2_ws/src/install/sensor_scan_generation/bin'
[1.067s] INFO:colcon.colcon_core.shell:Creating package script '/root/ros2_ws/src/install/sensor_scan_generation/share/sensor_scan_generation/package.ps1'
[1.067s] INFO:colcon.colcon_core.shell:Creating package descriptor '/root/ros2_ws/src/install/sensor_scan_generation/share/sensor_scan_generation/package.dsv'
[1.067s] INFO:colcon.colcon_core.shell:Creating package script '/root/ros2_ws/src/install/sensor_scan_generation/share/sensor_scan_generation/package.sh'
[1.067s] INFO:colcon.colcon_core.shell:Creating package script '/root/ros2_ws/src/install/sensor_scan_generation/share/sensor_scan_generation/package.bash'
[1.067s] INFO:colcon.colcon_core.shell:Creating package script '/root/ros2_ws/src/install/sensor_scan_generation/share/sensor_scan_generation/package.zsh'
[1.068s] Level 1:colcon.colcon_core.environment:create_file_with_runtime_dependencies(/root/ros2_ws/src/install/sensor_scan_generation/share/colcon-core/packages/sensor_scan_generation)
[1.068s] Level 1:colcon.colcon_core.environment:create_environment_scripts_only(teleop_rviz_plugin_plus)
[1.068s] Level 1:colcon.colcon_core.environment:checking '/root/ros2_ws/src/install/teleop_rviz_plugin_plus' for CMake module files
[1.069s] Level 1:colcon.colcon_core.environment:checking '/root/ros2_ws/src/install/teleop_rviz_plugin_plus' for CMake config files
[1.069s] DEBUG:colcon.colcon_core.event_handler.log_command:Invoked command in '/root/ros2_ws/src/build/teleop_rviz_plugin_plus' returned '0': CMAKE_PREFIX_PATH=/opt/ros/humble /usr/bin/cmake --install /root/ros2_ws/src/build/teleop_rviz_plugin_plus
[1.069s] Level 1:colcon.colcon_core.shell:create_environment_hook('teleop_rviz_plugin_plus', 'cmake_prefix_path')
[1.070s] INFO:colcon.colcon_core.shell:Creating environment hook '/root/ros2_ws/src/install/teleop_rviz_plugin_plus/share/teleop_rviz_plugin_plus/hook/cmake_prefix_path.ps1'
[1.070s] INFO:colcon.colcon_core.shell:Creating environment descriptor '/root/ros2_ws/src/install/teleop_rviz_plugin_plus/share/teleop_rviz_plugin_plus/hook/cmake_prefix_path.dsv'
[1.070s] INFO:colcon.colcon_core.shell:Creating environment hook '/root/ros2_ws/src/install/teleop_rviz_plugin_plus/share/teleop_rviz_plugin_plus/hook/cmake_prefix_path.sh'
[1.070s] Level 1:colcon.colcon_core.environment:checking '/root/ros2_ws/src/install/teleop_rviz_plugin_plus/lib'
[1.070s] Level 1:colcon.colcon_core.environment:checking '/root/ros2_ws/src/install/teleop_rviz_plugin_plus/bin'
[1.070s] Level 1:colcon.colcon_core.environment:checking '/root/ros2_ws/src/install/teleop_rviz_plugin_plus/lib/pkgconfig/teleop_rviz_plugin_plus.pc'
[1.071s] Level 1:colcon.colcon_core.environment:checking '/root/ros2_ws/src/install/teleop_rviz_plugin_plus/lib/python3.10/site-packages'
[1.071s] Level 1:colcon.colcon_core.environment:checking '/root/ros2_ws/src/install/teleop_rviz_plugin_plus/bin'
[1.071s] INFO:colcon.colcon_core.shell:Creating package script '/root/ros2_ws/src/install/teleop_rviz_plugin_plus/share/teleop_rviz_plugin_plus/package.ps1'
[1.071s] INFO:colcon.colcon_core.shell:Creating package descriptor '/root/ros2_ws/src/install/teleop_rviz_plugin_plus/share/teleop_rviz_plugin_plus/package.dsv'
[1.071s] INFO:colcon.colcon_core.shell:Creating package script '/root/ros2_ws/src/install/teleop_rviz_plugin_plus/share/teleop_rviz_plugin_plus/package.sh'
[1.072s] INFO:colcon.colcon_core.shell:Creating package script '/root/ros2_ws/src/install/teleop_rviz_plugin_plus/share/teleop_rviz_plugin_plus/package.bash'
[1.072s] INFO:colcon.colcon_core.shell:Creating package script '/root/ros2_ws/src/install/teleop_rviz_plugin_plus/share/teleop_rviz_plugin_plus/package.zsh'
[1.072s] Level 1:colcon.colcon_core.environment:create_file_with_runtime_dependencies(/root/ros2_ws/src/install/teleop_rviz_plugin_plus/share/colcon-core/packages/teleop_rviz_plugin_plus)
[1.072s] Level 1:colcon.colcon_core.environment:create_environment_scripts_only(teleop_rviz_plugin_plus)
[1.073s] Level 1:colcon.colcon_core.environment:checking '/root/ros2_ws/src/install/teleop_rviz_plugin_plus' for CMake module files
[1.073s] Level 1:colcon.colcon_core.environment:checking '/root/ros2_ws/src/install/teleop_rviz_plugin_plus' for CMake config files
[1.073s] Level 1:colcon.colcon_core.shell:create_environment_hook('teleop_rviz_plugin_plus', 'cmake_prefix_path')
[1.073s] INFO:colcon.colcon_core.shell:Creating environment hook '/root/ros2_ws/src/install/teleop_rviz_plugin_plus/share/teleop_rviz_plugin_plus/hook/cmake_prefix_path.ps1'
[1.073s] INFO:colcon.colcon_core.shell:Creating environment descriptor '/root/ros2_ws/src/install/teleop_rviz_plugin_plus/share/teleop_rviz_plugin_plus/hook/cmake_prefix_path.dsv'
[1.073s] INFO:colcon.colcon_core.shell:Creating environment hook '/root/ros2_ws/src/install/teleop_rviz_plugin_plus/share/teleop_rviz_plugin_plus/hook/cmake_prefix_path.sh'
[1.074s] Level 1:colcon.colcon_core.environment:checking '/root/ros2_ws/src/install/teleop_rviz_plugin_plus/lib'
[1.074s] Level 1:colcon.colcon_core.environment:checking '/root/ros2_ws/src/install/teleop_rviz_plugin_plus/bin'
[1.074s] Level 1:colcon.colcon_core.environment:checking '/root/ros2_ws/src/install/teleop_rviz_plugin_plus/lib/pkgconfig/teleop_rviz_plugin_plus.pc'
[1.074s] Level 1:colcon.colcon_core.environment:checking '/root/ros2_ws/src/install/teleop_rviz_plugin_plus/lib/python3.10/site-packages'
[1.074s] Level 1:colcon.colcon_core.environment:checking '/root/ros2_ws/src/install/teleop_rviz_plugin_plus/bin'
[1.075s] INFO:colcon.colcon_core.shell:Creating package script '/root/ros2_ws/src/install/teleop_rviz_plugin_plus/share/teleop_rviz_plugin_plus/package.ps1'
[1.075s] INFO:colcon.colcon_core.shell:Creating package descriptor '/root/ros2_ws/src/install/teleop_rviz_plugin_plus/share/teleop_rviz_plugin_plus/package.dsv'
[1.075s] INFO:colcon.colcon_core.shell:Creating package script '/root/ros2_ws/src/install/teleop_rviz_plugin_plus/share/teleop_rviz_plugin_plus/package.sh'
[1.075s] INFO:colcon.colcon_core.shell:Creating package script '/root/ros2_ws/src/install/teleop_rviz_plugin_plus/share/teleop_rviz_plugin_plus/package.bash'
[1.076s] INFO:colcon.colcon_core.shell:Creating package script '/root/ros2_ws/src/install/teleop_rviz_plugin_plus/share/teleop_rviz_plugin_plus/package.zsh'
[1.076s] Level 1:colcon.colcon_core.environment:create_file_with_runtime_dependencies(/root/ros2_ws/src/install/teleop_rviz_plugin_plus/share/colcon-core/packages/teleop_rviz_plugin_plus)
[1.078s] Level 1:colcon.colcon_core.environment:create_environment_scripts_only(teleop_rviz_plugin)
[1.078s] Level 1:colcon.colcon_core.environment:checking '/root/ros2_ws/src/install/teleop_rviz_plugin' for CMake module files
[1.078s] DEBUG:colcon.colcon_core.event_handler.log_command:Invoked command in '/root/ros2_ws/src/build/waypoint_example' returned '0': CMAKE_PREFIX_PATH=/opt/ros/humble /usr/bin/cmake --build /root/ros2_ws/src/build/waypoint_example -- -j24 -l24
[1.078s] DEBUG:colcon.colcon_core.event_handler.log_command:Invoking command in '/root/ros2_ws/src/build/waypoint_example': CMAKE_PREFIX_PATH=/opt/ros/humble /usr/bin/cmake --install /root/ros2_ws/src/build/waypoint_example
[1.079s] DEBUG:colcon.colcon_core.event_handler.log_command:Invoked command in '/root/ros2_ws/src/build/teleop_rviz_plugin' returned '0': CMAKE_PREFIX_PATH=/opt/ros/humble /usr/bin/cmake --install /root/ros2_ws/src/build/teleop_rviz_plugin
[1.079s] Level 1:colcon.colcon_core.environment:checking '/root/ros2_ws/src/install/teleop_rviz_plugin' for CMake config files
[1.079s] Level 1:colcon.colcon_core.shell:create_environment_hook('teleop_rviz_plugin', 'cmake_prefix_path')
[1.079s] INFO:colcon.colcon_core.shell:Creating environment hook '/root/ros2_ws/src/install/teleop_rviz_plugin/share/teleop_rviz_plugin/hook/cmake_prefix_path.ps1'
[1.081s] INFO:colcon.colcon_core.shell:Creating environment descriptor '/root/ros2_ws/src/install/teleop_rviz_plugin/share/teleop_rviz_plugin/hook/cmake_prefix_path.dsv'
[1.081s] INFO:colcon.colcon_core.shell:Creating environment hook '/root/ros2_ws/src/install/teleop_rviz_plugin/share/teleop_rviz_plugin/hook/cmake_prefix_path.sh'
[1.081s] Level 1:colcon.colcon_core.environment:checking '/root/ros2_ws/src/install/teleop_rviz_plugin/lib'
[1.081s] Level 1:colcon.colcon_core.environment:checking '/root/ros2_ws/src/install/teleop_rviz_plugin/bin'
[1.082s] Level 1:colcon.colcon_core.environment:checking '/root/ros2_ws/src/install/teleop_rviz_plugin/lib/pkgconfig/teleop_rviz_plugin.pc'
[1.082s] Level 1:colcon.colcon_core.environment:checking '/root/ros2_ws/src/install/teleop_rviz_plugin/lib/python3.10/site-packages'
[1.082s] Level 1:colcon.colcon_core.environment:checking '/root/ros2_ws/src/install/teleop_rviz_plugin/bin'
[1.082s] INFO:colcon.colcon_core.shell:Creating package script '/root/ros2_ws/src/install/teleop_rviz_plugin/share/teleop_rviz_plugin/package.ps1'
[1.082s] INFO:colcon.colcon_core.shell:Creating package descriptor '/root/ros2_ws/src/install/teleop_rviz_plugin/share/teleop_rviz_plugin/package.dsv'
[1.083s] INFO:colcon.colcon_core.shell:Creating package script '/root/ros2_ws/src/install/teleop_rviz_plugin/share/teleop_rviz_plugin/package.sh'
[1.083s] INFO:colcon.colcon_core.shell:Creating package script '/root/ros2_ws/src/install/teleop_rviz_plugin/share/teleop_rviz_plugin/package.bash'
[1.083s] INFO:colcon.colcon_core.shell:Creating package script '/root/ros2_ws/src/install/teleop_rviz_plugin/share/teleop_rviz_plugin/package.zsh'
[1.087s] Level 1:colcon.colcon_core.environment:create_file_with_runtime_dependencies(/root/ros2_ws/src/install/teleop_rviz_plugin/share/colcon-core/packages/teleop_rviz_plugin)
[1.087s] Level 1:colcon.colcon_core.environment:create_environment_scripts_only(teleop_rviz_plugin)
[1.087s] Level 1:colcon.colcon_core.environment:checking '/root/ros2_ws/src/install/teleop_rviz_plugin' for CMake module files
[1.087s] Level 1:colcon.colcon_core.environment:checking '/root/ros2_ws/src/install/teleop_rviz_plugin' for CMake config files
[1.087s] Level 1:colcon.colcon_core.shell:create_environment_hook('teleop_rviz_plugin', 'cmake_prefix_path')
[1.088s] INFO:colcon.colcon_core.shell:Creating environment hook '/root/ros2_ws/src/install/teleop_rviz_plugin/share/teleop_rviz_plugin/hook/cmake_prefix_path.ps1'
[1.088s] INFO:colcon.colcon_core.shell:Creating environment descriptor '/root/ros2_ws/src/install/teleop_rviz_plugin/share/teleop_rviz_plugin/hook/cmake_prefix_path.dsv'
[1.088s] INFO:colcon.colcon_core.shell:Creating environment hook '/root/ros2_ws/src/install/teleop_rviz_plugin/share/teleop_rviz_plugin/hook/cmake_prefix_path.sh'
[1.088s] Level 1:colcon.colcon_core.environment:checking '/root/ros2_ws/src/install/teleop_rviz_plugin/lib'
[1.088s] Level 1:colcon.colcon_core.environment:checking '/root/ros2_ws/src/install/teleop_rviz_plugin/bin'
[1.088s] Level 1:colcon.colcon_core.environment:checking '/root/ros2_ws/src/install/teleop_rviz_plugin/lib/pkgconfig/teleop_rviz_plugin.pc'
[1.089s] Level 1:colcon.colcon_core.environment:checking '/root/ros2_ws/src/install/teleop_rviz_plugin/lib/python3.10/site-packages'
[1.089s] Level 1:colcon.colcon_core.environment:checking '/root/ros2_ws/src/install/teleop_rviz_plugin/bin'
[1.089s] INFO:colcon.colcon_core.shell:Creating package script '/root/ros2_ws/src/install/teleop_rviz_plugin/share/teleop_rviz_plugin/package.ps1'
[1.089s] INFO:colcon.colcon_core.shell:Creating package descriptor '/root/ros2_ws/src/install/teleop_rviz_plugin/share/teleop_rviz_plugin/package.dsv'
[1.090s] INFO:colcon.colcon_core.shell:Creating package script '/root/ros2_ws/src/install/teleop_rviz_plugin/share/teleop_rviz_plugin/package.sh'
[1.090s] INFO:colcon.colcon_core.shell:Creating package script '/root/ros2_ws/src/install/teleop_rviz_plugin/share/teleop_rviz_plugin/package.bash'
[1.090s] INFO:colcon.colcon_core.shell:Creating package script '/root/ros2_ws/src/install/teleop_rviz_plugin/share/teleop_rviz_plugin/package.zsh'
[1.090s] Level 1:colcon.colcon_core.environment:create_file_with_runtime_dependencies(/root/ros2_ws/src/install/teleop_rviz_plugin/share/colcon-core/packages/teleop_rviz_plugin)
[1.091s] Level 1:colcon.colcon_core.environment:create_environment_scripts_only(goalpoint_rviz_plugin)
[1.091s] Level 1:colcon.colcon_core.environment:checking '/root/ros2_ws/src/install/goalpoint_rviz_plugin' for CMake module files
[1.092s] Level 1:colcon.colcon_core.environment:checking '/root/ros2_ws/src/install/goalpoint_rviz_plugin' for CMake config files
[1.092s] DEBUG:colcon.colcon_core.event_handler.log_command:Invoked command in '/root/ros2_ws/src/build/goalpoint_rviz_plugin' returned '0': CMAKE_PREFIX_PATH=/opt/ros/humble /usr/bin/cmake --install /root/ros2_ws/src/build/goalpoint_rviz_plugin
[1.092s] Level 1:colcon.colcon_core.shell:create_environment_hook('goalpoint_rviz_plugin', 'cmake_prefix_path')
[1.092s] INFO:colcon.colcon_core.shell:Creating environment hook '/root/ros2_ws/src/install/goalpoint_rviz_plugin/share/goalpoint_rviz_plugin/hook/cmake_prefix_path.ps1'
[1.092s] INFO:colcon.colcon_core.shell:Creating environment descriptor '/root/ros2_ws/src/install/goalpoint_rviz_plugin/share/goalpoint_rviz_plugin/hook/cmake_prefix_path.dsv'
[1.093s] INFO:colcon.colcon_core.shell:Creating environment hook '/root/ros2_ws/src/install/goalpoint_rviz_plugin/share/goalpoint_rviz_plugin/hook/cmake_prefix_path.sh'
[1.093s] Level 1:colcon.colcon_core.environment:checking '/root/ros2_ws/src/install/goalpoint_rviz_plugin/lib'
[1.093s] Level 1:colcon.colcon_core.environment:checking '/root/ros2_ws/src/install/goalpoint_rviz_plugin/bin'
[1.093s] Level 1:colcon.colcon_core.environment:checking '/root/ros2_ws/src/install/goalpoint_rviz_plugin/lib/pkgconfig/goalpoint_rviz_plugin.pc'
[1.093s] Level 1:colcon.colcon_core.environment:checking '/root/ros2_ws/src/install/goalpoint_rviz_plugin/lib/python3.10/site-packages'
[1.093s] Level 1:colcon.colcon_core.environment:checking '/root/ros2_ws/src/install/goalpoint_rviz_plugin/bin'
[1.093s] INFO:colcon.colcon_core.shell:Creating package script '/root/ros2_ws/src/install/goalpoint_rviz_plugin/share/goalpoint_rviz_plugin/package.ps1'
[1.094s] INFO:colcon.colcon_core.shell:Creating package descriptor '/root/ros2_ws/src/install/goalpoint_rviz_plugin/share/goalpoint_rviz_plugin/package.dsv'
[1.094s] INFO:colcon.colcon_core.shell:Creating package script '/root/ros2_ws/src/install/goalpoint_rviz_plugin/share/goalpoint_rviz_plugin/package.sh'
[1.095s] INFO:colcon.colcon_core.shell:Creating package script '/root/ros2_ws/src/install/goalpoint_rviz_plugin/share/goalpoint_rviz_plugin/package.bash'
[1.095s] INFO:colcon.colcon_core.shell:Creating package script '/root/ros2_ws/src/install/goalpoint_rviz_plugin/share/goalpoint_rviz_plugin/package.zsh'
[1.095s] Level 1:colcon.colcon_core.environment:create_file_with_runtime_dependencies(/root/ros2_ws/src/install/goalpoint_rviz_plugin/share/colcon-core/packages/goalpoint_rviz_plugin)
[1.095s] Level 1:colcon.colcon_core.environment:create_environment_scripts_only(goalpoint_rviz_plugin)
[1.095s] Level 1:colcon.colcon_core.environment:checking '/root/ros2_ws/src/install/goalpoint_rviz_plugin' for CMake module files
[1.096s] Level 1:colcon.colcon_core.environment:checking '/root/ros2_ws/src/install/goalpoint_rviz_plugin' for CMake config files
[1.096s] Level 1:colcon.colcon_core.shell:create_environment_hook('goalpoint_rviz_plugin', 'cmake_prefix_path')
[1.096s] INFO:colcon.colcon_core.shell:Creating environment hook '/root/ros2_ws/src/install/goalpoint_rviz_plugin/share/goalpoint_rviz_plugin/hook/cmake_prefix_path.ps1'
[1.096s] INFO:colcon.colcon_core.shell:Creating environment descriptor '/root/ros2_ws/src/install/goalpoint_rviz_plugin/share/goalpoint_rviz_plugin/hook/cmake_prefix_path.dsv'
[1.096s] INFO:colcon.colcon_core.shell:Creating environment hook '/root/ros2_ws/src/install/goalpoint_rviz_plugin/share/goalpoint_rviz_plugin/hook/cmake_prefix_path.sh'
[1.097s] Level 1:colcon.colcon_core.environment:checking '/root/ros2_ws/src/install/goalpoint_rviz_plugin/lib'
[1.097s] Level 1:colcon.colcon_core.environment:checking '/root/ros2_ws/src/install/goalpoint_rviz_plugin/bin'
[1.097s] Level 1:colcon.colcon_core.environment:checking '/root/ros2_ws/src/install/goalpoint_rviz_plugin/lib/pkgconfig/goalpoint_rviz_plugin.pc'
[1.097s] Level 1:colcon.colcon_core.environment:checking '/root/ros2_ws/src/install/goalpoint_rviz_plugin/lib/python3.10/site-packages'
[1.097s] Level 1:colcon.colcon_core.environment:checking '/root/ros2_ws/src/install/goalpoint_rviz_plugin/bin'
[1.097s] INFO:colcon.colcon_core.shell:Creating package script '/root/ros2_ws/src/install/goalpoint_rviz_plugin/share/goalpoint_rviz_plugin/package.ps1'
[1.098s] INFO:colcon.colcon_core.shell:Creating package descriptor '/root/ros2_ws/src/install/goalpoint_rviz_plugin/share/goalpoint_rviz_plugin/package.dsv'
[1.098s] INFO:colcon.colcon_core.shell:Creating package script '/root/ros2_ws/src/install/goalpoint_rviz_plugin/share/goalpoint_rviz_plugin/package.sh'
[1.098s] INFO:colcon.colcon_core.shell:Creating package script '/root/ros2_ws/src/install/goalpoint_rviz_plugin/share/goalpoint_rviz_plugin/package.bash'
[1.098s] INFO:colcon.colcon_core.shell:Creating package script '/root/ros2_ws/src/install/goalpoint_rviz_plugin/share/goalpoint_rviz_plugin/package.zsh'
[1.099s] Level 1:colcon.colcon_core.environment:create_file_with_runtime_dependencies(/root/ros2_ws/src/install/goalpoint_rviz_plugin/share/colcon-core/packages/goalpoint_rviz_plugin)
[1.099s] Level 1:colcon.colcon_core.environment:create_environment_scripts_only(go2_h264_repub)
[1.099s] Level 1:colcon.colcon_core.environment:checking '/root/ros2_ws/src/install/go2_h264_repub' for CMake module files
[1.099s] DEBUG:colcon.colcon_core.event_handler.log_command:Invoked command in '/root/ros2_ws/src/build/go2_h264_repub' returned '0': CMAKE_PREFIX_PATH=/opt/ros/humble /usr/bin/cmake --install /root/ros2_ws/src/build/go2_h264_repub
[1.100s] Level 1:colcon.colcon_core.environment:checking '/root/ros2_ws/src/install/go2_h264_repub' for CMake config files
[1.100s] Level 1:colcon.colcon_core.shell:create_environment_hook('go2_h264_repub', 'cmake_prefix_path')
[1.100s] INFO:colcon.colcon_core.shell:Creating environment hook '/root/ros2_ws/src/install/go2_h264_repub/share/go2_h264_repub/hook/cmake_prefix_path.ps1'
[1.101s] INFO:colcon.colcon_core.shell:Creating environment descriptor '/root/ros2_ws/src/install/go2_h264_repub/share/go2_h264_repub/hook/cmake_prefix_path.dsv'
[1.101s] INFO:colcon.colcon_core.shell:Creating environment hook '/root/ros2_ws/src/install/go2_h264_repub/share/go2_h264_repub/hook/cmake_prefix_path.sh'
[1.101s] Level 1:colcon.colcon_core.environment:checking '/root/ros2_ws/src/install/go2_h264_repub/lib'
[1.101s] Level 1:colcon.colcon_core.environment:checking '/root/ros2_ws/src/install/go2_h264_repub/bin'
[1.101s] Level 1:colcon.colcon_core.environment:checking '/root/ros2_ws/src/install/go2_h264_repub/lib/pkgconfig/go2_h264_repub.pc'
[1.101s] Level 1:colcon.colcon_core.environment:checking '/root/ros2_ws/src/install/go2_h264_repub/lib/python3.10/site-packages'
[1.102s] Level 1:colcon.colcon_core.environment:checking '/root/ros2_ws/src/install/go2_h264_repub/bin'
[1.102s] INFO:colcon.colcon_core.shell:Creating package script '/root/ros2_ws/src/install/go2_h264_repub/share/go2_h264_repub/package.ps1'
[1.102s] INFO:colcon.colcon_core.shell:Creating package descriptor '/root/ros2_ws/src/install/go2_h264_repub/share/go2_h264_repub/package.dsv'
[1.102s] INFO:colcon.colcon_core.shell:Creating package script '/root/ros2_ws/src/install/go2_h264_repub/share/go2_h264_repub/package.sh'
[1.102s] INFO:colcon.colcon_core.shell:Creating package script '/root/ros2_ws/src/install/go2_h264_repub/share/go2_h264_repub/package.bash'
[1.103s] INFO:colcon.colcon_core.shell:Creating package script '/root/ros2_ws/src/install/go2_h264_repub/share/go2_h264_repub/package.zsh'
[1.103s] Level 1:colcon.colcon_core.environment:create_file_with_runtime_dependencies(/root/ros2_ws/src/install/go2_h264_repub/share/colcon-core/packages/go2_h264_repub)
[1.103s] Level 1:colcon.colcon_core.environment:create_environment_scripts_only(go2_h264_repub)
[1.103s] Level 1:colcon.colcon_core.environment:checking '/root/ros2_ws/src/install/go2_h264_repub' for CMake module files
[1.103s] Level 1:colcon.colcon_core.environment:checking '/root/ros2_ws/src/install/go2_h264_repub' for CMake config files
[1.104s] Level 1:colcon.colcon_core.shell:create_environment_hook('go2_h264_repub', 'cmake_prefix_path')
[1.104s] INFO:colcon.colcon_core.shell:Creating environment hook '/root/ros2_ws/src/install/go2_h264_repub/share/go2_h264_repub/hook/cmake_prefix_path.ps1'
[1.104s] INFO:colcon.colcon_core.shell:Creating environment descriptor '/root/ros2_ws/src/install/go2_h264_repub/share/go2_h264_repub/hook/cmake_prefix_path.dsv'
[1.104s] INFO:colcon.colcon_core.shell:Creating environment hook '/root/ros2_ws/src/install/go2_h264_repub/share/go2_h264_repub/hook/cmake_prefix_path.sh'
[1.104s] Level 1:colcon.colcon_core.environment:checking '/root/ros2_ws/src/install/go2_h264_repub/lib'
[1.105s] Level 1:colcon.colcon_core.environment:checking '/root/ros2_ws/src/install/go2_h264_repub/bin'
[1.105s] Level 1:colcon.colcon_core.environment:checking '/root/ros2_ws/src/install/go2_h264_repub/lib/pkgconfig/go2_h264_repub.pc'
[1.105s] Level 1:colcon.colcon_core.environment:checking '/root/ros2_ws/src/install/go2_h264_repub/lib/python3.10/site-packages'
[1.105s] Level 1:colcon.colcon_core.environment:checking '/root/ros2_ws/src/install/go2_h264_repub/bin'
[1.105s] INFO:colcon.colcon_core.shell:Creating package script '/root/ros2_ws/src/install/go2_h264_repub/share/go2_h264_repub/package.ps1'
[1.105s] INFO:colcon.colcon_core.shell:Creating package descriptor '/root/ros2_ws/src/install/go2_h264_repub/share/go2_h264_repub/package.dsv'
[1.106s] INFO:colcon.colcon_core.shell:Creating package script '/root/ros2_ws/src/install/go2_h264_repub/share/go2_h264_repub/package.sh'
[1.106s] INFO:colcon.colcon_core.shell:Creating package script '/root/ros2_ws/src/install/go2_h264_repub/share/go2_h264_repub/package.bash'
[1.106s] INFO:colcon.colcon_core.shell:Creating package script '/root/ros2_ws/src/install/go2_h264_repub/share/go2_h264_repub/package.zsh'
[1.106s] Level 1:colcon.colcon_core.environment:create_file_with_runtime_dependencies(/root/ros2_ws/src/install/go2_h264_repub/share/colcon-core/packages/go2_h264_repub)
[1.108s] Level 1:colcon.colcon_core.environment:create_environment_scripts_only(unitree_api)
[1.109s] Level 1:colcon.colcon_core.environment:checking '/root/ros2_ws/src/install/unitree_api' for CMake module files
[1.109s] DEBUG:colcon.colcon_core.event_handler.log_command:Invoked command in '/root/ros2_ws/src/build/unitree_api' returned '0': CMAKE_PREFIX_PATH=/opt/ros/humble /usr/bin/cmake --install /root/ros2_ws/src/build/unitree_api
[1.112s] Level 1:colcon.colcon_core.environment:checking '/root/ros2_ws/src/install/unitree_api' for CMake config files
[1.115s] Level 1:colcon.colcon_core.shell:create_environment_hook('unitree_api', 'cmake_prefix_path')
[1.115s] INFO:colcon.colcon_core.shell:Creating environment hook '/root/ros2_ws/src/install/unitree_api/share/unitree_api/hook/cmake_prefix_path.ps1'
[1.115s] INFO:colcon.colcon_core.shell:Creating environment descriptor '/root/ros2_ws/src/install/unitree_api/share/unitree_api/hook/cmake_prefix_path.dsv'
[1.115s] INFO:colcon.colcon_core.shell:Creating environment hook '/root/ros2_ws/src/install/unitree_api/share/unitree_api/hook/cmake_prefix_path.sh'
[1.116s] Level 1:colcon.colcon_core.environment:checking '/root/ros2_ws/src/install/unitree_api/lib'
[1.116s] Level 1:colcon.colcon_core.shell:create_environment_hook('unitree_api', 'ld_library_path_lib')
[1.116s] INFO:colcon.colcon_core.shell:Creating environment hook '/root/ros2_ws/src/install/unitree_api/share/unitree_api/hook/ld_library_path_lib.ps1'
[1.116s] INFO:colcon.colcon_core.shell:Creating environment descriptor '/root/ros2_ws/src/install/unitree_api/share/unitree_api/hook/ld_library_path_lib.dsv'
[1.116s] INFO:colcon.colcon_core.shell:Creating environment hook '/root/ros2_ws/src/install/unitree_api/share/unitree_api/hook/ld_library_path_lib.sh'
[1.117s] Level 1:colcon.colcon_core.environment:checking '/root/ros2_ws/src/install/unitree_api/bin'
[1.117s] Level 1:colcon.colcon_core.environment:checking '/root/ros2_ws/src/install/unitree_api/lib/pkgconfig/unitree_api.pc'
[1.117s] Level 1:colcon.colcon_core.environment:checking '/root/ros2_ws/src/install/unitree_api/lib/python3.10/site-packages'
[1.117s] Level 1:colcon.colcon_core.environment:checking '/root/ros2_ws/src/install/unitree_api/bin'
[1.117s] INFO:colcon.colcon_core.shell:Creating package script '/root/ros2_ws/src/install/unitree_api/share/unitree_api/package.ps1'
[1.119s] INFO:colcon.colcon_core.shell:Creating package descriptor '/root/ros2_ws/src/install/unitree_api/share/unitree_api/package.dsv'
[1.119s] INFO:colcon.colcon_core.shell:Creating package script '/root/ros2_ws/src/install/unitree_api/share/unitree_api/package.sh'
[1.119s] INFO:colcon.colcon_core.shell:Creating package script '/root/ros2_ws/src/install/unitree_api/share/unitree_api/package.bash'
[1.120s] INFO:colcon.colcon_core.shell:Creating package script '/root/ros2_ws/src/install/unitree_api/share/unitree_api/package.zsh'
[1.120s] Level 1:colcon.colcon_core.environment:create_file_with_runtime_dependencies(/root/ros2_ws/src/install/unitree_api/share/colcon-core/packages/unitree_api)
[1.120s] Level 1:colcon.colcon_core.environment:create_environment_scripts_only(unitree_api)
[1.120s] Level 1:colcon.colcon_core.environment:checking '/root/ros2_ws/src/install/unitree_api' for CMake module files
[1.121s] Level 1:colcon.colcon_core.environment:checking '/root/ros2_ws/src/install/unitree_api' for CMake config files
[1.121s] Level 1:colcon.colcon_core.shell:create_environment_hook('unitree_api', 'cmake_prefix_path')
[1.121s] INFO:colcon.colcon_core.shell:Creating environment hook '/root/ros2_ws/src/install/unitree_api/share/unitree_api/hook/cmake_prefix_path.ps1'
[1.121s] INFO:colcon.colcon_core.shell:Creating environment descriptor '/root/ros2_ws/src/install/unitree_api/share/unitree_api/hook/cmake_prefix_path.dsv'
[1.121s] INFO:colcon.colcon_core.shell:Creating environment hook '/root/ros2_ws/src/install/unitree_api/share/unitree_api/hook/cmake_prefix_path.sh'
[1.122s] Level 1:colcon.colcon_core.environment:checking '/root/ros2_ws/src/install/unitree_api/lib'
[1.122s] Level 1:colcon.colcon_core.shell:create_environment_hook('unitree_api', 'ld_library_path_lib')
[1.122s] INFO:colcon.colcon_core.shell:Creating environment hook '/root/ros2_ws/src/install/unitree_api/share/unitree_api/hook/ld_library_path_lib.ps1'
[1.122s] INFO:colcon.colcon_core.shell:Creating environment descriptor '/root/ros2_ws/src/install/unitree_api/share/unitree_api/hook/ld_library_path_lib.dsv'
[1.122s] INFO:colcon.colcon_core.shell:Creating environment hook '/root/ros2_ws/src/install/unitree_api/share/unitree_api/hook/ld_library_path_lib.sh'
[1.123s] Level 1:colcon.colcon_core.environment:checking '/root/ros2_ws/src/install/unitree_api/bin'
[1.123s] Level 1:colcon.colcon_core.environment:checking '/root/ros2_ws/src/install/unitree_api/lib/pkgconfig/unitree_api.pc'
[1.123s] Level 1:colcon.colcon_core.environment:checking '/root/ros2_ws/src/install/unitree_api/lib/python3.10/site-packages'
[1.123s] Level 1:colcon.colcon_core.environment:checking '/root/ros2_ws/src/install/unitree_api/bin'
[1.123s] INFO:colcon.colcon_core.shell:Creating package script '/root/ros2_ws/src/install/unitree_api/share/unitree_api/package.ps1'
[1.124s] INFO:colcon.colcon_core.shell:Creating package descriptor '/root/ros2_ws/src/install/unitree_api/share/unitree_api/package.dsv'
[1.124s] INFO:colcon.colcon_core.shell:Creating package script '/root/ros2_ws/src/install/unitree_api/share/unitree_api/package.sh'
[1.124s] INFO:colcon.colcon_core.shell:Creating package script '/root/ros2_ws/src/install/unitree_api/share/unitree_api/package.bash'
[1.124s] INFO:colcon.colcon_core.shell:Creating package script '/root/ros2_ws/src/install/unitree_api/share/unitree_api/package.zsh'
[1.125s] Level 1:colcon.colcon_core.environment:create_file_with_runtime_dependencies(/root/ros2_ws/src/install/unitree_api/share/colcon-core/packages/unitree_api)
[1.125s] Level 1:colcon.colcon_core.environment:create_environment_scripts_only(livox_ros_driver2)
[1.125s] Level 1:colcon.colcon_core.environment:checking '/root/ros2_ws/src/install/livox_ros_driver2' for CMake module files
[1.126s] DEBUG:colcon.colcon_core.event_handler.log_command:Invoked command in '/root/ros2_ws/src/build/livox_ros_driver2' returned '0': CMAKE_PREFIX_PATH=/opt/ros/humble /usr/bin/cmake --install /root/ros2_ws/src/build/livox_ros_driver2
[1.126s] Level 1:colcon.colcon_core.environment:checking '/root/ros2_ws/src/install/livox_ros_driver2' for CMake config files
[1.126s] Level 1:colcon.colcon_core.shell:create_environment_hook('livox_ros_driver2', 'cmake_prefix_path')
[1.126s] INFO:colcon.colcon_core.shell:Creating environment hook '/root/ros2_ws/src/install/livox_ros_driver2/share/livox_ros_driver2/hook/cmake_prefix_path.ps1'
[1.127s] INFO:colcon.colcon_core.shell:Creating environment descriptor '/root/ros2_ws/src/install/livox_ros_driver2/share/livox_ros_driver2/hook/cmake_prefix_path.dsv'
[1.127s] INFO:colcon.colcon_core.shell:Creating environment hook '/root/ros2_ws/src/install/livox_ros_driver2/share/livox_ros_driver2/hook/cmake_prefix_path.sh'
[1.127s] Level 1:colcon.colcon_core.environment:checking '/root/ros2_ws/src/install/livox_ros_driver2/lib'
[1.127s] Level 1:colcon.colcon_core.shell:create_environment_hook('livox_ros_driver2', 'ld_library_path_lib')
[1.127s] INFO:colcon.colcon_core.shell:Creating environment hook '/root/ros2_ws/src/install/livox_ros_driver2/share/livox_ros_driver2/hook/ld_library_path_lib.ps1'
[1.128s] INFO:colcon.colcon_core.shell:Creating environment descriptor '/root/ros2_ws/src/install/livox_ros_driver2/share/livox_ros_driver2/hook/ld_library_path_lib.dsv'
[1.128s] INFO:colcon.colcon_core.shell:Creating environment hook '/root/ros2_ws/src/install/livox_ros_driver2/share/livox_ros_driver2/hook/ld_library_path_lib.sh'
[1.128s] Level 1:colcon.colcon_core.environment:checking '/root/ros2_ws/src/install/livox_ros_driver2/bin'
[1.128s] Level 1:colcon.colcon_core.environment:checking '/root/ros2_ws/src/install/livox_ros_driver2/lib/pkgconfig/livox_ros_driver2.pc'
[1.128s] Level 1:colcon.colcon_core.environment:checking '/root/ros2_ws/src/install/livox_ros_driver2/lib/python3.10/site-packages'
[1.128s] Level 1:colcon.colcon_core.environment:checking '/root/ros2_ws/src/install/livox_ros_driver2/bin'
[1.129s] INFO:colcon.colcon_core.shell:Creating package script '/root/ros2_ws/src/install/livox_ros_driver2/share/livox_ros_driver2/package.ps1'
[1.129s] INFO:colcon.colcon_core.shell:Creating package descriptor '/root/ros2_ws/src/install/livox_ros_driver2/share/livox_ros_driver2/package.dsv'
[1.129s] INFO:colcon.colcon_core.shell:Creating package script '/root/ros2_ws/src/install/livox_ros_driver2/share/livox_ros_driver2/package.sh'
[1.129s] INFO:colcon.colcon_core.shell:Creating package script '/root/ros2_ws/src/install/livox_ros_driver2/share/livox_ros_driver2/package.bash'
[1.130s] INFO:colcon.colcon_core.shell:Creating package script '/root/ros2_ws/src/install/livox_ros_driver2/share/livox_ros_driver2/package.zsh'
[1.130s] Level 1:colcon.colcon_core.environment:create_file_with_runtime_dependencies(/root/ros2_ws/src/install/livox_ros_driver2/share/colcon-core/packages/livox_ros_driver2)
[1.130s] Level 1:colcon.colcon_core.environment:create_environment_scripts_only(livox_ros_driver2)
[1.130s] Level 1:colcon.colcon_core.environment:checking '/root/ros2_ws/src/install/livox_ros_driver2' for CMake module files
[1.130s] Level 1:colcon.colcon_core.environment:checking '/root/ros2_ws/src/install/livox_ros_driver2' for CMake config files
[1.131s] Level 1:colcon.colcon_core.shell:create_environment_hook('livox_ros_driver2', 'cmake_prefix_path')
[1.131s] INFO:colcon.colcon_core.shell:Creating environment hook '/root/ros2_ws/src/install/livox_ros_driver2/share/livox_ros_driver2/hook/cmake_prefix_path.ps1'
[1.131s] INFO:colcon.colcon_core.shell:Creating environment descriptor '/root/ros2_ws/src/install/livox_ros_driver2/share/livox_ros_driver2/hook/cmake_prefix_path.dsv'
[1.131s] INFO:colcon.colcon_core.shell:Creating environment hook '/root/ros2_ws/src/install/livox_ros_driver2/share/livox_ros_driver2/hook/cmake_prefix_path.sh'
[1.132s] Level 1:colcon.colcon_core.environment:checking '/root/ros2_ws/src/install/livox_ros_driver2/lib'
[1.132s] Level 1:colcon.colcon_core.shell:create_environment_hook('livox_ros_driver2', 'ld_library_path_lib')
[1.132s] INFO:colcon.colcon_core.shell:Creating environment hook '/root/ros2_ws/src/install/livox_ros_driver2/share/livox_ros_driver2/hook/ld_library_path_lib.ps1'
[1.132s] INFO:colcon.colcon_core.shell:Creating environment descriptor '/root/ros2_ws/src/install/livox_ros_driver2/share/livox_ros_driver2/hook/ld_library_path_lib.dsv'
[1.132s] INFO:colcon.colcon_core.shell:Creating environment hook '/root/ros2_ws/src/install/livox_ros_driver2/share/livox_ros_driver2/hook/ld_library_path_lib.sh'
[1.132s] Level 1:colcon.colcon_core.environment:checking '/root/ros2_ws/src/install/livox_ros_driver2/bin'
[1.132s] Level 1:colcon.colcon_core.environment:checking '/root/ros2_ws/src/install/livox_ros_driver2/lib/pkgconfig/livox_ros_driver2.pc'
[1.133s] Level 1:colcon.colcon_core.environment:checking '/root/ros2_ws/src/install/livox_ros_driver2/lib/python3.10/site-packages'
[1.133s] Level 1:colcon.colcon_core.environment:checking '/root/ros2_ws/src/install/livox_ros_driver2/bin'
[1.133s] INFO:colcon.colcon_core.shell:Creating package script '/root/ros2_ws/src/install/livox_ros_driver2/share/livox_ros_driver2/package.ps1'
[1.133s] INFO:colcon.colcon_core.shell:Creating package descriptor '/root/ros2_ws/src/install/livox_ros_driver2/share/livox_ros_driver2/package.dsv'
[1.134s] INFO:colcon.colcon_core.shell:Creating package script '/root/ros2_ws/src/install/livox_ros_driver2/share/livox_ros_driver2/package.sh'
[1.134s] INFO:colcon.colcon_core.shell:Creating package script '/root/ros2_ws/src/install/livox_ros_driver2/share/livox_ros_driver2/package.bash'
[1.135s] INFO:colcon.colcon_core.shell:Creating package script '/root/ros2_ws/src/install/livox_ros_driver2/share/livox_ros_driver2/package.zsh'
[1.135s] Level 1:colcon.colcon_core.environment:create_file_with_runtime_dependencies(/root/ros2_ws/src/install/livox_ros_driver2/share/colcon-core/packages/livox_ros_driver2)
[1.135s] Level 1:colcon.colcon_core.environment:create_environment_scripts_only(visibility_graph_msg)
[1.135s] Level 1:colcon.colcon_core.environment:checking '/root/ros2_ws/src/install/visibility_graph_msg' for CMake module files
[1.136s] DEBUG:colcon.colcon_core.event_handler.log_command:Invoked command in '/root/ros2_ws/src/build/visibility_graph_msg' returned '0': CMAKE_PREFIX_PATH=/opt/ros/humble /usr/bin/cmake --install /root/ros2_ws/src/build/visibility_graph_msg
[1.136s] Level 1:colcon.colcon_core.environment:checking '/root/ros2_ws/src/install/visibility_graph_msg' for CMake config files
[1.137s] Level 1:colcon.colcon_core.shell:create_environment_hook('visibility_graph_msg', 'cmake_prefix_path')
[1.137s] INFO:colcon.colcon_core.shell:Creating environment hook '/root/ros2_ws/src/install/visibility_graph_msg/share/visibility_graph_msg/hook/cmake_prefix_path.ps1'
[1.137s] INFO:colcon.colcon_core.shell:Creating environment descriptor '/root/ros2_ws/src/install/visibility_graph_msg/share/visibility_graph_msg/hook/cmake_prefix_path.dsv'
[1.138s] INFO:colcon.colcon_core.shell:Creating environment hook '/root/ros2_ws/src/install/visibility_graph_msg/share/visibility_graph_msg/hook/cmake_prefix_path.sh'
[1.138s] Level 1:colcon.colcon_core.environment:checking '/root/ros2_ws/src/install/visibility_graph_msg/lib'
[1.138s] Level 1:colcon.colcon_core.shell:create_environment_hook('visibility_graph_msg', 'ld_library_path_lib')
[1.138s] INFO:colcon.colcon_core.shell:Creating environment hook '/root/ros2_ws/src/install/visibility_graph_msg/share/visibility_graph_msg/hook/ld_library_path_lib.ps1'
[1.138s] INFO:colcon.colcon_core.shell:Creating environment descriptor '/root/ros2_ws/src/install/visibility_graph_msg/share/visibility_graph_msg/hook/ld_library_path_lib.dsv'
[1.139s] INFO:colcon.colcon_core.shell:Creating environment hook '/root/ros2_ws/src/install/visibility_graph_msg/share/visibility_graph_msg/hook/ld_library_path_lib.sh'
[1.139s] Level 1:colcon.colcon_core.environment:checking '/root/ros2_ws/src/install/visibility_graph_msg/bin'
[1.139s] Level 1:colcon.colcon_core.environment:checking '/root/ros2_ws/src/install/visibility_graph_msg/lib/pkgconfig/visibility_graph_msg.pc'
[1.139s] Level 1:colcon.colcon_core.environment:checking '/root/ros2_ws/src/install/visibility_graph_msg/lib/python3.10/site-packages'
[1.139s] Level 1:colcon.colcon_core.environment:checking '/root/ros2_ws/src/install/visibility_graph_msg/bin'
[1.139s] INFO:colcon.colcon_core.shell:Creating package script '/root/ros2_ws/src/install/visibility_graph_msg/share/visibility_graph_msg/package.ps1'
[1.140s] INFO:colcon.colcon_core.shell:Creating package descriptor '/root/ros2_ws/src/install/visibility_graph_msg/share/visibility_graph_msg/package.dsv'
[1.140s] INFO:colcon.colcon_core.shell:Creating package script '/root/ros2_ws/src/install/visibility_graph_msg/share/visibility_graph_msg/package.sh'
[1.140s] INFO:colcon.colcon_core.shell:Creating package script '/root/ros2_ws/src/install/visibility_graph_msg/share/visibility_graph_msg/package.bash'
[1.140s] INFO:colcon.colcon_core.shell:Creating package script '/root/ros2_ws/src/install/visibility_graph_msg/share/visibility_graph_msg/package.zsh'
[1.141s] Level 1:colcon.colcon_core.environment:create_file_with_runtime_dependencies(/root/ros2_ws/src/install/visibility_graph_msg/share/colcon-core/packages/visibility_graph_msg)
[1.141s] Level 1:colcon.colcon_core.environment:create_environment_scripts_only(visibility_graph_msg)
[1.142s] Level 1:colcon.colcon_core.environment:checking '/root/ros2_ws/src/install/visibility_graph_msg' for CMake module files
[1.142s] Level 1:colcon.colcon_core.environment:checking '/root/ros2_ws/src/install/visibility_graph_msg' for CMake config files
[1.142s] Level 1:colcon.colcon_core.shell:create_environment_hook('visibility_graph_msg', 'cmake_prefix_path')
[1.142s] INFO:colcon.colcon_core.shell:Creating environment hook '/root/ros2_ws/src/install/visibility_graph_msg/share/visibility_graph_msg/hook/cmake_prefix_path.ps1'
[1.143s] INFO:colcon.colcon_core.shell:Creating environment descriptor '/root/ros2_ws/src/install/visibility_graph_msg/share/visibility_graph_msg/hook/cmake_prefix_path.dsv'
[1.143s] INFO:colcon.colcon_core.shell:Creating environment hook '/root/ros2_ws/src/install/visibility_graph_msg/share/visibility_graph_msg/hook/cmake_prefix_path.sh'
[1.143s] Level 1:colcon.colcon_core.environment:checking '/root/ros2_ws/src/install/visibility_graph_msg/lib'
[1.143s] Level 1:colcon.colcon_core.shell:create_environment_hook('visibility_graph_msg', 'ld_library_path_lib')
[1.143s] INFO:colcon.colcon_core.shell:Creating environment hook '/root/ros2_ws/src/install/visibility_graph_msg/share/visibility_graph_msg/hook/ld_library_path_lib.ps1'
[1.144s] INFO:colcon.colcon_core.shell:Creating environment descriptor '/root/ros2_ws/src/install/visibility_graph_msg/share/visibility_graph_msg/hook/ld_library_path_lib.dsv'
[1.144s] INFO:colcon.colcon_core.shell:Creating environment hook '/root/ros2_ws/src/install/visibility_graph_msg/share/visibility_graph_msg/hook/ld_library_path_lib.sh'
[1.144s] Level 1:colcon.colcon_core.environment:checking '/root/ros2_ws/src/install/visibility_graph_msg/bin'
[1.144s] Level 1:colcon.colcon_core.environment:checking '/root/ros2_ws/src/install/visibility_graph_msg/lib/pkgconfig/visibility_graph_msg.pc'
[1.144s] Level 1:colcon.colcon_core.environment:checking '/root/ros2_ws/src/install/visibility_graph_msg/lib/python3.10/site-packages'
[1.148s] Level 1:colcon.colcon_core.environment:checking '/root/ros2_ws/src/install/visibility_graph_msg/bin'
[1.149s] INFO:colcon.colcon_core.shell:Creating package script '/root/ros2_ws/src/install/visibility_graph_msg/share/visibility_graph_msg/package.ps1'
[1.149s] INFO:colcon.colcon_core.shell:Creating package descriptor '/root/ros2_ws/src/install/visibility_graph_msg/share/visibility_graph_msg/package.dsv'
[1.149s] INFO:colcon.colcon_core.shell:Creating package script '/root/ros2_ws/src/install/visibility_graph_msg/share/visibility_graph_msg/package.sh'
[1.150s] INFO:colcon.colcon_core.shell:Creating package script '/root/ros2_ws/src/install/visibility_graph_msg/share/visibility_graph_msg/package.bash'
[1.150s] INFO:colcon.colcon_core.shell:Creating package script '/root/ros2_ws/src/install/visibility_graph_msg/share/visibility_graph_msg/package.zsh'
[1.150s] Level 1:colcon.colcon_core.environment:create_file_with_runtime_dependencies(/root/ros2_ws/src/install/visibility_graph_msg/share/colcon-core/packages/visibility_graph_msg)
[1.155s] DEBUG:colcon.colcon_core.event_handler.log_command:Invoked command in '/root/ros2_ws/src/build/waypoint_rviz_plugin' returned '0': CMAKE_PREFIX_PATH=/opt/ros/humble /usr/bin/cmake --build /root/ros2_ws/src/build/waypoint_rviz_plugin -- -j24 -l24
[1.156s] DEBUG:colcon.colcon_core.event_handler.log_command:Invoking command in '/root/ros2_ws/src/build/waypoint_rviz_plugin': CMAKE_PREFIX_PATH=/opt/ros/humble /usr/bin/cmake --install /root/ros2_ws/src/build/waypoint_rviz_plugin
[1.156s] DEBUG:colcon.colcon_core.event_handler.log_command:Invoked command in '/root/ros2_ws/src/build/super_odometry_msgs' returned '0': CMAKE_PREFIX_PATH=/opt/ros/humble /usr/bin/cmake --build /root/ros2_ws/src/build/super_odometry_msgs -- -j24 -l24
[1.157s] DEBUG:colcon.colcon_core.event_handler.log_command:Invoking command in '/root/ros2_ws/src/build/super_odometry_msgs': CMAKE_PREFIX_PATH=/opt/ros/humble /usr/bin/cmake --install /root/ros2_ws/src/build/super_odometry_msgs
[1.159s] DEBUG:colcon.colcon_core.event_handler.log_command:Invoked command in '/root/ros2_ws/src/build/rviz_2d_overlay_msgs' returned '0': CMAKE_PREFIX_PATH=/opt/ros/humble /usr/bin/cmake --build /root/ros2_ws/src/build/rviz_2d_overlay_msgs -- -j24 -l24
[1.161s] DEBUG:colcon.colcon_core.event_handler.log_command:Invoking command in '/root/ros2_ws/src/build/rviz_2d_overlay_msgs': CMAKE_PREFIX_PATH=/opt/ros/humble /usr/bin/cmake --install /root/ros2_ws/src/build/rviz_2d_overlay_msgs
[1.162s] INFO:colcon.colcon_ros.task.ament_cmake.build:Building ROS package in '/root/ros2_ws/src/route_planner/boundary_handler' with build type 'ament_cmake'
[1.162s] INFO:colcon.colcon_cmake.task.cmake.build:Building CMake package in '/root/ros2_ws/src/route_planner/boundary_handler'
[1.162s] INFO:colcon.colcon_core.shell:Skip shell extension 'powershell' for command environment: Not usable outside of PowerShell
[1.162s] DEBUG:colcon.colcon_core.shell:Skip shell extension 'dsv' for command environment
[1.165s] INFO:colcon.colcon_ros.task.ament_cmake.build:Building ROS package in '/root/ros2_ws/src/route_planner/far_planner' with build type 'ament_cmake'
[1.165s] INFO:colcon.colcon_cmake.task.cmake.build:Building CMake package in '/root/ros2_ws/src/route_planner/far_planner'
[1.165s] INFO:colcon.colcon_core.shell:Skip shell extension 'powershell' for command environment: Not usable outside of PowerShell
[1.165s] DEBUG:colcon.colcon_core.shell:Skip shell extension 'dsv' for command environment
[1.168s] INFO:colcon.colcon_ros.task.ament_cmake.build:Building ROS package in '/root/ros2_ws/src/route_planner/graph_decoder' with build type 'ament_cmake'
[1.168s] INFO:colcon.colcon_cmake.task.cmake.build:Building CMake package in '/root/ros2_ws/src/route_planner/graph_decoder'
[1.168s] INFO:colcon.colcon_core.shell:Skip shell extension 'powershell' for command environment: Not usable outside of PowerShell
[1.168s] DEBUG:colcon.colcon_core.shell:Skip shell extension 'dsv' for command environment
[1.171s] Level 1:colcon.colcon_core.environment:create_environment_scripts_only(unitree_go)
[1.171s] Level 1:colcon.colcon_core.environment:checking '/root/ros2_ws/src/install/unitree_go' for CMake module files
[1.173s] Level 1:colcon.colcon_core.environment:checking '/root/ros2_ws/src/install/unitree_go' for CMake config files
[1.174s] DEBUG:colcon.colcon_core.event_handler.log_command:Invoked command in '/root/ros2_ws/src/build/unitree_go' returned '0': CMAKE_PREFIX_PATH=/opt/ros/humble /usr/bin/cmake --install /root/ros2_ws/src/build/unitree_go
[1.175s] Level 1:colcon.colcon_core.shell:create_environment_hook('unitree_go', 'cmake_prefix_path')
[1.175s] INFO:colcon.colcon_core.shell:Creating environment hook '/root/ros2_ws/src/install/unitree_go/share/unitree_go/hook/cmake_prefix_path.ps1'
[1.176s] INFO:colcon.colcon_core.shell:Creating environment descriptor '/root/ros2_ws/src/install/unitree_go/share/unitree_go/hook/cmake_prefix_path.dsv'
[1.176s] INFO:colcon.colcon_core.shell:Creating environment hook '/root/ros2_ws/src/install/unitree_go/share/unitree_go/hook/cmake_prefix_path.sh'
[1.177s] Level 1:colcon.colcon_core.environment:checking '/root/ros2_ws/src/install/unitree_go/lib'
[1.177s] Level 1:colcon.colcon_core.shell:create_environment_hook('unitree_go', 'ld_library_path_lib')
[1.177s] INFO:colcon.colcon_core.shell:Creating environment hook '/root/ros2_ws/src/install/unitree_go/share/unitree_go/hook/ld_library_path_lib.ps1'
[1.177s] INFO:colcon.colcon_core.shell:Creating environment descriptor '/root/ros2_ws/src/install/unitree_go/share/unitree_go/hook/ld_library_path_lib.dsv'
[1.177s] INFO:colcon.colcon_core.shell:Creating environment hook '/root/ros2_ws/src/install/unitree_go/share/unitree_go/hook/ld_library_path_lib.sh'
[1.178s] Level 1:colcon.colcon_core.environment:checking '/root/ros2_ws/src/install/unitree_go/bin'
[1.178s] Level 1:colcon.colcon_core.environment:checking '/root/ros2_ws/src/install/unitree_go/lib/pkgconfig/unitree_go.pc'
[1.178s] Level 1:colcon.colcon_core.environment:checking '/root/ros2_ws/src/install/unitree_go/lib/python3.10/site-packages'
[1.178s] Level 1:colcon.colcon_core.environment:checking '/root/ros2_ws/src/install/unitree_go/bin'
[1.178s] INFO:colcon.colcon_core.shell:Creating package script '/root/ros2_ws/src/install/unitree_go/share/unitree_go/package.ps1'
[1.179s] INFO:colcon.colcon_core.shell:Creating package descriptor '/root/ros2_ws/src/install/unitree_go/share/unitree_go/package.dsv'
[1.179s] INFO:colcon.colcon_core.shell:Creating package script '/root/ros2_ws/src/install/unitree_go/share/unitree_go/package.sh'
[1.180s] INFO:colcon.colcon_core.shell:Creating package script '/root/ros2_ws/src/install/unitree_go/share/unitree_go/package.bash'
[1.180s] INFO:colcon.colcon_core.shell:Creating package script '/root/ros2_ws/src/install/unitree_go/share/unitree_go/package.zsh'
[1.180s] Level 1:colcon.colcon_core.environment:create_file_with_runtime_dependencies(/root/ros2_ws/src/install/unitree_go/share/colcon-core/packages/unitree_go)
[1.180s] Level 1:colcon.colcon_core.environment:create_environment_scripts_only(unitree_go)
[1.181s] Level 1:colcon.colcon_core.environment:checking '/root/ros2_ws/src/install/unitree_go' for CMake module files
[1.181s] Level 1:colcon.colcon_core.environment:checking '/root/ros2_ws/src/install/unitree_go' for CMake config files
[1.181s] Level 1:colcon.colcon_core.shell:create_environment_hook('unitree_go', 'cmake_prefix_path')
[1.181s] INFO:colcon.colcon_core.shell:Creating environment hook '/root/ros2_ws/src/install/unitree_go/share/unitree_go/hook/cmake_prefix_path.ps1'
[1.182s] INFO:colcon.colcon_core.shell:Creating environment descriptor '/root/ros2_ws/src/install/unitree_go/share/unitree_go/hook/cmake_prefix_path.dsv'
[1.182s] INFO:colcon.colcon_core.shell:Creating environment hook '/root/ros2_ws/src/install/unitree_go/share/unitree_go/hook/cmake_prefix_path.sh'
[1.182s] Level 1:colcon.colcon_core.environment:checking '/root/ros2_ws/src/install/unitree_go/lib'
[1.182s] Level 1:colcon.colcon_core.shell:create_environment_hook('unitree_go', 'ld_library_path_lib')
[1.183s] INFO:colcon.colcon_core.shell:Creating environment hook '/root/ros2_ws/src/install/unitree_go/share/unitree_go/hook/ld_library_path_lib.ps1'
[1.183s] INFO:colcon.colcon_core.shell:Creating environment descriptor '/root/ros2_ws/src/install/unitree_go/share/unitree_go/hook/ld_library_path_lib.dsv'
[1.183s] INFO:colcon.colcon_core.shell:Creating environment hook '/root/ros2_ws/src/install/unitree_go/share/unitree_go/hook/ld_library_path_lib.sh'
[1.183s] Level 1:colcon.colcon_core.environment:checking '/root/ros2_ws/src/install/unitree_go/bin'
[1.183s] Level 1:colcon.colcon_core.environment:checking '/root/ros2_ws/src/install/unitree_go/lib/pkgconfig/unitree_go.pc'
[1.183s] Level 1:colcon.colcon_core.environment:checking '/root/ros2_ws/src/install/unitree_go/lib/python3.10/site-packages'
[1.184s] Level 1:colcon.colcon_core.environment:checking '/root/ros2_ws/src/install/unitree_go/bin'
[1.184s] INFO:colcon.colcon_core.shell:Creating package script '/root/ros2_ws/src/install/unitree_go/share/unitree_go/package.ps1'
[1.184s] INFO:colcon.colcon_core.shell:Creating package descriptor '/root/ros2_ws/src/install/unitree_go/share/unitree_go/package.dsv'
[1.185s] INFO:colcon.colcon_core.shell:Creating package script '/root/ros2_ws/src/install/unitree_go/share/unitree_go/package.sh'
[1.185s] INFO:colcon.colcon_core.shell:Creating package script '/root/ros2_ws/src/install/unitree_go/share/unitree_go/package.bash'
[1.185s] INFO:colcon.colcon_core.shell:Creating package script '/root/ros2_ws/src/install/unitree_go/share/unitree_go/package.zsh'
[1.186s] Level 1:colcon.colcon_core.environment:create_file_with_runtime_dependencies(/root/ros2_ws/src/install/unitree_go/share/colcon-core/packages/unitree_go)
[1.186s] Level 1:colcon.colcon_core.environment:create_environment_scripts_only(waypoint_example)
[1.186s] Level 1:colcon.colcon_core.environment:checking '/root/ros2_ws/src/install/waypoint_example' for CMake module files
[1.186s] Level 1:colcon.colcon_core.environment:checking '/root/ros2_ws/src/install/waypoint_example' for CMake config files
[1.186s] Level 1:colcon.colcon_core.shell:create_environment_hook('waypoint_example', 'cmake_prefix_path')
[1.187s] INFO:colcon.colcon_core.shell:Creating environment hook '/root/ros2_ws/src/install/waypoint_example/share/waypoint_example/hook/cmake_prefix_path.ps1'
[1.187s] INFO:colcon.colcon_core.shell:Creating environment descriptor '/root/ros2_ws/src/install/waypoint_example/share/waypoint_example/hook/cmake_prefix_path.dsv'
[1.187s] INFO:colcon.colcon_core.shell:Creating environment hook '/root/ros2_ws/src/install/waypoint_example/share/waypoint_example/hook/cmake_prefix_path.sh'
[1.188s] Level 1:colcon.colcon_core.environment:checking '/root/ros2_ws/src/install/waypoint_example/lib'
[1.188s] Level 1:colcon.colcon_core.environment:checking '/root/ros2_ws/src/install/waypoint_example/bin'
[1.188s] Level 1:colcon.colcon_core.environment:checking '/root/ros2_ws/src/install/waypoint_example/lib/pkgconfig/waypoint_example.pc'
[1.188s] Level 1:colcon.colcon_core.environment:checking '/root/ros2_ws/src/install/waypoint_example/lib/python3.10/site-packages'
[1.188s] Level 1:colcon.colcon_core.environment:checking '/root/ros2_ws/src/install/waypoint_example/bin'
[1.189s] INFO:colcon.colcon_core.shell:Creating package script '/root/ros2_ws/src/install/waypoint_example/share/waypoint_example/package.ps1'
[1.189s] DEBUG:colcon.colcon_core.event_handler.log_command:Invoked command in '/root/ros2_ws/src/build/waypoint_example' returned '0': CMAKE_PREFIX_PATH=/opt/ros/humble /usr/bin/cmake --install /root/ros2_ws/src/build/waypoint_example
[1.189s] INFO:colcon.colcon_core.shell:Creating package descriptor '/root/ros2_ws/src/install/waypoint_example/share/waypoint_example/package.dsv'
[1.189s] INFO:colcon.colcon_core.shell:Creating package script '/root/ros2_ws/src/install/waypoint_example/share/waypoint_example/package.sh'
[1.189s] INFO:colcon.colcon_core.shell:Creating package script '/root/ros2_ws/src/install/waypoint_example/share/waypoint_example/package.bash'
[1.190s] INFO:colcon.colcon_core.shell:Creating package script '/root/ros2_ws/src/install/waypoint_example/share/waypoint_example/package.zsh'
[1.190s] Level 1:colcon.colcon_core.environment:create_file_with_runtime_dependencies(/root/ros2_ws/src/install/waypoint_example/share/colcon-core/packages/waypoint_example)
[1.190s] Level 1:colcon.colcon_core.environment:create_environment_scripts_only(waypoint_example)
[1.190s] Level 1:colcon.colcon_core.environment:checking '/root/ros2_ws/src/install/waypoint_example' for CMake module files
[1.191s] Level 1:colcon.colcon_core.environment:checking '/root/ros2_ws/src/install/waypoint_example' for CMake config files
[1.191s] Level 1:colcon.colcon_core.shell:create_environment_hook('waypoint_example', 'cmake_prefix_path')
[1.191s] INFO:colcon.colcon_core.shell:Creating environment hook '/root/ros2_ws/src/install/waypoint_example/share/waypoint_example/hook/cmake_prefix_path.ps1'
[1.191s] INFO:colcon.colcon_core.shell:Creating environment descriptor '/root/ros2_ws/src/install/waypoint_example/share/waypoint_example/hook/cmake_prefix_path.dsv'
[1.191s] INFO:colcon.colcon_core.shell:Creating environment hook '/root/ros2_ws/src/install/waypoint_example/share/waypoint_example/hook/cmake_prefix_path.sh'
[1.192s] Level 1:colcon.colcon_core.environment:checking '/root/ros2_ws/src/install/waypoint_example/lib'
[1.192s] Level 1:colcon.colcon_core.environment:checking '/root/ros2_ws/src/install/waypoint_example/bin'
[1.192s] Level 1:colcon.colcon_core.environment:checking '/root/ros2_ws/src/install/waypoint_example/lib/pkgconfig/waypoint_example.pc'
[1.192s] Level 1:colcon.colcon_core.environment:checking '/root/ros2_ws/src/install/waypoint_example/lib/python3.10/site-packages'
[1.192s] Level 1:colcon.colcon_core.environment:checking '/root/ros2_ws/src/install/waypoint_example/bin'
[1.193s] INFO:colcon.colcon_core.shell:Creating package script '/root/ros2_ws/src/install/waypoint_example/share/waypoint_example/package.ps1'
[1.193s] INFO:colcon.colcon_core.shell:Creating package descriptor '/root/ros2_ws/src/install/waypoint_example/share/waypoint_example/package.dsv'
[1.193s] INFO:colcon.colcon_core.shell:Creating package script '/root/ros2_ws/src/install/waypoint_example/share/waypoint_example/package.sh'
[1.193s] INFO:colcon.colcon_core.shell:Creating package script '/root/ros2_ws/src/install/waypoint_example/share/waypoint_example/package.bash'
[1.194s] INFO:colcon.colcon_core.shell:Creating package script '/root/ros2_ws/src/install/waypoint_example/share/waypoint_example/package.zsh'
[1.194s] Level 1:colcon.colcon_core.environment:create_file_with_runtime_dependencies(/root/ros2_ws/src/install/waypoint_example/share/colcon-core/packages/waypoint_example)
[1.195s] INFO:colcon.colcon_ros.task.ament_cmake.build:Building ROS package in '/root/ros2_ws/src/utilities/unitree_pkgs/go2_sport_api' with build type 'ament_cmake'
[1.195s] INFO:colcon.colcon_cmake.task.cmake.build:Building CMake package in '/root/ros2_ws/src/utilities/unitree_pkgs/go2_sport_api'
[1.195s] INFO:colcon.colcon_core.shell:Skip shell extension 'powershell' for command environment: Not usable outside of PowerShell
[1.195s] DEBUG:colcon.colcon_core.shell:Skip shell extension 'dsv' for command environment
[1.199s] Level 1:colcon.colcon_core.environment:create_environment_scripts_only(waypoint_rviz_plugin)
[1.200s] Level 1:colcon.colcon_core.environment:checking '/root/ros2_ws/src/install/waypoint_rviz_plugin' for CMake module files
[1.201s] Level 1:colcon.colcon_core.environment:checking '/root/ros2_ws/src/install/waypoint_rviz_plugin' for CMake config files
[1.202s] Level 1:colcon.colcon_core.shell:create_environment_hook('waypoint_rviz_plugin', 'cmake_prefix_path')
[1.202s] INFO:colcon.colcon_core.shell:Creating environment hook '/root/ros2_ws/src/install/waypoint_rviz_plugin/share/waypoint_rviz_plugin/hook/cmake_prefix_path.ps1'
[1.203s] INFO:colcon.colcon_core.shell:Creating environment descriptor '/root/ros2_ws/src/install/waypoint_rviz_plugin/share/waypoint_rviz_plugin/hook/cmake_prefix_path.dsv'
[1.204s] INFO:colcon.colcon_core.shell:Creating environment hook '/root/ros2_ws/src/install/waypoint_rviz_plugin/share/waypoint_rviz_plugin/hook/cmake_prefix_path.sh'
[1.205s] Level 1:colcon.colcon_core.environment:checking '/root/ros2_ws/src/install/waypoint_rviz_plugin/lib'
[1.205s] Level 1:colcon.colcon_core.environment:checking '/root/ros2_ws/src/install/waypoint_rviz_plugin/bin'
[1.205s] Level 1:colcon.colcon_core.environment:checking '/root/ros2_ws/src/install/waypoint_rviz_plugin/lib/pkgconfig/waypoint_rviz_plugin.pc'
[1.205s] Level 1:colcon.colcon_core.environment:checking '/root/ros2_ws/src/install/waypoint_rviz_plugin/lib/python3.10/site-packages'
[1.206s] Level 1:colcon.colcon_core.environment:checking '/root/ros2_ws/src/install/waypoint_rviz_plugin/bin'
[1.206s] INFO:colcon.colcon_core.shell:Creating package script '/root/ros2_ws/src/install/waypoint_rviz_plugin/share/waypoint_rviz_plugin/package.ps1'
[1.206s] INFO:colcon.colcon_core.shell:Creating package descriptor '/root/ros2_ws/src/install/waypoint_rviz_plugin/share/waypoint_rviz_plugin/package.dsv'
[1.208s] INFO:colcon.colcon_core.shell:Creating package script '/root/ros2_ws/src/install/waypoint_rviz_plugin/share/waypoint_rviz_plugin/package.sh'
[1.209s] INFO:colcon.colcon_core.shell:Creating package script '/root/ros2_ws/src/install/waypoint_rviz_plugin/share/waypoint_rviz_plugin/package.bash'
[1.210s] INFO:colcon.colcon_core.shell:Creating package script '/root/ros2_ws/src/install/waypoint_rviz_plugin/share/waypoint_rviz_plugin/package.zsh'
[1.210s] Level 1:colcon.colcon_core.environment:create_file_with_runtime_dependencies(/root/ros2_ws/src/install/waypoint_rviz_plugin/share/colcon-core/packages/waypoint_rviz_plugin)
[1.210s] Level 1:colcon.colcon_core.environment:create_environment_scripts_only(waypoint_rviz_plugin)
[1.211s] Level 1:colcon.colcon_core.environment:checking '/root/ros2_ws/src/install/waypoint_rviz_plugin' for CMake module files
[1.211s] Level 1:colcon.colcon_core.environment:checking '/root/ros2_ws/src/install/waypoint_rviz_plugin' for CMake config files
[1.213s] Level 1:colcon.colcon_core.shell:create_environment_hook('waypoint_rviz_plugin', 'cmake_prefix_path')
[1.213s] INFO:colcon.colcon_core.shell:Creating environment hook '/root/ros2_ws/src/install/waypoint_rviz_plugin/share/waypoint_rviz_plugin/hook/cmake_prefix_path.ps1'
[1.213s] INFO:colcon.colcon_core.shell:Creating environment descriptor '/root/ros2_ws/src/install/waypoint_rviz_plugin/share/waypoint_rviz_plugin/hook/cmake_prefix_path.dsv'
[1.213s] INFO:colcon.colcon_core.shell:Creating environment hook '/root/ros2_ws/src/install/waypoint_rviz_plugin/share/waypoint_rviz_plugin/hook/cmake_prefix_path.sh'
[1.214s] Level 1:colcon.colcon_core.environment:checking '/root/ros2_ws/src/install/waypoint_rviz_plugin/lib'
[1.214s] Level 1:colcon.colcon_core.environment:checking '/root/ros2_ws/src/install/waypoint_rviz_plugin/bin'
[1.214s] Level 1:colcon.colcon_core.environment:checking '/root/ros2_ws/src/install/waypoint_rviz_plugin/lib/pkgconfig/waypoint_rviz_plugin.pc'
[1.214s] Level 1:colcon.colcon_core.environment:checking '/root/ros2_ws/src/install/waypoint_rviz_plugin/lib/python3.10/site-packages'
[1.214s] Level 1:colcon.colcon_core.environment:checking '/root/ros2_ws/src/install/waypoint_rviz_plugin/bin'
[1.214s] INFO:colcon.colcon_core.shell:Creating package script '/root/ros2_ws/src/install/waypoint_rviz_plugin/share/waypoint_rviz_plugin/package.ps1'
[1.215s] INFO:colcon.colcon_core.shell:Creating package descriptor '/root/ros2_ws/src/install/waypoint_rviz_plugin/share/waypoint_rviz_plugin/package.dsv'
[1.215s] INFO:colcon.colcon_core.shell:Creating package script '/root/ros2_ws/src/install/waypoint_rviz_plugin/share/waypoint_rviz_plugin/package.sh'
[1.215s] INFO:colcon.colcon_core.shell:Creating package script '/root/ros2_ws/src/install/waypoint_rviz_plugin/share/waypoint_rviz_plugin/package.bash'
[1.215s] INFO:colcon.colcon_core.shell:Creating package script '/root/ros2_ws/src/install/waypoint_rviz_plugin/share/waypoint_rviz_plugin/package.zsh'
[1.216s] Level 1:colcon.colcon_core.environment:create_file_with_runtime_dependencies(/root/ros2_ws/src/install/waypoint_rviz_plugin/share/colcon-core/packages/waypoint_rviz_plugin)
[1.216s] DEBUG:colcon.colcon_core.event_handler.log_command:Invoked command in '/root/ros2_ws/src/build/waypoint_rviz_plugin' returned '0': CMAKE_PREFIX_PATH=/opt/ros/humble /usr/bin/cmake --install /root/ros2_ws/src/build/waypoint_rviz_plugin
[1.221s] DEBUG:colcon.colcon_core.event_handler.log_command:Invoking command in '/root/ros2_ws/src/build/boundary_handler': AMENT_PREFIX_PATH=/root/ros2_ws/src/install/visibility_graph_msg:${AMENT_PREFIX_PATH} CMAKE_PREFIX_PATH=/root/ros2_ws/src/install/visibility_graph_msg:/opt/ros/humble LD_LIBRARY_PATH=/root/ros2_ws/src/install/visibility_graph_msg/lib:${LD_LIBRARY_PATH} PYTHONPATH=/root/ros2_ws/src/install/visibility_graph_msg/local/lib/python3.10/dist-packages:${PYTHONPATH} /usr/bin/cmake --build /root/ros2_ws/src/build/boundary_handler -- -j24 -l24
[1.224s] DEBUG:colcon.colcon_core.event_handler.log_command:Invoking command in '/root/ros2_ws/src/build/far_planner': AMENT_PREFIX_PATH=/root/ros2_ws/src/install/visibility_graph_msg:${AMENT_PREFIX_PATH} CMAKE_PREFIX_PATH=/root/ros2_ws/src/install/visibility_graph_msg:/opt/ros/humble LD_LIBRARY_PATH=/root/ros2_ws/src/install/visibility_graph_msg/lib:${LD_LIBRARY_PATH} PYTHONPATH=/root/ros2_ws/src/install/visibility_graph_msg/local/lib/python3.10/dist-packages:${PYTHONPATH} /usr/bin/cmake --build /root/ros2_ws/src/build/far_planner -- -j24 -l24
[1.228s] Level 1:colcon.colcon_core.environment:create_environment_scripts_only(rviz_2d_overlay_msgs)
[1.229s] Level 1:colcon.colcon_core.environment:checking '/root/ros2_ws/src/install/rviz_2d_overlay_msgs' for CMake module files
[1.234s] Level 1:colcon.colcon_core.environment:checking '/root/ros2_ws/src/install/rviz_2d_overlay_msgs' for CMake config files
[1.235s] DEBUG:colcon.colcon_core.event_handler.log_command:Invoking command in '/root/ros2_ws/src/build/graph_decoder': AMENT_PREFIX_PATH=/root/ros2_ws/src/install/visibility_graph_msg:${AMENT_PREFIX_PATH} CMAKE_PREFIX_PATH=/root/ros2_ws/src/install/visibility_graph_msg:/opt/ros/humble LD_LIBRARY_PATH=/root/ros2_ws/src/install/visibility_graph_msg/lib:${LD_LIBRARY_PATH} PYTHONPATH=/root/ros2_ws/src/install/visibility_graph_msg/local/lib/python3.10/dist-packages:${PYTHONPATH} /usr/bin/cmake --build /root/ros2_ws/src/build/graph_decoder -- -j24 -l24
[1.235s] DEBUG:colcon.colcon_core.event_handler.log_command:Invoked command in '/root/ros2_ws/src/build/rviz_2d_overlay_msgs' returned '0': CMAKE_PREFIX_PATH=/opt/ros/humble /usr/bin/cmake --install /root/ros2_ws/src/build/rviz_2d_overlay_msgs
[1.236s] Level 1:colcon.colcon_core.shell:create_environment_hook('rviz_2d_overlay_msgs', 'cmake_prefix_path')
[1.236s] INFO:colcon.colcon_core.shell:Creating environment hook '/root/ros2_ws/src/install/rviz_2d_overlay_msgs/share/rviz_2d_overlay_msgs/hook/cmake_prefix_path.ps1'
[1.237s] INFO:colcon.colcon_core.shell:Creating environment descriptor '/root/ros2_ws/src/install/rviz_2d_overlay_msgs/share/rviz_2d_overlay_msgs/hook/cmake_prefix_path.dsv'
[1.237s] INFO:colcon.colcon_core.shell:Creating environment hook '/root/ros2_ws/src/install/rviz_2d_overlay_msgs/share/rviz_2d_overlay_msgs/hook/cmake_prefix_path.sh'
[1.238s] Level 1:colcon.colcon_core.environment:checking '/root/ros2_ws/src/install/rviz_2d_overlay_msgs/lib'
[1.238s] Level 1:colcon.colcon_core.shell:create_environment_hook('rviz_2d_overlay_msgs', 'ld_library_path_lib')
[1.238s] INFO:colcon.colcon_core.shell:Creating environment hook '/root/ros2_ws/src/install/rviz_2d_overlay_msgs/share/rviz_2d_overlay_msgs/hook/ld_library_path_lib.ps1'
[1.238s] INFO:colcon.colcon_core.shell:Creating environment descriptor '/root/ros2_ws/src/install/rviz_2d_overlay_msgs/share/rviz_2d_overlay_msgs/hook/ld_library_path_lib.dsv'
[1.238s] INFO:colcon.colcon_core.shell:Creating environment hook '/root/ros2_ws/src/install/rviz_2d_overlay_msgs/share/rviz_2d_overlay_msgs/hook/ld_library_path_lib.sh'
[1.238s] Level 1:colcon.colcon_core.environment:checking '/root/ros2_ws/src/install/rviz_2d_overlay_msgs/bin'
[1.238s] Level 1:colcon.colcon_core.environment:checking '/root/ros2_ws/src/install/rviz_2d_overlay_msgs/lib/pkgconfig/rviz_2d_overlay_msgs.pc'
[1.239s] Level 1:colcon.colcon_core.environment:checking '/root/ros2_ws/src/install/rviz_2d_overlay_msgs/lib/python3.10/site-packages'
[1.239s] Level 1:colcon.colcon_core.environment:checking '/root/ros2_ws/src/install/rviz_2d_overlay_msgs/bin'
[1.239s] INFO:colcon.colcon_core.shell:Creating package script '/root/ros2_ws/src/install/rviz_2d_overlay_msgs/share/rviz_2d_overlay_msgs/package.ps1'
[1.240s] INFO:colcon.colcon_core.shell:Creating package descriptor '/root/ros2_ws/src/install/rviz_2d_overlay_msgs/share/rviz_2d_overlay_msgs/package.dsv'
[1.240s] INFO:colcon.colcon_core.shell:Creating package script '/root/ros2_ws/src/install/rviz_2d_overlay_msgs/share/rviz_2d_overlay_msgs/package.sh'
[1.240s] INFO:colcon.colcon_core.shell:Creating package script '/root/ros2_ws/src/install/rviz_2d_overlay_msgs/share/rviz_2d_overlay_msgs/package.bash'
[1.241s] INFO:colcon.colcon_core.shell:Creating package script '/root/ros2_ws/src/install/rviz_2d_overlay_msgs/share/rviz_2d_overlay_msgs/package.zsh'
[1.241s] Level 1:colcon.colcon_core.environment:create_file_with_runtime_dependencies(/root/ros2_ws/src/install/rviz_2d_overlay_msgs/share/colcon-core/packages/rviz_2d_overlay_msgs)
[1.241s] Level 1:colcon.colcon_core.environment:create_environment_scripts_only(rviz_2d_overlay_msgs)
[1.242s] Level 1:colcon.colcon_core.environment:checking '/root/ros2_ws/src/install/rviz_2d_overlay_msgs' for CMake module files
[1.242s] Level 1:colcon.colcon_core.environment:checking '/root/ros2_ws/src/install/rviz_2d_overlay_msgs' for CMake config files
[1.242s] Level 1:colcon.colcon_core.shell:create_environment_hook('rviz_2d_overlay_msgs', 'cmake_prefix_path')
[1.243s] INFO:colcon.colcon_core.shell:Creating environment hook '/root/ros2_ws/src/install/rviz_2d_overlay_msgs/share/rviz_2d_overlay_msgs/hook/cmake_prefix_path.ps1'
[1.244s] INFO:colcon.colcon_core.shell:Creating environment descriptor '/root/ros2_ws/src/install/rviz_2d_overlay_msgs/share/rviz_2d_overlay_msgs/hook/cmake_prefix_path.dsv'
[1.244s] INFO:colcon.colcon_core.shell:Creating environment hook '/root/ros2_ws/src/install/rviz_2d_overlay_msgs/share/rviz_2d_overlay_msgs/hook/cmake_prefix_path.sh'
[1.244s] Level 1:colcon.colcon_core.environment:checking '/root/ros2_ws/src/install/rviz_2d_overlay_msgs/lib'
[1.244s] Level 1:colcon.colcon_core.shell:create_environment_hook('rviz_2d_overlay_msgs', 'ld_library_path_lib')
[1.245s] INFO:colcon.colcon_core.shell:Creating environment hook '/root/ros2_ws/src/install/rviz_2d_overlay_msgs/share/rviz_2d_overlay_msgs/hook/ld_library_path_lib.ps1'
[1.245s] INFO:colcon.colcon_core.shell:Creating environment descriptor '/root/ros2_ws/src/install/rviz_2d_overlay_msgs/share/rviz_2d_overlay_msgs/hook/ld_library_path_lib.dsv'
[1.245s] INFO:colcon.colcon_core.shell:Creating environment hook '/root/ros2_ws/src/install/rviz_2d_overlay_msgs/share/rviz_2d_overlay_msgs/hook/ld_library_path_lib.sh'
[1.245s] Level 1:colcon.colcon_core.environment:checking '/root/ros2_ws/src/install/rviz_2d_overlay_msgs/bin'
[1.245s] Level 1:colcon.colcon_core.environment:checking '/root/ros2_ws/src/install/rviz_2d_overlay_msgs/lib/pkgconfig/rviz_2d_overlay_msgs.pc'
[1.246s] Level 1:colcon.colcon_core.environment:checking '/root/ros2_ws/src/install/rviz_2d_overlay_msgs/lib/python3.10/site-packages'
[1.246s] Level 1:colcon.colcon_core.environment:checking '/root/ros2_ws/src/install/rviz_2d_overlay_msgs/bin'
[1.246s] INFO:colcon.colcon_core.shell:Creating package script '/root/ros2_ws/src/install/rviz_2d_overlay_msgs/share/rviz_2d_overlay_msgs/package.ps1'
[1.246s] INFO:colcon.colcon_core.shell:Creating package descriptor '/root/ros2_ws/src/install/rviz_2d_overlay_msgs/share/rviz_2d_overlay_msgs/package.dsv'
[1.247s] INFO:colcon.colcon_core.shell:Creating package script '/root/ros2_ws/src/install/rviz_2d_overlay_msgs/share/rviz_2d_overlay_msgs/package.sh'
[1.247s] INFO:colcon.colcon_core.shell:Creating package script '/root/ros2_ws/src/install/rviz_2d_overlay_msgs/share/rviz_2d_overlay_msgs/package.bash'
[1.247s] INFO:colcon.colcon_core.shell:Creating package script '/root/ros2_ws/src/install/rviz_2d_overlay_msgs/share/rviz_2d_overlay_msgs/package.zsh'
[1.247s] Level 1:colcon.colcon_core.environment:create_file_with_runtime_dependencies(/root/ros2_ws/src/install/rviz_2d_overlay_msgs/share/colcon-core/packages/rviz_2d_overlay_msgs)
[1.248s] Level 1:colcon.colcon_core.environment:create_environment_scripts_only(super_odometry_msgs)
[1.248s] Level 1:colcon.colcon_core.environment:checking '/root/ros2_ws/src/install/super_odometry_msgs' for CMake module files
[1.249s] DEBUG:colcon.colcon_core.event_handler.log_command:Invoked command in '/root/ros2_ws/src/build/super_odometry_msgs' returned '0': CMAKE_PREFIX_PATH=/opt/ros/humble /usr/bin/cmake --install /root/ros2_ws/src/build/super_odometry_msgs
[1.249s] Level 1:colcon.colcon_core.environment:checking '/root/ros2_ws/src/install/super_odometry_msgs' for CMake config files
[1.253s] Level 1:colcon.colcon_core.shell:create_environment_hook('super_odometry_msgs', 'cmake_prefix_path')
[1.253s] INFO:colcon.colcon_core.shell:Creating environment hook '/root/ros2_ws/src/install/super_odometry_msgs/share/super_odometry_msgs/hook/cmake_prefix_path.ps1'
[1.253s] INFO:colcon.colcon_core.shell:Creating environment descriptor '/root/ros2_ws/src/install/super_odometry_msgs/share/super_odometry_msgs/hook/cmake_prefix_path.dsv'
[1.253s] INFO:colcon.colcon_core.shell:Creating environment hook '/root/ros2_ws/src/install/super_odometry_msgs/share/super_odometry_msgs/hook/cmake_prefix_path.sh'
[1.254s] Level 1:colcon.colcon_core.environment:checking '/root/ros2_ws/src/install/super_odometry_msgs/lib'
[1.254s] Level 1:colcon.colcon_core.shell:create_environment_hook('super_odometry_msgs', 'ld_library_path_lib')
[1.254s] INFO:colcon.colcon_core.shell:Creating environment hook '/root/ros2_ws/src/install/super_odometry_msgs/share/super_odometry_msgs/hook/ld_library_path_lib.ps1'
[1.254s] INFO:colcon.colcon_core.shell:Creating environment descriptor '/root/ros2_ws/src/install/super_odometry_msgs/share/super_odometry_msgs/hook/ld_library_path_lib.dsv'
[1.254s] INFO:colcon.colcon_core.shell:Creating environment hook '/root/ros2_ws/src/install/super_odometry_msgs/share/super_odometry_msgs/hook/ld_library_path_lib.sh'
[1.255s] Level 1:colcon.colcon_core.environment:checking '/root/ros2_ws/src/install/super_odometry_msgs/bin'
[1.255s] Level 1:colcon.colcon_core.environment:checking '/root/ros2_ws/src/install/super_odometry_msgs/lib/pkgconfig/super_odometry_msgs.pc'
[1.255s] Level 1:colcon.colcon_core.environment:checking '/root/ros2_ws/src/install/super_odometry_msgs/lib/python3.10/site-packages'
[1.255s] Level 1:colcon.colcon_core.environment:checking '/root/ros2_ws/src/install/super_odometry_msgs/bin'
[1.255s] INFO:colcon.colcon_core.shell:Creating package script '/root/ros2_ws/src/install/super_odometry_msgs/share/super_odometry_msgs/package.ps1'
[1.256s] INFO:colcon.colcon_core.shell:Creating package descriptor '/root/ros2_ws/src/install/super_odometry_msgs/share/super_odometry_msgs/package.dsv'
[1.256s] INFO:colcon.colcon_core.shell:Creating package script '/root/ros2_ws/src/install/super_odometry_msgs/share/super_odometry_msgs/package.sh'
[1.256s] INFO:colcon.colcon_core.shell:Creating package script '/root/ros2_ws/src/install/super_odometry_msgs/share/super_odometry_msgs/package.bash'
[1.261s] INFO:colcon.colcon_core.shell:Creating package script '/root/ros2_ws/src/install/super_odometry_msgs/share/super_odometry_msgs/package.zsh'
[1.261s] Level 1:colcon.colcon_core.environment:create_file_with_runtime_dependencies(/root/ros2_ws/src/install/super_odometry_msgs/share/colcon-core/packages/super_odometry_msgs)
[1.262s] Level 1:colcon.colcon_core.environment:create_environment_scripts_only(super_odometry_msgs)
[1.262s] Level 1:colcon.colcon_core.environment:checking '/root/ros2_ws/src/install/super_odometry_msgs' for CMake module files
[1.262s] Level 1:colcon.colcon_core.environment:checking '/root/ros2_ws/src/install/super_odometry_msgs' for CMake config files
[1.262s] Level 1:colcon.colcon_core.shell:create_environment_hook('super_odometry_msgs', 'cmake_prefix_path')
[1.263s] INFO:colcon.colcon_core.shell:Creating environment hook '/root/ros2_ws/src/install/super_odometry_msgs/share/super_odometry_msgs/hook/cmake_prefix_path.ps1'
[1.263s] INFO:colcon.colcon_core.shell:Creating environment descriptor '/root/ros2_ws/src/install/super_odometry_msgs/share/super_odometry_msgs/hook/cmake_prefix_path.dsv'
[1.263s] INFO:colcon.colcon_core.shell:Creating environment hook '/root/ros2_ws/src/install/super_odometry_msgs/share/super_odometry_msgs/hook/cmake_prefix_path.sh'
[1.263s] Level 1:colcon.colcon_core.environment:checking '/root/ros2_ws/src/install/super_odometry_msgs/lib'
[1.263s] Level 1:colcon.colcon_core.shell:create_environment_hook('super_odometry_msgs', 'ld_library_path_lib')
[1.264s] INFO:colcon.colcon_core.shell:Creating environment hook '/root/ros2_ws/src/install/super_odometry_msgs/share/super_odometry_msgs/hook/ld_library_path_lib.ps1'
[1.264s] INFO:colcon.colcon_core.shell:Creating environment descriptor '/root/ros2_ws/src/install/super_odometry_msgs/share/super_odometry_msgs/hook/ld_library_path_lib.dsv'
[1.264s] INFO:colcon.colcon_core.shell:Creating environment hook '/root/ros2_ws/src/install/super_odometry_msgs/share/super_odometry_msgs/hook/ld_library_path_lib.sh'
[1.264s] Level 1:colcon.colcon_core.environment:checking '/root/ros2_ws/src/install/super_odometry_msgs/bin'
[1.264s] Level 1:colcon.colcon_core.environment:checking '/root/ros2_ws/src/install/super_odometry_msgs/lib/pkgconfig/super_odometry_msgs.pc'
[1.264s] Level 1:colcon.colcon_core.environment:checking '/root/ros2_ws/src/install/super_odometry_msgs/lib/python3.10/site-packages'
[1.266s] Level 1:colcon.colcon_core.environment:checking '/root/ros2_ws/src/install/super_odometry_msgs/bin'
[1.266s] INFO:colcon.colcon_core.shell:Creating package script '/root/ros2_ws/src/install/super_odometry_msgs/share/super_odometry_msgs/package.ps1'
[1.266s] INFO:colcon.colcon_core.shell:Creating package descriptor '/root/ros2_ws/src/install/super_odometry_msgs/share/super_odometry_msgs/package.dsv'
[1.267s] INFO:colcon.colcon_core.shell:Creating package script '/root/ros2_ws/src/install/super_odometry_msgs/share/super_odometry_msgs/package.sh'
[1.267s] INFO:colcon.colcon_core.shell:Creating package script '/root/ros2_ws/src/install/super_odometry_msgs/share/super_odometry_msgs/package.bash'
[1.267s] INFO:colcon.colcon_core.shell:Creating package script '/root/ros2_ws/src/install/super_odometry_msgs/share/super_odometry_msgs/package.zsh'
[1.268s] Level 1:colcon.colcon_core.environment:create_file_with_runtime_dependencies(/root/ros2_ws/src/install/super_odometry_msgs/share/colcon-core/packages/super_odometry_msgs)
[1.270s] DEBUG:colcon.colcon_core.event_handler.log_command:Invoking command in '/root/ros2_ws/src/build/go2_sport_api': AMENT_PREFIX_PATH=/root/ros2_ws/src/install/unitree_go:/root/ros2_ws/src/install/unitree_api:${AMENT_PREFIX_PATH} CMAKE_PREFIX_PATH=/root/ros2_ws/src/install/unitree_go:/root/ros2_ws/src/install/unitree_api:/opt/ros/humble LD_LIBRARY_PATH=/root/ros2_ws/src/install/unitree_go/lib:/root/ros2_ws/src/install/unitree_api/lib:${LD_LIBRARY_PATH} PYTHONPATH=/root/ros2_ws/src/install/unitree_go/local/lib/python3.10/dist-packages:/root/ros2_ws/src/install/unitree_api/local/lib/python3.10/dist-packages:${PYTHONPATH} /usr/bin/cmake --build /root/ros2_ws/src/build/go2_sport_api -- -j24 -l24
[1.270s] INFO:colcon.colcon_ros.task.ament_cmake.build:Building ROS package in '/root/ros2_ws/src/slam/rviz_2d_overlay_plugins/rviz_2d_overlay_plugins' with build type 'ament_cmake'
[1.271s] INFO:colcon.colcon_cmake.task.cmake.build:Building CMake package in '/root/ros2_ws/src/slam/rviz_2d_overlay_plugins/rviz_2d_overlay_plugins'
[1.271s] INFO:colcon.colcon_core.shell:Skip shell extension 'powershell' for command environment: Not usable outside of PowerShell
[1.271s] DEBUG:colcon.colcon_core.shell:Skip shell extension 'dsv' for command environment
[1.273s] INFO:colcon.colcon_ros.task.ament_cmake.build:Building ROS package in '/root/ros2_ws/src/slam/SuperOdom/super_odometry' with build type 'ament_cmake'
[1.273s] INFO:colcon.colcon_cmake.task.cmake.build:Building CMake package in '/root/ros2_ws/src/slam/SuperOdom/super_odometry'
[1.273s] INFO:colcon.colcon_core.shell:Skip shell extension 'powershell' for command environment: Not usable outside of PowerShell
[1.273s] DEBUG:colcon.colcon_core.shell:Skip shell extension 'dsv' for command environment
[1.283s] DEBUG:colcon.colcon_core.event_handler.log_command:Invoking command in '/root/ros2_ws/src/utilities/ROS-TCP-Endpoint': PYTHONPATH=/root/ros2_ws/src/build/ros_tcp_endpoint/prefix_override:/usr/lib/python3/dist-packages/colcon_core/task/python/colcon_distutils_commands:/root/ros2_ws/src/install/ros_tcp_endpoint/lib/python3.10/site-packages:${PYTHONPATH} /usr/bin/python3 -W ignore:setup.py install is deprecated -W ignore:easy_install command is deprecated setup.py egg_info --egg-base ../../build/ros_tcp_endpoint build --build-base /root/ros2_ws/src/build/ros_tcp_endpoint/build install --record /root/ros2_ws/src/build/ros_tcp_endpoint/install.log --install-scripts $base/lib/ros_tcp_endpoint --single-version-externally-managed install_data
[1.293s] DEBUG:colcon.colcon_core.event_handler.log_command:Invoking command in '/root/ros2_ws/src/utilities/transform_sensors': PYTHONPATH=/root/ros2_ws/src/build/transform_sensors/prefix_override:/usr/lib/python3/dist-packages/colcon_core/task/python/colcon_distutils_commands:/root/ros2_ws/src/install/transform_sensors/lib/python3.10/site-packages:${PYTHONPATH} /usr/bin/python3 -W ignore:setup.py install is deprecated -W ignore:easy_install command is deprecated setup.py egg_info --egg-base ../../build/transform_sensors build --build-base /root/ros2_ws/src/build/transform_sensors/build install --record /root/ros2_ws/src/build/transform_sensors/install.log --install-scripts $base/lib/transform_sensors --single-version-externally-managed install_data
[1.295s] DEBUG:colcon.colcon_core.event_handler.log_command:Invoking command in '/root/ros2_ws/src/build/rviz_2d_overlay_plugins': AMENT_PREFIX_PATH=/root/ros2_ws/src/install/rviz_2d_overlay_msgs:${AMENT_PREFIX_PATH} CMAKE_PREFIX_PATH=/root/ros2_ws/src/install/rviz_2d_overlay_msgs:/opt/ros/humble LD_LIBRARY_PATH=/root/ros2_ws/src/install/rviz_2d_overlay_msgs/lib:${LD_LIBRARY_PATH} PYTHONPATH=/root/ros2_ws/src/install/rviz_2d_overlay_msgs/local/lib/python3.10/dist-packages:${PYTHONPATH} /usr/bin/cmake --build /root/ros2_ws/src/build/rviz_2d_overlay_plugins -- -j24 -l24
[1.303s] DEBUG:colcon.colcon_core.event_handler.log_command:Invoking command in '/root/ros2_ws/src/build/super_odometry': AMENT_PREFIX_PATH=/root/ros2_ws/src/install/super_odometry_msgs:/root/ros2_ws/src/install/livox_ros_driver2:${AMENT_PREFIX_PATH} CMAKE_PREFIX_PATH=/root/ros2_ws/src/install/super_odometry_msgs:/root/ros2_ws/src/install/livox_ros_driver2:/opt/ros/humble LD_LIBRARY_PATH=/root/ros2_ws/src/install/super_odometry_msgs/lib:/root/ros2_ws/src/install/livox_ros_driver2/lib:${LD_LIBRARY_PATH} PYTHONPATH=/root/ros2_ws/src/install/super_odometry_msgs/local/lib/python3.10/dist-packages:/root/ros2_ws/src/install/livox_ros_driver2/local/lib/python3.10/dist-packages:${PYTHONPATH} /usr/bin/cmake --build /root/ros2_ws/src/build/super_odometry -- -j24 -l24
[1.303s] DEBUG:colcon.colcon_core.event_handler.log_command:Invoked command in '/root/ros2_ws/src/build/graph_decoder' returned '0': AMENT_PREFIX_PATH=/root/ros2_ws/src/install/visibility_graph_msg:${AMENT_PREFIX_PATH} CMAKE_PREFIX_PATH=/root/ros2_ws/src/install/visibility_graph_msg:/opt/ros/humble LD_LIBRARY_PATH=/root/ros2_ws/src/install/visibility_graph_msg/lib:${LD_LIBRARY_PATH} PYTHONPATH=/root/ros2_ws/src/install/visibility_graph_msg/local/lib/python3.10/dist-packages:${PYTHONPATH} /usr/bin/cmake --build /root/ros2_ws/src/build/graph_decoder -- -j24 -l24
[1.303s] DEBUG:colcon.colcon_core.event_handler.log_command:Invoking command in '/root/ros2_ws/src/build/graph_decoder': AMENT_PREFIX_PATH=/root/ros2_ws/src/install/visibility_graph_msg:${AMENT_PREFIX_PATH} CMAKE_PREFIX_PATH=/root/ros2_ws/src/install/visibility_graph_msg:/opt/ros/humble LD_LIBRARY_PATH=/root/ros2_ws/src/install/visibility_graph_msg/lib:${LD_LIBRARY_PATH} PYTHONPATH=/root/ros2_ws/src/install/visibility_graph_msg/local/lib/python3.10/dist-packages:${PYTHONPATH} /usr/bin/cmake --install /root/ros2_ws/src/build/graph_decoder
[1.304s] DEBUG:colcon.colcon_core.event_handler.log_command:Invoked command in '/root/ros2_ws/src/build/boundary_handler' returned '0': AMENT_PREFIX_PATH=/root/ros2_ws/src/install/visibility_graph_msg:${AMENT_PREFIX_PATH} CMAKE_PREFIX_PATH=/root/ros2_ws/src/install/visibility_graph_msg:/opt/ros/humble LD_LIBRARY_PATH=/root/ros2_ws/src/install/visibility_graph_msg/lib:${LD_LIBRARY_PATH} PYTHONPATH=/root/ros2_ws/src/install/visibility_graph_msg/local/lib/python3.10/dist-packages:${PYTHONPATH} /usr/bin/cmake --build /root/ros2_ws/src/build/boundary_handler -- -j24 -l24
[1.306s] DEBUG:colcon.colcon_core.event_handler.log_command:Invoking command in '/root/ros2_ws/src/build/boundary_handler': AMENT_PREFIX_PATH=/root/ros2_ws/src/install/visibility_graph_msg:${AMENT_PREFIX_PATH} CMAKE_PREFIX_PATH=/root/ros2_ws/src/install/visibility_graph_msg:/opt/ros/humble LD_LIBRARY_PATH=/root/ros2_ws/src/install/visibility_graph_msg/lib:${LD_LIBRARY_PATH} PYTHONPATH=/root/ros2_ws/src/install/visibility_graph_msg/local/lib/python3.10/dist-packages:${PYTHONPATH} /usr/bin/cmake --install /root/ros2_ws/src/build/boundary_handler
[1.307s] DEBUG:colcon.colcon_core.event_handler.log_command:Invoked command in '/root/ros2_ws/src/build/visualization_tools' returned '0': CMAKE_PREFIX_PATH=/opt/ros/humble /usr/bin/cmake --build /root/ros2_ws/src/build/visualization_tools -- -j24 -l24
[1.317s] DEBUG:colcon.colcon_core.event_handler.log_command:Invoking command in '/root/ros2_ws/src/build/visualization_tools': CMAKE_PREFIX_PATH=/opt/ros/humble /usr/bin/cmake --install /root/ros2_ws/src/build/visualization_tools
[1.321s] Level 1:colcon.colcon_core.environment:create_environment_scripts_only(graph_decoder)
[1.321s] Level 1:colcon.colcon_core.environment:checking '/root/ros2_ws/src/install/graph_decoder' for CMake module files
[1.322s] DEBUG:colcon.colcon_core.event_handler.log_command:Invoked command in '/root/ros2_ws/src/build/graph_decoder' returned '0': AMENT_PREFIX_PATH=/root/ros2_ws/src/install/visibility_graph_msg:${AMENT_PREFIX_PATH} CMAKE_PREFIX_PATH=/root/ros2_ws/src/install/visibility_graph_msg:/opt/ros/humble LD_LIBRARY_PATH=/root/ros2_ws/src/install/visibility_graph_msg/lib:${LD_LIBRARY_PATH} PYTHONPATH=/root/ros2_ws/src/install/visibility_graph_msg/local/lib/python3.10/dist-packages:${PYTHONPATH} /usr/bin/cmake --install /root/ros2_ws/src/build/graph_decoder
[1.323s] Level 1:colcon.colcon_core.environment:checking '/root/ros2_ws/src/install/graph_decoder' for CMake config files
[1.323s] Level 1:colcon.colcon_core.shell:create_environment_hook('graph_decoder', 'cmake_prefix_path')
[1.323s] INFO:colcon.colcon_core.shell:Creating environment hook '/root/ros2_ws/src/install/graph_decoder/share/graph_decoder/hook/cmake_prefix_path.ps1'
[1.324s] INFO:colcon.colcon_core.shell:Creating environment descriptor '/root/ros2_ws/src/install/graph_decoder/share/graph_decoder/hook/cmake_prefix_path.dsv'
[1.324s] INFO:colcon.colcon_core.shell:Creating environment hook '/root/ros2_ws/src/install/graph_decoder/share/graph_decoder/hook/cmake_prefix_path.sh'
[1.325s] Level 1:colcon.colcon_core.environment:checking '/root/ros2_ws/src/install/graph_decoder/lib'
[1.325s] Level 1:colcon.colcon_core.environment:checking '/root/ros2_ws/src/install/graph_decoder/bin'
[1.325s] Level 1:colcon.colcon_core.environment:checking '/root/ros2_ws/src/install/graph_decoder/lib/pkgconfig/graph_decoder.pc'
[1.325s] Level 1:colcon.colcon_core.environment:checking '/root/ros2_ws/src/install/graph_decoder/lib/python3.10/site-packages'
[1.325s] Level 1:colcon.colcon_core.environment:checking '/root/ros2_ws/src/install/graph_decoder/bin'
[1.326s] INFO:colcon.colcon_core.shell:Creating package script '/root/ros2_ws/src/install/graph_decoder/share/graph_decoder/package.ps1'
[1.326s] INFO:colcon.colcon_core.shell:Creating package descriptor '/root/ros2_ws/src/install/graph_decoder/share/graph_decoder/package.dsv'
[1.326s] INFO:colcon.colcon_core.shell:Creating package script '/root/ros2_ws/src/install/graph_decoder/share/graph_decoder/package.sh'
[1.327s] INFO:colcon.colcon_core.shell:Creating package script '/root/ros2_ws/src/install/graph_decoder/share/graph_decoder/package.bash'
[1.327s] INFO:colcon.colcon_core.shell:Creating package script '/root/ros2_ws/src/install/graph_decoder/share/graph_decoder/package.zsh'
[1.327s] Level 1:colcon.colcon_core.environment:create_file_with_runtime_dependencies(/root/ros2_ws/src/install/graph_decoder/share/colcon-core/packages/graph_decoder)
[1.328s] Level 1:colcon.colcon_core.environment:create_environment_scripts_only(graph_decoder)
[1.328s] Level 1:colcon.colcon_core.environment:checking '/root/ros2_ws/src/install/graph_decoder' for CMake module files
[1.328s] Level 1:colcon.colcon_core.environment:checking '/root/ros2_ws/src/install/graph_decoder' for CMake config files
[1.329s] Level 1:colcon.colcon_core.shell:create_environment_hook('graph_decoder', 'cmake_prefix_path')
[1.329s] INFO:colcon.colcon_core.shell:Creating environment hook '/root/ros2_ws/src/install/graph_decoder/share/graph_decoder/hook/cmake_prefix_path.ps1'
[1.329s] INFO:colcon.colcon_core.shell:Creating environment descriptor '/root/ros2_ws/src/install/graph_decoder/share/graph_decoder/hook/cmake_prefix_path.dsv'
[1.329s] INFO:colcon.colcon_core.shell:Creating environment hook '/root/ros2_ws/src/install/graph_decoder/share/graph_decoder/hook/cmake_prefix_path.sh'
[1.330s] Level 1:colcon.colcon_core.environment:checking '/root/ros2_ws/src/install/graph_decoder/lib'
[1.330s] Level 1:colcon.colcon_core.environment:checking '/root/ros2_ws/src/install/graph_decoder/bin'
[1.330s] Level 1:colcon.colcon_core.environment:checking '/root/ros2_ws/src/install/graph_decoder/lib/pkgconfig/graph_decoder.pc'
[1.330s] Level 1:colcon.colcon_core.environment:checking '/root/ros2_ws/src/install/graph_decoder/lib/python3.10/site-packages'
[1.331s] Level 1:colcon.colcon_core.environment:checking '/root/ros2_ws/src/install/graph_decoder/bin'
[1.331s] INFO:colcon.colcon_core.shell:Creating package script '/root/ros2_ws/src/install/graph_decoder/share/graph_decoder/package.ps1'
[1.331s] INFO:colcon.colcon_core.shell:Creating package descriptor '/root/ros2_ws/src/install/graph_decoder/share/graph_decoder/package.dsv'
[1.332s] INFO:colcon.colcon_core.shell:Creating package script '/root/ros2_ws/src/install/graph_decoder/share/graph_decoder/package.sh'
[1.332s] INFO:colcon.colcon_core.shell:Creating package script '/root/ros2_ws/src/install/graph_decoder/share/graph_decoder/package.bash'
[1.333s] INFO:colcon.colcon_core.shell:Creating package script '/root/ros2_ws/src/install/graph_decoder/share/graph_decoder/package.zsh'
[1.333s] Level 1:colcon.colcon_core.environment:create_file_with_runtime_dependencies(/root/ros2_ws/src/install/graph_decoder/share/colcon-core/packages/graph_decoder)
[1.333s] Level 1:colcon.colcon_core.environment:create_environment_scripts_only(boundary_handler)
[1.333s] Level 1:colcon.colcon_core.environment:checking '/root/ros2_ws/src/install/boundary_handler' for CMake module files
[1.334s] DEBUG:colcon.colcon_core.event_handler.log_command:Invoked command in '/root/ros2_ws/src/build/boundary_handler' returned '0': AMENT_PREFIX_PATH=/root/ros2_ws/src/install/visibility_graph_msg:${AMENT_PREFIX_PATH} CMAKE_PREFIX_PATH=/root/ros2_ws/src/install/visibility_graph_msg:/opt/ros/humble LD_LIBRARY_PATH=/root/ros2_ws/src/install/visibility_graph_msg/lib:${LD_LIBRARY_PATH} PYTHONPATH=/root/ros2_ws/src/install/visibility_graph_msg/local/lib/python3.10/dist-packages:${PYTHONPATH} /usr/bin/cmake --install /root/ros2_ws/src/build/boundary_handler
[1.334s] Level 1:colcon.colcon_core.environment:checking '/root/ros2_ws/src/install/boundary_handler' for CMake config files
[1.335s] Level 1:colcon.colcon_core.shell:create_environment_hook('boundary_handler', 'cmake_prefix_path')
[1.335s] INFO:colcon.colcon_core.shell:Creating environment hook '/root/ros2_ws/src/install/boundary_handler/share/boundary_handler/hook/cmake_prefix_path.ps1'
[1.335s] INFO:colcon.colcon_core.shell:Creating environment descriptor '/root/ros2_ws/src/install/boundary_handler/share/boundary_handler/hook/cmake_prefix_path.dsv'
[1.336s] INFO:colcon.colcon_core.shell:Creating environment hook '/root/ros2_ws/src/install/boundary_handler/share/boundary_handler/hook/cmake_prefix_path.sh'
[1.336s] Level 1:colcon.colcon_core.environment:checking '/root/ros2_ws/src/install/boundary_handler/lib'
[1.336s] Level 1:colcon.colcon_core.environment:checking '/root/ros2_ws/src/install/boundary_handler/bin'
[1.336s] Level 1:colcon.colcon_core.environment:checking '/root/ros2_ws/src/install/boundary_handler/lib/pkgconfig/boundary_handler.pc'
[1.336s] Level 1:colcon.colcon_core.environment:checking '/root/ros2_ws/src/install/boundary_handler/lib/python3.10/site-packages'
[1.337s] Level 1:colcon.colcon_core.environment:checking '/root/ros2_ws/src/install/boundary_handler/bin'
[1.337s] INFO:colcon.colcon_core.shell:Creating package script '/root/ros2_ws/src/install/boundary_handler/share/boundary_handler/package.ps1'
[1.337s] INFO:colcon.colcon_core.shell:Creating package descriptor '/root/ros2_ws/src/install/boundary_handler/share/boundary_handler/package.dsv'
[1.338s] INFO:colcon.colcon_core.shell:Creating package script '/root/ros2_ws/src/install/boundary_handler/share/boundary_handler/package.sh'
[1.338s] INFO:colcon.colcon_core.shell:Creating package script '/root/ros2_ws/src/install/boundary_handler/share/boundary_handler/package.bash'
[1.338s] INFO:colcon.colcon_core.shell:Creating package script '/root/ros2_ws/src/install/boundary_handler/share/boundary_handler/package.zsh'
[1.338s] Level 1:colcon.colcon_core.environment:create_file_with_runtime_dependencies(/root/ros2_ws/src/install/boundary_handler/share/colcon-core/packages/boundary_handler)
[1.339s] Level 1:colcon.colcon_core.environment:create_environment_scripts_only(boundary_handler)
[1.339s] Level 1:colcon.colcon_core.environment:checking '/root/ros2_ws/src/install/boundary_handler' for CMake module files
[1.340s] Level 1:colcon.colcon_core.environment:checking '/root/ros2_ws/src/install/boundary_handler' for CMake config files
[1.340s] Level 1:colcon.colcon_core.shell:create_environment_hook('boundary_handler', 'cmake_prefix_path')
[1.340s] INFO:colcon.colcon_core.shell:Creating environment hook '/root/ros2_ws/src/install/boundary_handler/share/boundary_handler/hook/cmake_prefix_path.ps1'
[1.341s] INFO:colcon.colcon_core.shell:Creating environment descriptor '/root/ros2_ws/src/install/boundary_handler/share/boundary_handler/hook/cmake_prefix_path.dsv'
[1.341s] INFO:colcon.colcon_core.shell:Creating environment hook '/root/ros2_ws/src/install/boundary_handler/share/boundary_handler/hook/cmake_prefix_path.sh'
[1.341s] Level 1:colcon.colcon_core.environment:checking '/root/ros2_ws/src/install/boundary_handler/lib'
[1.341s] Level 1:colcon.colcon_core.environment:checking '/root/ros2_ws/src/install/boundary_handler/bin'
[1.341s] Level 1:colcon.colcon_core.environment:checking '/root/ros2_ws/src/install/boundary_handler/lib/pkgconfig/boundary_handler.pc'
[1.342s] Level 1:colcon.colcon_core.environment:checking '/root/ros2_ws/src/install/boundary_handler/lib/python3.10/site-packages'
[1.342s] Level 1:colcon.colcon_core.environment:checking '/root/ros2_ws/src/install/boundary_handler/bin'
[1.342s] INFO:colcon.colcon_core.shell:Creating package script '/root/ros2_ws/src/install/boundary_handler/share/boundary_handler/package.ps1'
[1.343s] INFO:colcon.colcon_core.shell:Creating package descriptor '/root/ros2_ws/src/install/boundary_handler/share/boundary_handler/package.dsv'
[1.343s] INFO:colcon.colcon_core.shell:Creating package script '/root/ros2_ws/src/install/boundary_handler/share/boundary_handler/package.sh'
[1.343s] INFO:colcon.colcon_core.shell:Creating package script '/root/ros2_ws/src/install/boundary_handler/share/boundary_handler/package.bash'
[1.344s] INFO:colcon.colcon_core.shell:Creating package script '/root/ros2_ws/src/install/boundary_handler/share/boundary_handler/package.zsh'
[1.344s] Level 1:colcon.colcon_core.environment:create_file_with_runtime_dependencies(/root/ros2_ws/src/install/boundary_handler/share/colcon-core/packages/boundary_handler)
[1.346s] DEBUG:colcon.colcon_core.event_handler.log_command:Invoked command in '/root/ros2_ws/src/build/go2_sport_api' returned '0': AMENT_PREFIX_PATH=/root/ros2_ws/src/install/unitree_go:/root/ros2_ws/src/install/unitree_api:${AMENT_PREFIX_PATH} CMAKE_PREFIX_PATH=/root/ros2_ws/src/install/unitree_go:/root/ros2_ws/src/install/unitree_api:/opt/ros/humble LD_LIBRARY_PATH=/root/ros2_ws/src/install/unitree_go/lib:/root/ros2_ws/src/install/unitree_api/lib:${LD_LIBRARY_PATH} PYTHONPATH=/root/ros2_ws/src/install/unitree_go/local/lib/python3.10/dist-packages:/root/ros2_ws/src/install/unitree_api/local/lib/python3.10/dist-packages:${PYTHONPATH} /usr/bin/cmake --build /root/ros2_ws/src/build/go2_sport_api -- -j24 -l24
[1.347s] DEBUG:colcon.colcon_core.event_handler.log_command:Invoking command in '/root/ros2_ws/src/build/go2_sport_api': AMENT_PREFIX_PATH=/root/ros2_ws/src/install/unitree_go:/root/ros2_ws/src/install/unitree_api:${AMENT_PREFIX_PATH} CMAKE_PREFIX_PATH=/root/ros2_ws/src/install/unitree_go:/root/ros2_ws/src/install/unitree_api:/opt/ros/humble LD_LIBRARY_PATH=/root/ros2_ws/src/install/unitree_go/lib:/root/ros2_ws/src/install/unitree_api/lib:${LD_LIBRARY_PATH} PYTHONPATH=/root/ros2_ws/src/install/unitree_go/local/lib/python3.10/dist-packages:/root/ros2_ws/src/install/unitree_api/local/lib/python3.10/dist-packages:${PYTHONPATH} /usr/bin/cmake --install /root/ros2_ws/src/build/go2_sport_api
[1.350s] DEBUG:colcon.colcon_core.event_handler.log_command:Invoked command in '/root/ros2_ws/src/build/far_planner' returned '0': AMENT_PREFIX_PATH=/root/ros2_ws/src/install/visibility_graph_msg:${AMENT_PREFIX_PATH} CMAKE_PREFIX_PATH=/root/ros2_ws/src/install/visibility_graph_msg:/opt/ros/humble LD_LIBRARY_PATH=/root/ros2_ws/src/install/visibility_graph_msg/lib:${LD_LIBRARY_PATH} PYTHONPATH=/root/ros2_ws/src/install/visibility_graph_msg/local/lib/python3.10/dist-packages:${PYTHONPATH} /usr/bin/cmake --build /root/ros2_ws/src/build/far_planner -- -j24 -l24
[1.351s] DEBUG:colcon.colcon_core.event_handler.log_command:Invoking command in '/root/ros2_ws/src/build/far_planner': AMENT_PREFIX_PATH=/root/ros2_ws/src/install/visibility_graph_msg:${AMENT_PREFIX_PATH} CMAKE_PREFIX_PATH=/root/ros2_ws/src/install/visibility_graph_msg:/opt/ros/humble LD_LIBRARY_PATH=/root/ros2_ws/src/install/visibility_graph_msg/lib:${LD_LIBRARY_PATH} PYTHONPATH=/root/ros2_ws/src/install/visibility_graph_msg/local/lib/python3.10/dist-packages:${PYTHONPATH} /usr/bin/cmake --install /root/ros2_ws/src/build/far_planner
[1.358s] Level 1:colcon.colcon_core.environment:create_environment_scripts_only(go2_sport_api)
[1.359s] Level 1:colcon.colcon_core.environment:checking '/root/ros2_ws/src/install/go2_sport_api' for CMake module files
[1.360s] Level 1:colcon.colcon_core.environment:checking '/root/ros2_ws/src/install/go2_sport_api' for CMake config files
[1.360s] Level 1:colcon.colcon_core.shell:create_environment_hook('go2_sport_api', 'cmake_prefix_path')
[1.361s] INFO:colcon.colcon_core.shell:Creating environment hook '/root/ros2_ws/src/install/go2_sport_api/share/go2_sport_api/hook/cmake_prefix_path.ps1'
[1.362s] INFO:colcon.colcon_core.shell:Creating environment descriptor '/root/ros2_ws/src/install/go2_sport_api/share/go2_sport_api/hook/cmake_prefix_path.dsv'
[1.362s] INFO:colcon.colcon_core.shell:Creating environment hook '/root/ros2_ws/src/install/go2_sport_api/share/go2_sport_api/hook/cmake_prefix_path.sh'
[1.366s] DEBUG:colcon.colcon_core.event_handler.log_command:Invoked command in '/root/ros2_ws/src/build/go2_sport_api' returned '0': AMENT_PREFIX_PATH=/root/ros2_ws/src/install/unitree_go:/root/ros2_ws/src/install/unitree_api:${AMENT_PREFIX_PATH} CMAKE_PREFIX_PATH=/root/ros2_ws/src/install/unitree_go:/root/ros2_ws/src/install/unitree_api:/opt/ros/humble LD_LIBRARY_PATH=/root/ros2_ws/src/install/unitree_go/lib:/root/ros2_ws/src/install/unitree_api/lib:${LD_LIBRARY_PATH} PYTHONPATH=/root/ros2_ws/src/install/unitree_go/local/lib/python3.10/dist-packages:/root/ros2_ws/src/install/unitree_api/local/lib/python3.10/dist-packages:${PYTHONPATH} /usr/bin/cmake --install /root/ros2_ws/src/build/go2_sport_api
[1.368s] Level 1:colcon.colcon_core.environment:checking '/root/ros2_ws/src/install/go2_sport_api/lib'
[1.368s] Level 1:colcon.colcon_core.shell:create_environment_hook('go2_sport_api', 'ld_library_path_lib')
[1.368s] INFO:colcon.colcon_core.shell:Creating environment hook '/root/ros2_ws/src/install/go2_sport_api/share/go2_sport_api/hook/ld_library_path_lib.ps1'
[1.368s] INFO:colcon.colcon_core.shell:Creating environment descriptor '/root/ros2_ws/src/install/go2_sport_api/share/go2_sport_api/hook/ld_library_path_lib.dsv'
[1.368s] INFO:colcon.colcon_core.shell:Creating environment hook '/root/ros2_ws/src/install/go2_sport_api/share/go2_sport_api/hook/ld_library_path_lib.sh'
[1.369s] Level 1:colcon.colcon_core.environment:checking '/root/ros2_ws/src/install/go2_sport_api/bin'
[1.369s] Level 1:colcon.colcon_core.environment:checking '/root/ros2_ws/src/install/go2_sport_api/lib/pkgconfig/go2_sport_api.pc'
[1.369s] Level 1:colcon.colcon_core.environment:checking '/root/ros2_ws/src/install/go2_sport_api/lib/python3.10/site-packages'
[1.369s] Level 1:colcon.colcon_core.environment:checking '/root/ros2_ws/src/install/go2_sport_api/bin'
[1.370s] INFO:colcon.colcon_core.shell:Creating package script '/root/ros2_ws/src/install/go2_sport_api/share/go2_sport_api/package.ps1'
[1.370s] INFO:colcon.colcon_core.shell:Creating package descriptor '/root/ros2_ws/src/install/go2_sport_api/share/go2_sport_api/package.dsv'
[1.370s] INFO:colcon.colcon_core.shell:Creating package script '/root/ros2_ws/src/install/go2_sport_api/share/go2_sport_api/package.sh'
[1.371s] INFO:colcon.colcon_core.shell:Creating package script '/root/ros2_ws/src/install/go2_sport_api/share/go2_sport_api/package.bash'
[1.371s] INFO:colcon.colcon_core.shell:Creating package script '/root/ros2_ws/src/install/go2_sport_api/share/go2_sport_api/package.zsh'
[1.371s] Level 1:colcon.colcon_core.environment:create_file_with_runtime_dependencies(/root/ros2_ws/src/install/go2_sport_api/share/colcon-core/packages/go2_sport_api)
[1.371s] Level 1:colcon.colcon_core.environment:create_environment_scripts_only(go2_sport_api)
[1.372s] Level 1:colcon.colcon_core.environment:checking '/root/ros2_ws/src/install/go2_sport_api' for CMake module files
[1.372s] Level 1:colcon.colcon_core.environment:checking '/root/ros2_ws/src/install/go2_sport_api' for CMake config files
[1.372s] Level 1:colcon.colcon_core.shell:create_environment_hook('go2_sport_api', 'cmake_prefix_path')
[1.372s] INFO:colcon.colcon_core.shell:Creating environment hook '/root/ros2_ws/src/install/go2_sport_api/share/go2_sport_api/hook/cmake_prefix_path.ps1'
[1.373s] INFO:colcon.colcon_core.shell:Creating environment descriptor '/root/ros2_ws/src/install/go2_sport_api/share/go2_sport_api/hook/cmake_prefix_path.dsv'
[1.373s] INFO:colcon.colcon_core.shell:Creating environment hook '/root/ros2_ws/src/install/go2_sport_api/share/go2_sport_api/hook/cmake_prefix_path.sh'
[1.373s] Level 1:colcon.colcon_core.environment:checking '/root/ros2_ws/src/install/go2_sport_api/lib'
[1.373s] Level 1:colcon.colcon_core.shell:create_environment_hook('go2_sport_api', 'ld_library_path_lib')
[1.373s] INFO:colcon.colcon_core.shell:Creating environment hook '/root/ros2_ws/src/install/go2_sport_api/share/go2_sport_api/hook/ld_library_path_lib.ps1'
[1.374s] INFO:colcon.colcon_core.shell:Creating environment descriptor '/root/ros2_ws/src/install/go2_sport_api/share/go2_sport_api/hook/ld_library_path_lib.dsv'
[1.374s] INFO:colcon.colcon_core.shell:Creating environment hook '/root/ros2_ws/src/install/go2_sport_api/share/go2_sport_api/hook/ld_library_path_lib.sh'
[1.374s] Level 1:colcon.colcon_core.environment:checking '/root/ros2_ws/src/install/go2_sport_api/bin'
[1.374s] Level 1:colcon.colcon_core.environment:checking '/root/ros2_ws/src/install/go2_sport_api/lib/pkgconfig/go2_sport_api.pc'
[1.374s] Level 1:colcon.colcon_core.environment:checking '/root/ros2_ws/src/install/go2_sport_api/lib/python3.10/site-packages'
[1.375s] Level 1:colcon.colcon_core.environment:checking '/root/ros2_ws/src/install/go2_sport_api/bin'
[1.375s] INFO:colcon.colcon_core.shell:Creating package script '/root/ros2_ws/src/install/go2_sport_api/share/go2_sport_api/package.ps1'
[1.375s] INFO:colcon.colcon_core.shell:Creating package descriptor '/root/ros2_ws/src/install/go2_sport_api/share/go2_sport_api/package.dsv'
[1.376s] INFO:colcon.colcon_core.shell:Creating package script '/root/ros2_ws/src/install/go2_sport_api/share/go2_sport_api/package.sh'
[1.376s] INFO:colcon.colcon_core.shell:Creating package script '/root/ros2_ws/src/install/go2_sport_api/share/go2_sport_api/package.bash'
[1.376s] INFO:colcon.colcon_core.shell:Creating package script '/root/ros2_ws/src/install/go2_sport_api/share/go2_sport_api/package.zsh'
[1.376s] Level 1:colcon.colcon_core.environment:create_file_with_runtime_dependencies(/root/ros2_ws/src/install/go2_sport_api/share/colcon-core/packages/go2_sport_api)
[1.377s] INFO:colcon.colcon_ros.task.ament_cmake.build:Building ROS package in '/root/ros2_ws/src/utilities/calibrate_imu' with build type 'ament_cmake'
[1.377s] INFO:colcon.colcon_cmake.task.cmake.build:Building CMake package in '/root/ros2_ws/src/utilities/calibrate_imu'
[1.377s] INFO:colcon.colcon_core.shell:Skip shell extension 'powershell' for command environment: Not usable outside of PowerShell
[1.377s] DEBUG:colcon.colcon_core.shell:Skip shell extension 'dsv' for command environment
[1.380s] INFO:colcon.colcon_ros.task.ament_cmake.build:Building ROS package in '/root/ros2_ws/src/base_autonomy/local_planner' with build type 'ament_cmake'
[1.380s] INFO:colcon.colcon_cmake.task.cmake.build:Building CMake package in '/root/ros2_ws/src/base_autonomy/local_planner'
[1.380s] INFO:colcon.colcon_core.shell:Skip shell extension 'powershell' for command environment: Not usable outside of PowerShell
[1.380s] DEBUG:colcon.colcon_core.shell:Skip shell extension 'dsv' for command environment
[1.383s] Level 1:colcon.colcon_core.environment:create_environment_scripts_only(visualization_tools)
[1.383s] DEBUG:colcon.colcon_core.event_handler.log_command:Invoked command in '/root/ros2_ws/src/build/visualization_tools' returned '0': CMAKE_PREFIX_PATH=/opt/ros/humble /usr/bin/cmake --install /root/ros2_ws/src/build/visualization_tools
[1.383s] Level 1:colcon.colcon_core.environment:checking '/root/ros2_ws/src/install/visualization_tools' for CMake module files
[1.384s] Level 1:colcon.colcon_core.environment:checking '/root/ros2_ws/src/install/visualization_tools' for CMake config files
[1.384s] Level 1:colcon.colcon_core.shell:create_environment_hook('visualization_tools', 'cmake_prefix_path')
[1.384s] INFO:colcon.colcon_core.shell:Creating environment hook '/root/ros2_ws/src/install/visualization_tools/share/visualization_tools/hook/cmake_prefix_path.ps1'
[1.384s] INFO:colcon.colcon_core.shell:Creating environment descriptor '/root/ros2_ws/src/install/visualization_tools/share/visualization_tools/hook/cmake_prefix_path.dsv'
[1.384s] INFO:colcon.colcon_core.shell:Creating environment hook '/root/ros2_ws/src/install/visualization_tools/share/visualization_tools/hook/cmake_prefix_path.sh'
[1.385s] Level 1:colcon.colcon_core.environment:checking '/root/ros2_ws/src/install/visualization_tools/lib'
[1.385s] Level 1:colcon.colcon_core.environment:checking '/root/ros2_ws/src/install/visualization_tools/bin'
[1.385s] Level 1:colcon.colcon_core.environment:checking '/root/ros2_ws/src/install/visualization_tools/lib/pkgconfig/visualization_tools.pc'
[1.385s] Level 1:colcon.colcon_core.environment:checking '/root/ros2_ws/src/install/visualization_tools/lib/python3.10/site-packages'
[1.385s] Level 1:colcon.colcon_core.environment:checking '/root/ros2_ws/src/install/visualization_tools/bin'
[1.385s] INFO:colcon.colcon_core.shell:Creating package script '/root/ros2_ws/src/install/visualization_tools/share/visualization_tools/package.ps1'
[1.386s] INFO:colcon.colcon_core.shell:Creating package descriptor '/root/ros2_ws/src/install/visualization_tools/share/visualization_tools/package.dsv'
[1.386s] INFO:colcon.colcon_core.shell:Creating package script '/root/ros2_ws/src/install/visualization_tools/share/visualization_tools/package.sh'
[1.386s] INFO:colcon.colcon_core.shell:Creating package script '/root/ros2_ws/src/install/visualization_tools/share/visualization_tools/package.bash'
[1.386s] INFO:colcon.colcon_core.shell:Creating package script '/root/ros2_ws/src/install/visualization_tools/share/visualization_tools/package.zsh'
[1.386s] Level 1:colcon.colcon_core.environment:create_file_with_runtime_dependencies(/root/ros2_ws/src/install/visualization_tools/share/colcon-core/packages/visualization_tools)
[1.387s] Level 1:colcon.colcon_core.environment:create_environment_scripts_only(visualization_tools)
[1.387s] Level 1:colcon.colcon_core.environment:checking '/root/ros2_ws/src/install/visualization_tools' for CMake module files
[1.387s] Level 1:colcon.colcon_core.environment:checking '/root/ros2_ws/src/install/visualization_tools' for CMake config files
[1.387s] Level 1:colcon.colcon_core.shell:create_environment_hook('visualization_tools', 'cmake_prefix_path')
[1.389s] INFO:colcon.colcon_core.shell:Creating environment hook '/root/ros2_ws/src/install/visualization_tools/share/visualization_tools/hook/cmake_prefix_path.ps1'
[1.389s] INFO:colcon.colcon_core.shell:Creating environment descriptor '/root/ros2_ws/src/install/visualization_tools/share/visualization_tools/hook/cmake_prefix_path.dsv'
[1.389s] INFO:colcon.colcon_core.shell:Creating environment hook '/root/ros2_ws/src/install/visualization_tools/share/visualization_tools/hook/cmake_prefix_path.sh'
[1.390s] Level 1:colcon.colcon_core.environment:checking '/root/ros2_ws/src/install/visualization_tools/lib'
[1.390s] Level 1:colcon.colcon_core.environment:checking '/root/ros2_ws/src/install/visualization_tools/bin'
[1.390s] Level 1:colcon.colcon_core.environment:checking '/root/ros2_ws/src/install/visualization_tools/lib/pkgconfig/visualization_tools.pc'
[1.390s] Level 1:colcon.colcon_core.environment:checking '/root/ros2_ws/src/install/visualization_tools/lib/python3.10/site-packages'
[1.390s] Level 1:colcon.colcon_core.environment:checking '/root/ros2_ws/src/install/visualization_tools/bin'
[1.390s] INFO:colcon.colcon_core.shell:Creating package script '/root/ros2_ws/src/install/visualization_tools/share/visualization_tools/package.ps1'
[1.391s] INFO:colcon.colcon_core.shell:Creating package descriptor '/root/ros2_ws/src/install/visualization_tools/share/visualization_tools/package.dsv'
[1.391s] INFO:colcon.colcon_core.shell:Creating package script '/root/ros2_ws/src/install/visualization_tools/share/visualization_tools/package.sh'
[1.391s] INFO:colcon.colcon_core.shell:Creating package script '/root/ros2_ws/src/install/visualization_tools/share/visualization_tools/package.bash'
[1.392s] INFO:colcon.colcon_core.shell:Creating package script '/root/ros2_ws/src/install/visualization_tools/share/visualization_tools/package.zsh'
[1.392s] Level 1:colcon.colcon_core.environment:create_file_with_runtime_dependencies(/root/ros2_ws/src/install/visualization_tools/share/colcon-core/packages/visualization_tools)
[1.394s] Level 1:colcon.colcon_core.environment:create_environment_scripts_only(far_planner)
[1.394s] Level 1:colcon.colcon_core.environment:checking '/root/ros2_ws/src/install/far_planner' for CMake module files
[1.394s] Level 1:colcon.colcon_core.environment:checking '/root/ros2_ws/src/install/far_planner' for CMake config files
[1.394s] Level 1:colcon.colcon_core.shell:create_environment_hook('far_planner', 'cmake_prefix_path')
[1.394s] INFO:colcon.colcon_core.shell:Creating environment hook '/root/ros2_ws/src/install/far_planner/share/far_planner/hook/cmake_prefix_path.ps1'
[1.395s] INFO:colcon.colcon_core.shell:Creating environment descriptor '/root/ros2_ws/src/install/far_planner/share/far_planner/hook/cmake_prefix_path.dsv'
[1.395s] INFO:colcon.colcon_core.shell:Creating environment hook '/root/ros2_ws/src/install/far_planner/share/far_planner/hook/cmake_prefix_path.sh'
[1.395s] Level 1:colcon.colcon_core.environment:checking '/root/ros2_ws/src/install/far_planner/lib'
[1.395s] Level 1:colcon.colcon_core.environment:checking '/root/ros2_ws/src/install/far_planner/bin'
[1.395s] Level 1:colcon.colcon_core.environment:checking '/root/ros2_ws/src/install/far_planner/lib/pkgconfig/far_planner.pc'
[1.395s] Level 1:colcon.colcon_core.environment:checking '/root/ros2_ws/src/install/far_planner/lib/python3.10/site-packages'
[1.396s] Level 1:colcon.colcon_core.environment:checking '/root/ros2_ws/src/install/far_planner/bin'
[1.396s] INFO:colcon.colcon_core.shell:Creating package script '/root/ros2_ws/src/install/far_planner/share/far_planner/package.ps1'
[1.396s] INFO:colcon.colcon_core.shell:Creating package descriptor '/root/ros2_ws/src/install/far_planner/share/far_planner/package.dsv'
[1.396s] INFO:colcon.colcon_core.shell:Creating package script '/root/ros2_ws/src/install/far_planner/share/far_planner/package.sh'
[1.396s] INFO:colcon.colcon_core.shell:Creating package script '/root/ros2_ws/src/install/far_planner/share/far_planner/package.bash'
[1.397s] INFO:colcon.colcon_core.shell:Creating package script '/root/ros2_ws/src/install/far_planner/share/far_planner/package.zsh'
[1.397s] Level 1:colcon.colcon_core.environment:create_file_with_runtime_dependencies(/root/ros2_ws/src/install/far_planner/share/colcon-core/packages/far_planner)
[1.397s] Level 1:colcon.colcon_core.environment:create_environment_scripts_only(far_planner)
[1.397s] Level 1:colcon.colcon_core.environment:checking '/root/ros2_ws/src/install/far_planner' for CMake module files
[1.397s] DEBUG:colcon.colcon_core.event_handler.log_command:Invoked command in '/root/ros2_ws/src/build/far_planner' returned '0': AMENT_PREFIX_PATH=/root/ros2_ws/src/install/visibility_graph_msg:${AMENT_PREFIX_PATH} CMAKE_PREFIX_PATH=/root/ros2_ws/src/install/visibility_graph_msg:/opt/ros/humble LD_LIBRARY_PATH=/root/ros2_ws/src/install/visibility_graph_msg/lib:${LD_LIBRARY_PATH} PYTHONPATH=/root/ros2_ws/src/install/visibility_graph_msg/local/lib/python3.10/dist-packages:${PYTHONPATH} /usr/bin/cmake --install /root/ros2_ws/src/build/far_planner
[1.398s] Level 1:colcon.colcon_core.environment:checking '/root/ros2_ws/src/install/far_planner' for CMake config files
[1.398s] Level 1:colcon.colcon_core.shell:create_environment_hook('far_planner', 'cmake_prefix_path')
[1.398s] INFO:colcon.colcon_core.shell:Creating environment hook '/root/ros2_ws/src/install/far_planner/share/far_planner/hook/cmake_prefix_path.ps1'
[1.398s] INFO:colcon.colcon_core.shell:Creating environment descriptor '/root/ros2_ws/src/install/far_planner/share/far_planner/hook/cmake_prefix_path.dsv'
[1.399s] INFO:colcon.colcon_core.shell:Creating environment hook '/root/ros2_ws/src/install/far_planner/share/far_planner/hook/cmake_prefix_path.sh'
[1.399s] Level 1:colcon.colcon_core.environment:checking '/root/ros2_ws/src/install/far_planner/lib'
[1.399s] Level 1:colcon.colcon_core.environment:checking '/root/ros2_ws/src/install/far_planner/bin'
[1.399s] Level 1:colcon.colcon_core.environment:checking '/root/ros2_ws/src/install/far_planner/lib/pkgconfig/far_planner.pc'
[1.399s] Level 1:colcon.colcon_core.environment:checking '/root/ros2_ws/src/install/far_planner/lib/python3.10/site-packages'
[1.399s] Level 1:colcon.colcon_core.environment:checking '/root/ros2_ws/src/install/far_planner/bin'
[1.399s] INFO:colcon.colcon_core.shell:Creating package script '/root/ros2_ws/src/install/far_planner/share/far_planner/package.ps1'
[1.400s] INFO:colcon.colcon_core.shell:Creating package descriptor '/root/ros2_ws/src/install/far_planner/share/far_planner/package.dsv'
[1.400s] INFO:colcon.colcon_core.shell:Creating package script '/root/ros2_ws/src/install/far_planner/share/far_planner/package.sh'
[1.400s] INFO:colcon.colcon_core.shell:Creating package script '/root/ros2_ws/src/install/far_planner/share/far_planner/package.bash'
[1.400s] INFO:colcon.colcon_core.shell:Creating package script '/root/ros2_ws/src/install/far_planner/share/far_planner/package.zsh'
[1.401s] Level 1:colcon.colcon_core.environment:create_file_with_runtime_dependencies(/root/ros2_ws/src/install/far_planner/share/colcon-core/packages/far_planner)
[1.401s] DEBUG:colcon.colcon_core.event_handler.log_command:Invoked command in '/root/ros2_ws/src/build/rviz_2d_overlay_plugins' returned '0': AMENT_PREFIX_PATH=/root/ros2_ws/src/install/rviz_2d_overlay_msgs:${AMENT_PREFIX_PATH} CMAKE_PREFIX_PATH=/root/ros2_ws/src/install/rviz_2d_overlay_msgs:/opt/ros/humble LD_LIBRARY_PATH=/root/ros2_ws/src/install/rviz_2d_overlay_msgs/lib:${LD_LIBRARY_PATH} PYTHONPATH=/root/ros2_ws/src/install/rviz_2d_overlay_msgs/local/lib/python3.10/dist-packages:${PYTHONPATH} /usr/bin/cmake --build /root/ros2_ws/src/build/rviz_2d_overlay_plugins -- -j24 -l24
[1.402s] DEBUG:colcon.colcon_core.event_handler.log_command:Invoking command in '/root/ros2_ws/src/build/rviz_2d_overlay_plugins': AMENT_PREFIX_PATH=/root/ros2_ws/src/install/rviz_2d_overlay_msgs:${AMENT_PREFIX_PATH} CMAKE_PREFIX_PATH=/root/ros2_ws/src/install/rviz_2d_overlay_msgs:/opt/ros/humble LD_LIBRARY_PATH=/root/ros2_ws/src/install/rviz_2d_overlay_msgs/lib:${LD_LIBRARY_PATH} PYTHONPATH=/root/ros2_ws/src/install/rviz_2d_overlay_msgs/local/lib/python3.10/dist-packages:${PYTHONPATH} /usr/bin/cmake --install /root/ros2_ws/src/build/rviz_2d_overlay_plugins
[1.406s] DEBUG:colcon.colcon_core.event_handler.log_command:Invoking command in '/root/ros2_ws/src/build/calibrate_imu': AMENT_PREFIX_PATH=/root/ros2_ws/src/install/go2_sport_api:/root/ros2_ws/src/install/unitree_go:/root/ros2_ws/src/install/unitree_api:${AMENT_PREFIX_PATH} CMAKE_PREFIX_PATH=/root/ros2_ws/src/install/go2_sport_api:/root/ros2_ws/src/install/unitree_go:/root/ros2_ws/src/install/unitree_api:/opt/ros/humble LD_LIBRARY_PATH=/root/ros2_ws/src/install/go2_sport_api/lib:/root/ros2_ws/src/install/unitree_go/lib:/root/ros2_ws/src/install/unitree_api/lib:${LD_LIBRARY_PATH} PYTHONPATH=/root/ros2_ws/src/install/unitree_go/local/lib/python3.10/dist-packages:/root/ros2_ws/src/install/unitree_api/local/lib/python3.10/dist-packages:${PYTHONPATH} /usr/bin/cmake --build /root/ros2_ws/src/build/calibrate_imu -- -j24 -l24
[1.409s] DEBUG:colcon.colcon_core.event_handler.log_command:Invoking command in '/root/ros2_ws/src/build/local_planner': AMENT_PREFIX_PATH=/root/ros2_ws/src/install/go2_sport_api:/root/ros2_ws/src/install/unitree_go:/root/ros2_ws/src/install/unitree_api:${AMENT_PREFIX_PATH} CMAKE_PREFIX_PATH=/root/ros2_ws/src/install/go2_sport_api:/root/ros2_ws/src/install/unitree_go:/root/ros2_ws/src/install/unitree_api:/opt/ros/humble LD_LIBRARY_PATH=/root/ros2_ws/src/install/go2_sport_api/lib:/root/ros2_ws/src/install/unitree_go/lib:/root/ros2_ws/src/install/unitree_api/lib:${LD_LIBRARY_PATH} PYTHONPATH=/root/ros2_ws/src/install/unitree_go/local/lib/python3.10/dist-packages:/root/ros2_ws/src/install/unitree_api/local/lib/python3.10/dist-packages:${PYTHONPATH} /usr/bin/cmake --build /root/ros2_ws/src/build/local_planner -- -j24 -l24
[1.416s] Level 1:colcon.colcon_core.environment:create_environment_scripts_only(rviz_2d_overlay_plugins)
[1.416s] Level 1:colcon.colcon_core.environment:checking '/root/ros2_ws/src/install/rviz_2d_overlay_plugins' for CMake module files
[1.417s] DEBUG:colcon.colcon_core.event_handler.log_command:Invoked command in '/root/ros2_ws/src/build/rviz_2d_overlay_plugins' returned '0': AMENT_PREFIX_PATH=/root/ros2_ws/src/install/rviz_2d_overlay_msgs:${AMENT_PREFIX_PATH} CMAKE_PREFIX_PATH=/root/ros2_ws/src/install/rviz_2d_overlay_msgs:/opt/ros/humble LD_LIBRARY_PATH=/root/ros2_ws/src/install/rviz_2d_overlay_msgs/lib:${LD_LIBRARY_PATH} PYTHONPATH=/root/ros2_ws/src/install/rviz_2d_overlay_msgs/local/lib/python3.10/dist-packages:${PYTHONPATH} /usr/bin/cmake --install /root/ros2_ws/src/build/rviz_2d_overlay_plugins
[1.417s] Level 1:colcon.colcon_core.environment:checking '/root/ros2_ws/src/install/rviz_2d_overlay_plugins' for CMake config files
[1.417s] Level 1:colcon.colcon_core.shell:create_environment_hook('rviz_2d_overlay_plugins', 'cmake_prefix_path')
[1.417s] INFO:colcon.colcon_core.shell:Creating environment hook '/root/ros2_ws/src/install/rviz_2d_overlay_plugins/share/rviz_2d_overlay_plugins/hook/cmake_prefix_path.ps1'
[1.418s] INFO:colcon.colcon_core.shell:Creating environment descriptor '/root/ros2_ws/src/install/rviz_2d_overlay_plugins/share/rviz_2d_overlay_plugins/hook/cmake_prefix_path.dsv'
[1.418s] INFO:colcon.colcon_core.shell:Creating environment hook '/root/ros2_ws/src/install/rviz_2d_overlay_plugins/share/rviz_2d_overlay_plugins/hook/cmake_prefix_path.sh'
[1.419s] Level 1:colcon.colcon_core.environment:checking '/root/ros2_ws/src/install/rviz_2d_overlay_plugins/lib'
[1.419s] Level 1:colcon.colcon_core.shell:create_environment_hook('rviz_2d_overlay_plugins', 'ld_library_path_lib')
[1.419s] INFO:colcon.colcon_core.shell:Creating environment hook '/root/ros2_ws/src/install/rviz_2d_overlay_plugins/share/rviz_2d_overlay_plugins/hook/ld_library_path_lib.ps1'
[1.419s] INFO:colcon.colcon_core.shell:Creating environment descriptor '/root/ros2_ws/src/install/rviz_2d_overlay_plugins/share/rviz_2d_overlay_plugins/hook/ld_library_path_lib.dsv'
[1.419s] INFO:colcon.colcon_core.shell:Creating environment hook '/root/ros2_ws/src/install/rviz_2d_overlay_plugins/share/rviz_2d_overlay_plugins/hook/ld_library_path_lib.sh'
[1.420s] Level 1:colcon.colcon_core.environment:checking '/root/ros2_ws/src/install/rviz_2d_overlay_plugins/bin'
[1.420s] Level 1:colcon.colcon_core.environment:checking '/root/ros2_ws/src/install/rviz_2d_overlay_plugins/lib/pkgconfig/rviz_2d_overlay_plugins.pc'
[1.420s] Level 1:colcon.colcon_core.environment:checking '/root/ros2_ws/src/install/rviz_2d_overlay_plugins/lib/python3.10/site-packages'
[1.420s] Level 1:colcon.colcon_core.environment:checking '/root/ros2_ws/src/install/rviz_2d_overlay_plugins/bin'
[1.421s] INFO:colcon.colcon_core.shell:Creating package script '/root/ros2_ws/src/install/rviz_2d_overlay_plugins/share/rviz_2d_overlay_plugins/package.ps1'
[1.421s] INFO:colcon.colcon_core.shell:Creating package descriptor '/root/ros2_ws/src/install/rviz_2d_overlay_plugins/share/rviz_2d_overlay_plugins/package.dsv'
[1.422s] INFO:colcon.colcon_core.shell:Creating package script '/root/ros2_ws/src/install/rviz_2d_overlay_plugins/share/rviz_2d_overlay_plugins/package.sh'
[1.422s] INFO:colcon.colcon_core.shell:Creating package script '/root/ros2_ws/src/install/rviz_2d_overlay_plugins/share/rviz_2d_overlay_plugins/package.bash'
[1.423s] INFO:colcon.colcon_core.shell:Creating package script '/root/ros2_ws/src/install/rviz_2d_overlay_plugins/share/rviz_2d_overlay_plugins/package.zsh'
[1.423s] Level 1:colcon.colcon_core.environment:create_file_with_runtime_dependencies(/root/ros2_ws/src/install/rviz_2d_overlay_plugins/share/colcon-core/packages/rviz_2d_overlay_plugins)
[1.423s] Level 1:colcon.colcon_core.environment:create_environment_scripts_only(rviz_2d_overlay_plugins)
[1.424s] Level 1:colcon.colcon_core.environment:checking '/root/ros2_ws/src/install/rviz_2d_overlay_plugins' for CMake module files
[1.424s] Level 1:colcon.colcon_core.environment:checking '/root/ros2_ws/src/install/rviz_2d_overlay_plugins' for CMake config files
[1.424s] Level 1:colcon.colcon_core.shell:create_environment_hook('rviz_2d_overlay_plugins', 'cmake_prefix_path')
[1.424s] INFO:colcon.colcon_core.shell:Creating environment hook '/root/ros2_ws/src/install/rviz_2d_overlay_plugins/share/rviz_2d_overlay_plugins/hook/cmake_prefix_path.ps1'
[1.425s] INFO:colcon.colcon_core.shell:Creating environment descriptor '/root/ros2_ws/src/install/rviz_2d_overlay_plugins/share/rviz_2d_overlay_plugins/hook/cmake_prefix_path.dsv'
[1.426s] INFO:colcon.colcon_core.shell:Creating environment hook '/root/ros2_ws/src/install/rviz_2d_overlay_plugins/share/rviz_2d_overlay_plugins/hook/cmake_prefix_path.sh'
[1.426s] Level 1:colcon.colcon_core.environment:checking '/root/ros2_ws/src/install/rviz_2d_overlay_plugins/lib'
[1.426s] Level 1:colcon.colcon_core.shell:create_environment_hook('rviz_2d_overlay_plugins', 'ld_library_path_lib')
[1.426s] INFO:colcon.colcon_core.shell:Creating environment hook '/root/ros2_ws/src/install/rviz_2d_overlay_plugins/share/rviz_2d_overlay_plugins/hook/ld_library_path_lib.ps1'
[1.427s] INFO:colcon.colcon_core.shell:Creating environment descriptor '/root/ros2_ws/src/install/rviz_2d_overlay_plugins/share/rviz_2d_overlay_plugins/hook/ld_library_path_lib.dsv'
[1.427s] INFO:colcon.colcon_core.shell:Creating environment hook '/root/ros2_ws/src/install/rviz_2d_overlay_plugins/share/rviz_2d_overlay_plugins/hook/ld_library_path_lib.sh'
[1.427s] Level 1:colcon.colcon_core.environment:checking '/root/ros2_ws/src/install/rviz_2d_overlay_plugins/bin'
[1.427s] Level 1:colcon.colcon_core.environment:checking '/root/ros2_ws/src/install/rviz_2d_overlay_plugins/lib/pkgconfig/rviz_2d_overlay_plugins.pc'
[1.428s] Level 1:colcon.colcon_core.environment:checking '/root/ros2_ws/src/install/rviz_2d_overlay_plugins/lib/python3.10/site-packages'
[1.428s] Level 1:colcon.colcon_core.environment:checking '/root/ros2_ws/src/install/rviz_2d_overlay_plugins/bin'
[1.428s] INFO:colcon.colcon_core.shell:Creating package script '/root/ros2_ws/src/install/rviz_2d_overlay_plugins/share/rviz_2d_overlay_plugins/package.ps1'
[1.429s] INFO:colcon.colcon_core.shell:Creating package descriptor '/root/ros2_ws/src/install/rviz_2d_overlay_plugins/share/rviz_2d_overlay_plugins/package.dsv'
[1.429s] INFO:colcon.colcon_core.shell:Creating package script '/root/ros2_ws/src/install/rviz_2d_overlay_plugins/share/rviz_2d_overlay_plugins/package.sh'
[1.430s] INFO:colcon.colcon_core.shell:Creating package script '/root/ros2_ws/src/install/rviz_2d_overlay_plugins/share/rviz_2d_overlay_plugins/package.bash'
[1.430s] INFO:colcon.colcon_core.shell:Creating package script '/root/ros2_ws/src/install/rviz_2d_overlay_plugins/share/rviz_2d_overlay_plugins/package.zsh'
[1.430s] Level 1:colcon.colcon_core.environment:create_file_with_runtime_dependencies(/root/ros2_ws/src/install/rviz_2d_overlay_plugins/share/colcon-core/packages/rviz_2d_overlay_plugins)
[1.461s] DEBUG:colcon.colcon_core.event_handler.log_command:Invoked command in '/root/ros2_ws/src/build/super_odometry' returned '0': AMENT_PREFIX_PATH=/root/ros2_ws/src/install/super_odometry_msgs:/root/ros2_ws/src/install/livox_ros_driver2:${AMENT_PREFIX_PATH} CMAKE_PREFIX_PATH=/root/ros2_ws/src/install/super_odometry_msgs:/root/ros2_ws/src/install/livox_ros_driver2:/opt/ros/humble LD_LIBRARY_PATH=/root/ros2_ws/src/install/super_odometry_msgs/lib:/root/ros2_ws/src/install/livox_ros_driver2/lib:${LD_LIBRARY_PATH} PYTHONPATH=/root/ros2_ws/src/install/super_odometry_msgs/local/lib/python3.10/dist-packages:/root/ros2_ws/src/install/livox_ros_driver2/local/lib/python3.10/dist-packages:${PYTHONPATH} /usr/bin/cmake --build /root/ros2_ws/src/build/super_odometry -- -j24 -l24
[1.466s] DEBUG:colcon.colcon_core.event_handler.log_command:Invoking command in '/root/ros2_ws/src/build/super_odometry': AMENT_PREFIX_PATH=/root/ros2_ws/src/install/super_odometry_msgs:/root/ros2_ws/src/install/livox_ros_driver2:${AMENT_PREFIX_PATH} CMAKE_PREFIX_PATH=/root/ros2_ws/src/install/super_odometry_msgs:/root/ros2_ws/src/install/livox_ros_driver2:/opt/ros/humble LD_LIBRARY_PATH=/root/ros2_ws/src/install/super_odometry_msgs/lib:/root/ros2_ws/src/install/livox_ros_driver2/lib:${LD_LIBRARY_PATH} PYTHONPATH=/root/ros2_ws/src/install/super_odometry_msgs/local/lib/python3.10/dist-packages:/root/ros2_ws/src/install/livox_ros_driver2/local/lib/python3.10/dist-packages:${PYTHONPATH} /usr/bin/cmake --install /root/ros2_ws/src/build/super_odometry
[1.468s] DEBUG:colcon.colcon_core.event_handler.log_command:Invoked command in '/root/ros2_ws/src/build/calibrate_imu' returned '0': AMENT_PREFIX_PATH=/root/ros2_ws/src/install/go2_sport_api:/root/ros2_ws/src/install/unitree_go:/root/ros2_ws/src/install/unitree_api:${AMENT_PREFIX_PATH} CMAKE_PREFIX_PATH=/root/ros2_ws/src/install/go2_sport_api:/root/ros2_ws/src/install/unitree_go:/root/ros2_ws/src/install/unitree_api:/opt/ros/humble LD_LIBRARY_PATH=/root/ros2_ws/src/install/go2_sport_api/lib:/root/ros2_ws/src/install/unitree_go/lib:/root/ros2_ws/src/install/unitree_api/lib:${LD_LIBRARY_PATH} PYTHONPATH=/root/ros2_ws/src/install/unitree_go/local/lib/python3.10/dist-packages:/root/ros2_ws/src/install/unitree_api/local/lib/python3.10/dist-packages:${PYTHONPATH} /usr/bin/cmake --build /root/ros2_ws/src/build/calibrate_imu -- -j24 -l24
[1.468s] DEBUG:colcon.colcon_core.event_handler.log_command:Invoking command in '/root/ros2_ws/src/build/calibrate_imu': AMENT_PREFIX_PATH=/root/ros2_ws/src/install/go2_sport_api:/root/ros2_ws/src/install/unitree_go:/root/ros2_ws/src/install/unitree_api:${AMENT_PREFIX_PATH} CMAKE_PREFIX_PATH=/root/ros2_ws/src/install/go2_sport_api:/root/ros2_ws/src/install/unitree_go:/root/ros2_ws/src/install/unitree_api:/opt/ros/humble LD_LIBRARY_PATH=/root/ros2_ws/src/install/go2_sport_api/lib:/root/ros2_ws/src/install/unitree_go/lib:/root/ros2_ws/src/install/unitree_api/lib:${LD_LIBRARY_PATH} PYTHONPATH=/root/ros2_ws/src/install/unitree_go/local/lib/python3.10/dist-packages:/root/ros2_ws/src/install/unitree_api/local/lib/python3.10/dist-packages:${PYTHONPATH} /usr/bin/cmake --install /root/ros2_ws/src/build/calibrate_imu
[1.475s] Level 1:colcon.colcon_core.environment:create_environment_scripts_only(calibrate_imu)
[1.475s] Level 1:colcon.colcon_core.environment:checking '/root/ros2_ws/src/install/calibrate_imu' for CMake module files
[1.476s] Level 1:colcon.colcon_core.environment:checking '/root/ros2_ws/src/install/calibrate_imu' for CMake config files
[1.476s] Level 1:colcon.colcon_core.shell:create_environment_hook('calibrate_imu', 'cmake_prefix_path')
[1.476s] INFO:colcon.colcon_core.shell:Creating environment hook '/root/ros2_ws/src/install/calibrate_imu/share/calibrate_imu/hook/cmake_prefix_path.ps1'
[1.477s] INFO:colcon.colcon_core.shell:Creating environment descriptor '/root/ros2_ws/src/install/calibrate_imu/share/calibrate_imu/hook/cmake_prefix_path.dsv'
[1.478s] DEBUG:colcon.colcon_core.event_handler.log_command:Invoked command in '/root/ros2_ws/src/build/calibrate_imu' returned '0': AMENT_PREFIX_PATH=/root/ros2_ws/src/install/go2_sport_api:/root/ros2_ws/src/install/unitree_go:/root/ros2_ws/src/install/unitree_api:${AMENT_PREFIX_PATH} CMAKE_PREFIX_PATH=/root/ros2_ws/src/install/go2_sport_api:/root/ros2_ws/src/install/unitree_go:/root/ros2_ws/src/install/unitree_api:/opt/ros/humble LD_LIBRARY_PATH=/root/ros2_ws/src/install/go2_sport_api/lib:/root/ros2_ws/src/install/unitree_go/lib:/root/ros2_ws/src/install/unitree_api/lib:${LD_LIBRARY_PATH} PYTHONPATH=/root/ros2_ws/src/install/unitree_go/local/lib/python3.10/dist-packages:/root/ros2_ws/src/install/unitree_api/local/lib/python3.10/dist-packages:${PYTHONPATH} /usr/bin/cmake --install /root/ros2_ws/src/build/calibrate_imu
[1.478s] INFO:colcon.colcon_core.shell:Creating environment hook '/root/ros2_ws/src/install/calibrate_imu/share/calibrate_imu/hook/cmake_prefix_path.sh'
[1.479s] Level 1:colcon.colcon_core.environment:checking '/root/ros2_ws/src/install/calibrate_imu/lib'
[1.479s] Level 1:colcon.colcon_core.environment:checking '/root/ros2_ws/src/install/calibrate_imu/bin'
[1.479s] Level 1:colcon.colcon_core.environment:checking '/root/ros2_ws/src/install/calibrate_imu/lib/pkgconfig/calibrate_imu.pc'
[1.479s] Level 1:colcon.colcon_core.environment:checking '/root/ros2_ws/src/install/calibrate_imu/lib/python3.10/site-packages'
[1.479s] Level 1:colcon.colcon_core.environment:checking '/root/ros2_ws/src/install/calibrate_imu/bin'
[1.479s] INFO:colcon.colcon_core.shell:Creating package script '/root/ros2_ws/src/install/calibrate_imu/share/calibrate_imu/package.ps1'
[1.481s] INFO:colcon.colcon_core.shell:Creating package descriptor '/root/ros2_ws/src/install/calibrate_imu/share/calibrate_imu/package.dsv'
[1.482s] INFO:colcon.colcon_core.shell:Creating package script '/root/ros2_ws/src/install/calibrate_imu/share/calibrate_imu/package.sh'
[1.482s] INFO:colcon.colcon_core.shell:Creating package script '/root/ros2_ws/src/install/calibrate_imu/share/calibrate_imu/package.bash'
[1.482s] INFO:colcon.colcon_core.shell:Creating package script '/root/ros2_ws/src/install/calibrate_imu/share/calibrate_imu/package.zsh'
[1.483s] Level 1:colcon.colcon_core.environment:create_file_with_runtime_dependencies(/root/ros2_ws/src/install/calibrate_imu/share/colcon-core/packages/calibrate_imu)
[1.483s] Level 1:colcon.colcon_core.environment:create_environment_scripts_only(calibrate_imu)
[1.483s] Level 1:colcon.colcon_core.environment:checking '/root/ros2_ws/src/install/calibrate_imu' for CMake module files
[1.483s] Level 1:colcon.colcon_core.environment:checking '/root/ros2_ws/src/install/calibrate_imu' for CMake config files
[1.483s] Level 1:colcon.colcon_core.shell:create_environment_hook('calibrate_imu', 'cmake_prefix_path')
[1.484s] INFO:colcon.colcon_core.shell:Creating environment hook '/root/ros2_ws/src/install/calibrate_imu/share/calibrate_imu/hook/cmake_prefix_path.ps1'
[1.484s] INFO:colcon.colcon_core.shell:Creating environment descriptor '/root/ros2_ws/src/install/calibrate_imu/share/calibrate_imu/hook/cmake_prefix_path.dsv'
[1.484s] INFO:colcon.colcon_core.shell:Creating environment hook '/root/ros2_ws/src/install/calibrate_imu/share/calibrate_imu/hook/cmake_prefix_path.sh'
[1.484s] Level 1:colcon.colcon_core.environment:checking '/root/ros2_ws/src/install/calibrate_imu/lib'
[1.484s] Level 1:colcon.colcon_core.environment:checking '/root/ros2_ws/src/install/calibrate_imu/bin'
[1.484s] Level 1:colcon.colcon_core.environment:checking '/root/ros2_ws/src/install/calibrate_imu/lib/pkgconfig/calibrate_imu.pc'
[1.485s] Level 1:colcon.colcon_core.environment:checking '/root/ros2_ws/src/install/calibrate_imu/lib/python3.10/site-packages'
[1.485s] Level 1:colcon.colcon_core.environment:checking '/root/ros2_ws/src/install/calibrate_imu/bin'
[1.485s] INFO:colcon.colcon_core.shell:Creating package script '/root/ros2_ws/src/install/calibrate_imu/share/calibrate_imu/package.ps1'
[1.485s] INFO:colcon.colcon_core.shell:Creating package descriptor '/root/ros2_ws/src/install/calibrate_imu/share/calibrate_imu/package.dsv'
[1.486s] INFO:colcon.colcon_core.shell:Creating package script '/root/ros2_ws/src/install/calibrate_imu/share/calibrate_imu/package.sh'
[1.486s] INFO:colcon.colcon_core.shell:Creating package script '/root/ros2_ws/src/install/calibrate_imu/share/calibrate_imu/package.bash'
[1.486s] INFO:colcon.colcon_core.shell:Creating package script '/root/ros2_ws/src/install/calibrate_imu/share/calibrate_imu/package.zsh'
[1.486s] Level 1:colcon.colcon_core.environment:create_file_with_runtime_dependencies(/root/ros2_ws/src/install/calibrate_imu/share/colcon-core/packages/calibrate_imu)
[1.487s] DEBUG:colcon.colcon_core.event_handler.log_command:Invoked command in '/root/ros2_ws/src/build/local_planner' returned '0': AMENT_PREFIX_PATH=/root/ros2_ws/src/install/go2_sport_api:/root/ros2_ws/src/install/unitree_go:/root/ros2_ws/src/install/unitree_api:${AMENT_PREFIX_PATH} CMAKE_PREFIX_PATH=/root/ros2_ws/src/install/go2_sport_api:/root/ros2_ws/src/install/unitree_go:/root/ros2_ws/src/install/unitree_api:/opt/ros/humble LD_LIBRARY_PATH=/root/ros2_ws/src/install/go2_sport_api/lib:/root/ros2_ws/src/install/unitree_go/lib:/root/ros2_ws/src/install/unitree_api/lib:${LD_LIBRARY_PATH} PYTHONPATH=/root/ros2_ws/src/install/unitree_go/local/lib/python3.10/dist-packages:/root/ros2_ws/src/install/unitree_api/local/lib/python3.10/dist-packages:${PYTHONPATH} /usr/bin/cmake --build /root/ros2_ws/src/build/local_planner -- -j24 -l24
[1.488s] DEBUG:colcon.colcon_core.event_handler.log_command:Invoking command in '/root/ros2_ws/src/build/local_planner': AMENT_PREFIX_PATH=/root/ros2_ws/src/install/go2_sport_api:/root/ros2_ws/src/install/unitree_go:/root/ros2_ws/src/install/unitree_api:${AMENT_PREFIX_PATH} CMAKE_PREFIX_PATH=/root/ros2_ws/src/install/go2_sport_api:/root/ros2_ws/src/install/unitree_go:/root/ros2_ws/src/install/unitree_api:/opt/ros/humble LD_LIBRARY_PATH=/root/ros2_ws/src/install/go2_sport_api/lib:/root/ros2_ws/src/install/unitree_go/lib:/root/ros2_ws/src/install/unitree_api/lib:${LD_LIBRARY_PATH} PYTHONPATH=/root/ros2_ws/src/install/unitree_go/local/lib/python3.10/dist-packages:/root/ros2_ws/src/install/unitree_api/local/lib/python3.10/dist-packages:${PYTHONPATH} /usr/bin/cmake --install /root/ros2_ws/src/build/local_planner
[1.488s] Level 1:colcon.colcon_core.environment:create_environment_scripts_only(super_odometry)
[1.489s] DEBUG:colcon.colcon_core.event_handler.log_command:Invoked command in '/root/ros2_ws/src/build/super_odometry' returned '0': AMENT_PREFIX_PATH=/root/ros2_ws/src/install/super_odometry_msgs:/root/ros2_ws/src/install/livox_ros_driver2:${AMENT_PREFIX_PATH} CMAKE_PREFIX_PATH=/root/ros2_ws/src/install/super_odometry_msgs:/root/ros2_ws/src/install/livox_ros_driver2:/opt/ros/humble LD_LIBRARY_PATH=/root/ros2_ws/src/install/super_odometry_msgs/lib:/root/ros2_ws/src/install/livox_ros_driver2/lib:${LD_LIBRARY_PATH} PYTHONPATH=/root/ros2_ws/src/install/super_odometry_msgs/local/lib/python3.10/dist-packages:/root/ros2_ws/src/install/livox_ros_driver2/local/lib/python3.10/dist-packages:${PYTHONPATH} /usr/bin/cmake --install /root/ros2_ws/src/build/super_odometry
[1.493s] Level 1:colcon.colcon_core.environment:checking '/root/ros2_ws/src/install/super_odometry' for CMake module files
[1.493s] Level 1:colcon.colcon_core.environment:checking '/root/ros2_ws/src/install/super_odometry' for CMake config files
[1.493s] Level 1:colcon.colcon_core.shell:create_environment_hook('super_odometry', 'cmake_prefix_path')
[1.493s] INFO:colcon.colcon_core.shell:Creating environment hook '/root/ros2_ws/src/install/super_odometry/share/super_odometry/hook/cmake_prefix_path.ps1'
[1.494s] INFO:colcon.colcon_core.shell:Creating environment descriptor '/root/ros2_ws/src/install/super_odometry/share/super_odometry/hook/cmake_prefix_path.dsv'
[1.494s] INFO:colcon.colcon_core.shell:Creating environment hook '/root/ros2_ws/src/install/super_odometry/share/super_odometry/hook/cmake_prefix_path.sh'
[1.494s] Level 1:colcon.colcon_core.environment:checking '/root/ros2_ws/src/install/super_odometry/lib'
[1.494s] Level 1:colcon.colcon_core.shell:create_environment_hook('super_odometry', 'ld_library_path_lib')
[1.494s] INFO:colcon.colcon_core.shell:Creating environment hook '/root/ros2_ws/src/install/super_odometry/share/super_odometry/hook/ld_library_path_lib.ps1'
[1.495s] INFO:colcon.colcon_core.shell:Creating environment descriptor '/root/ros2_ws/src/install/super_odometry/share/super_odometry/hook/ld_library_path_lib.dsv'
[1.495s] INFO:colcon.colcon_core.shell:Creating environment hook '/root/ros2_ws/src/install/super_odometry/share/super_odometry/hook/ld_library_path_lib.sh'
[1.495s] Level 1:colcon.colcon_core.environment:checking '/root/ros2_ws/src/install/super_odometry/bin'
[1.495s] Level 1:colcon.colcon_core.environment:checking '/root/ros2_ws/src/install/super_odometry/lib/pkgconfig/super_odometry.pc'
[1.495s] Level 1:colcon.colcon_core.environment:checking '/root/ros2_ws/src/install/super_odometry/lib/python3.10/site-packages'
[1.495s] Level 1:colcon.colcon_core.environment:checking '/root/ros2_ws/src/install/super_odometry/bin'
[1.496s] INFO:colcon.colcon_core.shell:Creating package script '/root/ros2_ws/src/install/super_odometry/share/super_odometry/package.ps1'
[1.496s] INFO:colcon.colcon_core.shell:Creating package descriptor '/root/ros2_ws/src/install/super_odometry/share/super_odometry/package.dsv'
[1.496s] INFO:colcon.colcon_core.shell:Creating package script '/root/ros2_ws/src/install/super_odometry/share/super_odometry/package.sh'
[1.496s] INFO:colcon.colcon_core.shell:Creating package script '/root/ros2_ws/src/install/super_odometry/share/super_odometry/package.bash'
[1.497s] INFO:colcon.colcon_core.shell:Creating package script '/root/ros2_ws/src/install/super_odometry/share/super_odometry/package.zsh'
[1.498s] Level 1:colcon.colcon_core.environment:create_file_with_runtime_dependencies(/root/ros2_ws/src/install/super_odometry/share/colcon-core/packages/super_odometry)
[1.499s] Level 1:colcon.colcon_core.environment:create_environment_scripts_only(super_odometry)
[1.500s] Level 1:colcon.colcon_core.environment:checking '/root/ros2_ws/src/install/super_odometry' for CMake module files
[1.500s] Level 1:colcon.colcon_core.environment:checking '/root/ros2_ws/src/install/super_odometry' for CMake config files
[1.501s] Level 1:colcon.colcon_core.shell:create_environment_hook('super_odometry', 'cmake_prefix_path')
[1.501s] INFO:colcon.colcon_core.shell:Creating environment hook '/root/ros2_ws/src/install/super_odometry/share/super_odometry/hook/cmake_prefix_path.ps1'
[1.501s] INFO:colcon.colcon_core.shell:Creating environment descriptor '/root/ros2_ws/src/install/super_odometry/share/super_odometry/hook/cmake_prefix_path.dsv'
[1.501s] INFO:colcon.colcon_core.shell:Creating environment hook '/root/ros2_ws/src/install/super_odometry/share/super_odometry/hook/cmake_prefix_path.sh'
[1.503s] Level 1:colcon.colcon_core.environment:checking '/root/ros2_ws/src/install/super_odometry/lib'
[1.503s] Level 1:colcon.colcon_core.shell:create_environment_hook('super_odometry', 'ld_library_path_lib')
[1.503s] INFO:colcon.colcon_core.shell:Creating environment hook '/root/ros2_ws/src/install/super_odometry/share/super_odometry/hook/ld_library_path_lib.ps1'
[1.503s] INFO:colcon.colcon_core.shell:Creating environment descriptor '/root/ros2_ws/src/install/super_odometry/share/super_odometry/hook/ld_library_path_lib.dsv'
[1.504s] INFO:colcon.colcon_core.shell:Creating environment hook '/root/ros2_ws/src/install/super_odometry/share/super_odometry/hook/ld_library_path_lib.sh'
[1.504s] Level 1:colcon.colcon_core.environment:checking '/root/ros2_ws/src/install/super_odometry/bin'
[1.504s] Level 1:colcon.colcon_core.environment:checking '/root/ros2_ws/src/install/super_odometry/lib/pkgconfig/super_odometry.pc'
[1.504s] Level 1:colcon.colcon_core.environment:checking '/root/ros2_ws/src/install/super_odometry/lib/python3.10/site-packages'
[1.504s] Level 1:colcon.colcon_core.environment:checking '/root/ros2_ws/src/install/super_odometry/bin'
[1.504s] INFO:colcon.colcon_core.shell:Creating package script '/root/ros2_ws/src/install/super_odometry/share/super_odometry/package.ps1'
[1.505s] INFO:colcon.colcon_core.shell:Creating package descriptor '/root/ros2_ws/src/install/super_odometry/share/super_odometry/package.dsv'
[1.505s] INFO:colcon.colcon_core.shell:Creating package script '/root/ros2_ws/src/install/super_odometry/share/super_odometry/package.sh'
[1.506s] INFO:colcon.colcon_core.shell:Creating package script '/root/ros2_ws/src/install/super_odometry/share/super_odometry/package.bash'
[1.506s] INFO:colcon.colcon_core.shell:Creating package script '/root/ros2_ws/src/install/super_odometry/share/super_odometry/package.zsh'
[1.506s] Level 1:colcon.colcon_core.environment:create_file_with_runtime_dependencies(/root/ros2_ws/src/install/super_odometry/share/colcon-core/packages/super_odometry)
[1.507s] Level 1:colcon.colcon_core.environment:create_environment_scripts_only(local_planner)
[1.507s] Level 1:colcon.colcon_core.environment:checking '/root/ros2_ws/src/install/local_planner' for CMake module files
[1.508s] DEBUG:colcon.colcon_core.event_handler.log_command:Invoked command in '/root/ros2_ws/src/build/local_planner' returned '0': AMENT_PREFIX_PATH=/root/ros2_ws/src/install/go2_sport_api:/root/ros2_ws/src/install/unitree_go:/root/ros2_ws/src/install/unitree_api:${AMENT_PREFIX_PATH} CMAKE_PREFIX_PATH=/root/ros2_ws/src/install/go2_sport_api:/root/ros2_ws/src/install/unitree_go:/root/ros2_ws/src/install/unitree_api:/opt/ros/humble LD_LIBRARY_PATH=/root/ros2_ws/src/install/go2_sport_api/lib:/root/ros2_ws/src/install/unitree_go/lib:/root/ros2_ws/src/install/unitree_api/lib:${LD_LIBRARY_PATH} PYTHONPATH=/root/ros2_ws/src/install/unitree_go/local/lib/python3.10/dist-packages:/root/ros2_ws/src/install/unitree_api/local/lib/python3.10/dist-packages:${PYTHONPATH} /usr/bin/cmake --install /root/ros2_ws/src/build/local_planner
[1.508s] Level 1:colcon.colcon_core.environment:checking '/root/ros2_ws/src/install/local_planner' for CMake config files
[1.508s] Level 1:colcon.colcon_core.shell:create_environment_hook('local_planner', 'cmake_prefix_path')
[1.509s] INFO:colcon.colcon_core.shell:Creating environment hook '/root/ros2_ws/src/install/local_planner/share/local_planner/hook/cmake_prefix_path.ps1'
[1.509s] INFO:colcon.colcon_core.shell:Creating environment descriptor '/root/ros2_ws/src/install/local_planner/share/local_planner/hook/cmake_prefix_path.dsv'
[1.509s] INFO:colcon.colcon_core.shell:Creating environment hook '/root/ros2_ws/src/install/local_planner/share/local_planner/hook/cmake_prefix_path.sh'
[1.510s] Level 1:colcon.colcon_core.environment:checking '/root/ros2_ws/src/install/local_planner/lib'
[1.510s] Level 1:colcon.colcon_core.environment:checking '/root/ros2_ws/src/install/local_planner/bin'
[1.510s] Level 1:colcon.colcon_core.environment:checking '/root/ros2_ws/src/install/local_planner/lib/pkgconfig/local_planner.pc'
[1.510s] Level 1:colcon.colcon_core.environment:checking '/root/ros2_ws/src/install/local_planner/lib/python3.10/site-packages'
[1.510s] Level 1:colcon.colcon_core.environment:checking '/root/ros2_ws/src/install/local_planner/bin'
[1.510s] INFO:colcon.colcon_core.shell:Creating package script '/root/ros2_ws/src/install/local_planner/share/local_planner/package.ps1'
[1.511s] INFO:colcon.colcon_core.shell:Creating package descriptor '/root/ros2_ws/src/install/local_planner/share/local_planner/package.dsv'
[1.511s] INFO:colcon.colcon_core.shell:Creating package script '/root/ros2_ws/src/install/local_planner/share/local_planner/package.sh'
[1.511s] INFO:colcon.colcon_core.shell:Creating package script '/root/ros2_ws/src/install/local_planner/share/local_planner/package.bash'
[1.511s] INFO:colcon.colcon_core.shell:Creating package script '/root/ros2_ws/src/install/local_planner/share/local_planner/package.zsh'
[1.511s] Level 1:colcon.colcon_core.environment:create_file_with_runtime_dependencies(/root/ros2_ws/src/install/local_planner/share/colcon-core/packages/local_planner)
[1.512s] Level 1:colcon.colcon_core.environment:create_environment_scripts_only(local_planner)
[1.512s] Level 1:colcon.colcon_core.environment:checking '/root/ros2_ws/src/install/local_planner' for CMake module files
[1.512s] Level 1:colcon.colcon_core.environment:checking '/root/ros2_ws/src/install/local_planner' for CMake config files
[1.512s] Level 1:colcon.colcon_core.shell:create_environment_hook('local_planner', 'cmake_prefix_path')
[1.512s] INFO:colcon.colcon_core.shell:Creating environment hook '/root/ros2_ws/src/install/local_planner/share/local_planner/hook/cmake_prefix_path.ps1'
[1.513s] INFO:colcon.colcon_core.shell:Creating environment descriptor '/root/ros2_ws/src/install/local_planner/share/local_planner/hook/cmake_prefix_path.dsv'
[1.513s] INFO:colcon.colcon_core.shell:Creating environment hook '/root/ros2_ws/src/install/local_planner/share/local_planner/hook/cmake_prefix_path.sh'
[1.513s] Level 1:colcon.colcon_core.environment:checking '/root/ros2_ws/src/install/local_planner/lib'
[1.513s] Level 1:colcon.colcon_core.environment:checking '/root/ros2_ws/src/install/local_planner/bin'
[1.513s] Level 1:colcon.colcon_core.environment:checking '/root/ros2_ws/src/install/local_planner/lib/pkgconfig/local_planner.pc'
[1.513s] Level 1:colcon.colcon_core.environment:checking '/root/ros2_ws/src/install/local_planner/lib/python3.10/site-packages'
[1.515s] Level 1:colcon.colcon_core.environment:checking '/root/ros2_ws/src/install/local_planner/bin'
[1.515s] INFO:colcon.colcon_core.shell:Creating package script '/root/ros2_ws/src/install/local_planner/share/local_planner/package.ps1'
[1.515s] INFO:colcon.colcon_core.shell:Creating package descriptor '/root/ros2_ws/src/install/local_planner/share/local_planner/package.dsv'
[1.516s] INFO:colcon.colcon_core.shell:Creating package script '/root/ros2_ws/src/install/local_planner/share/local_planner/package.sh'
[1.516s] INFO:colcon.colcon_core.shell:Creating package script '/root/ros2_ws/src/install/local_planner/share/local_planner/package.bash'
[1.516s] INFO:colcon.colcon_core.shell:Creating package script '/root/ros2_ws/src/install/local_planner/share/local_planner/package.zsh'
[1.516s] Level 1:colcon.colcon_core.environment:create_file_with_runtime_dependencies(/root/ros2_ws/src/install/local_planner/share/colcon-core/packages/local_planner)
[1.600s] Level 1:colcon.colcon_core.environment:checking '/root/ros2_ws/src/install/ros_tcp_endpoint' for CMake module files
[1.601s] DEBUG:colcon.colcon_core.event_handler.log_command:Invoked command in '/root/ros2_ws/src/utilities/ROS-TCP-Endpoint' returned '0': PYTHONPATH=/root/ros2_ws/src/build/ros_tcp_endpoint/prefix_override:/usr/lib/python3/dist-packages/colcon_core/task/python/colcon_distutils_commands:/root/ros2_ws/src/install/ros_tcp_endpoint/lib/python3.10/site-packages:${PYTHONPATH} /usr/bin/python3 -W ignore:setup.py install is deprecated -W ignore:easy_install command is deprecated setup.py egg_info --egg-base ../../build/ros_tcp_endpoint build --build-base /root/ros2_ws/src/build/ros_tcp_endpoint/build install --record /root/ros2_ws/src/build/ros_tcp_endpoint/install.log --install-scripts $base/lib/ros_tcp_endpoint --single-version-externally-managed install_data
[1.601s] Level 1:colcon.colcon_core.environment:checking '/root/ros2_ws/src/install/ros_tcp_endpoint' for CMake config files
[1.602s] Level 1:colcon.colcon_core.environment:checking '/root/ros2_ws/src/install/ros_tcp_endpoint/lib'
[1.602s] Level 1:colcon.colcon_core.environment:checking '/root/ros2_ws/src/install/ros_tcp_endpoint/bin'
[1.602s] Level 1:colcon.colcon_core.environment:checking '/root/ros2_ws/src/install/ros_tcp_endpoint/lib/pkgconfig/ros_tcp_endpoint.pc'
[1.602s] Level 1:colcon.colcon_core.environment:checking '/root/ros2_ws/src/install/ros_tcp_endpoint/lib/python3.10/site-packages'
[1.602s] Level 1:colcon.colcon_core.shell:create_environment_hook('ros_tcp_endpoint', 'pythonpath')
[1.602s] INFO:colcon.colcon_core.shell:Creating environment hook '/root/ros2_ws/src/install/ros_tcp_endpoint/share/ros_tcp_endpoint/hook/pythonpath.ps1'
[1.602s] INFO:colcon.colcon_core.shell:Creating environment descriptor '/root/ros2_ws/src/install/ros_tcp_endpoint/share/ros_tcp_endpoint/hook/pythonpath.dsv'
[1.603s] INFO:colcon.colcon_core.shell:Creating environment hook '/root/ros2_ws/src/install/ros_tcp_endpoint/share/ros_tcp_endpoint/hook/pythonpath.sh'
[1.603s] Level 1:colcon.colcon_core.environment:checking '/root/ros2_ws/src/install/ros_tcp_endpoint/bin'
[1.603s] Level 1:colcon.colcon_core.environment:create_environment_scripts_only(ros_tcp_endpoint)
[1.603s] INFO:colcon.colcon_core.shell:Creating package script '/root/ros2_ws/src/install/ros_tcp_endpoint/share/ros_tcp_endpoint/package.ps1'
[1.603s] INFO:colcon.colcon_core.shell:Creating package descriptor '/root/ros2_ws/src/install/ros_tcp_endpoint/share/ros_tcp_endpoint/package.dsv'
[1.604s] INFO:colcon.colcon_core.shell:Creating package script '/root/ros2_ws/src/install/ros_tcp_endpoint/share/ros_tcp_endpoint/package.sh'
[1.604s] INFO:colcon.colcon_core.shell:Creating package script '/root/ros2_ws/src/install/ros_tcp_endpoint/share/ros_tcp_endpoint/package.bash'
[1.604s] INFO:colcon.colcon_core.shell:Creating package script '/root/ros2_ws/src/install/ros_tcp_endpoint/share/ros_tcp_endpoint/package.zsh'
[1.604s] Level 1:colcon.colcon_core.environment:create_file_with_runtime_dependencies(/root/ros2_ws/src/install/ros_tcp_endpoint/share/colcon-core/packages/ros_tcp_endpoint)
[1.604s] INFO:colcon.colcon_ros.task.ament_cmake.build:Building ROS package in '/root/ros2_ws/src/base_autonomy/vehicle_simulator' with build type 'ament_cmake'
[1.604s] INFO:colcon.colcon_cmake.task.cmake.build:Building CMake package in '/root/ros2_ws/src/base_autonomy/vehicle_simulator'
[1.605s] INFO:colcon.colcon_core.shell:Skip shell extension 'powershell' for command environment: Not usable outside of PowerShell
[1.605s] DEBUG:colcon.colcon_core.shell:Skip shell extension 'dsv' for command environment
[1.614s] DEBUG:colcon.colcon_core.event_handler.log_command:Invoking command in '/root/ros2_ws/src/build/vehicle_simulator': AMENT_PREFIX_PATH=/root/ros2_ws/src/install/ros_tcp_endpoint:${AMENT_PREFIX_PATH} CMAKE_PREFIX_PATH=/opt/ros/humble PYTHONPATH=/root/ros2_ws/src/install/ros_tcp_endpoint/lib/python3.10/site-packages:${PYTHONPATH} /usr/bin/cmake --build /root/ros2_ws/src/build/vehicle_simulator -- -j24 -l24
[1.631s] Level 1:colcon.colcon_core.environment:checking '/root/ros2_ws/src/install/transform_sensors' for CMake module files
[1.631s] DEBUG:colcon.colcon_core.event_handler.log_command:Invoked command in '/root/ros2_ws/src/utilities/transform_sensors' returned '0': PYTHONPATH=/root/ros2_ws/src/build/transform_sensors/prefix_override:/usr/lib/python3/dist-packages/colcon_core/task/python/colcon_distutils_commands:/root/ros2_ws/src/install/transform_sensors/lib/python3.10/site-packages:${PYTHONPATH} /usr/bin/python3 -W ignore:setup.py install is deprecated -W ignore:easy_install command is deprecated setup.py egg_info --egg-base ../../build/transform_sensors build --build-base /root/ros2_ws/src/build/transform_sensors/build install --record /root/ros2_ws/src/build/transform_sensors/install.log --install-scripts $base/lib/transform_sensors --single-version-externally-managed install_data
[1.631s] Level 1:colcon.colcon_core.environment:checking '/root/ros2_ws/src/install/transform_sensors' for CMake config files
[1.632s] Level 1:colcon.colcon_core.environment:checking '/root/ros2_ws/src/install/transform_sensors/lib'
[1.632s] Level 1:colcon.colcon_core.environment:checking '/root/ros2_ws/src/install/transform_sensors/bin'
[1.632s] Level 1:colcon.colcon_core.environment:checking '/root/ros2_ws/src/install/transform_sensors/lib/pkgconfig/transform_sensors.pc'
[1.632s] Level 1:colcon.colcon_core.environment:checking '/root/ros2_ws/src/install/transform_sensors/lib/python3.10/site-packages'
[1.632s] Level 1:colcon.colcon_core.shell:create_environment_hook('transform_sensors', 'pythonpath')
[1.633s] INFO:colcon.colcon_core.shell:Creating environment hook '/root/ros2_ws/src/install/transform_sensors/share/transform_sensors/hook/pythonpath.ps1'
[1.633s] INFO:colcon.colcon_core.shell:Creating environment descriptor '/root/ros2_ws/src/install/transform_sensors/share/transform_sensors/hook/pythonpath.dsv'
[1.633s] INFO:colcon.colcon_core.shell:Creating environment hook '/root/ros2_ws/src/install/transform_sensors/share/transform_sensors/hook/pythonpath.sh'
[1.633s] Level 1:colcon.colcon_core.environment:checking '/root/ros2_ws/src/install/transform_sensors/bin'
[1.633s] Level 1:colcon.colcon_core.environment:create_environment_scripts_only(transform_sensors)
[1.634s] INFO:colcon.colcon_core.shell:Creating package script '/root/ros2_ws/src/install/transform_sensors/share/transform_sensors/package.ps1'
[1.634s] INFO:colcon.colcon_core.shell:Creating package descriptor '/root/ros2_ws/src/install/transform_sensors/share/transform_sensors/package.dsv'
[1.634s] INFO:colcon.colcon_core.shell:Creating package script '/root/ros2_ws/src/install/transform_sensors/share/transform_sensors/package.sh'
[1.634s] INFO:colcon.colcon_core.shell:Creating package script '/root/ros2_ws/src/install/transform_sensors/share/transform_sensors/package.bash'
[1.634s] INFO:colcon.colcon_core.shell:Creating package script '/root/ros2_ws/src/install/transform_sensors/share/transform_sensors/package.zsh'
[1.635s] Level 1:colcon.colcon_core.environment:create_file_with_runtime_dependencies(/root/ros2_ws/src/install/transform_sensors/share/colcon-core/packages/transform_sensors)
[1.665s] DEBUG:colcon.colcon_core.event_handler.log_command:Invoked command in '/root/ros2_ws/src/build/vehicle_simulator' returned '0': AMENT_PREFIX_PATH=/root/ros2_ws/src/install/ros_tcp_endpoint:${AMENT_PREFIX_PATH} CMAKE_PREFIX_PATH=/opt/ros/humble PYTHONPATH=/root/ros2_ws/src/install/ros_tcp_endpoint/lib/python3.10/site-packages:${PYTHONPATH} /usr/bin/cmake --build /root/ros2_ws/src/build/vehicle_simulator -- -j24 -l24
[1.666s] DEBUG:colcon.colcon_core.event_handler.log_command:Invoking command in '/root/ros2_ws/src/build/vehicle_simulator': AMENT_PREFIX_PATH=/root/ros2_ws/src/install/ros_tcp_endpoint:${AMENT_PREFIX_PATH} CMAKE_PREFIX_PATH=/opt/ros/humble PYTHONPATH=/root/ros2_ws/src/install/ros_tcp_endpoint/lib/python3.10/site-packages:${PYTHONPATH} /usr/bin/cmake --install /root/ros2_ws/src/build/vehicle_simulator
[1.671s] Level 1:colcon.colcon_core.environment:create_environment_scripts_only(vehicle_simulator)
[1.671s] DEBUG:colcon.colcon_core.event_handler.log_command:Invoked command in '/root/ros2_ws/src/build/vehicle_simulator' returned '0': AMENT_PREFIX_PATH=/root/ros2_ws/src/install/ros_tcp_endpoint:${AMENT_PREFIX_PATH} CMAKE_PREFIX_PATH=/opt/ros/humble PYTHONPATH=/root/ros2_ws/src/install/ros_tcp_endpoint/lib/python3.10/site-packages:${PYTHONPATH} /usr/bin/cmake --install /root/ros2_ws/src/build/vehicle_simulator
[1.671s] Level 1:colcon.colcon_core.environment:checking '/root/ros2_ws/src/install/vehicle_simulator' for CMake module files
[1.672s] Level 1:colcon.colcon_core.environment:checking '/root/ros2_ws/src/install/vehicle_simulator' for CMake config files
[1.672s] Level 1:colcon.colcon_core.shell:create_environment_hook('vehicle_simulator', 'cmake_prefix_path')
[1.672s] INFO:colcon.colcon_core.shell:Creating environment hook '/root/ros2_ws/src/install/vehicle_simulator/share/vehicle_simulator/hook/cmake_prefix_path.ps1'
[1.672s] INFO:colcon.colcon_core.shell:Creating environment descriptor '/root/ros2_ws/src/install/vehicle_simulator/share/vehicle_simulator/hook/cmake_prefix_path.dsv'
[1.672s] INFO:colcon.colcon_core.shell:Creating environment hook '/root/ros2_ws/src/install/vehicle_simulator/share/vehicle_simulator/hook/cmake_prefix_path.sh'
[1.673s] Level 1:colcon.colcon_core.environment:checking '/root/ros2_ws/src/install/vehicle_simulator/lib'
[1.673s] Level 1:colcon.colcon_core.environment:checking '/root/ros2_ws/src/install/vehicle_simulator/bin'
[1.673s] Level 1:colcon.colcon_core.environment:checking '/root/ros2_ws/src/install/vehicle_simulator/lib/pkgconfig/vehicle_simulator.pc'
[1.673s] Level 1:colcon.colcon_core.environment:checking '/root/ros2_ws/src/install/vehicle_simulator/lib/python3.10/site-packages'
[1.673s] Level 1:colcon.colcon_core.environment:checking '/root/ros2_ws/src/install/vehicle_simulator/bin'
[1.673s] INFO:colcon.colcon_core.shell:Creating package script '/root/ros2_ws/src/install/vehicle_simulator/share/vehicle_simulator/package.ps1'
[1.673s] INFO:colcon.colcon_core.shell:Creating package descriptor '/root/ros2_ws/src/install/vehicle_simulator/share/vehicle_simulator/package.dsv'
[1.674s] INFO:colcon.colcon_core.shell:Creating package script '/root/ros2_ws/src/install/vehicle_simulator/share/vehicle_simulator/package.sh'
[1.674s] INFO:colcon.colcon_core.shell:Creating package script '/root/ros2_ws/src/install/vehicle_simulator/share/vehicle_simulator/package.bash'
[1.674s] INFO:colcon.colcon_core.shell:Creating package script '/root/ros2_ws/src/install/vehicle_simulator/share/vehicle_simulator/package.zsh'
[1.674s] Level 1:colcon.colcon_core.environment:create_file_with_runtime_dependencies(/root/ros2_ws/src/install/vehicle_simulator/share/colcon-core/packages/vehicle_simulator)
[1.674s] Level 1:colcon.colcon_core.environment:create_environment_scripts_only(vehicle_simulator)
[1.674s] Level 1:colcon.colcon_core.environment:checking '/root/ros2_ws/src/install/vehicle_simulator' for CMake module files
[1.675s] Level 1:colcon.colcon_core.environment:checking '/root/ros2_ws/src/install/vehicle_simulator' for CMake config files
[1.675s] Level 1:colcon.colcon_core.shell:create_environment_hook('vehicle_simulator', 'cmake_prefix_path')
[1.675s] INFO:colcon.colcon_core.shell:Creating environment hook '/root/ros2_ws/src/install/vehicle_simulator/share/vehicle_simulator/hook/cmake_prefix_path.ps1'
[1.675s] INFO:colcon.colcon_core.shell:Creating environment descriptor '/root/ros2_ws/src/install/vehicle_simulator/share/vehicle_simulator/hook/cmake_prefix_path.dsv'
[1.675s] INFO:colcon.colcon_core.shell:Creating environment hook '/root/ros2_ws/src/install/vehicle_simulator/share/vehicle_simulator/hook/cmake_prefix_path.sh'
[1.675s] Level 1:colcon.colcon_core.environment:checking '/root/ros2_ws/src/install/vehicle_simulator/lib'
[1.676s] Level 1:colcon.colcon_core.environment:checking '/root/ros2_ws/src/install/vehicle_simulator/bin'
[1.676s] Level 1:colcon.colcon_core.environment:checking '/root/ros2_ws/src/install/vehicle_simulator/lib/pkgconfig/vehicle_simulator.pc'
[1.676s] Level 1:colcon.colcon_core.environment:checking '/root/ros2_ws/src/install/vehicle_simulator/lib/python3.10/site-packages'
[1.676s] Level 1:colcon.colcon_core.environment:checking '/root/ros2_ws/src/install/vehicle_simulator/bin'
[1.676s] INFO:colcon.colcon_core.shell:Creating package script '/root/ros2_ws/src/install/vehicle_simulator/share/vehicle_simulator/package.ps1'
[1.677s] INFO:colcon.colcon_core.shell:Creating package descriptor '/root/ros2_ws/src/install/vehicle_simulator/share/vehicle_simulator/package.dsv'
[1.677s] INFO:colcon.colcon_core.shell:Creating package script '/root/ros2_ws/src/install/vehicle_simulator/share/vehicle_simulator/package.sh'
[1.677s] INFO:colcon.colcon_core.shell:Creating package script '/root/ros2_ws/src/install/vehicle_simulator/share/vehicle_simulator/package.bash'
[1.677s] INFO:colcon.colcon_core.shell:Creating package script '/root/ros2_ws/src/install/vehicle_simulator/share/vehicle_simulator/package.zsh'
[1.677s] Level 1:colcon.colcon_core.environment:create_file_with_runtime_dependencies(/root/ros2_ws/src/install/vehicle_simulator/share/colcon-core/packages/vehicle_simulator)
[1.677s] DEBUG:colcon.colcon_parallel_executor.executor.parallel:closing loop
[1.677s] DEBUG:colcon.colcon_parallel_executor.executor.parallel:loop closed
[1.677s] DEBUG:colcon.colcon_parallel_executor.executor.parallel:run_until_complete finished with '0'
[1.677s] DEBUG:colcon.colcon_core.event_reactor:joining thread
[1.681s] INFO:colcon.colcon_core.plugin_system:Skipping extension 'colcon_notification.desktop_notification.notify_send': Could not find 'notify-send'
[1.681s] INFO:colcon.colcon_core.plugin_system:Skipping extension 'colcon_notification.desktop_notification.terminal_notifier': Not used on non-Darwin systems
[1.681s] INFO:colcon.colcon_core.plugin_system:Skipping extension 'colcon_notification.desktop_notification.win32': Not used on non-Windows systems
[1.681s] INFO:colcon.colcon_notification.desktop_notification:Sending desktop notification using 'notify2'
[1.683s] DEBUG:colcon.colcon_notification.desktop_notification.notify2:Failed to initialize notify2: org.freedesktop.DBus.Error.Spawn.ExecFailed: /usr/bin/dbus-launch terminated abnormally without any error message
[1.683s] DEBUG:colcon.colcon_core.event_reactor:joined thread
[1.683s] INFO:colcon.colcon_core.shell:Creating prefix script '/root/ros2_ws/src/install/local_setup.ps1'
[1.684s] INFO:colcon.colcon_core.shell:Creating prefix util module '/root/ros2_ws/src/install/_local_setup_util_ps1.py'
[1.685s] INFO:colcon.colcon_core.shell:Creating prefix chain script '/root/ros2_ws/src/install/setup.ps1'
[1.685s] INFO:colcon.colcon_core.shell:Creating prefix script '/root/ros2_ws/src/install/local_setup.sh'
[1.685s] INFO:colcon.colcon_core.shell:Creating prefix util module '/root/ros2_ws/src/install/_local_setup_util_sh.py'
[1.686s] INFO:colcon.colcon_core.shell:Creating prefix chain script '/root/ros2_ws/src/install/setup.sh'
[1.686s] INFO:colcon.colcon_core.shell:Creating prefix script '/root/ros2_ws/src/install/local_setup.bash'
[1.686s] INFO:colcon.colcon_core.shell:Creating prefix chain script '/root/ros2_ws/src/install/setup.bash'
[1.687s] INFO:colcon.colcon_core.shell:Creating prefix script '/root/ros2_ws/src/install/local_setup.zsh'
[1.687s] INFO:colcon.colcon_core.shell:Creating prefix chain script '/root/ros2_ws/src/install/setup.zsh'
