[0.048s] DEBUG:colcon:Command line arguments: ['/usr/bin/colcon', 'build', '--symlink-install', '--cmake-args', '-DCMAKE_BUILD_TYPE=Release']
[0.048s] DEBUG:colcon:Parsed command line arguments: Namespace(log_base=None, log_level=None, verb_name='build', build_base='build', install_base='install', merge_install=False, symlink_install=True, test_result_base=None, continue_on_error=False, executor='parallel', parallel_workers=24, event_handlers=None, ignore_user_meta=False, metas=['./colcon.meta'], base_paths=['.'], packages_ignore=None, packages_ignore_regex=None, paths=None, packages_up_to=None, packages_up_to_regex=None, packages_above=None, packages_above_and_dependencies=None, packages_above_depth=None, packages_select_by_dep=None, packages_skip_by_dep=None, packages_skip_up_to=None, packages_select_build_failed=False, packages_skip_build_finished=False, packages_select_test_failures=False, packages_skip_test_passed=False, packages_select=None, packages_skip=None, packages_select_regex=None, packages_skip_regex=None, packages_start=None, packages_end=None, cmake_args=['-DCMAKE_BUILD_TYPE=Release'], cmake_target=None, cmake_target_skip_unavailable=False, cmake_clean_cache=False, cmake_clean_first=False, cmake_force_configure=False, ament_cmake_args=None, catkin_cmake_args=None, catkin_skip_building_tests=False, mixin_files=None, mixin=None, verb_parser=<colcon_mixin.mixin.mixin_argument.MixinArgumentDecorator object at 0x7b92dbec2650>, verb_extension=<colcon_core.verb.build.BuildVerb object at 0x7b92dbec1fc0>, main=<bound method BuildVerb.main of <colcon_core.verb.build.BuildVerb object at 0x7b92dbec1fc0>>, mixin_verb=('build',))
[0.109s] Level 1:colcon.colcon_core.package_discovery:discover_packages(colcon_meta) check parameters
[0.110s] INFO:colcon.colcon_metadata.package_discovery.colcon_meta:Using configuration from '/root/.colcon/metadata/default/Gazebo.meta'
[0.110s] INFO:colcon.colcon_metadata.package_discovery.colcon_meta:Using configuration from '/root/.colcon/metadata/default/fastdds.meta'
[0.110s] INFO:colcon.colcon_metadata.package_discovery.colcon_meta:Using configuration from '/root/.colcon/metadata/default/fastrtps.meta'
[0.110s] Level 1:colcon.colcon_core.package_discovery:discover_packages(recursive) check parameters
[0.110s] Level 1:colcon.colcon_core.package_discovery:discover_packages(ignore) check parameters
[0.110s] Level 1:colcon.colcon_core.package_discovery:discover_packages(path) check parameters
[0.110s] Level 1:colcon.colcon_core.package_discovery:discover_packages(colcon_meta) discover
[0.110s] Level 1:colcon.colcon_core.package_discovery:discover_packages(recursive) discover
[0.110s] INFO:colcon.colcon_core.package_discovery:Crawling recursively for packages in '/root/ros2_ws/src'
[0.110s] Level 1:colcon.colcon_core.package_identification:_identify(.) by extensions ['ignore', 'ignore_ament_install']
[0.110s] Level 1:colcon.colcon_core.package_identification:_identify(.) by extension 'ignore'
[0.110s] Level 1:colcon.colcon_core.package_identification:_identify(.) by extension 'ignore_ament_install'
[0.110s] Level 1:colcon.colcon_core.package_identification:_identify(.) by extensions ['colcon_pkg']
[0.110s] Level 1:colcon.colcon_core.package_identification:_identify(.) by extension 'colcon_pkg'
[0.110s] Level 1:colcon.colcon_core.package_identification:_identify(.) by extensions ['colcon_meta']
[0.110s] Level 1:colcon.colcon_core.package_identification:_identify(.) by extension 'colcon_meta'
[0.110s] Level 1:colcon.colcon_core.package_identification:_identify(.) by extensions ['ros']
[0.110s] Level 1:colcon.colcon_core.package_identification:_identify(.) by extension 'ros'
[0.115s] Level 1:colcon.colcon_core.package_identification:_identify(.) by extensions ['cmake', 'python']
[0.115s] Level 1:colcon.colcon_core.package_identification:_identify(.) by extension 'cmake'
[0.115s] Level 1:colcon.colcon_core.package_identification:_identify(.) by extension 'python'
[0.115s] Level 1:colcon.colcon_core.package_identification:_identify(.) by extensions ['python_setup_py']
[0.115s] Level 1:colcon.colcon_core.package_identification:_identify(.) by extension 'python_setup_py'
[0.115s] Level 1:colcon.colcon_core.package_identification:_identify(base_autonomy) by extensions ['ignore', 'ignore_ament_install']
[0.115s] Level 1:colcon.colcon_core.package_identification:_identify(base_autonomy) by extension 'ignore'
[0.115s] Level 1:colcon.colcon_core.package_identification:_identify(base_autonomy) by extension 'ignore_ament_install'
[0.115s] Level 1:colcon.colcon_core.package_identification:_identify(base_autonomy) by extensions ['colcon_pkg']
[0.115s] Level 1:colcon.colcon_core.package_identification:_identify(base_autonomy) by extension 'colcon_pkg'
[0.115s] Level 1:colcon.colcon_core.package_identification:_identify(base_autonomy) by extensions ['colcon_meta']
[0.115s] Level 1:colcon.colcon_core.package_identification:_identify(base_autonomy) by extension 'colcon_meta'
[0.115s] Level 1:colcon.colcon_core.package_identification:_identify(base_autonomy) by extensions ['ros']
[0.115s] Level 1:colcon.colcon_core.package_identification:_identify(base_autonomy) by extension 'ros'
[0.115s] Level 1:colcon.colcon_core.package_identification:_identify(base_autonomy) by extensions ['cmake', 'python']
[0.115s] Level 1:colcon.colcon_core.package_identification:_identify(base_autonomy) by extension 'cmake'
[0.115s] Level 1:colcon.colcon_core.package_identification:_identify(base_autonomy) by extension 'python'
[0.115s] Level 1:colcon.colcon_core.package_identification:_identify(base_autonomy) by extensions ['python_setup_py']
[0.115s] Level 1:colcon.colcon_core.package_identification:_identify(base_autonomy) by extension 'python_setup_py'
[0.115s] Level 1:colcon.colcon_core.package_identification:_identify(base_autonomy/local_planner) by extensions ['ignore', 'ignore_ament_install']
[0.115s] Level 1:colcon.colcon_core.package_identification:_identify(base_autonomy/local_planner) by extension 'ignore'
[0.115s] Level 1:colcon.colcon_core.package_identification:_identify(base_autonomy/local_planner) by extension 'ignore_ament_install'
[0.115s] Level 1:colcon.colcon_core.package_identification:_identify(base_autonomy/local_planner) by extensions ['colcon_pkg']
[0.115s] Level 1:colcon.colcon_core.package_identification:_identify(base_autonomy/local_planner) by extension 'colcon_pkg'
[0.115s] Level 1:colcon.colcon_core.package_identification:_identify(base_autonomy/local_planner) by extensions ['colcon_meta']
[0.115s] Level 1:colcon.colcon_core.package_identification:_identify(base_autonomy/local_planner) by extension 'colcon_meta'
[0.115s] Level 1:colcon.colcon_core.package_identification:_identify(base_autonomy/local_planner) by extensions ['ros']
[0.115s] Level 1:colcon.colcon_core.package_identification:_identify(base_autonomy/local_planner) by extension 'ros'
[0.117s] DEBUG:colcon.colcon_core.package_identification:Package 'base_autonomy/local_planner' with type 'ros.ament_cmake' and name 'local_planner'
[0.117s] Level 1:colcon.colcon_core.package_identification:_identify(base_autonomy/sensor_scan_generation) by extensions ['ignore', 'ignore_ament_install']
[0.117s] Level 1:colcon.colcon_core.package_identification:_identify(base_autonomy/sensor_scan_generation) by extension 'ignore'
[0.117s] Level 1:colcon.colcon_core.package_identification:_identify(base_autonomy/sensor_scan_generation) by extension 'ignore_ament_install'
[0.117s] Level 1:colcon.colcon_core.package_identification:_identify(base_autonomy/sensor_scan_generation) by extensions ['colcon_pkg']
[0.117s] Level 1:colcon.colcon_core.package_identification:_identify(base_autonomy/sensor_scan_generation) by extension 'colcon_pkg'
[0.117s] Level 1:colcon.colcon_core.package_identification:_identify(base_autonomy/sensor_scan_generation) by extensions ['colcon_meta']
[0.117s] Level 1:colcon.colcon_core.package_identification:_identify(base_autonomy/sensor_scan_generation) by extension 'colcon_meta'
[0.117s] Level 1:colcon.colcon_core.package_identification:_identify(base_autonomy/sensor_scan_generation) by extensions ['ros']
[0.117s] Level 1:colcon.colcon_core.package_identification:_identify(base_autonomy/sensor_scan_generation) by extension 'ros'
[0.117s] DEBUG:colcon.colcon_core.package_identification:Package 'base_autonomy/sensor_scan_generation' with type 'ros.ament_cmake' and name 'sensor_scan_generation'
[0.117s] Level 1:colcon.colcon_core.package_identification:_identify(base_autonomy/terrain_analysis) by extensions ['ignore', 'ignore_ament_install']
[0.117s] Level 1:colcon.colcon_core.package_identification:_identify(base_autonomy/terrain_analysis) by extension 'ignore'
[0.117s] Level 1:colcon.colcon_core.package_identification:_identify(base_autonomy/terrain_analysis) by extension 'ignore_ament_install'
[0.117s] Level 1:colcon.colcon_core.package_identification:_identify(base_autonomy/terrain_analysis) by extensions ['colcon_pkg']
[0.117s] Level 1:colcon.colcon_core.package_identification:_identify(base_autonomy/terrain_analysis) by extension 'colcon_pkg'
[0.117s] Level 1:colcon.colcon_core.package_identification:_identify(base_autonomy/terrain_analysis) by extensions ['colcon_meta']
[0.118s] Level 1:colcon.colcon_core.package_identification:_identify(base_autonomy/terrain_analysis) by extension 'colcon_meta'
[0.118s] Level 1:colcon.colcon_core.package_identification:_identify(base_autonomy/terrain_analysis) by extensions ['ros']
[0.118s] Level 1:colcon.colcon_core.package_identification:_identify(base_autonomy/terrain_analysis) by extension 'ros'
[0.118s] DEBUG:colcon.colcon_core.package_identification:Package 'base_autonomy/terrain_analysis' with type 'ros.ament_cmake' and name 'terrain_analysis'
[0.118s] Level 1:colcon.colcon_core.package_identification:_identify(base_autonomy/terrain_analysis_ext) by extensions ['ignore', 'ignore_ament_install']
[0.118s] Level 1:colcon.colcon_core.package_identification:_identify(base_autonomy/terrain_analysis_ext) by extension 'ignore'
[0.118s] Level 1:colcon.colcon_core.package_identification:_identify(base_autonomy/terrain_analysis_ext) by extension 'ignore_ament_install'
[0.118s] Level 1:colcon.colcon_core.package_identification:_identify(base_autonomy/terrain_analysis_ext) by extensions ['colcon_pkg']
[0.118s] Level 1:colcon.colcon_core.package_identification:_identify(base_autonomy/terrain_analysis_ext) by extension 'colcon_pkg'
[0.118s] Level 1:colcon.colcon_core.package_identification:_identify(base_autonomy/terrain_analysis_ext) by extensions ['colcon_meta']
[0.118s] Level 1:colcon.colcon_core.package_identification:_identify(base_autonomy/terrain_analysis_ext) by extension 'colcon_meta'
[0.118s] Level 1:colcon.colcon_core.package_identification:_identify(base_autonomy/terrain_analysis_ext) by extensions ['ros']
[0.118s] Level 1:colcon.colcon_core.package_identification:_identify(base_autonomy/terrain_analysis_ext) by extension 'ros'
[0.119s] DEBUG:colcon.colcon_core.package_identification:Package 'base_autonomy/terrain_analysis_ext' with type 'ros.ament_cmake' and name 'terrain_analysis_ext'
[0.119s] Level 1:colcon.colcon_core.package_identification:_identify(base_autonomy/vehicle_simulator) by extensions ['ignore', 'ignore_ament_install']
[0.119s] Level 1:colcon.colcon_core.package_identification:_identify(base_autonomy/vehicle_simulator) by extension 'ignore'
[0.119s] Level 1:colcon.colcon_core.package_identification:_identify(base_autonomy/vehicle_simulator) by extension 'ignore_ament_install'
[0.119s] Level 1:colcon.colcon_core.package_identification:_identify(base_autonomy/vehicle_simulator) by extensions ['colcon_pkg']
[0.119s] Level 1:colcon.colcon_core.package_identification:_identify(base_autonomy/vehicle_simulator) by extension 'colcon_pkg'
[0.119s] Level 1:colcon.colcon_core.package_identification:_identify(base_autonomy/vehicle_simulator) by extensions ['colcon_meta']
[0.119s] Level 1:colcon.colcon_core.package_identification:_identify(base_autonomy/vehicle_simulator) by extension 'colcon_meta'
[0.119s] Level 1:colcon.colcon_core.package_identification:_identify(base_autonomy/vehicle_simulator) by extensions ['ros']
[0.119s] Level 1:colcon.colcon_core.package_identification:_identify(base_autonomy/vehicle_simulator) by extension 'ros'
[0.120s] DEBUG:colcon.colcon_core.package_identification:Package 'base_autonomy/vehicle_simulator' with type 'ros.ament_cmake' and name 'vehicle_simulator'
[0.120s] Level 1:colcon.colcon_core.package_identification:_identify(base_autonomy/visualization_tools) by extensions ['ignore', 'ignore_ament_install']
[0.120s] Level 1:colcon.colcon_core.package_identification:_identify(base_autonomy/visualization_tools) by extension 'ignore'
[0.120s] Level 1:colcon.colcon_core.package_identification:_identify(base_autonomy/visualization_tools) by extension 'ignore_ament_install'
[0.120s] Level 1:colcon.colcon_core.package_identification:_identify(base_autonomy/visualization_tools) by extensions ['colcon_pkg']
[0.120s] Level 1:colcon.colcon_core.package_identification:_identify(base_autonomy/visualization_tools) by extension 'colcon_pkg'
[0.120s] Level 1:colcon.colcon_core.package_identification:_identify(base_autonomy/visualization_tools) by extensions ['colcon_meta']
[0.120s] Level 1:colcon.colcon_core.package_identification:_identify(base_autonomy/visualization_tools) by extension 'colcon_meta'
[0.120s] Level 1:colcon.colcon_core.package_identification:_identify(base_autonomy/visualization_tools) by extensions ['ros']
[0.120s] Level 1:colcon.colcon_core.package_identification:_identify(base_autonomy/visualization_tools) by extension 'ros'
[0.120s] DEBUG:colcon.colcon_core.package_identification:Package 'base_autonomy/visualization_tools' with type 'ros.ament_cmake' and name 'visualization_tools'
[0.120s] Level 1:colcon.colcon_core.package_identification:_identify(base_autonomy/waypoint_example) by extensions ['ignore', 'ignore_ament_install']
[0.120s] Level 1:colcon.colcon_core.package_identification:_identify(base_autonomy/waypoint_example) by extension 'ignore'
[0.120s] Level 1:colcon.colcon_core.package_identification:_identify(base_autonomy/waypoint_example) by extension 'ignore_ament_install'
[0.120s] Level 1:colcon.colcon_core.package_identification:_identify(base_autonomy/waypoint_example) by extensions ['colcon_pkg']
[0.120s] Level 1:colcon.colcon_core.package_identification:_identify(base_autonomy/waypoint_example) by extension 'colcon_pkg'
[0.120s] Level 1:colcon.colcon_core.package_identification:_identify(base_autonomy/waypoint_example) by extensions ['colcon_meta']
[0.120s] Level 1:colcon.colcon_core.package_identification:_identify(base_autonomy/waypoint_example) by extension 'colcon_meta'
[0.120s] Level 1:colcon.colcon_core.package_identification:_identify(base_autonomy/waypoint_example) by extensions ['ros']
[0.120s] Level 1:colcon.colcon_core.package_identification:_identify(base_autonomy/waypoint_example) by extension 'ros'
[0.124s] DEBUG:colcon.colcon_core.package_identification:Package 'base_autonomy/waypoint_example' with type 'ros.ament_cmake' and name 'waypoint_example'
[0.124s] Level 1:colcon.colcon_core.package_identification:_identify(build) by extensions ['ignore', 'ignore_ament_install']
[0.124s] Level 1:colcon.colcon_core.package_identification:_identify(build) by extension 'ignore'
[0.124s] Level 1:colcon.colcon_core.package_identification:_identify(build) ignored
[0.124s] Level 1:colcon.colcon_core.package_identification:_identify(install) by extensions ['ignore', 'ignore_ament_install']
[0.124s] Level 1:colcon.colcon_core.package_identification:_identify(install) by extension 'ignore'
[0.124s] Level 1:colcon.colcon_core.package_identification:_identify(install) ignored
[0.124s] Level 1:colcon.colcon_core.package_identification:_identify(log) by extensions ['ignore', 'ignore_ament_install']
[0.124s] Level 1:colcon.colcon_core.package_identification:_identify(log) by extension 'ignore'
[0.124s] Level 1:colcon.colcon_core.package_identification:_identify(log) ignored
[0.125s] Level 1:colcon.colcon_core.package_identification:_identify(route_planner) by extensions ['ignore', 'ignore_ament_install']
[0.125s] Level 1:colcon.colcon_core.package_identification:_identify(route_planner) by extension 'ignore'
[0.125s] Level 1:colcon.colcon_core.package_identification:_identify(route_planner) by extension 'ignore_ament_install'
[0.125s] Level 1:colcon.colcon_core.package_identification:_identify(route_planner) by extensions ['colcon_pkg']
[0.125s] Level 1:colcon.colcon_core.package_identification:_identify(route_planner) by extension 'colcon_pkg'
[0.125s] Level 1:colcon.colcon_core.package_identification:_identify(route_planner) by extensions ['colcon_meta']
[0.125s] Level 1:colcon.colcon_core.package_identification:_identify(route_planner) by extension 'colcon_meta'
[0.125s] Level 1:colcon.colcon_core.package_identification:_identify(route_planner) by extensions ['ros']
[0.125s] Level 1:colcon.colcon_core.package_identification:_identify(route_planner) by extension 'ros'
[0.125s] Level 1:colcon.colcon_core.package_identification:_identify(route_planner) by extensions ['cmake', 'python']
[0.125s] Level 1:colcon.colcon_core.package_identification:_identify(route_planner) by extension 'cmake'
[0.125s] Level 1:colcon.colcon_core.package_identification:_identify(route_planner) by extension 'python'
[0.125s] Level 1:colcon.colcon_core.package_identification:_identify(route_planner) by extensions ['python_setup_py']
[0.125s] Level 1:colcon.colcon_core.package_identification:_identify(route_planner) by extension 'python_setup_py'
[0.125s] Level 1:colcon.colcon_core.package_identification:_identify(route_planner/boundary_handler) by extensions ['ignore', 'ignore_ament_install']
[0.125s] Level 1:colcon.colcon_core.package_identification:_identify(route_planner/boundary_handler) by extension 'ignore'
[0.125s] Level 1:colcon.colcon_core.package_identification:_identify(route_planner/boundary_handler) by extension 'ignore_ament_install'
[0.125s] Level 1:colcon.colcon_core.package_identification:_identify(route_planner/boundary_handler) by extensions ['colcon_pkg']
[0.125s] Level 1:colcon.colcon_core.package_identification:_identify(route_planner/boundary_handler) by extension 'colcon_pkg'
[0.125s] Level 1:colcon.colcon_core.package_identification:_identify(route_planner/boundary_handler) by extensions ['colcon_meta']
[0.125s] Level 1:colcon.colcon_core.package_identification:_identify(route_planner/boundary_handler) by extension 'colcon_meta'
[0.125s] Level 1:colcon.colcon_core.package_identification:_identify(route_planner/boundary_handler) by extensions ['ros']
[0.125s] Level 1:colcon.colcon_core.package_identification:_identify(route_planner/boundary_handler) by extension 'ros'
[0.125s] DEBUG:colcon.colcon_core.package_identification:Package 'route_planner/boundary_handler' with type 'ros.ament_cmake' and name 'boundary_handler'
[0.125s] Level 1:colcon.colcon_core.package_identification:_identify(route_planner/far_planner) by extensions ['ignore', 'ignore_ament_install']
[0.125s] Level 1:colcon.colcon_core.package_identification:_identify(route_planner/far_planner) by extension 'ignore'
[0.125s] Level 1:colcon.colcon_core.package_identification:_identify(route_planner/far_planner) by extension 'ignore_ament_install'
[0.125s] Level 1:colcon.colcon_core.package_identification:_identify(route_planner/far_planner) by extensions ['colcon_pkg']
[0.125s] Level 1:colcon.colcon_core.package_identification:_identify(route_planner/far_planner) by extension 'colcon_pkg'
[0.125s] Level 1:colcon.colcon_core.package_identification:_identify(route_planner/far_planner) by extensions ['colcon_meta']
[0.125s] Level 1:colcon.colcon_core.package_identification:_identify(route_planner/far_planner) by extension 'colcon_meta'
[0.125s] Level 1:colcon.colcon_core.package_identification:_identify(route_planner/far_planner) by extensions ['ros']
[0.125s] Level 1:colcon.colcon_core.package_identification:_identify(route_planner/far_planner) by extension 'ros'
[0.126s] DEBUG:colcon.colcon_core.package_identification:Package 'route_planner/far_planner' with type 'ros.ament_cmake' and name 'far_planner'
[0.126s] Level 1:colcon.colcon_core.package_identification:_identify(route_planner/graph_decoder) by extensions ['ignore', 'ignore_ament_install']
[0.126s] Level 1:colcon.colcon_core.package_identification:_identify(route_planner/graph_decoder) by extension 'ignore'
[0.126s] Level 1:colcon.colcon_core.package_identification:_identify(route_planner/graph_decoder) by extension 'ignore_ament_install'
[0.126s] Level 1:colcon.colcon_core.package_identification:_identify(route_planner/graph_decoder) by extensions ['colcon_pkg']
[0.126s] Level 1:colcon.colcon_core.package_identification:_identify(route_planner/graph_decoder) by extension 'colcon_pkg'
[0.126s] Level 1:colcon.colcon_core.package_identification:_identify(route_planner/graph_decoder) by extensions ['colcon_meta']
[0.126s] Level 1:colcon.colcon_core.package_identification:_identify(route_planner/graph_decoder) by extension 'colcon_meta'
[0.126s] Level 1:colcon.colcon_core.package_identification:_identify(route_planner/graph_decoder) by extensions ['ros']
[0.126s] Level 1:colcon.colcon_core.package_identification:_identify(route_planner/graph_decoder) by extension 'ros'
[0.126s] DEBUG:colcon.colcon_core.package_identification:Package 'route_planner/graph_decoder' with type 'ros.ament_cmake' and name 'graph_decoder'
[0.126s] Level 1:colcon.colcon_core.package_identification:_identify(route_planner/visibility_graph_msg) by extensions ['ignore', 'ignore_ament_install']
[0.126s] Level 1:colcon.colcon_core.package_identification:_identify(route_planner/visibility_graph_msg) by extension 'ignore'
[0.126s] Level 1:colcon.colcon_core.package_identification:_identify(route_planner/visibility_graph_msg) by extension 'ignore_ament_install'
[0.126s] Level 1:colcon.colcon_core.package_identification:_identify(route_planner/visibility_graph_msg) by extensions ['colcon_pkg']
[0.126s] Level 1:colcon.colcon_core.package_identification:_identify(route_planner/visibility_graph_msg) by extension 'colcon_pkg'
[0.127s] Level 1:colcon.colcon_core.package_identification:_identify(route_planner/visibility_graph_msg) by extensions ['colcon_meta']
[0.127s] Level 1:colcon.colcon_core.package_identification:_identify(route_planner/visibility_graph_msg) by extension 'colcon_meta'
[0.127s] Level 1:colcon.colcon_core.package_identification:_identify(route_planner/visibility_graph_msg) by extensions ['ros']
[0.127s] Level 1:colcon.colcon_core.package_identification:_identify(route_planner/visibility_graph_msg) by extension 'ros'
[0.127s] DEBUG:colcon.colcon_core.package_identification:Package 'route_planner/visibility_graph_msg' with type 'ros.ament_cmake' and name 'visibility_graph_msg'
[0.127s] Level 1:colcon.colcon_core.package_identification:_identify(slam) by extensions ['ignore', 'ignore_ament_install']
[0.127s] Level 1:colcon.colcon_core.package_identification:_identify(slam) by extension 'ignore'
[0.127s] Level 1:colcon.colcon_core.package_identification:_identify(slam) by extension 'ignore_ament_install'
[0.127s] Level 1:colcon.colcon_core.package_identification:_identify(slam) by extensions ['colcon_pkg']
[0.127s] Level 1:colcon.colcon_core.package_identification:_identify(slam) by extension 'colcon_pkg'
[0.127s] Level 1:colcon.colcon_core.package_identification:_identify(slam) by extensions ['colcon_meta']
[0.127s] Level 1:colcon.colcon_core.package_identification:_identify(slam) by extension 'colcon_meta'
[0.127s] Level 1:colcon.colcon_core.package_identification:_identify(slam) by extensions ['ros']
[0.127s] Level 1:colcon.colcon_core.package_identification:_identify(slam) by extension 'ros'
[0.127s] Level 1:colcon.colcon_core.package_identification:_identify(slam) by extensions ['cmake', 'python']
[0.127s] Level 1:colcon.colcon_core.package_identification:_identify(slam) by extension 'cmake'
[0.127s] Level 1:colcon.colcon_core.package_identification:_identify(slam) by extension 'python'
[0.127s] Level 1:colcon.colcon_core.package_identification:_identify(slam) by extensions ['python_setup_py']
[0.127s] Level 1:colcon.colcon_core.package_identification:_identify(slam) by extension 'python_setup_py'
[0.127s] Level 1:colcon.colcon_core.package_identification:_identify(slam/SuperOdom) by extensions ['ignore', 'ignore_ament_install']
[0.127s] Level 1:colcon.colcon_core.package_identification:_identify(slam/SuperOdom) by extension 'ignore'
[0.127s] Level 1:colcon.colcon_core.package_identification:_identify(slam/SuperOdom) by extension 'ignore_ament_install'
[0.127s] Level 1:colcon.colcon_core.package_identification:_identify(slam/SuperOdom) by extensions ['colcon_pkg']
[0.127s] Level 1:colcon.colcon_core.package_identification:_identify(slam/SuperOdom) by extension 'colcon_pkg'
[0.127s] Level 1:colcon.colcon_core.package_identification:_identify(slam/SuperOdom) by extensions ['colcon_meta']
[0.127s] Level 1:colcon.colcon_core.package_identification:_identify(slam/SuperOdom) by extension 'colcon_meta'
[0.127s] Level 1:colcon.colcon_core.package_identification:_identify(slam/SuperOdom) by extensions ['ros']
[0.127s] Level 1:colcon.colcon_core.package_identification:_identify(slam/SuperOdom) by extension 'ros'
[0.127s] Level 1:colcon.colcon_core.package_identification:_identify(slam/SuperOdom) by extensions ['cmake', 'python']
[0.127s] Level 1:colcon.colcon_core.package_identification:_identify(slam/SuperOdom) by extension 'cmake'
[0.127s] Level 1:colcon.colcon_core.package_identification:_identify(slam/SuperOdom) by extension 'python'
[0.127s] Level 1:colcon.colcon_core.package_identification:_identify(slam/SuperOdom) by extensions ['python_setup_py']
[0.127s] Level 1:colcon.colcon_core.package_identification:_identify(slam/SuperOdom) by extension 'python_setup_py'
[0.127s] Level 1:colcon.colcon_core.package_identification:_identify(slam/SuperOdom/doc) by extensions ['ignore', 'ignore_ament_install']
[0.127s] Level 1:colcon.colcon_core.package_identification:_identify(slam/SuperOdom/doc) by extension 'ignore'
[0.127s] Level 1:colcon.colcon_core.package_identification:_identify(slam/SuperOdom/doc) by extension 'ignore_ament_install'
[0.127s] Level 1:colcon.colcon_core.package_identification:_identify(slam/SuperOdom/doc) by extensions ['colcon_pkg']
[0.127s] Level 1:colcon.colcon_core.package_identification:_identify(slam/SuperOdom/doc) by extension 'colcon_pkg'
[0.127s] Level 1:colcon.colcon_core.package_identification:_identify(slam/SuperOdom/doc) by extensions ['colcon_meta']
[0.127s] Level 1:colcon.colcon_core.package_identification:_identify(slam/SuperOdom/doc) by extension 'colcon_meta'
[0.127s] Level 1:colcon.colcon_core.package_identification:_identify(slam/SuperOdom/doc) by extensions ['ros']
[0.127s] Level 1:colcon.colcon_core.package_identification:_identify(slam/SuperOdom/doc) by extension 'ros'
[0.127s] Level 1:colcon.colcon_core.package_identification:_identify(slam/SuperOdom/doc) by extensions ['cmake', 'python']
[0.127s] Level 1:colcon.colcon_core.package_identification:_identify(slam/SuperOdom/doc) by extension 'cmake'
[0.128s] Level 1:colcon.colcon_core.package_identification:_identify(slam/SuperOdom/doc) by extension 'python'
[0.128s] Level 1:colcon.colcon_core.package_identification:_identify(slam/SuperOdom/doc) by extensions ['python_setup_py']
[0.128s] Level 1:colcon.colcon_core.package_identification:_identify(slam/SuperOdom/doc) by extension 'python_setup_py'
[0.128s] Level 1:colcon.colcon_core.package_identification:_identify(slam/SuperOdom/ros2_humble_docker) by extensions ['ignore', 'ignore_ament_install']
[0.128s] Level 1:colcon.colcon_core.package_identification:_identify(slam/SuperOdom/ros2_humble_docker) by extension 'ignore'
[0.128s] Level 1:colcon.colcon_core.package_identification:_identify(slam/SuperOdom/ros2_humble_docker) by extension 'ignore_ament_install'
[0.128s] Level 1:colcon.colcon_core.package_identification:_identify(slam/SuperOdom/ros2_humble_docker) by extensions ['colcon_pkg']
[0.128s] Level 1:colcon.colcon_core.package_identification:_identify(slam/SuperOdom/ros2_humble_docker) by extension 'colcon_pkg'
[0.128s] Level 1:colcon.colcon_core.package_identification:_identify(slam/SuperOdom/ros2_humble_docker) by extensions ['colcon_meta']
[0.128s] Level 1:colcon.colcon_core.package_identification:_identify(slam/SuperOdom/ros2_humble_docker) by extension 'colcon_meta'
[0.128s] Level 1:colcon.colcon_core.package_identification:_identify(slam/SuperOdom/ros2_humble_docker) by extensions ['ros']
[0.128s] Level 1:colcon.colcon_core.package_identification:_identify(slam/SuperOdom/ros2_humble_docker) by extension 'ros'
[0.128s] Level 1:colcon.colcon_core.package_identification:_identify(slam/SuperOdom/ros2_humble_docker) by extensions ['cmake', 'python']
[0.128s] Level 1:colcon.colcon_core.package_identification:_identify(slam/SuperOdom/ros2_humble_docker) by extension 'cmake'
[0.128s] Level 1:colcon.colcon_core.package_identification:_identify(slam/SuperOdom/ros2_humble_docker) by extension 'python'
[0.128s] Level 1:colcon.colcon_core.package_identification:_identify(slam/SuperOdom/ros2_humble_docker) by extensions ['python_setup_py']
[0.128s] Level 1:colcon.colcon_core.package_identification:_identify(slam/SuperOdom/ros2_humble_docker) by extension 'python_setup_py'
[0.128s] Level 1:colcon.colcon_core.package_identification:_identify(slam/SuperOdom/script) by extensions ['ignore', 'ignore_ament_install']
[0.128s] Level 1:colcon.colcon_core.package_identification:_identify(slam/SuperOdom/script) by extension 'ignore'
[0.128s] Level 1:colcon.colcon_core.package_identification:_identify(slam/SuperOdom/script) by extension 'ignore_ament_install'
[0.128s] Level 1:colcon.colcon_core.package_identification:_identify(slam/SuperOdom/script) by extensions ['colcon_pkg']
[0.128s] Level 1:colcon.colcon_core.package_identification:_identify(slam/SuperOdom/script) by extension 'colcon_pkg'
[0.128s] Level 1:colcon.colcon_core.package_identification:_identify(slam/SuperOdom/script) by extensions ['colcon_meta']
[0.128s] Level 1:colcon.colcon_core.package_identification:_identify(slam/SuperOdom/script) by extension 'colcon_meta'
[0.128s] Level 1:colcon.colcon_core.package_identification:_identify(slam/SuperOdom/script) by extensions ['ros']
[0.128s] Level 1:colcon.colcon_core.package_identification:_identify(slam/SuperOdom/script) by extension 'ros'
[0.128s] Level 1:colcon.colcon_core.package_identification:_identify(slam/SuperOdom/script) by extensions ['cmake', 'python']
[0.128s] Level 1:colcon.colcon_core.package_identification:_identify(slam/SuperOdom/script) by extension 'cmake'
[0.128s] Level 1:colcon.colcon_core.package_identification:_identify(slam/SuperOdom/script) by extension 'python'
[0.128s] Level 1:colcon.colcon_core.package_identification:_identify(slam/SuperOdom/script) by extensions ['python_setup_py']
[0.128s] Level 1:colcon.colcon_core.package_identification:_identify(slam/SuperOdom/script) by extension 'python_setup_py'
[0.128s] Level 1:colcon.colcon_core.package_identification:_identify(slam/SuperOdom/script/visualizers) by extensions ['ignore', 'ignore_ament_install']
[0.128s] Level 1:colcon.colcon_core.package_identification:_identify(slam/SuperOdom/script/visualizers) by extension 'ignore'
[0.128s] Level 1:colcon.colcon_core.package_identification:_identify(slam/SuperOdom/script/visualizers) by extension 'ignore_ament_install'
[0.128s] Level 1:colcon.colcon_core.package_identification:_identify(slam/SuperOdom/script/visualizers) by extensions ['colcon_pkg']
[0.128s] Level 1:colcon.colcon_core.package_identification:_identify(slam/SuperOdom/script/visualizers) by extension 'colcon_pkg'
[0.128s] Level 1:colcon.colcon_core.package_identification:_identify(slam/SuperOdom/script/visualizers) by extensions ['colcon_meta']
[0.128s] Level 1:colcon.colcon_core.package_identification:_identify(slam/SuperOdom/script/visualizers) by extension 'colcon_meta'
[0.128s] Level 1:colcon.colcon_core.package_identification:_identify(slam/SuperOdom/script/visualizers) by extensions ['ros']
[0.128s] Level 1:colcon.colcon_core.package_identification:_identify(slam/SuperOdom/script/visualizers) by extension 'ros'
[0.128s] Level 1:colcon.colcon_core.package_identification:_identify(slam/SuperOdom/script/visualizers) by extensions ['cmake', 'python']
[0.128s] Level 1:colcon.colcon_core.package_identification:_identify(slam/SuperOdom/script/visualizers) by extension 'cmake'
[0.128s] Level 1:colcon.colcon_core.package_identification:_identify(slam/SuperOdom/script/visualizers) by extension 'python'
[0.128s] Level 1:colcon.colcon_core.package_identification:_identify(slam/SuperOdom/script/visualizers) by extensions ['python_setup_py']
[0.128s] Level 1:colcon.colcon_core.package_identification:_identify(slam/SuperOdom/script/visualizers) by extension 'python_setup_py'
[0.128s] Level 1:colcon.colcon_core.package_identification:_identify(slam/SuperOdom/super_odometry) by extensions ['ignore', 'ignore_ament_install']
[0.128s] Level 1:colcon.colcon_core.package_identification:_identify(slam/SuperOdom/super_odometry) by extension 'ignore'
[0.128s] Level 1:colcon.colcon_core.package_identification:_identify(slam/SuperOdom/super_odometry) by extension 'ignore_ament_install'
[0.128s] Level 1:colcon.colcon_core.package_identification:_identify(slam/SuperOdom/super_odometry) by extensions ['colcon_pkg']
[0.128s] Level 1:colcon.colcon_core.package_identification:_identify(slam/SuperOdom/super_odometry) by extension 'colcon_pkg'
[0.128s] Level 1:colcon.colcon_core.package_identification:_identify(slam/SuperOdom/super_odometry) by extensions ['colcon_meta']
[0.128s] Level 1:colcon.colcon_core.package_identification:_identify(slam/SuperOdom/super_odometry) by extension 'colcon_meta'
[0.128s] Level 1:colcon.colcon_core.package_identification:_identify(slam/SuperOdom/super_odometry) by extensions ['ros']
[0.128s] Level 1:colcon.colcon_core.package_identification:_identify(slam/SuperOdom/super_odometry) by extension 'ros'
[0.129s] DEBUG:colcon.colcon_core.package_identification:Package 'slam/SuperOdom/super_odometry' with type 'ros.ament_cmake' and name 'super_odometry'
[0.129s] Level 1:colcon.colcon_core.package_identification:_identify(slam/SuperOdom/super_odometry_msgs) by extensions ['ignore', 'ignore_ament_install']
[0.129s] Level 1:colcon.colcon_core.package_identification:_identify(slam/SuperOdom/super_odometry_msgs) by extension 'ignore'
[0.129s] Level 1:colcon.colcon_core.package_identification:_identify(slam/SuperOdom/super_odometry_msgs) by extension 'ignore_ament_install'
[0.129s] Level 1:colcon.colcon_core.package_identification:_identify(slam/SuperOdom/super_odometry_msgs) by extensions ['colcon_pkg']
[0.129s] Level 1:colcon.colcon_core.package_identification:_identify(slam/SuperOdom/super_odometry_msgs) by extension 'colcon_pkg'
[0.129s] Level 1:colcon.colcon_core.package_identification:_identify(slam/SuperOdom/super_odometry_msgs) by extensions ['colcon_meta']
[0.129s] Level 1:colcon.colcon_core.package_identification:_identify(slam/SuperOdom/super_odometry_msgs) by extension 'colcon_meta'
[0.129s] Level 1:colcon.colcon_core.package_identification:_identify(slam/SuperOdom/super_odometry_msgs) by extensions ['ros']
[0.129s] Level 1:colcon.colcon_core.package_identification:_identify(slam/SuperOdom/super_odometry_msgs) by extension 'ros'
[0.129s] DEBUG:colcon.colcon_core.package_identification:Package 'slam/SuperOdom/super_odometry_msgs' with type 'ros.ament_cmake' and name 'super_odometry_msgs'
[0.129s] Level 1:colcon.colcon_core.package_identification:_identify(slam/livox_ros_driver2) by extensions ['ignore', 'ignore_ament_install']
[0.129s] Level 1:colcon.colcon_core.package_identification:_identify(slam/livox_ros_driver2) by extension 'ignore'
[0.129s] Level 1:colcon.colcon_core.package_identification:_identify(slam/livox_ros_driver2) by extension 'ignore_ament_install'
[0.129s] Level 1:colcon.colcon_core.package_identification:_identify(slam/livox_ros_driver2) by extensions ['colcon_pkg']
[0.129s] Level 1:colcon.colcon_core.package_identification:_identify(slam/livox_ros_driver2) by extension 'colcon_pkg'
[0.129s] Level 1:colcon.colcon_core.package_identification:_identify(slam/livox_ros_driver2) by extensions ['colcon_meta']
[0.129s] Level 1:colcon.colcon_core.package_identification:_identify(slam/livox_ros_driver2) by extension 'colcon_meta'
[0.129s] Level 1:colcon.colcon_core.package_identification:_identify(slam/livox_ros_driver2) by extensions ['ros']
[0.129s] Level 1:colcon.colcon_core.package_identification:_identify(slam/livox_ros_driver2) by extension 'ros'
[0.130s] DEBUG:colcon.colcon_core.package_identification:Package 'slam/livox_ros_driver2' with type 'ros.ament_cmake' and name 'livox_ros_driver2'
[0.130s] Level 1:colcon.colcon_core.package_identification:_identify(slam/point_lio_unilidar) by extensions ['ignore', 'ignore_ament_install']
[0.130s] Level 1:colcon.colcon_core.package_identification:_identify(slam/point_lio_unilidar) by extension 'ignore'
[0.130s] Level 1:colcon.colcon_core.package_identification:_identify(slam/point_lio_unilidar) by extension 'ignore_ament_install'
[0.130s] Level 1:colcon.colcon_core.package_identification:_identify(slam/point_lio_unilidar) by extensions ['colcon_pkg']
[0.130s] Level 1:colcon.colcon_core.package_identification:_identify(slam/point_lio_unilidar) by extension 'colcon_pkg'
[0.130s] Level 1:colcon.colcon_core.package_identification:_identify(slam/point_lio_unilidar) by extensions ['colcon_meta']
[0.130s] Level 1:colcon.colcon_core.package_identification:_identify(slam/point_lio_unilidar) by extension 'colcon_meta'
[0.130s] Level 1:colcon.colcon_core.package_identification:_identify(slam/point_lio_unilidar) by extensions ['ros']
[0.130s] Level 1:colcon.colcon_core.package_identification:_identify(slam/point_lio_unilidar) by extension 'ros'
[0.130s] DEBUG:colcon.colcon_core.package_identification:Package 'slam/point_lio_unilidar' with type 'ros.ament_cmake' and name 'point_lio_unilidar'
[0.130s] Level 1:colcon.colcon_core.package_identification:_identify(slam/rviz_2d_overlay_plugins) by extensions ['ignore', 'ignore_ament_install']
[0.130s] Level 1:colcon.colcon_core.package_identification:_identify(slam/rviz_2d_overlay_plugins) by extension 'ignore'
[0.130s] Level 1:colcon.colcon_core.package_identification:_identify(slam/rviz_2d_overlay_plugins) by extension 'ignore_ament_install'
[0.131s] Level 1:colcon.colcon_core.package_identification:_identify(slam/rviz_2d_overlay_plugins) by extensions ['colcon_pkg']
[0.131s] Level 1:colcon.colcon_core.package_identification:_identify(slam/rviz_2d_overlay_plugins) by extension 'colcon_pkg'
[0.131s] Level 1:colcon.colcon_core.package_identification:_identify(slam/rviz_2d_overlay_plugins) by extensions ['colcon_meta']
[0.131s] Level 1:colcon.colcon_core.package_identification:_identify(slam/rviz_2d_overlay_plugins) by extension 'colcon_meta'
[0.131s] Level 1:colcon.colcon_core.package_identification:_identify(slam/rviz_2d_overlay_plugins) by extensions ['ros']
[0.131s] Level 1:colcon.colcon_core.package_identification:_identify(slam/rviz_2d_overlay_plugins) by extension 'ros'
[0.131s] Level 1:colcon.colcon_core.package_identification:_identify(slam/rviz_2d_overlay_plugins) by extensions ['cmake', 'python']
[0.131s] Level 1:colcon.colcon_core.package_identification:_identify(slam/rviz_2d_overlay_plugins) by extension 'cmake'
[0.131s] Level 1:colcon.colcon_core.package_identification:_identify(slam/rviz_2d_overlay_plugins) by extension 'python'
[0.131s] Level 1:colcon.colcon_core.package_identification:_identify(slam/rviz_2d_overlay_plugins) by extensions ['python_setup_py']
[0.131s] Level 1:colcon.colcon_core.package_identification:_identify(slam/rviz_2d_overlay_plugins) by extension 'python_setup_py'
[0.131s] Level 1:colcon.colcon_core.package_identification:_identify(slam/rviz_2d_overlay_plugins/rviz_2d_overlay_msgs) by extensions ['ignore', 'ignore_ament_install']
[0.131s] Level 1:colcon.colcon_core.package_identification:_identify(slam/rviz_2d_overlay_plugins/rviz_2d_overlay_msgs) by extension 'ignore'
[0.131s] Level 1:colcon.colcon_core.package_identification:_identify(slam/rviz_2d_overlay_plugins/rviz_2d_overlay_msgs) by extension 'ignore_ament_install'
[0.131s] Level 1:colcon.colcon_core.package_identification:_identify(slam/rviz_2d_overlay_plugins/rviz_2d_overlay_msgs) by extensions ['colcon_pkg']
[0.131s] Level 1:colcon.colcon_core.package_identification:_identify(slam/rviz_2d_overlay_plugins/rviz_2d_overlay_msgs) by extension 'colcon_pkg'
[0.131s] Level 1:colcon.colcon_core.package_identification:_identify(slam/rviz_2d_overlay_plugins/rviz_2d_overlay_msgs) by extensions ['colcon_meta']
[0.131s] Level 1:colcon.colcon_core.package_identification:_identify(slam/rviz_2d_overlay_plugins/rviz_2d_overlay_msgs) by extension 'colcon_meta'
[0.131s] Level 1:colcon.colcon_core.package_identification:_identify(slam/rviz_2d_overlay_plugins/rviz_2d_overlay_msgs) by extensions ['ros']
[0.131s] Level 1:colcon.colcon_core.package_identification:_identify(slam/rviz_2d_overlay_plugins/rviz_2d_overlay_msgs) by extension 'ros'
[0.131s] DEBUG:colcon.colcon_core.package_identification:Package 'slam/rviz_2d_overlay_plugins/rviz_2d_overlay_msgs' with type 'ros.ament_cmake' and name 'rviz_2d_overlay_msgs'
[0.131s] Level 1:colcon.colcon_core.package_identification:_identify(slam/rviz_2d_overlay_plugins/rviz_2d_overlay_plugins) by extensions ['ignore', 'ignore_ament_install']
[0.131s] Level 1:colcon.colcon_core.package_identification:_identify(slam/rviz_2d_overlay_plugins/rviz_2d_overlay_plugins) by extension 'ignore'
[0.131s] Level 1:colcon.colcon_core.package_identification:_identify(slam/rviz_2d_overlay_plugins/rviz_2d_overlay_plugins) by extension 'ignore_ament_install'
[0.131s] Level 1:colcon.colcon_core.package_identification:_identify(slam/rviz_2d_overlay_plugins/rviz_2d_overlay_plugins) by extensions ['colcon_pkg']
[0.131s] Level 1:colcon.colcon_core.package_identification:_identify(slam/rviz_2d_overlay_plugins/rviz_2d_overlay_plugins) by extension 'colcon_pkg'
[0.131s] Level 1:colcon.colcon_core.package_identification:_identify(slam/rviz_2d_overlay_plugins/rviz_2d_overlay_plugins) by extensions ['colcon_meta']
[0.131s] Level 1:colcon.colcon_core.package_identification:_identify(slam/rviz_2d_overlay_plugins/rviz_2d_overlay_plugins) by extension 'colcon_meta'
[0.131s] Level 1:colcon.colcon_core.package_identification:_identify(slam/rviz_2d_overlay_plugins/rviz_2d_overlay_plugins) by extensions ['ros']
[0.131s] Level 1:colcon.colcon_core.package_identification:_identify(slam/rviz_2d_overlay_plugins/rviz_2d_overlay_plugins) by extension 'ros'
[0.131s] DEBUG:colcon.colcon_core.package_identification:Package 'slam/rviz_2d_overlay_plugins/rviz_2d_overlay_plugins' with type 'ros.ament_cmake' and name 'rviz_2d_overlay_plugins'
[0.132s] Level 1:colcon.colcon_core.package_identification:_identify(utilities) by extensions ['ignore', 'ignore_ament_install']
[0.132s] Level 1:colcon.colcon_core.package_identification:_identify(utilities) by extension 'ignore'
[0.132s] Level 1:colcon.colcon_core.package_identification:_identify(utilities) by extension 'ignore_ament_install'
[0.132s] Level 1:colcon.colcon_core.package_identification:_identify(utilities) by extensions ['colcon_pkg']
[0.132s] Level 1:colcon.colcon_core.package_identification:_identify(utilities) by extension 'colcon_pkg'
[0.132s] Level 1:colcon.colcon_core.package_identification:_identify(utilities) by extensions ['colcon_meta']
[0.132s] Level 1:colcon.colcon_core.package_identification:_identify(utilities) by extension 'colcon_meta'
[0.132s] Level 1:colcon.colcon_core.package_identification:_identify(utilities) by extensions ['ros']
[0.132s] Level 1:colcon.colcon_core.package_identification:_identify(utilities) by extension 'ros'
[0.132s] Level 1:colcon.colcon_core.package_identification:_identify(utilities) by extensions ['cmake', 'python']
[0.132s] Level 1:colcon.colcon_core.package_identification:_identify(utilities) by extension 'cmake'
[0.132s] Level 1:colcon.colcon_core.package_identification:_identify(utilities) by extension 'python'
[0.132s] Level 1:colcon.colcon_core.package_identification:_identify(utilities) by extensions ['python_setup_py']
[0.132s] Level 1:colcon.colcon_core.package_identification:_identify(utilities) by extension 'python_setup_py'
[0.132s] Level 1:colcon.colcon_core.package_identification:_identify(utilities/ROS-TCP-Endpoint) by extensions ['ignore', 'ignore_ament_install']
[0.132s] Level 1:colcon.colcon_core.package_identification:_identify(utilities/ROS-TCP-Endpoint) by extension 'ignore'
[0.132s] Level 1:colcon.colcon_core.package_identification:_identify(utilities/ROS-TCP-Endpoint) by extension 'ignore_ament_install'
[0.132s] Level 1:colcon.colcon_core.package_identification:_identify(utilities/ROS-TCP-Endpoint) by extensions ['colcon_pkg']
[0.132s] Level 1:colcon.colcon_core.package_identification:_identify(utilities/ROS-TCP-Endpoint) by extension 'colcon_pkg'
[0.132s] Level 1:colcon.colcon_core.package_identification:_identify(utilities/ROS-TCP-Endpoint) by extensions ['colcon_meta']
[0.132s] Level 1:colcon.colcon_core.package_identification:_identify(utilities/ROS-TCP-Endpoint) by extension 'colcon_meta'
[0.132s] Level 1:colcon.colcon_core.package_identification:_identify(utilities/ROS-TCP-Endpoint) by extensions ['ros']
[0.132s] Level 1:colcon.colcon_core.package_identification:_identify(utilities/ROS-TCP-Endpoint) by extension 'ros'
[0.132s] DEBUG:colcon.colcon_core.package_identification:Package 'utilities/ROS-TCP-Endpoint' with type 'ros.ament_python' and name 'ros_tcp_endpoint'
[0.132s] Level 1:colcon.colcon_core.package_identification:_identify(utilities/calibrate_imu) by extensions ['ignore', 'ignore_ament_install']
[0.132s] Level 1:colcon.colcon_core.package_identification:_identify(utilities/calibrate_imu) by extension 'ignore'
[0.132s] Level 1:colcon.colcon_core.package_identification:_identify(utilities/calibrate_imu) by extension 'ignore_ament_install'
[0.132s] Level 1:colcon.colcon_core.package_identification:_identify(utilities/calibrate_imu) by extensions ['colcon_pkg']
[0.132s] Level 1:colcon.colcon_core.package_identification:_identify(utilities/calibrate_imu) by extension 'colcon_pkg'
[0.132s] Level 1:colcon.colcon_core.package_identification:_identify(utilities/calibrate_imu) by extensions ['colcon_meta']
[0.132s] Level 1:colcon.colcon_core.package_identification:_identify(utilities/calibrate_imu) by extension 'colcon_meta'
[0.132s] Level 1:colcon.colcon_core.package_identification:_identify(utilities/calibrate_imu) by extensions ['ros']
[0.132s] Level 1:colcon.colcon_core.package_identification:_identify(utilities/calibrate_imu) by extension 'ros'
[0.132s] DEBUG:colcon.colcon_core.package_identification:Package 'utilities/calibrate_imu' with type 'ros.ament_cmake' and name 'calibrate_imu'
[0.133s] Level 1:colcon.colcon_core.package_identification:_identify(utilities/goalpoint_rviz_plugin) by extensions ['ignore', 'ignore_ament_install']
[0.133s] Level 1:colcon.colcon_core.package_identification:_identify(utilities/goalpoint_rviz_plugin) by extension 'ignore'
[0.133s] Level 1:colcon.colcon_core.package_identification:_identify(utilities/goalpoint_rviz_plugin) by extension 'ignore_ament_install'
[0.133s] Level 1:colcon.colcon_core.package_identification:_identify(utilities/goalpoint_rviz_plugin) by extensions ['colcon_pkg']
[0.133s] Level 1:colcon.colcon_core.package_identification:_identify(utilities/goalpoint_rviz_plugin) by extension 'colcon_pkg'
[0.133s] Level 1:colcon.colcon_core.package_identification:_identify(utilities/goalpoint_rviz_plugin) by extensions ['colcon_meta']
[0.133s] Level 1:colcon.colcon_core.package_identification:_identify(utilities/goalpoint_rviz_plugin) by extension 'colcon_meta'
[0.133s] Level 1:colcon.colcon_core.package_identification:_identify(utilities/goalpoint_rviz_plugin) by extensions ['ros']
[0.133s] Level 1:colcon.colcon_core.package_identification:_identify(utilities/goalpoint_rviz_plugin) by extension 'ros'
[0.133s] DEBUG:colcon.colcon_core.package_identification:Package 'utilities/goalpoint_rviz_plugin' with type 'ros.ament_cmake' and name 'goalpoint_rviz_plugin'
[0.133s] Level 1:colcon.colcon_core.package_identification:_identify(utilities/teleop_rviz_plugin) by extensions ['ignore', 'ignore_ament_install']
[0.133s] Level 1:colcon.colcon_core.package_identification:_identify(utilities/teleop_rviz_plugin) by extension 'ignore'
[0.133s] Level 1:colcon.colcon_core.package_identification:_identify(utilities/teleop_rviz_plugin) by extension 'ignore_ament_install'
[0.133s] Level 1:colcon.colcon_core.package_identification:_identify(utilities/teleop_rviz_plugin) by extensions ['colcon_pkg']
[0.133s] Level 1:colcon.colcon_core.package_identification:_identify(utilities/teleop_rviz_plugin) by extension 'colcon_pkg'
[0.133s] Level 1:colcon.colcon_core.package_identification:_identify(utilities/teleop_rviz_plugin) by extensions ['colcon_meta']
[0.133s] Level 1:colcon.colcon_core.package_identification:_identify(utilities/teleop_rviz_plugin) by extension 'colcon_meta'
[0.133s] Level 1:colcon.colcon_core.package_identification:_identify(utilities/teleop_rviz_plugin) by extensions ['ros']
[0.133s] Level 1:colcon.colcon_core.package_identification:_identify(utilities/teleop_rviz_plugin) by extension 'ros'
[0.134s] DEBUG:colcon.colcon_core.package_identification:Package 'utilities/teleop_rviz_plugin' with type 'ros.ament_cmake' and name 'teleop_rviz_plugin'
[0.134s] Level 1:colcon.colcon_core.package_identification:_identify(utilities/teleop_rviz_plugin_plus) by extensions ['ignore', 'ignore_ament_install']
[0.134s] Level 1:colcon.colcon_core.package_identification:_identify(utilities/teleop_rviz_plugin_plus) by extension 'ignore'
[0.134s] Level 1:colcon.colcon_core.package_identification:_identify(utilities/teleop_rviz_plugin_plus) by extension 'ignore_ament_install'
[0.134s] Level 1:colcon.colcon_core.package_identification:_identify(utilities/teleop_rviz_plugin_plus) by extensions ['colcon_pkg']
[0.134s] Level 1:colcon.colcon_core.package_identification:_identify(utilities/teleop_rviz_plugin_plus) by extension 'colcon_pkg'
[0.134s] Level 1:colcon.colcon_core.package_identification:_identify(utilities/teleop_rviz_plugin_plus) by extensions ['colcon_meta']
[0.134s] Level 1:colcon.colcon_core.package_identification:_identify(utilities/teleop_rviz_plugin_plus) by extension 'colcon_meta'
[0.134s] Level 1:colcon.colcon_core.package_identification:_identify(utilities/teleop_rviz_plugin_plus) by extensions ['ros']
[0.134s] Level 1:colcon.colcon_core.package_identification:_identify(utilities/teleop_rviz_plugin_plus) by extension 'ros'
[0.134s] DEBUG:colcon.colcon_core.package_identification:Package 'utilities/teleop_rviz_plugin_plus' with type 'ros.ament_cmake' and name 'teleop_rviz_plugin_plus'
[0.134s] Level 1:colcon.colcon_core.package_identification:_identify(utilities/transform_sensors) by extensions ['ignore', 'ignore_ament_install']
[0.134s] Level 1:colcon.colcon_core.package_identification:_identify(utilities/transform_sensors) by extension 'ignore'
[0.134s] Level 1:colcon.colcon_core.package_identification:_identify(utilities/transform_sensors) by extension 'ignore_ament_install'
[0.135s] Level 1:colcon.colcon_core.package_identification:_identify(utilities/transform_sensors) by extensions ['colcon_pkg']
[0.135s] Level 1:colcon.colcon_core.package_identification:_identify(utilities/transform_sensors) by extension 'colcon_pkg'
[0.135s] Level 1:colcon.colcon_core.package_identification:_identify(utilities/transform_sensors) by extensions ['colcon_meta']
[0.135s] Level 1:colcon.colcon_core.package_identification:_identify(utilities/transform_sensors) by extension 'colcon_meta'
[0.135s] Level 1:colcon.colcon_core.package_identification:_identify(utilities/transform_sensors) by extensions ['ros']
[0.135s] Level 1:colcon.colcon_core.package_identification:_identify(utilities/transform_sensors) by extension 'ros'
[0.135s] DEBUG:colcon.colcon_core.package_identification:Package 'utilities/transform_sensors' with type 'ros.ament_python' and name 'transform_sensors'
[0.135s] Level 1:colcon.colcon_core.package_identification:_identify(utilities/unitree_pkgs) by extensions ['ignore', 'ignore_ament_install']
[0.135s] Level 1:colcon.colcon_core.package_identification:_identify(utilities/unitree_pkgs) by extension 'ignore'
[0.135s] Level 1:colcon.colcon_core.package_identification:_identify(utilities/unitree_pkgs) by extension 'ignore_ament_install'
[0.135s] Level 1:colcon.colcon_core.package_identification:_identify(utilities/unitree_pkgs) by extensions ['colcon_pkg']
[0.135s] Level 1:colcon.colcon_core.package_identification:_identify(utilities/unitree_pkgs) by extension 'colcon_pkg'
[0.135s] Level 1:colcon.colcon_core.package_identification:_identify(utilities/unitree_pkgs) by extensions ['colcon_meta']
[0.135s] Level 1:colcon.colcon_core.package_identification:_identify(utilities/unitree_pkgs) by extension 'colcon_meta'
[0.135s] Level 1:colcon.colcon_core.package_identification:_identify(utilities/unitree_pkgs) by extensions ['ros']
[0.135s] Level 1:colcon.colcon_core.package_identification:_identify(utilities/unitree_pkgs) by extension 'ros'
[0.135s] Level 1:colcon.colcon_core.package_identification:_identify(utilities/unitree_pkgs) by extensions ['cmake', 'python']
[0.135s] Level 1:colcon.colcon_core.package_identification:_identify(utilities/unitree_pkgs) by extension 'cmake'
[0.135s] Level 1:colcon.colcon_core.package_identification:_identify(utilities/unitree_pkgs) by extension 'python'
[0.135s] Level 1:colcon.colcon_core.package_identification:_identify(utilities/unitree_pkgs) by extensions ['python_setup_py']
[0.135s] Level 1:colcon.colcon_core.package_identification:_identify(utilities/unitree_pkgs) by extension 'python_setup_py'
[0.135s] Level 1:colcon.colcon_core.package_identification:_identify(utilities/unitree_pkgs/go2_h264_repub) by extensions ['ignore', 'ignore_ament_install']
[0.135s] Level 1:colcon.colcon_core.package_identification:_identify(utilities/unitree_pkgs/go2_h264_repub) by extension 'ignore'
[0.135s] Level 1:colcon.colcon_core.package_identification:_identify(utilities/unitree_pkgs/go2_h264_repub) by extension 'ignore_ament_install'
[0.135s] Level 1:colcon.colcon_core.package_identification:_identify(utilities/unitree_pkgs/go2_h264_repub) by extensions ['colcon_pkg']
[0.135s] Level 1:colcon.colcon_core.package_identification:_identify(utilities/unitree_pkgs/go2_h264_repub) by extension 'colcon_pkg'
[0.135s] Level 1:colcon.colcon_core.package_identification:_identify(utilities/unitree_pkgs/go2_h264_repub) by extensions ['colcon_meta']
[0.135s] Level 1:colcon.colcon_core.package_identification:_identify(utilities/unitree_pkgs/go2_h264_repub) by extension 'colcon_meta'
[0.135s] Level 1:colcon.colcon_core.package_identification:_identify(utilities/unitree_pkgs/go2_h264_repub) by extensions ['ros']
[0.135s] Level 1:colcon.colcon_core.package_identification:_identify(utilities/unitree_pkgs/go2_h264_repub) by extension 'ros'
[0.135s] DEBUG:colcon.colcon_core.package_identification:Package 'utilities/unitree_pkgs/go2_h264_repub' with type 'ros.ament_cmake' and name 'go2_h264_repub'
[0.135s] Level 1:colcon.colcon_core.package_identification:_identify(utilities/unitree_pkgs/go2_sport_api) by extensions ['ignore', 'ignore_ament_install']
[0.135s] Level 1:colcon.colcon_core.package_identification:_identify(utilities/unitree_pkgs/go2_sport_api) by extension 'ignore'
[0.135s] Level 1:colcon.colcon_core.package_identification:_identify(utilities/unitree_pkgs/go2_sport_api) by extension 'ignore_ament_install'
[0.136s] Level 1:colcon.colcon_core.package_identification:_identify(utilities/unitree_pkgs/go2_sport_api) by extensions ['colcon_pkg']
[0.136s] Level 1:colcon.colcon_core.package_identification:_identify(utilities/unitree_pkgs/go2_sport_api) by extension 'colcon_pkg'
[0.136s] Level 1:colcon.colcon_core.package_identification:_identify(utilities/unitree_pkgs/go2_sport_api) by extensions ['colcon_meta']
[0.136s] Level 1:colcon.colcon_core.package_identification:_identify(utilities/unitree_pkgs/go2_sport_api) by extension 'colcon_meta'
[0.136s] Level 1:colcon.colcon_core.package_identification:_identify(utilities/unitree_pkgs/go2_sport_api) by extensions ['ros']
[0.136s] Level 1:colcon.colcon_core.package_identification:_identify(utilities/unitree_pkgs/go2_sport_api) by extension 'ros'
[0.136s] DEBUG:colcon.colcon_core.package_identification:Package 'utilities/unitree_pkgs/go2_sport_api' with type 'ros.ament_cmake' and name 'go2_sport_api'
[0.136s] Level 1:colcon.colcon_core.package_identification:_identify(utilities/unitree_pkgs/unitree_api) by extensions ['ignore', 'ignore_ament_install']
[0.136s] Level 1:colcon.colcon_core.package_identification:_identify(utilities/unitree_pkgs/unitree_api) by extension 'ignore'
[0.136s] Level 1:colcon.colcon_core.package_identification:_identify(utilities/unitree_pkgs/unitree_api) by extension 'ignore_ament_install'
[0.136s] Level 1:colcon.colcon_core.package_identification:_identify(utilities/unitree_pkgs/unitree_api) by extensions ['colcon_pkg']
[0.136s] Level 1:colcon.colcon_core.package_identification:_identify(utilities/unitree_pkgs/unitree_api) by extension 'colcon_pkg'
[0.136s] Level 1:colcon.colcon_core.package_identification:_identify(utilities/unitree_pkgs/unitree_api) by extensions ['colcon_meta']
[0.136s] Level 1:colcon.colcon_core.package_identification:_identify(utilities/unitree_pkgs/unitree_api) by extension 'colcon_meta'
[0.136s] Level 1:colcon.colcon_core.package_identification:_identify(utilities/unitree_pkgs/unitree_api) by extensions ['ros']
[0.136s] Level 1:colcon.colcon_core.package_identification:_identify(utilities/unitree_pkgs/unitree_api) by extension 'ros'
[0.136s] DEBUG:colcon.colcon_core.package_identification:Package 'utilities/unitree_pkgs/unitree_api' with type 'ros.ament_cmake' and name 'unitree_api'
[0.136s] Level 1:colcon.colcon_core.package_identification:_identify(utilities/unitree_pkgs/unitree_go) by extensions ['ignore', 'ignore_ament_install']
[0.136s] Level 1:colcon.colcon_core.package_identification:_identify(utilities/unitree_pkgs/unitree_go) by extension 'ignore'
[0.136s] Level 1:colcon.colcon_core.package_identification:_identify(utilities/unitree_pkgs/unitree_go) by extension 'ignore_ament_install'
[0.136s] Level 1:colcon.colcon_core.package_identification:_identify(utilities/unitree_pkgs/unitree_go) by extensions ['colcon_pkg']
[0.136s] Level 1:colcon.colcon_core.package_identification:_identify(utilities/unitree_pkgs/unitree_go) by extension 'colcon_pkg'
[0.136s] Level 1:colcon.colcon_core.package_identification:_identify(utilities/unitree_pkgs/unitree_go) by extensions ['colcon_meta']
[0.136s] Level 1:colcon.colcon_core.package_identification:_identify(utilities/unitree_pkgs/unitree_go) by extension 'colcon_meta'
[0.136s] Level 1:colcon.colcon_core.package_identification:_identify(utilities/unitree_pkgs/unitree_go) by extensions ['ros']
[0.136s] Level 1:colcon.colcon_core.package_identification:_identify(utilities/unitree_pkgs/unitree_go) by extension 'ros'
[0.137s] DEBUG:colcon.colcon_core.package_identification:Package 'utilities/unitree_pkgs/unitree_go' with type 'ros.ament_cmake' and name 'unitree_go'
[0.137s] Level 1:colcon.colcon_core.package_identification:_identify(utilities/waypoint_rviz_plugin) by extensions ['ignore', 'ignore_ament_install']
[0.137s] Level 1:colcon.colcon_core.package_identification:_identify(utilities/waypoint_rviz_plugin) by extension 'ignore'
[0.137s] Level 1:colcon.colcon_core.package_identification:_identify(utilities/waypoint_rviz_plugin) by extension 'ignore_ament_install'
[0.137s] Level 1:colcon.colcon_core.package_identification:_identify(utilities/waypoint_rviz_plugin) by extensions ['colcon_pkg']
[0.137s] Level 1:colcon.colcon_core.package_identification:_identify(utilities/waypoint_rviz_plugin) by extension 'colcon_pkg'
[0.137s] Level 1:colcon.colcon_core.package_identification:_identify(utilities/waypoint_rviz_plugin) by extensions ['colcon_meta']
[0.137s] Level 1:colcon.colcon_core.package_identification:_identify(utilities/waypoint_rviz_plugin) by extension 'colcon_meta'
[0.137s] Level 1:colcon.colcon_core.package_identification:_identify(utilities/waypoint_rviz_plugin) by extensions ['ros']
[0.137s] Level 1:colcon.colcon_core.package_identification:_identify(utilities/waypoint_rviz_plugin) by extension 'ros'
[0.137s] DEBUG:colcon.colcon_core.package_identification:Package 'utilities/waypoint_rviz_plugin' with type 'ros.ament_cmake' and name 'waypoint_rviz_plugin'
[0.137s] Level 1:colcon.colcon_core.package_discovery:discover_packages(recursive) using defaults
[0.137s] Level 1:colcon.colcon_core.package_discovery:discover_packages(ignore) discover
[0.137s] Level 1:colcon.colcon_core.package_discovery:discover_packages(ignore) using defaults
[0.137s] Level 1:colcon.colcon_core.package_discovery:discover_packages(path) discover
[0.137s] Level 1:colcon.colcon_core.package_discovery:discover_packages(path) using defaults
[0.148s] Level 5:colcon.colcon_core.verb:set package 'go2_h264_repub' build argument 'cmake_args' from command line to '['-DCMAKE_BUILD_TYPE=Release']'
[0.148s] Level 5:colcon.colcon_core.verb:set package 'go2_h264_repub' build argument 'cmake_target' from command line to 'None'
[0.148s] Level 5:colcon.colcon_core.verb:set package 'go2_h264_repub' build argument 'cmake_target_skip_unavailable' from command line to 'False'
[0.148s] Level 5:colcon.colcon_core.verb:set package 'go2_h264_repub' build argument 'cmake_clean_cache' from command line to 'False'
[0.148s] Level 5:colcon.colcon_core.verb:set package 'go2_h264_repub' build argument 'cmake_clean_first' from command line to 'False'
[0.148s] Level 5:colcon.colcon_core.verb:set package 'go2_h264_repub' build argument 'cmake_force_configure' from command line to 'False'
[0.148s] Level 5:colcon.colcon_core.verb:set package 'go2_h264_repub' build argument 'ament_cmake_args' from command line to 'None'
[0.148s] Level 5:colcon.colcon_core.verb:set package 'go2_h264_repub' build argument 'catkin_cmake_args' from command line to 'None'
[0.148s] Level 5:colcon.colcon_core.verb:set package 'go2_h264_repub' build argument 'catkin_skip_building_tests' from command line to 'False'
[0.148s] DEBUG:colcon.colcon_core.verb:Building package 'go2_h264_repub' with the following arguments: {'ament_cmake_args': None, 'build_base': '/root/ros2_ws/src/build/go2_h264_repub', 'catkin_cmake_args': None, 'catkin_skip_building_tests': False, 'cmake_args': ['-DCMAKE_BUILD_TYPE=Release'], 'cmake_clean_cache': False, 'cmake_clean_first': False, 'cmake_force_configure': False, 'cmake_target': None, 'cmake_target_skip_unavailable': False, 'install_base': '/root/ros2_ws/src/install/go2_h264_repub', 'merge_install': False, 'path': '/root/ros2_ws/src/utilities/unitree_pkgs/go2_h264_repub', 'symlink_install': True, 'test_result_base': None}
[0.148s] Level 5:colcon.colcon_core.verb:set package 'goalpoint_rviz_plugin' build argument 'cmake_args' from command line to '['-DCMAKE_BUILD_TYPE=Release']'
[0.148s] Level 5:colcon.colcon_core.verb:set package 'goalpoint_rviz_plugin' build argument 'cmake_target' from command line to 'None'
[0.148s] Level 5:colcon.colcon_core.verb:set package 'goalpoint_rviz_plugin' build argument 'cmake_target_skip_unavailable' from command line to 'False'
[0.148s] Level 5:colcon.colcon_core.verb:set package 'goalpoint_rviz_plugin' build argument 'cmake_clean_cache' from command line to 'False'
[0.148s] Level 5:colcon.colcon_core.verb:set package 'goalpoint_rviz_plugin' build argument 'cmake_clean_first' from command line to 'False'
[0.148s] Level 5:colcon.colcon_core.verb:set package 'goalpoint_rviz_plugin' build argument 'cmake_force_configure' from command line to 'False'
[0.148s] Level 5:colcon.colcon_core.verb:set package 'goalpoint_rviz_plugin' build argument 'ament_cmake_args' from command line to 'None'
[0.148s] Level 5:colcon.colcon_core.verb:set package 'goalpoint_rviz_plugin' build argument 'catkin_cmake_args' from command line to 'None'
[0.148s] Level 5:colcon.colcon_core.verb:set package 'goalpoint_rviz_plugin' build argument 'catkin_skip_building_tests' from command line to 'False'
[0.148s] DEBUG:colcon.colcon_core.verb:Building package 'goalpoint_rviz_plugin' with the following arguments: {'ament_cmake_args': None, 'build_base': '/root/ros2_ws/src/build/goalpoint_rviz_plugin', 'catkin_cmake_args': None, 'catkin_skip_building_tests': False, 'cmake_args': ['-DCMAKE_BUILD_TYPE=Release'], 'cmake_clean_cache': False, 'cmake_clean_first': False, 'cmake_force_configure': False, 'cmake_target': None, 'cmake_target_skip_unavailable': False, 'install_base': '/root/ros2_ws/src/install/goalpoint_rviz_plugin', 'merge_install': False, 'path': '/root/ros2_ws/src/utilities/goalpoint_rviz_plugin', 'symlink_install': True, 'test_result_base': None}
[0.148s] Level 5:colcon.colcon_core.verb:set package 'livox_ros_driver2' build argument 'cmake_args' from command line to '['-DCMAKE_BUILD_TYPE=Release']'
[0.148s] Level 5:colcon.colcon_core.verb:set package 'livox_ros_driver2' build argument 'cmake_target' from command line to 'None'
[0.148s] Level 5:colcon.colcon_core.verb:set package 'livox_ros_driver2' build argument 'cmake_target_skip_unavailable' from command line to 'False'
[0.148s] Level 5:colcon.colcon_core.verb:set package 'livox_ros_driver2' build argument 'cmake_clean_cache' from command line to 'False'
[0.148s] Level 5:colcon.colcon_core.verb:set package 'livox_ros_driver2' build argument 'cmake_clean_first' from command line to 'False'
[0.148s] Level 5:colcon.colcon_core.verb:set package 'livox_ros_driver2' build argument 'cmake_force_configure' from command line to 'False'
[0.148s] Level 5:colcon.colcon_core.verb:set package 'livox_ros_driver2' build argument 'ament_cmake_args' from command line to 'None'
[0.148s] Level 5:colcon.colcon_core.verb:set package 'livox_ros_driver2' build argument 'catkin_cmake_args' from command line to 'None'
[0.148s] Level 5:colcon.colcon_core.verb:set package 'livox_ros_driver2' build argument 'catkin_skip_building_tests' from command line to 'False'
[0.148s] DEBUG:colcon.colcon_core.verb:Building package 'livox_ros_driver2' with the following arguments: {'ament_cmake_args': None, 'build_base': '/root/ros2_ws/src/build/livox_ros_driver2', 'catkin_cmake_args': None, 'catkin_skip_building_tests': False, 'cmake_args': ['-DCMAKE_BUILD_TYPE=Release'], 'cmake_clean_cache': False, 'cmake_clean_first': False, 'cmake_force_configure': False, 'cmake_target': None, 'cmake_target_skip_unavailable': False, 'install_base': '/root/ros2_ws/src/install/livox_ros_driver2', 'merge_install': False, 'path': '/root/ros2_ws/src/slam/livox_ros_driver2', 'symlink_install': True, 'test_result_base': None}
[0.148s] Level 5:colcon.colcon_core.verb:set package 'ros_tcp_endpoint' build argument 'cmake_args' from command line to '['-DCMAKE_BUILD_TYPE=Release']'
[0.148s] Level 5:colcon.colcon_core.verb:set package 'ros_tcp_endpoint' build argument 'cmake_target' from command line to 'None'
[0.148s] Level 5:colcon.colcon_core.verb:set package 'ros_tcp_endpoint' build argument 'cmake_target_skip_unavailable' from command line to 'False'
[0.149s] Level 5:colcon.colcon_core.verb:set package 'ros_tcp_endpoint' build argument 'cmake_clean_cache' from command line to 'False'
[0.149s] Level 5:colcon.colcon_core.verb:set package 'ros_tcp_endpoint' build argument 'cmake_clean_first' from command line to 'False'
[0.149s] Level 5:colcon.colcon_core.verb:set package 'ros_tcp_endpoint' build argument 'cmake_force_configure' from command line to 'False'
[0.149s] Level 5:colcon.colcon_core.verb:set package 'ros_tcp_endpoint' build argument 'ament_cmake_args' from command line to 'None'
[0.149s] Level 5:colcon.colcon_core.verb:set package 'ros_tcp_endpoint' build argument 'catkin_cmake_args' from command line to 'None'
[0.149s] Level 5:colcon.colcon_core.verb:set package 'ros_tcp_endpoint' build argument 'catkin_skip_building_tests' from command line to 'False'
[0.149s] DEBUG:colcon.colcon_core.verb:Building package 'ros_tcp_endpoint' with the following arguments: {'ament_cmake_args': None, 'build_base': '/root/ros2_ws/src/build/ros_tcp_endpoint', 'catkin_cmake_args': None, 'catkin_skip_building_tests': False, 'cmake_args': ['-DCMAKE_BUILD_TYPE=Release'], 'cmake_clean_cache': False, 'cmake_clean_first': False, 'cmake_force_configure': False, 'cmake_target': None, 'cmake_target_skip_unavailable': False, 'install_base': '/root/ros2_ws/src/install/ros_tcp_endpoint', 'merge_install': False, 'path': '/root/ros2_ws/src/utilities/ROS-TCP-Endpoint', 'symlink_install': True, 'test_result_base': None}
[0.149s] Level 5:colcon.colcon_core.verb:set package 'rviz_2d_overlay_msgs' build argument 'cmake_args' from command line to '['-DCMAKE_BUILD_TYPE=Release']'
[0.149s] Level 5:colcon.colcon_core.verb:set package 'rviz_2d_overlay_msgs' build argument 'cmake_target' from command line to 'None'
[0.149s] Level 5:colcon.colcon_core.verb:set package 'rviz_2d_overlay_msgs' build argument 'cmake_target_skip_unavailable' from command line to 'False'
[0.149s] Level 5:colcon.colcon_core.verb:set package 'rviz_2d_overlay_msgs' build argument 'cmake_clean_cache' from command line to 'False'
[0.149s] Level 5:colcon.colcon_core.verb:set package 'rviz_2d_overlay_msgs' build argument 'cmake_clean_first' from command line to 'False'
[0.149s] Level 5:colcon.colcon_core.verb:set package 'rviz_2d_overlay_msgs' build argument 'cmake_force_configure' from command line to 'False'
[0.149s] Level 5:colcon.colcon_core.verb:set package 'rviz_2d_overlay_msgs' build argument 'ament_cmake_args' from command line to 'None'
[0.149s] Level 5:colcon.colcon_core.verb:set package 'rviz_2d_overlay_msgs' build argument 'catkin_cmake_args' from command line to 'None'
[0.149s] Level 5:colcon.colcon_core.verb:set package 'rviz_2d_overlay_msgs' build argument 'catkin_skip_building_tests' from command line to 'False'
[0.149s] DEBUG:colcon.colcon_core.verb:Building package 'rviz_2d_overlay_msgs' with the following arguments: {'ament_cmake_args': None, 'build_base': '/root/ros2_ws/src/build/rviz_2d_overlay_msgs', 'catkin_cmake_args': None, 'catkin_skip_building_tests': False, 'cmake_args': ['-DCMAKE_BUILD_TYPE=Release'], 'cmake_clean_cache': False, 'cmake_clean_first': False, 'cmake_force_configure': False, 'cmake_target': None, 'cmake_target_skip_unavailable': False, 'install_base': '/root/ros2_ws/src/install/rviz_2d_overlay_msgs', 'merge_install': False, 'path': '/root/ros2_ws/src/slam/rviz_2d_overlay_plugins/rviz_2d_overlay_msgs', 'symlink_install': True, 'test_result_base': None}
[0.149s] Level 5:colcon.colcon_core.verb:set package 'sensor_scan_generation' build argument 'cmake_args' from command line to '['-DCMAKE_BUILD_TYPE=Release']'
[0.149s] Level 5:colcon.colcon_core.verb:set package 'sensor_scan_generation' build argument 'cmake_target' from command line to 'None'
[0.149s] Level 5:colcon.colcon_core.verb:set package 'sensor_scan_generation' build argument 'cmake_target_skip_unavailable' from command line to 'False'
[0.149s] Level 5:colcon.colcon_core.verb:set package 'sensor_scan_generation' build argument 'cmake_clean_cache' from command line to 'False'
[0.149s] Level 5:colcon.colcon_core.verb:set package 'sensor_scan_generation' build argument 'cmake_clean_first' from command line to 'False'
[0.149s] Level 5:colcon.colcon_core.verb:set package 'sensor_scan_generation' build argument 'cmake_force_configure' from command line to 'False'
[0.149s] Level 5:colcon.colcon_core.verb:set package 'sensor_scan_generation' build argument 'ament_cmake_args' from command line to 'None'
[0.149s] Level 5:colcon.colcon_core.verb:set package 'sensor_scan_generation' build argument 'catkin_cmake_args' from command line to 'None'
[0.149s] Level 5:colcon.colcon_core.verb:set package 'sensor_scan_generation' build argument 'catkin_skip_building_tests' from command line to 'False'
[0.149s] DEBUG:colcon.colcon_core.verb:Building package 'sensor_scan_generation' with the following arguments: {'ament_cmake_args': None, 'build_base': '/root/ros2_ws/src/build/sensor_scan_generation', 'catkin_cmake_args': None, 'catkin_skip_building_tests': False, 'cmake_args': ['-DCMAKE_BUILD_TYPE=Release'], 'cmake_clean_cache': False, 'cmake_clean_first': False, 'cmake_force_configure': False, 'cmake_target': None, 'cmake_target_skip_unavailable': False, 'install_base': '/root/ros2_ws/src/install/sensor_scan_generation', 'merge_install': False, 'path': '/root/ros2_ws/src/base_autonomy/sensor_scan_generation', 'symlink_install': True, 'test_result_base': None}
[0.149s] Level 5:colcon.colcon_core.verb:set package 'super_odometry_msgs' build argument 'cmake_args' from command line to '['-DCMAKE_BUILD_TYPE=Release']'
[0.149s] Level 5:colcon.colcon_core.verb:set package 'super_odometry_msgs' build argument 'cmake_target' from command line to 'None'
[0.149s] Level 5:colcon.colcon_core.verb:set package 'super_odometry_msgs' build argument 'cmake_target_skip_unavailable' from command line to 'False'
[0.149s] Level 5:colcon.colcon_core.verb:set package 'super_odometry_msgs' build argument 'cmake_clean_cache' from command line to 'False'
[0.149s] Level 5:colcon.colcon_core.verb:set package 'super_odometry_msgs' build argument 'cmake_clean_first' from command line to 'False'
[0.149s] Level 5:colcon.colcon_core.verb:set package 'super_odometry_msgs' build argument 'cmake_force_configure' from command line to 'False'
[0.149s] Level 5:colcon.colcon_core.verb:set package 'super_odometry_msgs' build argument 'ament_cmake_args' from command line to 'None'
[0.149s] Level 5:colcon.colcon_core.verb:set package 'super_odometry_msgs' build argument 'catkin_cmake_args' from command line to 'None'
[0.149s] Level 5:colcon.colcon_core.verb:set package 'super_odometry_msgs' build argument 'catkin_skip_building_tests' from command line to 'False'
[0.149s] DEBUG:colcon.colcon_core.verb:Building package 'super_odometry_msgs' with the following arguments: {'ament_cmake_args': None, 'build_base': '/root/ros2_ws/src/build/super_odometry_msgs', 'catkin_cmake_args': None, 'catkin_skip_building_tests': False, 'cmake_args': ['-DCMAKE_BUILD_TYPE=Release'], 'cmake_clean_cache': False, 'cmake_clean_first': False, 'cmake_force_configure': False, 'cmake_target': None, 'cmake_target_skip_unavailable': False, 'install_base': '/root/ros2_ws/src/install/super_odometry_msgs', 'merge_install': False, 'path': '/root/ros2_ws/src/slam/SuperOdom/super_odometry_msgs', 'symlink_install': True, 'test_result_base': None}
[0.149s] Level 5:colcon.colcon_core.verb:set package 'teleop_rviz_plugin' build argument 'cmake_args' from command line to '['-DCMAKE_BUILD_TYPE=Release']'
[0.149s] Level 5:colcon.colcon_core.verb:set package 'teleop_rviz_plugin' build argument 'cmake_target' from command line to 'None'
[0.149s] Level 5:colcon.colcon_core.verb:set package 'teleop_rviz_plugin' build argument 'cmake_target_skip_unavailable' from command line to 'False'
[0.149s] Level 5:colcon.colcon_core.verb:set package 'teleop_rviz_plugin' build argument 'cmake_clean_cache' from command line to 'False'
[0.149s] Level 5:colcon.colcon_core.verb:set package 'teleop_rviz_plugin' build argument 'cmake_clean_first' from command line to 'False'
[0.149s] Level 5:colcon.colcon_core.verb:set package 'teleop_rviz_plugin' build argument 'cmake_force_configure' from command line to 'False'
[0.149s] Level 5:colcon.colcon_core.verb:set package 'teleop_rviz_plugin' build argument 'ament_cmake_args' from command line to 'None'
[0.149s] Level 5:colcon.colcon_core.verb:set package 'teleop_rviz_plugin' build argument 'catkin_cmake_args' from command line to 'None'
[0.149s] Level 5:colcon.colcon_core.verb:set package 'teleop_rviz_plugin' build argument 'catkin_skip_building_tests' from command line to 'False'
[0.149s] DEBUG:colcon.colcon_core.verb:Building package 'teleop_rviz_plugin' with the following arguments: {'ament_cmake_args': None, 'build_base': '/root/ros2_ws/src/build/teleop_rviz_plugin', 'catkin_cmake_args': None, 'catkin_skip_building_tests': False, 'cmake_args': ['-DCMAKE_BUILD_TYPE=Release'], 'cmake_clean_cache': False, 'cmake_clean_first': False, 'cmake_force_configure': False, 'cmake_target': None, 'cmake_target_skip_unavailable': False, 'install_base': '/root/ros2_ws/src/install/teleop_rviz_plugin', 'merge_install': False, 'path': '/root/ros2_ws/src/utilities/teleop_rviz_plugin', 'symlink_install': True, 'test_result_base': None}
[0.149s] Level 5:colcon.colcon_core.verb:set package 'teleop_rviz_plugin_plus' build argument 'cmake_args' from command line to '['-DCMAKE_BUILD_TYPE=Release']'
[0.150s] Level 5:colcon.colcon_core.verb:set package 'teleop_rviz_plugin_plus' build argument 'cmake_target' from command line to 'None'
[0.150s] Level 5:colcon.colcon_core.verb:set package 'teleop_rviz_plugin_plus' build argument 'cmake_target_skip_unavailable' from command line to 'False'
[0.150s] Level 5:colcon.colcon_core.verb:set package 'teleop_rviz_plugin_plus' build argument 'cmake_clean_cache' from command line to 'False'
[0.150s] Level 5:colcon.colcon_core.verb:set package 'teleop_rviz_plugin_plus' build argument 'cmake_clean_first' from command line to 'False'
[0.150s] Level 5:colcon.colcon_core.verb:set package 'teleop_rviz_plugin_plus' build argument 'cmake_force_configure' from command line to 'False'
[0.150s] Level 5:colcon.colcon_core.verb:set package 'teleop_rviz_plugin_plus' build argument 'ament_cmake_args' from command line to 'None'
[0.150s] Level 5:colcon.colcon_core.verb:set package 'teleop_rviz_plugin_plus' build argument 'catkin_cmake_args' from command line to 'None'
[0.150s] Level 5:colcon.colcon_core.verb:set package 'teleop_rviz_plugin_plus' build argument 'catkin_skip_building_tests' from command line to 'False'
[0.150s] DEBUG:colcon.colcon_core.verb:Building package 'teleop_rviz_plugin_plus' with the following arguments: {'ament_cmake_args': None, 'build_base': '/root/ros2_ws/src/build/teleop_rviz_plugin_plus', 'catkin_cmake_args': None, 'catkin_skip_building_tests': False, 'cmake_args': ['-DCMAKE_BUILD_TYPE=Release'], 'cmake_clean_cache': False, 'cmake_clean_first': False, 'cmake_force_configure': False, 'cmake_target': None, 'cmake_target_skip_unavailable': False, 'install_base': '/root/ros2_ws/src/install/teleop_rviz_plugin_plus', 'merge_install': False, 'path': '/root/ros2_ws/src/utilities/teleop_rviz_plugin_plus', 'symlink_install': True, 'test_result_base': None}
[0.150s] Level 5:colcon.colcon_core.verb:set package 'terrain_analysis' build argument 'cmake_args' from command line to '['-DCMAKE_BUILD_TYPE=Release']'
[0.150s] Level 5:colcon.colcon_core.verb:set package 'terrain_analysis' build argument 'cmake_target' from command line to 'None'
[0.150s] Level 5:colcon.colcon_core.verb:set package 'terrain_analysis' build argument 'cmake_target_skip_unavailable' from command line to 'False'
[0.150s] Level 5:colcon.colcon_core.verb:set package 'terrain_analysis' build argument 'cmake_clean_cache' from command line to 'False'
[0.150s] Level 5:colcon.colcon_core.verb:set package 'terrain_analysis' build argument 'cmake_clean_first' from command line to 'False'
[0.150s] Level 5:colcon.colcon_core.verb:set package 'terrain_analysis' build argument 'cmake_force_configure' from command line to 'False'
[0.150s] Level 5:colcon.colcon_core.verb:set package 'terrain_analysis' build argument 'ament_cmake_args' from command line to 'None'
[0.150s] Level 5:colcon.colcon_core.verb:set package 'terrain_analysis' build argument 'catkin_cmake_args' from command line to 'None'
[0.150s] Level 5:colcon.colcon_core.verb:set package 'terrain_analysis' build argument 'catkin_skip_building_tests' from command line to 'False'
[0.150s] DEBUG:colcon.colcon_core.verb:Building package 'terrain_analysis' with the following arguments: {'ament_cmake_args': None, 'build_base': '/root/ros2_ws/src/build/terrain_analysis', 'catkin_cmake_args': None, 'catkin_skip_building_tests': False, 'cmake_args': ['-DCMAKE_BUILD_TYPE=Release'], 'cmake_clean_cache': False, 'cmake_clean_first': False, 'cmake_force_configure': False, 'cmake_target': None, 'cmake_target_skip_unavailable': False, 'install_base': '/root/ros2_ws/src/install/terrain_analysis', 'merge_install': False, 'path': '/root/ros2_ws/src/base_autonomy/terrain_analysis', 'symlink_install': True, 'test_result_base': None}
[0.150s] Level 5:colcon.colcon_core.verb:set package 'terrain_analysis_ext' build argument 'cmake_args' from command line to '['-DCMAKE_BUILD_TYPE=Release']'
[0.150s] Level 5:colcon.colcon_core.verb:set package 'terrain_analysis_ext' build argument 'cmake_target' from command line to 'None'
[0.150s] Level 5:colcon.colcon_core.verb:set package 'terrain_analysis_ext' build argument 'cmake_target_skip_unavailable' from command line to 'False'
[0.150s] Level 5:colcon.colcon_core.verb:set package 'terrain_analysis_ext' build argument 'cmake_clean_cache' from command line to 'False'
[0.150s] Level 5:colcon.colcon_core.verb:set package 'terrain_analysis_ext' build argument 'cmake_clean_first' from command line to 'False'
[0.150s] Level 5:colcon.colcon_core.verb:set package 'terrain_analysis_ext' build argument 'cmake_force_configure' from command line to 'False'
[0.150s] Level 5:colcon.colcon_core.verb:set package 'terrain_analysis_ext' build argument 'ament_cmake_args' from command line to 'None'
[0.150s] Level 5:colcon.colcon_core.verb:set package 'terrain_analysis_ext' build argument 'catkin_cmake_args' from command line to 'None'
[0.150s] Level 5:colcon.colcon_core.verb:set package 'terrain_analysis_ext' build argument 'catkin_skip_building_tests' from command line to 'False'
[0.150s] DEBUG:colcon.colcon_core.verb:Building package 'terrain_analysis_ext' with the following arguments: {'ament_cmake_args': None, 'build_base': '/root/ros2_ws/src/build/terrain_analysis_ext', 'catkin_cmake_args': None, 'catkin_skip_building_tests': False, 'cmake_args': ['-DCMAKE_BUILD_TYPE=Release'], 'cmake_clean_cache': False, 'cmake_clean_first': False, 'cmake_force_configure': False, 'cmake_target': None, 'cmake_target_skip_unavailable': False, 'install_base': '/root/ros2_ws/src/install/terrain_analysis_ext', 'merge_install': False, 'path': '/root/ros2_ws/src/base_autonomy/terrain_analysis_ext', 'symlink_install': True, 'test_result_base': None}
[0.150s] Level 5:colcon.colcon_core.verb:set package 'transform_sensors' build argument 'cmake_args' from command line to '['-DCMAKE_BUILD_TYPE=Release']'
[0.150s] Level 5:colcon.colcon_core.verb:set package 'transform_sensors' build argument 'cmake_target' from command line to 'None'
[0.150s] Level 5:colcon.colcon_core.verb:set package 'transform_sensors' build argument 'cmake_target_skip_unavailable' from command line to 'False'
[0.150s] Level 5:colcon.colcon_core.verb:set package 'transform_sensors' build argument 'cmake_clean_cache' from command line to 'False'
[0.150s] Level 5:colcon.colcon_core.verb:set package 'transform_sensors' build argument 'cmake_clean_first' from command line to 'False'
[0.150s] Level 5:colcon.colcon_core.verb:set package 'transform_sensors' build argument 'cmake_force_configure' from command line to 'False'
[0.150s] Level 5:colcon.colcon_core.verb:set package 'transform_sensors' build argument 'ament_cmake_args' from command line to 'None'
[0.150s] Level 5:colcon.colcon_core.verb:set package 'transform_sensors' build argument 'catkin_cmake_args' from command line to 'None'
[0.150s] Level 5:colcon.colcon_core.verb:set package 'transform_sensors' build argument 'catkin_skip_building_tests' from command line to 'False'
[0.150s] DEBUG:colcon.colcon_core.verb:Building package 'transform_sensors' with the following arguments: {'ament_cmake_args': None, 'build_base': '/root/ros2_ws/src/build/transform_sensors', 'catkin_cmake_args': None, 'catkin_skip_building_tests': False, 'cmake_args': ['-DCMAKE_BUILD_TYPE=Release'], 'cmake_clean_cache': False, 'cmake_clean_first': False, 'cmake_force_configure': False, 'cmake_target': None, 'cmake_target_skip_unavailable': False, 'install_base': '/root/ros2_ws/src/install/transform_sensors', 'merge_install': False, 'path': '/root/ros2_ws/src/utilities/transform_sensors', 'symlink_install': True, 'test_result_base': None}
[0.150s] Level 5:colcon.colcon_core.verb:set package 'unitree_api' build argument 'cmake_args' from command line to '['-DCMAKE_BUILD_TYPE=Release']'
[0.150s] Level 5:colcon.colcon_core.verb:set package 'unitree_api' build argument 'cmake_target' from command line to 'None'
[0.150s] Level 5:colcon.colcon_core.verb:set package 'unitree_api' build argument 'cmake_target_skip_unavailable' from command line to 'False'
[0.150s] Level 5:colcon.colcon_core.verb:set package 'unitree_api' build argument 'cmake_clean_cache' from command line to 'False'
[0.150s] Level 5:colcon.colcon_core.verb:set package 'unitree_api' build argument 'cmake_clean_first' from command line to 'False'
[0.150s] Level 5:colcon.colcon_core.verb:set package 'unitree_api' build argument 'cmake_force_configure' from command line to 'False'
[0.150s] Level 5:colcon.colcon_core.verb:set package 'unitree_api' build argument 'ament_cmake_args' from command line to 'None'
[0.150s] Level 5:colcon.colcon_core.verb:set package 'unitree_api' build argument 'catkin_cmake_args' from command line to 'None'
[0.150s] Level 5:colcon.colcon_core.verb:set package 'unitree_api' build argument 'catkin_skip_building_tests' from command line to 'False'
[0.150s] DEBUG:colcon.colcon_core.verb:Building package 'unitree_api' with the following arguments: {'ament_cmake_args': None, 'build_base': '/root/ros2_ws/src/build/unitree_api', 'catkin_cmake_args': None, 'catkin_skip_building_tests': False, 'cmake_args': ['-DCMAKE_BUILD_TYPE=Release'], 'cmake_clean_cache': False, 'cmake_clean_first': False, 'cmake_force_configure': False, 'cmake_target': None, 'cmake_target_skip_unavailable': False, 'install_base': '/root/ros2_ws/src/install/unitree_api', 'merge_install': False, 'path': '/root/ros2_ws/src/utilities/unitree_pkgs/unitree_api', 'symlink_install': True, 'test_result_base': None}
[0.150s] Level 5:colcon.colcon_core.verb:set package 'unitree_go' build argument 'cmake_args' from command line to '['-DCMAKE_BUILD_TYPE=Release']'
[0.150s] Level 5:colcon.colcon_core.verb:set package 'unitree_go' build argument 'cmake_target' from command line to 'None'
[0.150s] Level 5:colcon.colcon_core.verb:set package 'unitree_go' build argument 'cmake_target_skip_unavailable' from command line to 'False'
[0.150s] Level 5:colcon.colcon_core.verb:set package 'unitree_go' build argument 'cmake_clean_cache' from command line to 'False'
[0.150s] Level 5:colcon.colcon_core.verb:set package 'unitree_go' build argument 'cmake_clean_first' from command line to 'False'
[0.150s] Level 5:colcon.colcon_core.verb:set package 'unitree_go' build argument 'cmake_force_configure' from command line to 'False'
[0.150s] Level 5:colcon.colcon_core.verb:set package 'unitree_go' build argument 'ament_cmake_args' from command line to 'None'
[0.150s] Level 5:colcon.colcon_core.verb:set package 'unitree_go' build argument 'catkin_cmake_args' from command line to 'None'
[0.150s] Level 5:colcon.colcon_core.verb:set package 'unitree_go' build argument 'catkin_skip_building_tests' from command line to 'False'
[0.151s] DEBUG:colcon.colcon_core.verb:Building package 'unitree_go' with the following arguments: {'ament_cmake_args': None, 'build_base': '/root/ros2_ws/src/build/unitree_go', 'catkin_cmake_args': None, 'catkin_skip_building_tests': False, 'cmake_args': ['-DCMAKE_BUILD_TYPE=Release'], 'cmake_clean_cache': False, 'cmake_clean_first': False, 'cmake_force_configure': False, 'cmake_target': None, 'cmake_target_skip_unavailable': False, 'install_base': '/root/ros2_ws/src/install/unitree_go', 'merge_install': False, 'path': '/root/ros2_ws/src/utilities/unitree_pkgs/unitree_go', 'symlink_install': True, 'test_result_base': None}
[0.151s] Level 5:colcon.colcon_core.verb:set package 'visibility_graph_msg' build argument 'cmake_args' from command line to '['-DCMAKE_BUILD_TYPE=Release']'
[0.151s] Level 5:colcon.colcon_core.verb:set package 'visibility_graph_msg' build argument 'cmake_target' from command line to 'None'
[0.151s] Level 5:colcon.colcon_core.verb:set package 'visibility_graph_msg' build argument 'cmake_target_skip_unavailable' from command line to 'False'
[0.151s] Level 5:colcon.colcon_core.verb:set package 'visibility_graph_msg' build argument 'cmake_clean_cache' from command line to 'False'
[0.151s] Level 5:colcon.colcon_core.verb:set package 'visibility_graph_msg' build argument 'cmake_clean_first' from command line to 'False'
[0.151s] Level 5:colcon.colcon_core.verb:set package 'visibility_graph_msg' build argument 'cmake_force_configure' from command line to 'False'
[0.151s] Level 5:colcon.colcon_core.verb:set package 'visibility_graph_msg' build argument 'ament_cmake_args' from command line to 'None'
[0.151s] Level 5:colcon.colcon_core.verb:set package 'visibility_graph_msg' build argument 'catkin_cmake_args' from command line to 'None'
[0.151s] Level 5:colcon.colcon_core.verb:set package 'visibility_graph_msg' build argument 'catkin_skip_building_tests' from command line to 'False'
[0.151s] DEBUG:colcon.colcon_core.verb:Building package 'visibility_graph_msg' with the following arguments: {'ament_cmake_args': None, 'build_base': '/root/ros2_ws/src/build/visibility_graph_msg', 'catkin_cmake_args': None, 'catkin_skip_building_tests': False, 'cmake_args': ['-DCMAKE_BUILD_TYPE=Release'], 'cmake_clean_cache': False, 'cmake_clean_first': False, 'cmake_force_configure': False, 'cmake_target': None, 'cmake_target_skip_unavailable': False, 'install_base': '/root/ros2_ws/src/install/visibility_graph_msg', 'merge_install': False, 'path': '/root/ros2_ws/src/route_planner/visibility_graph_msg', 'symlink_install': True, 'test_result_base': None}
[0.151s] Level 5:colcon.colcon_core.verb:set package 'visualization_tools' build argument 'cmake_args' from command line to '['-DCMAKE_BUILD_TYPE=Release']'
[0.151s] Level 5:colcon.colcon_core.verb:set package 'visualization_tools' build argument 'cmake_target' from command line to 'None'
[0.151s] Level 5:colcon.colcon_core.verb:set package 'visualization_tools' build argument 'cmake_target_skip_unavailable' from command line to 'False'
[0.151s] Level 5:colcon.colcon_core.verb:set package 'visualization_tools' build argument 'cmake_clean_cache' from command line to 'False'
[0.151s] Level 5:colcon.colcon_core.verb:set package 'visualization_tools' build argument 'cmake_clean_first' from command line to 'False'
[0.151s] Level 5:colcon.colcon_core.verb:set package 'visualization_tools' build argument 'cmake_force_configure' from command line to 'False'
[0.151s] Level 5:colcon.colcon_core.verb:set package 'visualization_tools' build argument 'ament_cmake_args' from command line to 'None'
[0.151s] Level 5:colcon.colcon_core.verb:set package 'visualization_tools' build argument 'catkin_cmake_args' from command line to 'None'
[0.151s] Level 5:colcon.colcon_core.verb:set package 'visualization_tools' build argument 'catkin_skip_building_tests' from command line to 'False'
[0.151s] DEBUG:colcon.colcon_core.verb:Building package 'visualization_tools' with the following arguments: {'ament_cmake_args': None, 'build_base': '/root/ros2_ws/src/build/visualization_tools', 'catkin_cmake_args': None, 'catkin_skip_building_tests': False, 'cmake_args': ['-DCMAKE_BUILD_TYPE=Release'], 'cmake_clean_cache': False, 'cmake_clean_first': False, 'cmake_force_configure': False, 'cmake_target': None, 'cmake_target_skip_unavailable': False, 'install_base': '/root/ros2_ws/src/install/visualization_tools', 'merge_install': False, 'path': '/root/ros2_ws/src/base_autonomy/visualization_tools', 'symlink_install': True, 'test_result_base': None}
[0.151s] Level 5:colcon.colcon_core.verb:set package 'waypoint_example' build argument 'cmake_args' from command line to '['-DCMAKE_BUILD_TYPE=Release']'
[0.151s] Level 5:colcon.colcon_core.verb:set package 'waypoint_example' build argument 'cmake_target' from command line to 'None'
[0.151s] Level 5:colcon.colcon_core.verb:set package 'waypoint_example' build argument 'cmake_target_skip_unavailable' from command line to 'False'
[0.151s] Level 5:colcon.colcon_core.verb:set package 'waypoint_example' build argument 'cmake_clean_cache' from command line to 'False'
[0.151s] Level 5:colcon.colcon_core.verb:set package 'waypoint_example' build argument 'cmake_clean_first' from command line to 'False'
[0.151s] Level 5:colcon.colcon_core.verb:set package 'waypoint_example' build argument 'cmake_force_configure' from command line to 'False'
[0.151s] Level 5:colcon.colcon_core.verb:set package 'waypoint_example' build argument 'ament_cmake_args' from command line to 'None'
[0.151s] Level 5:colcon.colcon_core.verb:set package 'waypoint_example' build argument 'catkin_cmake_args' from command line to 'None'
[0.151s] Level 5:colcon.colcon_core.verb:set package 'waypoint_example' build argument 'catkin_skip_building_tests' from command line to 'False'
[0.151s] DEBUG:colcon.colcon_core.verb:Building package 'waypoint_example' with the following arguments: {'ament_cmake_args': None, 'build_base': '/root/ros2_ws/src/build/waypoint_example', 'catkin_cmake_args': None, 'catkin_skip_building_tests': False, 'cmake_args': ['-DCMAKE_BUILD_TYPE=Release'], 'cmake_clean_cache': False, 'cmake_clean_first': False, 'cmake_force_configure': False, 'cmake_target': None, 'cmake_target_skip_unavailable': False, 'install_base': '/root/ros2_ws/src/install/waypoint_example', 'merge_install': False, 'path': '/root/ros2_ws/src/base_autonomy/waypoint_example', 'symlink_install': True, 'test_result_base': None}
[0.151s] Level 5:colcon.colcon_core.verb:set package 'waypoint_rviz_plugin' build argument 'cmake_args' from command line to '['-DCMAKE_BUILD_TYPE=Release']'
[0.151s] Level 5:colcon.colcon_core.verb:set package 'waypoint_rviz_plugin' build argument 'cmake_target' from command line to 'None'
[0.151s] Level 5:colcon.colcon_core.verb:set package 'waypoint_rviz_plugin' build argument 'cmake_target_skip_unavailable' from command line to 'False'
[0.151s] Level 5:colcon.colcon_core.verb:set package 'waypoint_rviz_plugin' build argument 'cmake_clean_cache' from command line to 'False'
[0.151s] Level 5:colcon.colcon_core.verb:set package 'waypoint_rviz_plugin' build argument 'cmake_clean_first' from command line to 'False'
[0.151s] Level 5:colcon.colcon_core.verb:set package 'waypoint_rviz_plugin' build argument 'cmake_force_configure' from command line to 'False'
[0.151s] Level 5:colcon.colcon_core.verb:set package 'waypoint_rviz_plugin' build argument 'ament_cmake_args' from command line to 'None'
[0.151s] Level 5:colcon.colcon_core.verb:set package 'waypoint_rviz_plugin' build argument 'catkin_cmake_args' from command line to 'None'
[0.151s] Level 5:colcon.colcon_core.verb:set package 'waypoint_rviz_plugin' build argument 'catkin_skip_building_tests' from command line to 'False'
[0.151s] DEBUG:colcon.colcon_core.verb:Building package 'waypoint_rviz_plugin' with the following arguments: {'ament_cmake_args': None, 'build_base': '/root/ros2_ws/src/build/waypoint_rviz_plugin', 'catkin_cmake_args': None, 'catkin_skip_building_tests': False, 'cmake_args': ['-DCMAKE_BUILD_TYPE=Release'], 'cmake_clean_cache': False, 'cmake_clean_first': False, 'cmake_force_configure': False, 'cmake_target': None, 'cmake_target_skip_unavailable': False, 'install_base': '/root/ros2_ws/src/install/waypoint_rviz_plugin', 'merge_install': False, 'path': '/root/ros2_ws/src/utilities/waypoint_rviz_plugin', 'symlink_install': True, 'test_result_base': None}
[0.151s] Level 5:colcon.colcon_core.verb:set package 'boundary_handler' build argument 'cmake_args' from command line to '['-DCMAKE_BUILD_TYPE=Release']'
[0.151s] Level 5:colcon.colcon_core.verb:set package 'boundary_handler' build argument 'cmake_target' from command line to 'None'
[0.151s] Level 5:colcon.colcon_core.verb:set package 'boundary_handler' build argument 'cmake_target_skip_unavailable' from command line to 'False'
[0.151s] Level 5:colcon.colcon_core.verb:set package 'boundary_handler' build argument 'cmake_clean_cache' from command line to 'False'
[0.151s] Level 5:colcon.colcon_core.verb:set package 'boundary_handler' build argument 'cmake_clean_first' from command line to 'False'
[0.151s] Level 5:colcon.colcon_core.verb:set package 'boundary_handler' build argument 'cmake_force_configure' from command line to 'False'
[0.151s] Level 5:colcon.colcon_core.verb:set package 'boundary_handler' build argument 'ament_cmake_args' from command line to 'None'
[0.151s] Level 5:colcon.colcon_core.verb:set package 'boundary_handler' build argument 'catkin_cmake_args' from command line to 'None'
[0.151s] Level 5:colcon.colcon_core.verb:set package 'boundary_handler' build argument 'catkin_skip_building_tests' from command line to 'False'
[0.151s] DEBUG:colcon.colcon_core.verb:Building package 'boundary_handler' with the following arguments: {'ament_cmake_args': None, 'build_base': '/root/ros2_ws/src/build/boundary_handler', 'catkin_cmake_args': None, 'catkin_skip_building_tests': False, 'cmake_args': ['-DCMAKE_BUILD_TYPE=Release'], 'cmake_clean_cache': False, 'cmake_clean_first': False, 'cmake_force_configure': False, 'cmake_target': None, 'cmake_target_skip_unavailable': False, 'install_base': '/root/ros2_ws/src/install/boundary_handler', 'merge_install': False, 'path': '/root/ros2_ws/src/route_planner/boundary_handler', 'symlink_install': True, 'test_result_base': None}
[0.151s] Level 5:colcon.colcon_core.verb:set package 'far_planner' build argument 'cmake_args' from command line to '['-DCMAKE_BUILD_TYPE=Release']'
[0.151s] Level 5:colcon.colcon_core.verb:set package 'far_planner' build argument 'cmake_target' from command line to 'None'
[0.152s] Level 5:colcon.colcon_core.verb:set package 'far_planner' build argument 'cmake_target_skip_unavailable' from command line to 'False'
[0.152s] Level 5:colcon.colcon_core.verb:set package 'far_planner' build argument 'cmake_clean_cache' from command line to 'False'
[0.152s] Level 5:colcon.colcon_core.verb:set package 'far_planner' build argument 'cmake_clean_first' from command line to 'False'
[0.152s] Level 5:colcon.colcon_core.verb:set package 'far_planner' build argument 'cmake_force_configure' from command line to 'False'
[0.152s] Level 5:colcon.colcon_core.verb:set package 'far_planner' build argument 'ament_cmake_args' from command line to 'None'
[0.152s] Level 5:colcon.colcon_core.verb:set package 'far_planner' build argument 'catkin_cmake_args' from command line to 'None'
[0.152s] Level 5:colcon.colcon_core.verb:set package 'far_planner' build argument 'catkin_skip_building_tests' from command line to 'False'
[0.152s] DEBUG:colcon.colcon_core.verb:Building package 'far_planner' with the following arguments: {'ament_cmake_args': None, 'build_base': '/root/ros2_ws/src/build/far_planner', 'catkin_cmake_args': None, 'catkin_skip_building_tests': False, 'cmake_args': ['-DCMAKE_BUILD_TYPE=Release'], 'cmake_clean_cache': False, 'cmake_clean_first': False, 'cmake_force_configure': False, 'cmake_target': None, 'cmake_target_skip_unavailable': False, 'install_base': '/root/ros2_ws/src/install/far_planner', 'merge_install': False, 'path': '/root/ros2_ws/src/route_planner/far_planner', 'symlink_install': True, 'test_result_base': None}
[0.152s] Level 5:colcon.colcon_core.verb:set package 'go2_sport_api' build argument 'cmake_args' from command line to '['-DCMAKE_BUILD_TYPE=Release']'
[0.152s] Level 5:colcon.colcon_core.verb:set package 'go2_sport_api' build argument 'cmake_target' from command line to 'None'
[0.152s] Level 5:colcon.colcon_core.verb:set package 'go2_sport_api' build argument 'cmake_target_skip_unavailable' from command line to 'False'
[0.152s] Level 5:colcon.colcon_core.verb:set package 'go2_sport_api' build argument 'cmake_clean_cache' from command line to 'False'
[0.152s] Level 5:colcon.colcon_core.verb:set package 'go2_sport_api' build argument 'cmake_clean_first' from command line to 'False'
[0.152s] Level 5:colcon.colcon_core.verb:set package 'go2_sport_api' build argument 'cmake_force_configure' from command line to 'False'
[0.152s] Level 5:colcon.colcon_core.verb:set package 'go2_sport_api' build argument 'ament_cmake_args' from command line to 'None'
[0.152s] Level 5:colcon.colcon_core.verb:set package 'go2_sport_api' build argument 'catkin_cmake_args' from command line to 'None'
[0.152s] Level 5:colcon.colcon_core.verb:set package 'go2_sport_api' build argument 'catkin_skip_building_tests' from command line to 'False'
[0.152s] DEBUG:colcon.colcon_core.verb:Building package 'go2_sport_api' with the following arguments: {'ament_cmake_args': None, 'build_base': '/root/ros2_ws/src/build/go2_sport_api', 'catkin_cmake_args': None, 'catkin_skip_building_tests': False, 'cmake_args': ['-DCMAKE_BUILD_TYPE=Release'], 'cmake_clean_cache': False, 'cmake_clean_first': False, 'cmake_force_configure': False, 'cmake_target': None, 'cmake_target_skip_unavailable': False, 'install_base': '/root/ros2_ws/src/install/go2_sport_api', 'merge_install': False, 'path': '/root/ros2_ws/src/utilities/unitree_pkgs/go2_sport_api', 'symlink_install': True, 'test_result_base': None}
[0.152s] Level 5:colcon.colcon_core.verb:set package 'graph_decoder' build argument 'cmake_args' from command line to '['-DCMAKE_BUILD_TYPE=Release']'
[0.152s] Level 5:colcon.colcon_core.verb:set package 'graph_decoder' build argument 'cmake_target' from command line to 'None'
[0.152s] Level 5:colcon.colcon_core.verb:set package 'graph_decoder' build argument 'cmake_target_skip_unavailable' from command line to 'False'
[0.152s] Level 5:colcon.colcon_core.verb:set package 'graph_decoder' build argument 'cmake_clean_cache' from command line to 'False'
[0.152s] Level 5:colcon.colcon_core.verb:set package 'graph_decoder' build argument 'cmake_clean_first' from command line to 'False'
[0.152s] Level 5:colcon.colcon_core.verb:set package 'graph_decoder' build argument 'cmake_force_configure' from command line to 'False'
[0.152s] Level 5:colcon.colcon_core.verb:set package 'graph_decoder' build argument 'ament_cmake_args' from command line to 'None'
[0.152s] Level 5:colcon.colcon_core.verb:set package 'graph_decoder' build argument 'catkin_cmake_args' from command line to 'None'
[0.152s] Level 5:colcon.colcon_core.verb:set package 'graph_decoder' build argument 'catkin_skip_building_tests' from command line to 'False'
[0.152s] DEBUG:colcon.colcon_core.verb:Building package 'graph_decoder' with the following arguments: {'ament_cmake_args': None, 'build_base': '/root/ros2_ws/src/build/graph_decoder', 'catkin_cmake_args': None, 'catkin_skip_building_tests': False, 'cmake_args': ['-DCMAKE_BUILD_TYPE=Release'], 'cmake_clean_cache': False, 'cmake_clean_first': False, 'cmake_force_configure': False, 'cmake_target': None, 'cmake_target_skip_unavailable': False, 'install_base': '/root/ros2_ws/src/install/graph_decoder', 'merge_install': False, 'path': '/root/ros2_ws/src/route_planner/graph_decoder', 'symlink_install': True, 'test_result_base': None}
[0.152s] Level 5:colcon.colcon_core.verb:set package 'point_lio_unilidar' build argument 'cmake_args' from command line to '['-DCMAKE_BUILD_TYPE=Release']'
[0.152s] Level 5:colcon.colcon_core.verb:set package 'point_lio_unilidar' build argument 'cmake_target' from command line to 'None'
[0.152s] Level 5:colcon.colcon_core.verb:set package 'point_lio_unilidar' build argument 'cmake_target_skip_unavailable' from command line to 'False'
[0.152s] Level 5:colcon.colcon_core.verb:set package 'point_lio_unilidar' build argument 'cmake_clean_cache' from command line to 'False'
[0.152s] Level 5:colcon.colcon_core.verb:set package 'point_lio_unilidar' build argument 'cmake_clean_first' from command line to 'False'
[0.152s] Level 5:colcon.colcon_core.verb:set package 'point_lio_unilidar' build argument 'cmake_force_configure' from command line to 'False'
[0.152s] Level 5:colcon.colcon_core.verb:set package 'point_lio_unilidar' build argument 'ament_cmake_args' from command line to 'None'
[0.152s] Level 5:colcon.colcon_core.verb:set package 'point_lio_unilidar' build argument 'catkin_cmake_args' from command line to 'None'
[0.152s] Level 5:colcon.colcon_core.verb:set package 'point_lio_unilidar' build argument 'catkin_skip_building_tests' from command line to 'False'
[0.152s] DEBUG:colcon.colcon_core.verb:Building package 'point_lio_unilidar' with the following arguments: {'ament_cmake_args': None, 'build_base': '/root/ros2_ws/src/build/point_lio_unilidar', 'catkin_cmake_args': None, 'catkin_skip_building_tests': False, 'cmake_args': ['-DCMAKE_BUILD_TYPE=Release'], 'cmake_clean_cache': False, 'cmake_clean_first': False, 'cmake_force_configure': False, 'cmake_target': None, 'cmake_target_skip_unavailable': False, 'install_base': '/root/ros2_ws/src/install/point_lio_unilidar', 'merge_install': False, 'path': '/root/ros2_ws/src/slam/point_lio_unilidar', 'symlink_install': True, 'test_result_base': None}
[0.152s] Level 5:colcon.colcon_core.verb:set package 'rviz_2d_overlay_plugins' build argument 'cmake_args' from command line to '['-DCMAKE_BUILD_TYPE=Release']'
[0.152s] Level 5:colcon.colcon_core.verb:set package 'rviz_2d_overlay_plugins' build argument 'cmake_target' from command line to 'None'
[0.152s] Level 5:colcon.colcon_core.verb:set package 'rviz_2d_overlay_plugins' build argument 'cmake_target_skip_unavailable' from command line to 'False'
[0.152s] Level 5:colcon.colcon_core.verb:set package 'rviz_2d_overlay_plugins' build argument 'cmake_clean_cache' from command line to 'False'
[0.152s] Level 5:colcon.colcon_core.verb:set package 'rviz_2d_overlay_plugins' build argument 'cmake_clean_first' from command line to 'False'
[0.152s] Level 5:colcon.colcon_core.verb:set package 'rviz_2d_overlay_plugins' build argument 'cmake_force_configure' from command line to 'False'
[0.152s] Level 5:colcon.colcon_core.verb:set package 'rviz_2d_overlay_plugins' build argument 'ament_cmake_args' from command line to 'None'
[0.152s] Level 5:colcon.colcon_core.verb:set package 'rviz_2d_overlay_plugins' build argument 'catkin_cmake_args' from command line to 'None'
[0.152s] Level 5:colcon.colcon_core.verb:set package 'rviz_2d_overlay_plugins' build argument 'catkin_skip_building_tests' from command line to 'False'
[0.152s] DEBUG:colcon.colcon_core.verb:Building package 'rviz_2d_overlay_plugins' with the following arguments: {'ament_cmake_args': None, 'build_base': '/root/ros2_ws/src/build/rviz_2d_overlay_plugins', 'catkin_cmake_args': None, 'catkin_skip_building_tests': False, 'cmake_args': ['-DCMAKE_BUILD_TYPE=Release'], 'cmake_clean_cache': False, 'cmake_clean_first': False, 'cmake_force_configure': False, 'cmake_target': None, 'cmake_target_skip_unavailable': False, 'install_base': '/root/ros2_ws/src/install/rviz_2d_overlay_plugins', 'merge_install': False, 'path': '/root/ros2_ws/src/slam/rviz_2d_overlay_plugins/rviz_2d_overlay_plugins', 'symlink_install': True, 'test_result_base': None}
[0.152s] Level 5:colcon.colcon_core.verb:set package 'super_odometry' build argument 'cmake_args' from command line to '['-DCMAKE_BUILD_TYPE=Release']'
[0.152s] Level 5:colcon.colcon_core.verb:set package 'super_odometry' build argument 'cmake_target' from command line to 'None'
[0.152s] Level 5:colcon.colcon_core.verb:set package 'super_odometry' build argument 'cmake_target_skip_unavailable' from command line to 'False'
[0.152s] Level 5:colcon.colcon_core.verb:set package 'super_odometry' build argument 'cmake_clean_cache' from command line to 'False'
[0.152s] Level 5:colcon.colcon_core.verb:set package 'super_odometry' build argument 'cmake_clean_first' from command line to 'False'
[0.152s] Level 5:colcon.colcon_core.verb:set package 'super_odometry' build argument 'cmake_force_configure' from command line to 'False'
[0.152s] Level 5:colcon.colcon_core.verb:set package 'super_odometry' build argument 'ament_cmake_args' from command line to 'None'
[0.152s] Level 5:colcon.colcon_core.verb:set package 'super_odometry' build argument 'catkin_cmake_args' from command line to 'None'
[0.152s] Level 5:colcon.colcon_core.verb:set package 'super_odometry' build argument 'catkin_skip_building_tests' from command line to 'False'
[0.152s] DEBUG:colcon.colcon_core.verb:Building package 'super_odometry' with the following arguments: {'ament_cmake_args': None, 'build_base': '/root/ros2_ws/src/build/super_odometry', 'catkin_cmake_args': None, 'catkin_skip_building_tests': False, 'cmake_args': ['-DCMAKE_BUILD_TYPE=Release'], 'cmake_clean_cache': False, 'cmake_clean_first': False, 'cmake_force_configure': False, 'cmake_target': None, 'cmake_target_skip_unavailable': False, 'install_base': '/root/ros2_ws/src/install/super_odometry', 'merge_install': False, 'path': '/root/ros2_ws/src/slam/SuperOdom/super_odometry', 'symlink_install': True, 'test_result_base': None}
[0.153s] Level 5:colcon.colcon_core.verb:set package 'vehicle_simulator' build argument 'cmake_args' from command line to '['-DCMAKE_BUILD_TYPE=Release']'
[0.153s] Level 5:colcon.colcon_core.verb:set package 'vehicle_simulator' build argument 'cmake_target' from command line to 'None'
[0.153s] Level 5:colcon.colcon_core.verb:set package 'vehicle_simulator' build argument 'cmake_target_skip_unavailable' from command line to 'False'
[0.153s] Level 5:colcon.colcon_core.verb:set package 'vehicle_simulator' build argument 'cmake_clean_cache' from command line to 'False'
[0.153s] Level 5:colcon.colcon_core.verb:set package 'vehicle_simulator' build argument 'cmake_clean_first' from command line to 'False'
[0.153s] Level 5:colcon.colcon_core.verb:set package 'vehicle_simulator' build argument 'cmake_force_configure' from command line to 'False'
[0.153s] Level 5:colcon.colcon_core.verb:set package 'vehicle_simulator' build argument 'ament_cmake_args' from command line to 'None'
[0.153s] Level 5:colcon.colcon_core.verb:set package 'vehicle_simulator' build argument 'catkin_cmake_args' from command line to 'None'
[0.153s] Level 5:colcon.colcon_core.verb:set package 'vehicle_simulator' build argument 'catkin_skip_building_tests' from command line to 'False'
[0.153s] DEBUG:colcon.colcon_core.verb:Building package 'vehicle_simulator' with the following arguments: {'ament_cmake_args': None, 'build_base': '/root/ros2_ws/src/build/vehicle_simulator', 'catkin_cmake_args': None, 'catkin_skip_building_tests': False, 'cmake_args': ['-DCMAKE_BUILD_TYPE=Release'], 'cmake_clean_cache': False, 'cmake_clean_first': False, 'cmake_force_configure': False, 'cmake_target': None, 'cmake_target_skip_unavailable': False, 'install_base': '/root/ros2_ws/src/install/vehicle_simulator', 'merge_install': False, 'path': '/root/ros2_ws/src/base_autonomy/vehicle_simulator', 'symlink_install': True, 'test_result_base': None}
[0.153s] Level 5:colcon.colcon_core.verb:set package 'calibrate_imu' build argument 'cmake_args' from command line to '['-DCMAKE_BUILD_TYPE=Release']'
[0.153s] Level 5:colcon.colcon_core.verb:set package 'calibrate_imu' build argument 'cmake_target' from command line to 'None'
[0.153s] Level 5:colcon.colcon_core.verb:set package 'calibrate_imu' build argument 'cmake_target_skip_unavailable' from command line to 'False'
[0.153s] Level 5:colcon.colcon_core.verb:set package 'calibrate_imu' build argument 'cmake_clean_cache' from command line to 'False'
[0.153s] Level 5:colcon.colcon_core.verb:set package 'calibrate_imu' build argument 'cmake_clean_first' from command line to 'False'
[0.153s] Level 5:colcon.colcon_core.verb:set package 'calibrate_imu' build argument 'cmake_force_configure' from command line to 'False'
[0.153s] Level 5:colcon.colcon_core.verb:set package 'calibrate_imu' build argument 'ament_cmake_args' from command line to 'None'
[0.153s] Level 5:colcon.colcon_core.verb:set package 'calibrate_imu' build argument 'catkin_cmake_args' from command line to 'None'
[0.153s] Level 5:colcon.colcon_core.verb:set package 'calibrate_imu' build argument 'catkin_skip_building_tests' from command line to 'False'
[0.153s] DEBUG:colcon.colcon_core.verb:Building package 'calibrate_imu' with the following arguments: {'ament_cmake_args': None, 'build_base': '/root/ros2_ws/src/build/calibrate_imu', 'catkin_cmake_args': None, 'catkin_skip_building_tests': False, 'cmake_args': ['-DCMAKE_BUILD_TYPE=Release'], 'cmake_clean_cache': False, 'cmake_clean_first': False, 'cmake_force_configure': False, 'cmake_target': None, 'cmake_target_skip_unavailable': False, 'install_base': '/root/ros2_ws/src/install/calibrate_imu', 'merge_install': False, 'path': '/root/ros2_ws/src/utilities/calibrate_imu', 'symlink_install': True, 'test_result_base': None}
[0.153s] Level 5:colcon.colcon_core.verb:set package 'local_planner' build argument 'cmake_args' from command line to '['-DCMAKE_BUILD_TYPE=Release']'
[0.153s] Level 5:colcon.colcon_core.verb:set package 'local_planner' build argument 'cmake_target' from command line to 'None'
[0.153s] Level 5:colcon.colcon_core.verb:set package 'local_planner' build argument 'cmake_target_skip_unavailable' from command line to 'False'
[0.153s] Level 5:colcon.colcon_core.verb:set package 'local_planner' build argument 'cmake_clean_cache' from command line to 'False'
[0.153s] Level 5:colcon.colcon_core.verb:set package 'local_planner' build argument 'cmake_clean_first' from command line to 'False'
[0.153s] Level 5:colcon.colcon_core.verb:set package 'local_planner' build argument 'cmake_force_configure' from command line to 'False'
[0.153s] Level 5:colcon.colcon_core.verb:set package 'local_planner' build argument 'ament_cmake_args' from command line to 'None'
[0.153s] Level 5:colcon.colcon_core.verb:set package 'local_planner' build argument 'catkin_cmake_args' from command line to 'None'
[0.153s] Level 5:colcon.colcon_core.verb:set package 'local_planner' build argument 'catkin_skip_building_tests' from command line to 'False'
[0.153s] DEBUG:colcon.colcon_core.verb:Building package 'local_planner' with the following arguments: {'ament_cmake_args': None, 'build_base': '/root/ros2_ws/src/build/local_planner', 'catkin_cmake_args': None, 'catkin_skip_building_tests': False, 'cmake_args': ['-DCMAKE_BUILD_TYPE=Release'], 'cmake_clean_cache': False, 'cmake_clean_first': False, 'cmake_force_configure': False, 'cmake_target': None, 'cmake_target_skip_unavailable': False, 'install_base': '/root/ros2_ws/src/install/local_planner', 'merge_install': False, 'path': '/root/ros2_ws/src/base_autonomy/local_planner', 'symlink_install': True, 'test_result_base': None}
[0.153s] INFO:colcon.colcon_core.executor:Executing jobs using 'parallel' executor
[0.154s] DEBUG:colcon.colcon_parallel_executor.executor.parallel:run_until_complete
[0.154s] INFO:colcon.colcon_ros.task.ament_cmake.build:Building ROS package in '/root/ros2_ws/src/utilities/unitree_pkgs/unitree_api' with build type 'ament_cmake'
[0.154s] INFO:colcon.colcon_cmake.task.cmake.build:Building CMake package in '/root/ros2_ws/src/utilities/unitree_pkgs/unitree_api'
[0.155s] INFO:colcon.colcon_core.plugin_system:Skipping extension 'colcon_core.shell.bat': Not used on non-Windows systems
[0.155s] INFO:colcon.colcon_core.shell:Skip shell extension 'powershell' for command environment: Not usable outside of PowerShell
[0.155s] DEBUG:colcon.colcon_core.shell:Skip shell extension 'dsv' for command environment
[0.157s] INFO:colcon.colcon_ros.task.ament_cmake.build:Building ROS package in '/root/ros2_ws/src/utilities/unitree_pkgs/unitree_go' with build type 'ament_cmake'
[0.157s] INFO:colcon.colcon_cmake.task.cmake.build:Building CMake package in '/root/ros2_ws/src/utilities/unitree_pkgs/unitree_go'
[0.157s] INFO:colcon.colcon_core.shell:Skip shell extension 'powershell' for command environment: Not usable outside of PowerShell
[0.157s] DEBUG:colcon.colcon_core.shell:Skip shell extension 'dsv' for command environment
[0.158s] INFO:colcon.colcon_ros.task.ament_cmake.build:Building ROS package in '/root/ros2_ws/src/route_planner/visibility_graph_msg' with build type 'ament_cmake'
[0.159s] INFO:colcon.colcon_cmake.task.cmake.build:Building CMake package in '/root/ros2_ws/src/route_planner/visibility_graph_msg'
[0.159s] INFO:colcon.colcon_core.shell:Skip shell extension 'powershell' for command environment: Not usable outside of PowerShell
[0.159s] DEBUG:colcon.colcon_core.shell:Skip shell extension 'dsv' for command environment
[0.160s] INFO:colcon.colcon_ros.task.ament_cmake.build:Building ROS package in '/root/ros2_ws/src/slam/livox_ros_driver2' with build type 'ament_cmake'
[0.160s] INFO:colcon.colcon_cmake.task.cmake.build:Building CMake package in '/root/ros2_ws/src/slam/livox_ros_driver2'
[0.160s] INFO:colcon.colcon_core.shell:Skip shell extension 'powershell' for command environment: Not usable outside of PowerShell
[0.160s] DEBUG:colcon.colcon_core.shell:Skip shell extension 'dsv' for command environment
[0.162s] INFO:colcon.colcon_ros.task.ament_python.build:Building ROS package in '/root/ros2_ws/src/utilities/ROS-TCP-Endpoint' with build type 'ament_python'
[0.162s] Level 1:colcon.colcon_core.shell:create_environment_hook('ros_tcp_endpoint', 'ament_prefix_path')
[0.162s] INFO:colcon.colcon_core.shell:Creating environment hook '/root/ros2_ws/src/install/ros_tcp_endpoint/share/ros_tcp_endpoint/hook/ament_prefix_path.ps1'
[0.163s] INFO:colcon.colcon_core.shell:Creating environment descriptor '/root/ros2_ws/src/install/ros_tcp_endpoint/share/ros_tcp_endpoint/hook/ament_prefix_path.dsv'
[0.163s] INFO:colcon.colcon_core.shell:Creating environment hook '/root/ros2_ws/src/install/ros_tcp_endpoint/share/ros_tcp_endpoint/hook/ament_prefix_path.sh'
[0.163s] INFO:colcon.colcon_core.shell:Skip shell extension 'powershell' for command environment: Not usable outside of PowerShell
[0.163s] DEBUG:colcon.colcon_core.shell:Skip shell extension 'dsv' for command environment
[0.165s] INFO:colcon.colcon_ros.task.ament_cmake.build:Building ROS package in '/root/ros2_ws/src/slam/rviz_2d_overlay_plugins/rviz_2d_overlay_msgs' with build type 'ament_cmake'
[0.165s] INFO:colcon.colcon_cmake.task.cmake.build:Building CMake package in '/root/ros2_ws/src/slam/rviz_2d_overlay_plugins/rviz_2d_overlay_msgs'
[0.165s] INFO:colcon.colcon_core.shell:Skip shell extension 'powershell' for command environment: Not usable outside of PowerShell
[0.165s] DEBUG:colcon.colcon_core.shell:Skip shell extension 'dsv' for command environment
[0.167s] INFO:colcon.colcon_ros.task.ament_cmake.build:Building ROS package in '/root/ros2_ws/src/slam/SuperOdom/super_odometry_msgs' with build type 'ament_cmake'
[0.167s] INFO:colcon.colcon_cmake.task.cmake.build:Building CMake package in '/root/ros2_ws/src/slam/SuperOdom/super_odometry_msgs'
[0.167s] INFO:colcon.colcon_core.shell:Skip shell extension 'powershell' for command environment: Not usable outside of PowerShell
[0.167s] DEBUG:colcon.colcon_core.shell:Skip shell extension 'dsv' for command environment
[0.168s] INFO:colcon.colcon_ros.task.ament_python.build:Building ROS package in '/root/ros2_ws/src/utilities/transform_sensors' with build type 'ament_python'
[0.168s] Level 1:colcon.colcon_core.shell:create_environment_hook('transform_sensors', 'ament_prefix_path')
[0.168s] INFO:colcon.colcon_core.shell:Creating environment hook '/root/ros2_ws/src/install/transform_sensors/share/transform_sensors/hook/ament_prefix_path.ps1'
[0.169s] INFO:colcon.colcon_core.shell:Creating environment descriptor '/root/ros2_ws/src/install/transform_sensors/share/transform_sensors/hook/ament_prefix_path.dsv'
[0.169s] INFO:colcon.colcon_core.shell:Creating environment hook '/root/ros2_ws/src/install/transform_sensors/share/transform_sensors/hook/ament_prefix_path.sh'
[0.169s] INFO:colcon.colcon_core.shell:Skip shell extension 'powershell' for command environment: Not usable outside of PowerShell
[0.169s] DEBUG:colcon.colcon_core.shell:Skip shell extension 'dsv' for command environment
[0.171s] INFO:colcon.colcon_ros.task.ament_cmake.build:Building ROS package in '/root/ros2_ws/src/utilities/unitree_pkgs/go2_h264_repub' with build type 'ament_cmake'
[0.171s] INFO:colcon.colcon_cmake.task.cmake.build:Building CMake package in '/root/ros2_ws/src/utilities/unitree_pkgs/go2_h264_repub'
[0.171s] INFO:colcon.colcon_core.shell:Skip shell extension 'powershell' for command environment: Not usable outside of PowerShell
[0.171s] DEBUG:colcon.colcon_core.shell:Skip shell extension 'dsv' for command environment
[0.172s] INFO:colcon.colcon_ros.task.ament_cmake.build:Building ROS package in '/root/ros2_ws/src/utilities/goalpoint_rviz_plugin' with build type 'ament_cmake'
[0.173s] INFO:colcon.colcon_cmake.task.cmake.build:Building CMake package in '/root/ros2_ws/src/utilities/goalpoint_rviz_plugin'
[0.173s] INFO:colcon.colcon_core.shell:Skip shell extension 'powershell' for command environment: Not usable outside of PowerShell
[0.173s] DEBUG:colcon.colcon_core.shell:Skip shell extension 'dsv' for command environment
[0.174s] INFO:colcon.colcon_ros.task.ament_cmake.build:Building ROS package in '/root/ros2_ws/src/base_autonomy/sensor_scan_generation' with build type 'ament_cmake'
[0.174s] INFO:colcon.colcon_cmake.task.cmake.build:Building CMake package in '/root/ros2_ws/src/base_autonomy/sensor_scan_generation'
[0.174s] INFO:colcon.colcon_core.shell:Skip shell extension 'powershell' for command environment: Not usable outside of PowerShell
[0.174s] DEBUG:colcon.colcon_core.shell:Skip shell extension 'dsv' for command environment
[0.176s] INFO:colcon.colcon_ros.task.ament_cmake.build:Building ROS package in '/root/ros2_ws/src/utilities/teleop_rviz_plugin' with build type 'ament_cmake'
[0.176s] INFO:colcon.colcon_cmake.task.cmake.build:Building CMake package in '/root/ros2_ws/src/utilities/teleop_rviz_plugin'
[0.176s] INFO:colcon.colcon_core.shell:Skip shell extension 'powershell' for command environment: Not usable outside of PowerShell
[0.176s] DEBUG:colcon.colcon_core.shell:Skip shell extension 'dsv' for command environment
[0.177s] INFO:colcon.colcon_ros.task.ament_cmake.build:Building ROS package in '/root/ros2_ws/src/utilities/teleop_rviz_plugin_plus' with build type 'ament_cmake'
[0.177s] INFO:colcon.colcon_cmake.task.cmake.build:Building CMake package in '/root/ros2_ws/src/utilities/teleop_rviz_plugin_plus'
[0.177s] INFO:colcon.colcon_core.shell:Skip shell extension 'powershell' for command environment: Not usable outside of PowerShell
[0.177s] DEBUG:colcon.colcon_core.shell:Skip shell extension 'dsv' for command environment
[0.179s] INFO:colcon.colcon_ros.task.ament_cmake.build:Building ROS package in '/root/ros2_ws/src/base_autonomy/terrain_analysis' with build type 'ament_cmake'
[0.179s] INFO:colcon.colcon_cmake.task.cmake.build:Building CMake package in '/root/ros2_ws/src/base_autonomy/terrain_analysis'
[0.179s] INFO:colcon.colcon_core.shell:Skip shell extension 'powershell' for command environment: Not usable outside of PowerShell
[0.179s] DEBUG:colcon.colcon_core.shell:Skip shell extension 'dsv' for command environment
[0.180s] INFO:colcon.colcon_ros.task.ament_cmake.build:Building ROS package in '/root/ros2_ws/src/base_autonomy/terrain_analysis_ext' with build type 'ament_cmake'
[0.180s] INFO:colcon.colcon_cmake.task.cmake.build:Building CMake package in '/root/ros2_ws/src/base_autonomy/terrain_analysis_ext'
[0.180s] INFO:colcon.colcon_core.shell:Skip shell extension 'powershell' for command environment: Not usable outside of PowerShell
[0.181s] DEBUG:colcon.colcon_core.shell:Skip shell extension 'dsv' for command environment
[0.182s] INFO:colcon.colcon_ros.task.ament_cmake.build:Building ROS package in '/root/ros2_ws/src/base_autonomy/visualization_tools' with build type 'ament_cmake'
[0.182s] INFO:colcon.colcon_cmake.task.cmake.build:Building CMake package in '/root/ros2_ws/src/base_autonomy/visualization_tools'
[0.182s] INFO:colcon.colcon_core.shell:Skip shell extension 'powershell' for command environment: Not usable outside of PowerShell
[0.182s] DEBUG:colcon.colcon_core.shell:Skip shell extension 'dsv' for command environment
[0.184s] INFO:colcon.colcon_ros.task.ament_cmake.build:Building ROS package in '/root/ros2_ws/src/base_autonomy/waypoint_example' with build type 'ament_cmake'
[0.184s] INFO:colcon.colcon_cmake.task.cmake.build:Building CMake package in '/root/ros2_ws/src/base_autonomy/waypoint_example'
[0.184s] INFO:colcon.colcon_core.shell:Skip shell extension 'powershell' for command environment: Not usable outside of PowerShell
[0.184s] DEBUG:colcon.colcon_core.shell:Skip shell extension 'dsv' for command environment
[0.186s] INFO:colcon.colcon_ros.task.ament_cmake.build:Building ROS package in '/root/ros2_ws/src/utilities/waypoint_rviz_plugin' with build type 'ament_cmake'
[0.186s] INFO:colcon.colcon_cmake.task.cmake.build:Building CMake package in '/root/ros2_ws/src/utilities/waypoint_rviz_plugin'
[0.186s] INFO:colcon.colcon_core.shell:Skip shell extension 'powershell' for command environment: Not usable outside of PowerShell
[0.186s] DEBUG:colcon.colcon_core.shell:Skip shell extension 'dsv' for command environment
[0.190s] DEBUG:colcon.colcon_core.event_handler.log_command:Invoking command in '/root/ros2_ws/src/build/unitree_api': CMAKE_PREFIX_PATH=/opt/ros/humble /usr/bin/cmake /root/ros2_ws/src/utilities/unitree_pkgs/unitree_api -DCMAKE_BUILD_TYPE=Release -DAMENT_CMAKE_SYMLINK_INSTALL=1 -DCMAKE_INSTALL_PREFIX=/root/ros2_ws/src/install/unitree_api
[0.191s] DEBUG:colcon.colcon_core.event_handler.log_command:Invoking command in '/root/ros2_ws/src/build/unitree_go': CMAKE_PREFIX_PATH=/opt/ros/humble /usr/bin/cmake /root/ros2_ws/src/utilities/unitree_pkgs/unitree_go -DCMAKE_BUILD_TYPE=Release -DAMENT_CMAKE_SYMLINK_INSTALL=1 -DCMAKE_INSTALL_PREFIX=/root/ros2_ws/src/install/unitree_go
[0.192s] DEBUG:colcon.colcon_core.event_handler.log_command:Invoking command in '/root/ros2_ws/src/build/visibility_graph_msg': CMAKE_PREFIX_PATH=/opt/ros/humble /usr/bin/cmake /root/ros2_ws/src/route_planner/visibility_graph_msg -DCMAKE_BUILD_TYPE=Release -DAMENT_CMAKE_SYMLINK_INSTALL=1 -DCMAKE_INSTALL_PREFIX=/root/ros2_ws/src/install/visibility_graph_msg
[0.192s] DEBUG:colcon.colcon_core.event_handler.log_command:Invoking command in '/root/ros2_ws/src/build/livox_ros_driver2': CMAKE_PREFIX_PATH=/opt/ros/humble /usr/bin/cmake /root/ros2_ws/src/slam/livox_ros_driver2 -DCMAKE_BUILD_TYPE=Release -DAMENT_CMAKE_SYMLINK_INSTALL=1 -DCMAKE_INSTALL_PREFIX=/root/ros2_ws/src/install/livox_ros_driver2
[0.375s] INFO:colcon.colcon_core.task.python.build:Building Python package in '/root/ros2_ws/src/utilities/ROS-TCP-Endpoint'
[0.375s] INFO:colcon.colcon_core.shell:Skip shell extension 'powershell' for command environment: Not usable outside of PowerShell
[0.375s] DEBUG:colcon.colcon_core.shell:Skip shell extension 'dsv' for command environment
[0.379s] DEBUG:colcon.colcon_core.event_handler.log_command:Invoking command in '/root/ros2_ws/src/build/rviz_2d_overlay_msgs': CMAKE_PREFIX_PATH=/opt/ros/humble /usr/bin/cmake /root/ros2_ws/src/slam/rviz_2d_overlay_plugins/rviz_2d_overlay_msgs -DCMAKE_BUILD_TYPE=Release -DAMENT_CMAKE_SYMLINK_INSTALL=1 -DCMAKE_INSTALL_PREFIX=/root/ros2_ws/src/install/rviz_2d_overlay_msgs
[0.384s] DEBUG:colcon.colcon_core.event_handler.log_command:Invoking command in '/root/ros2_ws/src/build/super_odometry_msgs': CMAKE_PREFIX_PATH=/opt/ros/humble /usr/bin/cmake /root/ros2_ws/src/slam/SuperOdom/super_odometry_msgs -DCMAKE_BUILD_TYPE=Release -DAMENT_CMAKE_SYMLINK_INSTALL=1 -DCMAKE_INSTALL_PREFIX=/root/ros2_ws/src/install/super_odometry_msgs
[0.586s] INFO:colcon.colcon_core.task.python.build:Building Python package in '/root/ros2_ws/src/utilities/transform_sensors'
[0.587s] INFO:colcon.colcon_core.shell:Skip shell extension 'powershell' for command environment: Not usable outside of PowerShell
[0.587s] DEBUG:colcon.colcon_core.shell:Skip shell extension 'dsv' for command environment
[0.591s] DEBUG:colcon.colcon_core.event_handler.log_command:Invoking command in '/root/ros2_ws/src/build/go2_h264_repub': CMAKE_PREFIX_PATH=/opt/ros/humble /usr/bin/cmake /root/ros2_ws/src/utilities/unitree_pkgs/go2_h264_repub -DCMAKE_BUILD_TYPE=Release -DAMENT_CMAKE_SYMLINK_INSTALL=1 -DCMAKE_INSTALL_PREFIX=/root/ros2_ws/src/install/go2_h264_repub
[0.593s] DEBUG:colcon.colcon_core.event_handler.log_command:Invoking command in '/root/ros2_ws/src/build/goalpoint_rviz_plugin': CMAKE_PREFIX_PATH=/opt/ros/humble /usr/bin/cmake /root/ros2_ws/src/utilities/goalpoint_rviz_plugin -DCMAKE_BUILD_TYPE=Release -DAMENT_CMAKE_SYMLINK_INSTALL=1 -DCMAKE_INSTALL_PREFIX=/root/ros2_ws/src/install/goalpoint_rviz_plugin
[0.594s] DEBUG:colcon.colcon_core.event_handler.log_command:Invoking command in '/root/ros2_ws/src/build/sensor_scan_generation': CMAKE_PREFIX_PATH=/opt/ros/humble /usr/bin/cmake /root/ros2_ws/src/base_autonomy/sensor_scan_generation -DCMAKE_BUILD_TYPE=Release -DAMENT_CMAKE_SYMLINK_INSTALL=1 -DCMAKE_INSTALL_PREFIX=/root/ros2_ws/src/install/sensor_scan_generation
[0.596s] DEBUG:colcon.colcon_core.event_handler.log_command:Invoking command in '/root/ros2_ws/src/build/teleop_rviz_plugin': CMAKE_PREFIX_PATH=/opt/ros/humble /usr/bin/cmake /root/ros2_ws/src/utilities/teleop_rviz_plugin -DCMAKE_BUILD_TYPE=Release -DAMENT_CMAKE_SYMLINK_INSTALL=1 -DCMAKE_INSTALL_PREFIX=/root/ros2_ws/src/install/teleop_rviz_plugin
[0.600s] DEBUG:colcon.colcon_core.event_handler.log_command:Invoking command in '/root/ros2_ws/src/build/teleop_rviz_plugin_plus': CMAKE_PREFIX_PATH=/opt/ros/humble /usr/bin/cmake /root/ros2_ws/src/utilities/teleop_rviz_plugin_plus -DCMAKE_BUILD_TYPE=Release -DAMENT_CMAKE_SYMLINK_INSTALL=1 -DCMAKE_INSTALL_PREFIX=/root/ros2_ws/src/install/teleop_rviz_plugin_plus
[0.601s] DEBUG:colcon.colcon_core.event_handler.log_command:Invoking command in '/root/ros2_ws/src/build/terrain_analysis': CMAKE_PREFIX_PATH=/opt/ros/humble /usr/bin/cmake /root/ros2_ws/src/base_autonomy/terrain_analysis -DCMAKE_BUILD_TYPE=Release -DAMENT_CMAKE_SYMLINK_INSTALL=1 -DCMAKE_INSTALL_PREFIX=/root/ros2_ws/src/install/terrain_analysis
[0.602s] DEBUG:colcon.colcon_core.event_handler.log_command:Invoking command in '/root/ros2_ws/src/build/terrain_analysis_ext': CMAKE_PREFIX_PATH=/opt/ros/humble /usr/bin/cmake /root/ros2_ws/src/base_autonomy/terrain_analysis_ext -DCMAKE_BUILD_TYPE=Release -DAMENT_CMAKE_SYMLINK_INSTALL=1 -DCMAKE_INSTALL_PREFIX=/root/ros2_ws/src/install/terrain_analysis_ext
[0.607s] DEBUG:colcon.colcon_core.event_handler.log_command:Invoking command in '/root/ros2_ws/src/build/visualization_tools': CMAKE_PREFIX_PATH=/opt/ros/humble /usr/bin/cmake /root/ros2_ws/src/base_autonomy/visualization_tools -DCMAKE_BUILD_TYPE=Release -DAMENT_CMAKE_SYMLINK_INSTALL=1 -DCMAKE_INSTALL_PREFIX=/root/ros2_ws/src/install/visualization_tools
[0.623s] DEBUG:colcon.colcon_core.event_handler.log_command:Invoking command in '/root/ros2_ws/src/build/waypoint_example': CMAKE_PREFIX_PATH=/opt/ros/humble /usr/bin/cmake /root/ros2_ws/src/base_autonomy/waypoint_example -DCMAKE_BUILD_TYPE=Release -DAMENT_CMAKE_SYMLINK_INSTALL=1 -DCMAKE_INSTALL_PREFIX=/root/ros2_ws/src/install/waypoint_example
[0.664s] DEBUG:colcon.colcon_core.event_handler.log_command:Invoking command in '/root/ros2_ws/src/build/waypoint_rviz_plugin': CMAKE_PREFIX_PATH=/opt/ros/humble /usr/bin/cmake /root/ros2_ws/src/utilities/waypoint_rviz_plugin -DCMAKE_BUILD_TYPE=Release -DAMENT_CMAKE_SYMLINK_INSTALL=1 -DCMAKE_INSTALL_PREFIX=/root/ros2_ws/src/install/waypoint_rviz_plugin
[1.109s] DEBUG:colcon.colcon_core.event_handler.log_command:Invoking command in '/root/ros2_ws/src/build/ros_tcp_endpoint': PYTHONPATH=/root/ros2_ws/src/build/ros_tcp_endpoint/prefix_override:/usr/lib/python3/dist-packages/colcon_core/task/python/colcon_distutils_commands:/root/ros2_ws/src/install/ros_tcp_endpoint/lib/python3.10/site-packages:${PYTHONPATH} /usr/bin/python3 -W ignore:setup.py install is deprecated -W ignore:easy_install command is deprecated setup.py develop --editable --build-directory /root/ros2_ws/src/build/ros_tcp_endpoint/build --no-deps symlink_data
[1.174s] DEBUG:colcon.colcon_core.event_handler.log_command:Invoking command in '/root/ros2_ws/src/build/transform_sensors': PYTHONPATH=/root/ros2_ws/src/build/transform_sensors/prefix_override:/usr/lib/python3/dist-packages/colcon_core/task/python/colcon_distutils_commands:/root/ros2_ws/src/install/transform_sensors/lib/python3.10/site-packages:${PYTHONPATH} /usr/bin/python3 -W ignore:setup.py install is deprecated -W ignore:easy_install command is deprecated setup.py develop --editable --build-directory /root/ros2_ws/src/build/transform_sensors/build --no-deps symlink_data
[2.242s] DEBUG:colcon.colcon_core.event_handler.log_command:Invoked command in '/root/ros2_ws/src/build/visibility_graph_msg' returned '0': CMAKE_PREFIX_PATH=/opt/ros/humble /usr/bin/cmake /root/ros2_ws/src/route_planner/visibility_graph_msg -DCMAKE_BUILD_TYPE=Release -DAMENT_CMAKE_SYMLINK_INSTALL=1 -DCMAKE_INSTALL_PREFIX=/root/ros2_ws/src/install/visibility_graph_msg
[2.243s] DEBUG:colcon.colcon_core.event_handler.log_command:Invoking command in '/root/ros2_ws/src/build/visibility_graph_msg': CMAKE_PREFIX_PATH=/opt/ros/humble /usr/bin/cmake --build /root/ros2_ws/src/build/visibility_graph_msg -- -j24 -l24
[2.593s] Level 1:colcon.colcon_core.shell:create_environment_hook('ros_tcp_endpoint', 'pythonpath_develop')
[2.595s] DEBUG:colcon.colcon_core.event_handler.log_command:Invoked command in '/root/ros2_ws/src/build/go2_h264_repub' returned '0': CMAKE_PREFIX_PATH=/opt/ros/humble /usr/bin/cmake /root/ros2_ws/src/utilities/unitree_pkgs/go2_h264_repub -DCMAKE_BUILD_TYPE=Release -DAMENT_CMAKE_SYMLINK_INSTALL=1 -DCMAKE_INSTALL_PREFIX=/root/ros2_ws/src/install/go2_h264_repub
[2.598s] INFO:colcon.colcon_core.shell:Creating environment hook '/root/ros2_ws/src/build/ros_tcp_endpoint/share/ros_tcp_endpoint/hook/pythonpath_develop.ps1'
[2.599s] INFO:colcon.colcon_core.shell:Creating environment descriptor '/root/ros2_ws/src/build/ros_tcp_endpoint/share/ros_tcp_endpoint/hook/pythonpath_develop.dsv'
[2.599s] INFO:colcon.colcon_core.shell:Creating environment hook '/root/ros2_ws/src/build/ros_tcp_endpoint/share/ros_tcp_endpoint/hook/pythonpath_develop.sh'
[2.604s] Level 1:colcon.colcon_core.environment:checking '/root/ros2_ws/src/install/ros_tcp_endpoint' for CMake module files
[2.604s] DEBUG:colcon.colcon_core.event_handler.log_command:Invoking command in '/root/ros2_ws/src/build/go2_h264_repub': CMAKE_PREFIX_PATH=/opt/ros/humble /usr/bin/cmake --build /root/ros2_ws/src/build/go2_h264_repub -- -j24 -l24
[2.607s] DEBUG:colcon.colcon_core.event_handler.log_command:Invoked command in '/root/ros2_ws/src/build/unitree_api' returned '0': CMAKE_PREFIX_PATH=/opt/ros/humble /usr/bin/cmake /root/ros2_ws/src/utilities/unitree_pkgs/unitree_api -DCMAKE_BUILD_TYPE=Release -DAMENT_CMAKE_SYMLINK_INSTALL=1 -DCMAKE_INSTALL_PREFIX=/root/ros2_ws/src/install/unitree_api
[2.615s] Level 1:colcon.colcon_core.environment:checking '/root/ros2_ws/src/install/ros_tcp_endpoint' for CMake config files
[2.617s] Level 1:colcon.colcon_core.environment:checking '/root/ros2_ws/src/install/ros_tcp_endpoint/lib'
[2.617s] Level 1:colcon.colcon_core.environment:checking '/root/ros2_ws/src/install/ros_tcp_endpoint/bin'
[2.617s] Level 1:colcon.colcon_core.environment:checking '/root/ros2_ws/src/install/ros_tcp_endpoint/lib/pkgconfig/ros_tcp_endpoint.pc'
[2.617s] Level 1:colcon.colcon_core.environment:checking '/root/ros2_ws/src/install/ros_tcp_endpoint/lib/python3.10/site-packages'
[2.617s] Level 1:colcon.colcon_core.shell:create_environment_hook('ros_tcp_endpoint', 'pythonpath')
[2.618s] INFO:colcon.colcon_core.shell:Creating environment hook '/root/ros2_ws/src/install/ros_tcp_endpoint/share/ros_tcp_endpoint/hook/pythonpath.ps1'
[2.618s] INFO:colcon.colcon_core.shell:Creating environment descriptor '/root/ros2_ws/src/install/ros_tcp_endpoint/share/ros_tcp_endpoint/hook/pythonpath.dsv'
[2.619s] DEBUG:colcon.colcon_core.event_handler.log_command:Invoking command in '/root/ros2_ws/src/build/unitree_api': CMAKE_PREFIX_PATH=/opt/ros/humble /usr/bin/cmake --build /root/ros2_ws/src/build/unitree_api -- -j24 -l24
[2.620s] DEBUG:colcon.colcon_core.event_handler.log_command:Invoked command in '/root/ros2_ws/src/build/ros_tcp_endpoint' returned '0': PYTHONPATH=/root/ros2_ws/src/build/ros_tcp_endpoint/prefix_override:/usr/lib/python3/dist-packages/colcon_core/task/python/colcon_distutils_commands:/root/ros2_ws/src/install/ros_tcp_endpoint/lib/python3.10/site-packages:${PYTHONPATH} /usr/bin/python3 -W ignore:setup.py install is deprecated -W ignore:easy_install command is deprecated setup.py develop --editable --build-directory /root/ros2_ws/src/build/ros_tcp_endpoint/build --no-deps symlink_data
[2.624s] INFO:colcon.colcon_core.shell:Creating environment hook '/root/ros2_ws/src/install/ros_tcp_endpoint/share/ros_tcp_endpoint/hook/pythonpath.sh'
[2.625s] Level 1:colcon.colcon_core.environment:checking '/root/ros2_ws/src/install/ros_tcp_endpoint/bin'
[2.625s] Level 1:colcon.colcon_core.environment:create_environment_scripts_only(ros_tcp_endpoint)
[2.626s] INFO:colcon.colcon_core.shell:Creating package script '/root/ros2_ws/src/install/ros_tcp_endpoint/share/ros_tcp_endpoint/package.ps1'
[2.632s] INFO:colcon.colcon_core.shell:Creating package descriptor '/root/ros2_ws/src/install/ros_tcp_endpoint/share/ros_tcp_endpoint/package.dsv'
[2.633s] INFO:colcon.colcon_core.shell:Creating package script '/root/ros2_ws/src/install/ros_tcp_endpoint/share/ros_tcp_endpoint/package.sh'
[2.634s] INFO:colcon.colcon_core.shell:Creating package script '/root/ros2_ws/src/install/ros_tcp_endpoint/share/ros_tcp_endpoint/package.bash'
[2.638s] INFO:colcon.colcon_core.shell:Creating package script '/root/ros2_ws/src/install/ros_tcp_endpoint/share/ros_tcp_endpoint/package.zsh'
[2.640s] Level 1:colcon.colcon_core.environment:create_file_with_runtime_dependencies(/root/ros2_ws/src/install/ros_tcp_endpoint/share/colcon-core/packages/ros_tcp_endpoint)
[2.640s] Level 1:colcon.colcon_core.shell:create_environment_hook('transform_sensors', 'pythonpath_develop')
[2.645s] INFO:colcon.colcon_core.shell:Creating environment hook '/root/ros2_ws/src/build/transform_sensors/share/transform_sensors/hook/pythonpath_develop.ps1'
[2.646s] INFO:colcon.colcon_core.shell:Creating environment descriptor '/root/ros2_ws/src/build/transform_sensors/share/transform_sensors/hook/pythonpath_develop.dsv'
[2.646s] DEBUG:colcon.colcon_core.event_handler.log_command:Invoked command in '/root/ros2_ws/src/build/transform_sensors' returned '0': PYTHONPATH=/root/ros2_ws/src/build/transform_sensors/prefix_override:/usr/lib/python3/dist-packages/colcon_core/task/python/colcon_distutils_commands:/root/ros2_ws/src/install/transform_sensors/lib/python3.10/site-packages:${PYTHONPATH} /usr/bin/python3 -W ignore:setup.py install is deprecated -W ignore:easy_install command is deprecated setup.py develop --editable --build-directory /root/ros2_ws/src/build/transform_sensors/build --no-deps symlink_data
[2.647s] INFO:colcon.colcon_core.shell:Creating environment hook '/root/ros2_ws/src/build/transform_sensors/share/transform_sensors/hook/pythonpath_develop.sh'
[2.648s] Level 1:colcon.colcon_core.environment:checking '/root/ros2_ws/src/install/transform_sensors' for CMake module files
[2.649s] Level 1:colcon.colcon_core.environment:checking '/root/ros2_ws/src/install/transform_sensors' for CMake config files
[2.649s] Level 1:colcon.colcon_core.environment:checking '/root/ros2_ws/src/install/transform_sensors/lib'
[2.649s] Level 1:colcon.colcon_core.environment:checking '/root/ros2_ws/src/install/transform_sensors/bin'
[2.649s] Level 1:colcon.colcon_core.environment:checking '/root/ros2_ws/src/install/transform_sensors/lib/pkgconfig/transform_sensors.pc'
[2.650s] Level 1:colcon.colcon_core.environment:checking '/root/ros2_ws/src/install/transform_sensors/lib/python3.10/site-packages'
[2.650s] Level 1:colcon.colcon_core.shell:create_environment_hook('transform_sensors', 'pythonpath')
[2.650s] INFO:colcon.colcon_core.shell:Creating environment hook '/root/ros2_ws/src/install/transform_sensors/share/transform_sensors/hook/pythonpath.ps1'
[2.653s] INFO:colcon.colcon_core.shell:Creating environment descriptor '/root/ros2_ws/src/install/transform_sensors/share/transform_sensors/hook/pythonpath.dsv'
[2.653s] INFO:colcon.colcon_core.shell:Creating environment hook '/root/ros2_ws/src/install/transform_sensors/share/transform_sensors/hook/pythonpath.sh'
[2.654s] Level 1:colcon.colcon_core.environment:checking '/root/ros2_ws/src/install/transform_sensors/bin'
[2.654s] Level 1:colcon.colcon_core.environment:create_environment_scripts_only(transform_sensors)
[2.655s] INFO:colcon.colcon_core.shell:Creating package script '/root/ros2_ws/src/install/transform_sensors/share/transform_sensors/package.ps1'
[2.659s] INFO:colcon.colcon_core.shell:Creating package descriptor '/root/ros2_ws/src/install/transform_sensors/share/transform_sensors/package.dsv'
[2.660s] INFO:colcon.colcon_core.shell:Creating package script '/root/ros2_ws/src/install/transform_sensors/share/transform_sensors/package.sh'
[2.661s] INFO:colcon.colcon_core.shell:Creating package script '/root/ros2_ws/src/install/transform_sensors/share/transform_sensors/package.bash'
[2.661s] INFO:colcon.colcon_core.shell:Creating package script '/root/ros2_ws/src/install/transform_sensors/share/transform_sensors/package.zsh'
[2.662s] Level 1:colcon.colcon_core.environment:create_file_with_runtime_dependencies(/root/ros2_ws/src/install/transform_sensors/share/colcon-core/packages/transform_sensors)
[2.665s] INFO:colcon.colcon_ros.task.ament_cmake.build:Building ROS package in '/root/ros2_ws/src/slam/point_lio_unilidar' with build type 'ament_cmake'
[2.666s] INFO:colcon.colcon_cmake.task.cmake.build:Building CMake package in '/root/ros2_ws/src/slam/point_lio_unilidar'
[2.666s] INFO:colcon.colcon_core.shell:Skip shell extension 'powershell' for command environment: Not usable outside of PowerShell
[2.666s] DEBUG:colcon.colcon_core.shell:Skip shell extension 'dsv' for command environment
[2.678s] INFO:colcon.colcon_ros.task.ament_cmake.build:Building ROS package in '/root/ros2_ws/src/base_autonomy/vehicle_simulator' with build type 'ament_cmake'
[2.678s] INFO:colcon.colcon_cmake.task.cmake.build:Building CMake package in '/root/ros2_ws/src/base_autonomy/vehicle_simulator'
[2.678s] INFO:colcon.colcon_core.shell:Skip shell extension 'powershell' for command environment: Not usable outside of PowerShell
[2.679s] DEBUG:colcon.colcon_core.shell:Skip shell extension 'dsv' for command environment
[2.697s] DEBUG:colcon.colcon_core.event_handler.log_command:Invoked command in '/root/ros2_ws/src/build/unitree_go' returned '0': CMAKE_PREFIX_PATH=/opt/ros/humble /usr/bin/cmake /root/ros2_ws/src/utilities/unitree_pkgs/unitree_go -DCMAKE_BUILD_TYPE=Release -DAMENT_CMAKE_SYMLINK_INSTALL=1 -DCMAKE_INSTALL_PREFIX=/root/ros2_ws/src/install/unitree_go
[2.701s] DEBUG:colcon.colcon_core.event_handler.log_command:Invoking command in '/root/ros2_ws/src/build/unitree_go': CMAKE_PREFIX_PATH=/opt/ros/humble /usr/bin/cmake --build /root/ros2_ws/src/build/unitree_go -- -j24 -l24
[2.713s] DEBUG:colcon.colcon_core.event_handler.log_command:Invoking command in '/root/ros2_ws/src/build/point_lio_unilidar': AMENT_PREFIX_PATH=/root/ros2_ws/src/install/transform_sensors:${AMENT_PREFIX_PATH} CMAKE_PREFIX_PATH=/opt/ros/humble PYTHONPATH=/root/ros2_ws/src/build/transform_sensors:/root/ros2_ws/src/install/transform_sensors/lib/python3.10/site-packages:${PYTHONPATH} /usr/bin/cmake /root/ros2_ws/src/slam/point_lio_unilidar -DCMAKE_BUILD_TYPE=Release -DAMENT_CMAKE_SYMLINK_INSTALL=1 -DCMAKE_INSTALL_PREFIX=/root/ros2_ws/src/install/point_lio_unilidar
[2.714s] DEBUG:colcon.colcon_core.event_handler.log_command:Invoking command in '/root/ros2_ws/src/build/vehicle_simulator': AMENT_PREFIX_PATH=/root/ros2_ws/src/install/ros_tcp_endpoint:${AMENT_PREFIX_PATH} CMAKE_PREFIX_PATH=/opt/ros/humble PYTHONPATH=/root/ros2_ws/src/build/ros_tcp_endpoint:/root/ros2_ws/src/install/ros_tcp_endpoint/lib/python3.10/site-packages:${PYTHONPATH} /usr/bin/cmake /root/ros2_ws/src/base_autonomy/vehicle_simulator -DCMAKE_BUILD_TYPE=Release -DAMENT_CMAKE_SYMLINK_INSTALL=1 -DCMAKE_INSTALL_PREFIX=/root/ros2_ws/src/install/vehicle_simulator
[2.714s] DEBUG:colcon.colcon_core.event_handler.log_command:Invoked command in '/root/ros2_ws/src/build/rviz_2d_overlay_msgs' returned '0': CMAKE_PREFIX_PATH=/opt/ros/humble /usr/bin/cmake /root/ros2_ws/src/slam/rviz_2d_overlay_plugins/rviz_2d_overlay_msgs -DCMAKE_BUILD_TYPE=Release -DAMENT_CMAKE_SYMLINK_INSTALL=1 -DCMAKE_INSTALL_PREFIX=/root/ros2_ws/src/install/rviz_2d_overlay_msgs
[2.718s] DEBUG:colcon.colcon_core.event_handler.log_command:Invoking command in '/root/ros2_ws/src/build/rviz_2d_overlay_msgs': CMAKE_PREFIX_PATH=/opt/ros/humble /usr/bin/cmake --build /root/ros2_ws/src/build/rviz_2d_overlay_msgs -- -j24 -l24
[3.795s] DEBUG:colcon.colcon_core.event_handler.log_command:Invoked command in '/root/ros2_ws/src/build/super_odometry_msgs' returned '0': CMAKE_PREFIX_PATH=/opt/ros/humble /usr/bin/cmake /root/ros2_ws/src/slam/SuperOdom/super_odometry_msgs -DCMAKE_BUILD_TYPE=Release -DAMENT_CMAKE_SYMLINK_INSTALL=1 -DCMAKE_INSTALL_PREFIX=/root/ros2_ws/src/install/super_odometry_msgs
[3.796s] DEBUG:colcon.colcon_core.event_handler.log_command:Invoking command in '/root/ros2_ws/src/build/super_odometry_msgs': CMAKE_PREFIX_PATH=/opt/ros/humble /usr/bin/cmake --build /root/ros2_ws/src/build/super_odometry_msgs -- -j24 -l24
[5.070s] DEBUG:colcon.colcon_core.event_handler.log_command:Invoked command in '/root/ros2_ws/src/build/teleop_rviz_plugin' returned '0': CMAKE_PREFIX_PATH=/opt/ros/humble /usr/bin/cmake /root/ros2_ws/src/utilities/teleop_rviz_plugin -DCMAKE_BUILD_TYPE=Release -DAMENT_CMAKE_SYMLINK_INSTALL=1 -DCMAKE_INSTALL_PREFIX=/root/ros2_ws/src/install/teleop_rviz_plugin
[5.072s] DEBUG:colcon.colcon_core.event_handler.log_command:Invoking command in '/root/ros2_ws/src/build/teleop_rviz_plugin': CMAKE_PREFIX_PATH=/opt/ros/humble /usr/bin/cmake --build /root/ros2_ws/src/build/teleop_rviz_plugin -- -j24 -l24
[5.359s] DEBUG:colcon.colcon_core.event_handler.log_command:Invoked command in '/root/ros2_ws/src/build/teleop_rviz_plugin_plus' returned '0': CMAKE_PREFIX_PATH=/opt/ros/humble /usr/bin/cmake /root/ros2_ws/src/utilities/teleop_rviz_plugin_plus -DCMAKE_BUILD_TYPE=Release -DAMENT_CMAKE_SYMLINK_INSTALL=1 -DCMAKE_INSTALL_PREFIX=/root/ros2_ws/src/install/teleop_rviz_plugin_plus
[5.360s] DEBUG:colcon.colcon_core.event_handler.log_command:Invoking command in '/root/ros2_ws/src/build/teleop_rviz_plugin_plus': CMAKE_PREFIX_PATH=/opt/ros/humble /usr/bin/cmake --build /root/ros2_ws/src/build/teleop_rviz_plugin_plus -- -j24 -l24
[5.443s] DEBUG:colcon.colcon_core.event_handler.log_command:Invoked command in '/root/ros2_ws/src/build/waypoint_rviz_plugin' returned '0': CMAKE_PREFIX_PATH=/opt/ros/humble /usr/bin/cmake /root/ros2_ws/src/utilities/waypoint_rviz_plugin -DCMAKE_BUILD_TYPE=Release -DAMENT_CMAKE_SYMLINK_INSTALL=1 -DCMAKE_INSTALL_PREFIX=/root/ros2_ws/src/install/waypoint_rviz_plugin
[5.444s] DEBUG:colcon.colcon_core.event_handler.log_command:Invoking command in '/root/ros2_ws/src/build/waypoint_rviz_plugin': CMAKE_PREFIX_PATH=/opt/ros/humble /usr/bin/cmake --build /root/ros2_ws/src/build/waypoint_rviz_plugin -- -j24 -l24
[5.608s] DEBUG:colcon.colcon_core.event_handler.log_command:Invoked command in '/root/ros2_ws/src/build/goalpoint_rviz_plugin' returned '0': CMAKE_PREFIX_PATH=/opt/ros/humble /usr/bin/cmake /root/ros2_ws/src/utilities/goalpoint_rviz_plugin -DCMAKE_BUILD_TYPE=Release -DAMENT_CMAKE_SYMLINK_INSTALL=1 -DCMAKE_INSTALL_PREFIX=/root/ros2_ws/src/install/goalpoint_rviz_plugin
[5.623s] DEBUG:colcon.colcon_core.event_handler.log_command:Invoking command in '/root/ros2_ws/src/build/goalpoint_rviz_plugin': CMAKE_PREFIX_PATH=/opt/ros/humble /usr/bin/cmake --build /root/ros2_ws/src/build/goalpoint_rviz_plugin -- -j24 -l24
[9.892s] DEBUG:colcon.colcon_core.event_handler.log_command:Invoked command in '/root/ros2_ws/src/build/rviz_2d_overlay_msgs' returned '0': CMAKE_PREFIX_PATH=/opt/ros/humble /usr/bin/cmake --build /root/ros2_ws/src/build/rviz_2d_overlay_msgs -- -j24 -l24
[9.929s] DEBUG:colcon.colcon_core.event_handler.log_command:Invoking command in '/root/ros2_ws/src/build/rviz_2d_overlay_msgs': CMAKE_PREFIX_PATH=/opt/ros/humble /usr/bin/cmake --install /root/ros2_ws/src/build/rviz_2d_overlay_msgs
[9.982s] DEBUG:colcon.colcon_core.event_handler.log_command:Invoked command in '/root/ros2_ws/src/build/visualization_tools' returned '0': CMAKE_PREFIX_PATH=/opt/ros/humble /usr/bin/cmake /root/ros2_ws/src/base_autonomy/visualization_tools -DCMAKE_BUILD_TYPE=Release -DAMENT_CMAKE_SYMLINK_INSTALL=1 -DCMAKE_INSTALL_PREFIX=/root/ros2_ws/src/install/visualization_tools
[9.995s] DEBUG:colcon.colcon_core.event_handler.log_command:Invoking command in '/root/ros2_ws/src/build/visualization_tools': CMAKE_PREFIX_PATH=/opt/ros/humble /usr/bin/cmake --build /root/ros2_ws/src/build/visualization_tools -- -j24 -l24
[10.324s] DEBUG:colcon.colcon_core.event_handler.log_command:Invoked command in '/root/ros2_ws/src/build/visibility_graph_msg' returned '0': CMAKE_PREFIX_PATH=/opt/ros/humble /usr/bin/cmake --build /root/ros2_ws/src/build/visibility_graph_msg -- -j24 -l24
[10.331s] DEBUG:colcon.colcon_core.event_handler.log_command:Invoking command in '/root/ros2_ws/src/build/visibility_graph_msg': CMAKE_PREFIX_PATH=/opt/ros/humble /usr/bin/cmake --install /root/ros2_ws/src/build/visibility_graph_msg
[10.668s] DEBUG:colcon.colcon_core.event_handler.log_command:Invoked command in '/root/ros2_ws/src/build/terrain_analysis_ext' returned '0': CMAKE_PREFIX_PATH=/opt/ros/humble /usr/bin/cmake /root/ros2_ws/src/base_autonomy/terrain_analysis_ext -DCMAKE_BUILD_TYPE=Release -DAMENT_CMAKE_SYMLINK_INSTALL=1 -DCMAKE_INSTALL_PREFIX=/root/ros2_ws/src/install/terrain_analysis_ext
[10.674s] DEBUG:colcon.colcon_core.event_handler.log_command:Invoking command in '/root/ros2_ws/src/build/terrain_analysis_ext': CMAKE_PREFIX_PATH=/opt/ros/humble /usr/bin/cmake --build /root/ros2_ws/src/build/terrain_analysis_ext -- -j24 -l24
[10.739s] DEBUG:colcon.colcon_core.event_handler.log_command:Invoked command in '/root/ros2_ws/src/build/terrain_analysis' returned '0': CMAKE_PREFIX_PATH=/opt/ros/humble /usr/bin/cmake /root/ros2_ws/src/base_autonomy/terrain_analysis -DCMAKE_BUILD_TYPE=Release -DAMENT_CMAKE_SYMLINK_INSTALL=1 -DCMAKE_INSTALL_PREFIX=/root/ros2_ws/src/install/terrain_analysis
[10.741s] DEBUG:colcon.colcon_core.event_handler.log_command:Invoking command in '/root/ros2_ws/src/build/terrain_analysis': CMAKE_PREFIX_PATH=/opt/ros/humble /usr/bin/cmake --build /root/ros2_ws/src/build/terrain_analysis -- -j24 -l24
[10.757s] DEBUG:colcon.colcon_core.event_handler.log_command:Invoked command in '/root/ros2_ws/src/build/waypoint_example' returned '0': CMAKE_PREFIX_PATH=/opt/ros/humble /usr/bin/cmake /root/ros2_ws/src/base_autonomy/waypoint_example -DCMAKE_BUILD_TYPE=Release -DAMENT_CMAKE_SYMLINK_INSTALL=1 -DCMAKE_INSTALL_PREFIX=/root/ros2_ws/src/install/waypoint_example
[10.758s] DEBUG:colcon.colcon_core.event_handler.log_command:Invoking command in '/root/ros2_ws/src/build/waypoint_example': CMAKE_PREFIX_PATH=/opt/ros/humble /usr/bin/cmake --build /root/ros2_ws/src/build/waypoint_example -- -j24 -l24
[11.056s] DEBUG:colcon.colcon_core.event_handler.log_command:Invoked command in '/root/ros2_ws/src/build/sensor_scan_generation' returned '0': CMAKE_PREFIX_PATH=/opt/ros/humble /usr/bin/cmake /root/ros2_ws/src/base_autonomy/sensor_scan_generation -DCMAKE_BUILD_TYPE=Release -DAMENT_CMAKE_SYMLINK_INSTALL=1 -DCMAKE_INSTALL_PREFIX=/root/ros2_ws/src/install/sensor_scan_generation
[11.056s] DEBUG:colcon.colcon_core.event_handler.log_command:Invoking command in '/root/ros2_ws/src/build/sensor_scan_generation': CMAKE_PREFIX_PATH=/opt/ros/humble /usr/bin/cmake --build /root/ros2_ws/src/build/sensor_scan_generation -- -j24 -l24
[12.621s] Level 1:colcon.colcon_core.environment:create_environment_scripts_only(rviz_2d_overlay_msgs)
[12.622s] Level 1:colcon.colcon_core.environment:checking '/root/ros2_ws/src/install/rviz_2d_overlay_msgs' for CMake module files
[12.623s] DEBUG:colcon.colcon_core.event_handler.log_command:Invoked command in '/root/ros2_ws/src/build/rviz_2d_overlay_msgs' returned '0': CMAKE_PREFIX_PATH=/opt/ros/humble /usr/bin/cmake --install /root/ros2_ws/src/build/rviz_2d_overlay_msgs
[12.630s] Level 1:colcon.colcon_core.environment:checking '/root/ros2_ws/src/install/rviz_2d_overlay_msgs' for CMake config files
[12.636s] Level 1:colcon.colcon_core.shell:create_environment_hook('rviz_2d_overlay_msgs', 'cmake_prefix_path')
[12.636s] INFO:colcon.colcon_core.shell:Creating environment hook '/root/ros2_ws/src/install/rviz_2d_overlay_msgs/share/rviz_2d_overlay_msgs/hook/cmake_prefix_path.ps1'
[12.638s] INFO:colcon.colcon_core.shell:Creating environment descriptor '/root/ros2_ws/src/install/rviz_2d_overlay_msgs/share/rviz_2d_overlay_msgs/hook/cmake_prefix_path.dsv'
[12.638s] INFO:colcon.colcon_core.shell:Creating environment hook '/root/ros2_ws/src/install/rviz_2d_overlay_msgs/share/rviz_2d_overlay_msgs/hook/cmake_prefix_path.sh'
[12.644s] Level 1:colcon.colcon_core.environment:checking '/root/ros2_ws/src/install/rviz_2d_overlay_msgs/lib'
[12.644s] Level 1:colcon.colcon_core.shell:create_environment_hook('rviz_2d_overlay_msgs', 'ld_library_path_lib')
[12.644s] INFO:colcon.colcon_core.shell:Creating environment hook '/root/ros2_ws/src/install/rviz_2d_overlay_msgs/share/rviz_2d_overlay_msgs/hook/ld_library_path_lib.ps1'
[12.645s] INFO:colcon.colcon_core.shell:Creating environment descriptor '/root/ros2_ws/src/install/rviz_2d_overlay_msgs/share/rviz_2d_overlay_msgs/hook/ld_library_path_lib.dsv'
[12.658s] INFO:colcon.colcon_core.shell:Creating environment hook '/root/ros2_ws/src/install/rviz_2d_overlay_msgs/share/rviz_2d_overlay_msgs/hook/ld_library_path_lib.sh'
[12.659s] Level 1:colcon.colcon_core.environment:checking '/root/ros2_ws/src/install/rviz_2d_overlay_msgs/bin'
[12.659s] Level 1:colcon.colcon_core.environment:checking '/root/ros2_ws/src/install/rviz_2d_overlay_msgs/lib/pkgconfig/rviz_2d_overlay_msgs.pc'
[12.660s] Level 1:colcon.colcon_core.environment:checking '/root/ros2_ws/src/install/rviz_2d_overlay_msgs/lib/python3.10/site-packages'
[12.661s] Level 1:colcon.colcon_core.environment:checking '/root/ros2_ws/src/install/rviz_2d_overlay_msgs/bin'
[12.665s] INFO:colcon.colcon_core.shell:Creating package script '/root/ros2_ws/src/install/rviz_2d_overlay_msgs/share/rviz_2d_overlay_msgs/package.ps1'
[12.670s] INFO:colcon.colcon_core.shell:Creating package descriptor '/root/ros2_ws/src/install/rviz_2d_overlay_msgs/share/rviz_2d_overlay_msgs/package.dsv'
[12.671s] INFO:colcon.colcon_core.shell:Creating package script '/root/ros2_ws/src/install/rviz_2d_overlay_msgs/share/rviz_2d_overlay_msgs/package.sh'
[12.672s] INFO:colcon.colcon_core.shell:Creating package script '/root/ros2_ws/src/install/rviz_2d_overlay_msgs/share/rviz_2d_overlay_msgs/package.bash'
[12.673s] INFO:colcon.colcon_core.shell:Creating package script '/root/ros2_ws/src/install/rviz_2d_overlay_msgs/share/rviz_2d_overlay_msgs/package.zsh'
[12.673s] Level 1:colcon.colcon_core.environment:create_file_with_runtime_dependencies(/root/ros2_ws/src/install/rviz_2d_overlay_msgs/share/colcon-core/packages/rviz_2d_overlay_msgs)
[12.685s] Level 1:colcon.colcon_core.environment:create_environment_scripts_only(rviz_2d_overlay_msgs)
[12.686s] Level 1:colcon.colcon_core.environment:checking '/root/ros2_ws/src/install/rviz_2d_overlay_msgs' for CMake module files
[12.690s] Level 1:colcon.colcon_core.environment:checking '/root/ros2_ws/src/install/rviz_2d_overlay_msgs' for CMake config files
[12.692s] Level 1:colcon.colcon_core.shell:create_environment_hook('rviz_2d_overlay_msgs', 'cmake_prefix_path')
[12.692s] INFO:colcon.colcon_core.shell:Creating environment hook '/root/ros2_ws/src/install/rviz_2d_overlay_msgs/share/rviz_2d_overlay_msgs/hook/cmake_prefix_path.ps1'
[12.707s] INFO:colcon.colcon_core.shell:Creating environment descriptor '/root/ros2_ws/src/install/rviz_2d_overlay_msgs/share/rviz_2d_overlay_msgs/hook/cmake_prefix_path.dsv'
[12.708s] INFO:colcon.colcon_core.shell:Creating environment hook '/root/ros2_ws/src/install/rviz_2d_overlay_msgs/share/rviz_2d_overlay_msgs/hook/cmake_prefix_path.sh'
[12.709s] Level 1:colcon.colcon_core.environment:checking '/root/ros2_ws/src/install/rviz_2d_overlay_msgs/lib'
[12.709s] Level 1:colcon.colcon_core.shell:create_environment_hook('rviz_2d_overlay_msgs', 'ld_library_path_lib')
[12.710s] INFO:colcon.colcon_core.shell:Creating environment hook '/root/ros2_ws/src/install/rviz_2d_overlay_msgs/share/rviz_2d_overlay_msgs/hook/ld_library_path_lib.ps1'
[12.722s] INFO:colcon.colcon_core.shell:Creating environment descriptor '/root/ros2_ws/src/install/rviz_2d_overlay_msgs/share/rviz_2d_overlay_msgs/hook/ld_library_path_lib.dsv'
[12.723s] INFO:colcon.colcon_core.shell:Creating environment hook '/root/ros2_ws/src/install/rviz_2d_overlay_msgs/share/rviz_2d_overlay_msgs/hook/ld_library_path_lib.sh'
[12.724s] Level 1:colcon.colcon_core.environment:checking '/root/ros2_ws/src/install/rviz_2d_overlay_msgs/bin'
[12.724s] Level 1:colcon.colcon_core.environment:checking '/root/ros2_ws/src/install/rviz_2d_overlay_msgs/lib/pkgconfig/rviz_2d_overlay_msgs.pc'
[12.724s] Level 1:colcon.colcon_core.environment:checking '/root/ros2_ws/src/install/rviz_2d_overlay_msgs/lib/python3.10/site-packages'
[12.725s] Level 1:colcon.colcon_core.environment:checking '/root/ros2_ws/src/install/rviz_2d_overlay_msgs/bin'
[12.734s] INFO:colcon.colcon_core.shell:Creating package script '/root/ros2_ws/src/install/rviz_2d_overlay_msgs/share/rviz_2d_overlay_msgs/package.ps1'
[12.736s] INFO:colcon.colcon_core.shell:Creating package descriptor '/root/ros2_ws/src/install/rviz_2d_overlay_msgs/share/rviz_2d_overlay_msgs/package.dsv'
[12.736s] INFO:colcon.colcon_core.shell:Creating package script '/root/ros2_ws/src/install/rviz_2d_overlay_msgs/share/rviz_2d_overlay_msgs/package.sh'
[12.737s] INFO:colcon.colcon_core.shell:Creating package script '/root/ros2_ws/src/install/rviz_2d_overlay_msgs/share/rviz_2d_overlay_msgs/package.bash'
[12.737s] INFO:colcon.colcon_core.shell:Creating package script '/root/ros2_ws/src/install/rviz_2d_overlay_msgs/share/rviz_2d_overlay_msgs/package.zsh'
[12.738s] Level 1:colcon.colcon_core.environment:create_file_with_runtime_dependencies(/root/ros2_ws/src/install/rviz_2d_overlay_msgs/share/colcon-core/packages/rviz_2d_overlay_msgs)
[12.738s] INFO:colcon.colcon_ros.task.ament_cmake.build:Building ROS package in '/root/ros2_ws/src/slam/rviz_2d_overlay_plugins/rviz_2d_overlay_plugins' with build type 'ament_cmake'
[12.738s] INFO:colcon.colcon_cmake.task.cmake.build:Building CMake package in '/root/ros2_ws/src/slam/rviz_2d_overlay_plugins/rviz_2d_overlay_plugins'
[12.739s] INFO:colcon.colcon_core.shell:Skip shell extension 'powershell' for command environment: Not usable outside of PowerShell
[12.739s] DEBUG:colcon.colcon_core.shell:Skip shell extension 'dsv' for command environment
[12.794s] DEBUG:colcon.colcon_core.event_handler.log_command:Invoking command in '/root/ros2_ws/src/build/rviz_2d_overlay_plugins': AMENT_PREFIX_PATH=/root/ros2_ws/src/install/rviz_2d_overlay_msgs:${AMENT_PREFIX_PATH} CMAKE_PREFIX_PATH=/root/ros2_ws/src/install/rviz_2d_overlay_msgs:/opt/ros/humble LD_LIBRARY_PATH=/root/ros2_ws/src/install/rviz_2d_overlay_msgs/lib:${LD_LIBRARY_PATH} PYTHONPATH=/root/ros2_ws/src/install/rviz_2d_overlay_msgs/local/lib/python3.10/dist-packages:${PYTHONPATH} /usr/bin/cmake /root/ros2_ws/src/slam/rviz_2d_overlay_plugins/rviz_2d_overlay_plugins -DCMAKE_BUILD_TYPE=Release -DAMENT_CMAKE_SYMLINK_INSTALL=1 -DCMAKE_INSTALL_PREFIX=/root/ros2_ws/src/install/rviz_2d_overlay_plugins
[13.042s] DEBUG:colcon.colcon_core.event_handler.log_command:Invoked command in '/root/ros2_ws/src/build/unitree_api' returned '0': CMAKE_PREFIX_PATH=/opt/ros/humble /usr/bin/cmake --build /root/ros2_ws/src/build/unitree_api -- -j24 -l24
[13.043s] DEBUG:colcon.colcon_core.event_handler.log_command:Invoking command in '/root/ros2_ws/src/build/unitree_api': CMAKE_PREFIX_PATH=/opt/ros/humble /usr/bin/cmake --install /root/ros2_ws/src/build/unitree_api
[13.427s] DEBUG:colcon.colcon_core.event_handler.log_command:Invoked command in '/root/ros2_ws/src/build/livox_ros_driver2' returned '1': CMAKE_PREFIX_PATH=/opt/ros/humble /usr/bin/cmake /root/ros2_ws/src/slam/livox_ros_driver2 -DCMAKE_BUILD_TYPE=Release -DAMENT_CMAKE_SYMLINK_INSTALL=1 -DCMAKE_INSTALL_PREFIX=/root/ros2_ws/src/install/livox_ros_driver2
[13.461s] Level 1:colcon.colcon_core.environment:create_environment_scripts_only(livox_ros_driver2)
[13.461s] Level 1:colcon.colcon_core.environment:checking '/root/ros2_ws/src/install/livox_ros_driver2' for CMake module files
[13.462s] Level 1:colcon.colcon_core.environment:checking '/root/ros2_ws/src/install/livox_ros_driver2' for CMake config files
[13.462s] Level 1:colcon.colcon_core.environment:checking '/root/ros2_ws/src/install/livox_ros_driver2/bin'
[13.462s] Level 1:colcon.colcon_core.environment:checking '/root/ros2_ws/src/install/livox_ros_driver2/lib/pkgconfig/livox_ros_driver2.pc'
[13.462s] Level 1:colcon.colcon_core.environment:checking '/root/ros2_ws/src/install/livox_ros_driver2/lib/python3.10/site-packages'
[13.463s] Level 1:colcon.colcon_core.environment:checking '/root/ros2_ws/src/install/livox_ros_driver2/bin'
[13.463s] INFO:colcon.colcon_core.shell:Creating package script '/root/ros2_ws/src/install/livox_ros_driver2/share/livox_ros_driver2/package.ps1'
[13.464s] INFO:colcon.colcon_core.shell:Creating package descriptor '/root/ros2_ws/src/install/livox_ros_driver2/share/livox_ros_driver2/package.dsv'
[13.464s] INFO:colcon.colcon_core.shell:Creating package script '/root/ros2_ws/src/install/livox_ros_driver2/share/livox_ros_driver2/package.sh'
[13.475s] INFO:colcon.colcon_core.shell:Creating package script '/root/ros2_ws/src/install/livox_ros_driver2/share/livox_ros_driver2/package.bash'
[13.475s] INFO:colcon.colcon_core.shell:Creating package script '/root/ros2_ws/src/install/livox_ros_driver2/share/livox_ros_driver2/package.zsh'
[13.476s] Level 1:colcon.colcon_core.environment:create_file_with_runtime_dependencies(/root/ros2_ws/src/install/livox_ros_driver2/share/colcon-core/packages/livox_ros_driver2)
[30.087s] DEBUG:colcon.colcon_parallel_executor.executor.parallel:run_until_complete was interrupted
[30.087s] DEBUG:colcon.colcon_parallel_executor.executor.parallel:run_until_complete again
[30.166s] DEBUG:colcon.colcon_parallel_executor.executor.parallel:run_until_complete finished
[30.166s] DEBUG:colcon.colcon_parallel_executor.executor.parallel:closing loop
[30.166s] DEBUG:colcon.colcon_parallel_executor.executor.parallel:loop closed
[30.166s] DEBUG:colcon.colcon_core.event_reactor:joining thread
[30.170s] INFO:colcon.colcon_core.plugin_system:Skipping extension 'colcon_notification.desktop_notification.notify_send': Could not find 'notify-send'
[30.170s] INFO:colcon.colcon_core.plugin_system:Skipping extension 'colcon_notification.desktop_notification.terminal_notifier': Not used on non-Darwin systems
[30.170s] INFO:colcon.colcon_core.plugin_system:Skipping extension 'colcon_notification.desktop_notification.win32': Not used on non-Windows systems
[30.170s] INFO:colcon.colcon_notification.desktop_notification:Sending desktop notification using 'notify2'
[30.171s] DEBUG:colcon.colcon_notification.desktop_notification.notify2:Failed to initialize notify2: org.freedesktop.DBus.Error.Spawn.ExecFailed: /usr/bin/dbus-launch terminated abnormally without any error message
[30.172s] DEBUG:colcon.colcon_core.event_reactor:joined thread
[30.172s] INFO:colcon.colcon_core.shell:Creating prefix script '/root/ros2_ws/src/install/local_setup.ps1'
[30.172s] INFO:colcon.colcon_core.shell:Creating prefix util module '/root/ros2_ws/src/install/_local_setup_util_ps1.py'
[30.173s] INFO:colcon.colcon_core.shell:Creating prefix chain script '/root/ros2_ws/src/install/setup.ps1'
[30.173s] INFO:colcon.colcon_core.shell:Creating prefix script '/root/ros2_ws/src/install/local_setup.sh'
[30.173s] INFO:colcon.colcon_core.shell:Creating prefix util module '/root/ros2_ws/src/install/_local_setup_util_sh.py'
[30.174s] INFO:colcon.colcon_core.shell:Creating prefix chain script '/root/ros2_ws/src/install/setup.sh'
[30.174s] INFO:colcon.colcon_core.shell:Creating prefix script '/root/ros2_ws/src/install/local_setup.bash'
[30.174s] INFO:colcon.colcon_core.shell:Creating prefix chain script '/root/ros2_ws/src/install/setup.bash'
[30.174s] INFO:colcon.colcon_core.shell:Creating prefix script '/root/ros2_ws/src/install/local_setup.zsh'
[30.175s] INFO:colcon.colcon_core.shell:Creating prefix chain script '/root/ros2_ws/src/install/setup.zsh'
