[0.036s] Invoking command in '/root/ros2_ws/src/build/unitree_go': CMAKE_PREFIX_PATH=/opt/ros/humble /usr/bin/cmake /root/ros2_ws/src/utilities/unitree_pkgs/unitree_go -DROS_EDITION=ROS2 -DHUMBLE_ROS=humble -DCMAKE_INSTALL_PREFIX=/root/ros2_ws/src/install/unitree_go
[0.628s] -- The C compiler identification is GNU 11.4.0
[0.628s] -- The CXX compiler identification is GNU 11.4.0
[0.628s] -- Detecting C compiler ABI info
[0.628s] -- Detecting C compiler ABI info - done
[0.629s] -- Check for working C compiler: /usr/bin/cc - skipped
[0.629s] -- Detecting C compile features
[0.629s] -- Detecting C compile features - done
[0.629s] -- Detecting CXX compiler ABI info
[0.629s] -- Detecting CXX compiler ABI info - done
[0.629s] -- Check for working CXX compiler: /usr/bin/c++ - skipped
[0.629s] -- Detecting CXX compile features
[0.630s] -- Detecting CXX compile features - done
[0.630s] -- Found ament_cmake: 1.3.12 (/opt/ros/humble/share/ament_cmake/cmake)
[0.630s] -- Found Python3: /usr/bin/python3 (found version "3.10.12") found components: Interpreter 
[0.705s] -- Found geometry_msgs: 4.9.0 (/opt/ros/humble/share/geometry_msgs/cmake)
[0.795s] -- Found rosidl_generator_c: 3.1.8 (/opt/ros/humble/share/rosidl_generator_c/cmake)
[0.806s] -- Found rosidl_adapter: 3.1.8 (/opt/ros/humble/share/rosidl_adapter/cmake)
[0.821s] -- Found rosidl_generator_cpp: 3.1.8 (/opt/ros/humble/share/rosidl_generator_cpp/cmake)
[0.851s] -- Using all available rosidl_typesupport_c: rosidl_typesupport_fastrtps_c;rosidl_typesupport_introspection_c
[0.906s] -- Using all available rosidl_typesupport_cpp: rosidl_typesupport_fastrtps_cpp;rosidl_typesupport_introspection_cpp
[0.996s] -- Found rosidl_default_generators: 1.2.0 (/opt/ros/humble/share/rosidl_default_generators/cmake)
[1.035s] -- Found rosidl_generator_dds_idl: 0.8.1 (/opt/ros/humble/share/rosidl_generator_dds_idl/cmake)
[1.456s] -- Found ament_cmake_ros: 0.10.0 (/opt/ros/humble/share/ament_cmake_ros/cmake)
[1.973s] -- Using all available rosidl_typesupport_c: rosidl_typesupport_fastrtps_c;rosidl_typesupport_introspection_c
[2.261s] -- Using all available rosidl_typesupport_cpp: rosidl_typesupport_fastrtps_cpp;rosidl_typesupport_introspection_cpp
[2.291s] -- Found PythonInterp: /usr/bin/python3 (found suitable version "3.10.12", minimum required is "3.6") 
[2.296s] -- Found python_cmake_module: 0.10.0 (/opt/ros/humble/share/python_cmake_module/cmake)
[2.368s] -- Found PythonLibs: /usr/lib/x86_64-linux-gnu/libpython3.10.so (found suitable version "3.10.12", minimum required is "3.5") 
[2.369s] -- Using PYTHON_EXECUTABLE: /usr/bin/python3
[2.369s] -- Using PYTHON_INCLUDE_DIRS: /usr/include/python3.10
[2.369s] -- Using PYTHON_LIBRARIES: /usr/lib/x86_64-linux-gnu/libpython3.10.so
[2.452s] -- Found PythonExtra: .so  
[2.702s] -- Using numpy include directory: /usr/local/lib/python3.10/dist-packages/numpy/core/include
[2.721s] -- Found ament_lint_auto: 0.12.14 (/opt/ros/humble/share/ament_lint_auto/cmake)
[2.771s] -- Added test 'copyright' to check source files copyright and LICENSE
[2.771s] -- Added test 'lint_cmake' to check CMake code style
[2.771s] -- Added test 'xmllint' to check XML markup files
[2.771s] -- Configuring done
[2.849s] -- Generating done
[2.856s] [33mCMake Warning:
[2.856s]   Manually-specified variables were not used by the project:
[2.856s] 
[2.856s]     HUMBLE_ROS
[2.856s]     ROS_EDITION
[2.856s] 
[2.856s] [0m
[2.865s] -- Build files have been written to: /root/ros2_ws/src/build/unitree_go
[2.889s] Invoked command in '/root/ros2_ws/src/build/unitree_go' returned '0': CMAKE_PREFIX_PATH=/opt/ros/humble /usr/bin/cmake /root/ros2_ws/src/utilities/unitree_pkgs/unitree_go -DROS_EDITION=ROS2 -DHUMBLE_ROS=humble -DCMAKE_INSTALL_PREFIX=/root/ros2_ws/src/install/unitree_go
[2.889s] Invoking command in '/root/ros2_ws/src/build/unitree_go': CMAKE_PREFIX_PATH=/opt/ros/humble /usr/bin/cmake --build /root/ros2_ws/src/build/unitree_go -- -j24 -l24
[4.794s] [  1%] [34m[1mGenerating C code for ROS interfaces[0m
[4.794s] [  2%] [34m[1mGenerating DDS interfaces[0m
[4.794s] [  2%] [34m[1mGenerating C++ code for ROS interfaces[0m
[4.795s] [  2%] Built target ament_cmake_python_copy_unitree_go
[4.795s] running egg_info
[4.795s] creating unitree_go.egg-info
[4.795s] writing unitree_go.egg-info/PKG-INFO
[4.795s] writing dependency_links to unitree_go.egg-info/dependency_links.txt
[4.797s] writing top-level names to unitree_go.egg-info/top_level.txt
[4.797s] writing manifest file 'unitree_go.egg-info/SOURCES.txt'
[4.797s] reading manifest file 'unitree_go.egg-info/SOURCES.txt'
[4.797s] writing manifest file 'unitree_go.egg-info/SOURCES.txt'
[4.797s] [  2%] Built target ament_cmake_python_build_unitree_go_egg
[4.799s] /usr/local/lib/python3.10/dist-packages/setuptools_scm/_integration/setuptools.py:24: RuntimeWarning: 
[4.800s] ERROR: setuptools==59.6.0 is used in combination with setuptools-scm>=8.x
[4.800s] 
[4.800s] Your build configuration is incomplete and previously worked by accident!
[4.800s] setuptools-scm requires setuptools>=61 (recommended: >=80)
[4.800s] 
[4.800s] Suggested workaround if applicable:
[4.800s]  - migrating from the deprecated setup_requires mechanism to pep517/518
[4.800s]    and using a pyproject.toml to declare build dependencies
[4.800s]    which are reliably pre-installed before running the build tools
[4.800s] 
[4.801s]   warnings.warn(
[4.801s] listing git files failed - pretending there aren't any
[4.895s] [  2%] Built target unitree_go__dds_connext_idl
[6.868s] [  2%] Built target unitree_go__cpp
[6.907s] [  2%] [34m[1mGenerating C++ type support for eProsima Fast-RTPS[0m
[6.927s] [  2%] [34m[1mGenerating C++ introspection for ROS interfaces[0m
[6.946s] [  2%] [34m[1mGenerating C++ type support dispatch for ROS interfaces[0m
[9.361s] [  3%] [32mBuilding CXX object CMakeFiles/unitree_go__rosidl_typesupport_cpp.dir/rosidl_typesupport_cpp/unitree_go/msg/audio_data__type_support.cpp.o[0m
[9.367s] [  3%] [32mBuilding CXX object CMakeFiles/unitree_go__rosidl_typesupport_cpp.dir/rosidl_typesupport_cpp/unitree_go/msg/height_map__type_support.cpp.o[0m
[9.368s] [  4%] [32mBuilding CXX object CMakeFiles/unitree_go__rosidl_typesupport_cpp.dir/rosidl_typesupport_cpp/unitree_go/msg/imu_state__type_support.cpp.o[0m
[9.382s] [  4%] [32mBuilding CXX object CMakeFiles/unitree_go__rosidl_typesupport_cpp.dir/rosidl_typesupport_cpp/unitree_go/msg/interface_config__type_support.cpp.o[0m
[9.382s] [  5%] [32mBuilding CXX object CMakeFiles/unitree_go__rosidl_typesupport_cpp.dir/rosidl_typesupport_cpp/unitree_go/msg/bms_state__type_support.cpp.o[0m
[9.383s] [  5%] [32mBuilding CXX object CMakeFiles/unitree_go__rosidl_typesupport_cpp.dir/rosidl_typesupport_cpp/unitree_go/msg/bms_cmd__type_support.cpp.o[0m
[9.386s] [  6%] [32mBuilding CXX object CMakeFiles/unitree_go__rosidl_typesupport_cpp.dir/rosidl_typesupport_cpp/unitree_go/msg/go2_front_video_data__type_support.cpp.o[0m
[9.392s] [  6%] [32mBuilding CXX object CMakeFiles/unitree_go__rosidl_typesupport_cpp.dir/rosidl_typesupport_cpp/unitree_go/msg/error__type_support.cpp.o[0m
[9.406s] [  6%] [32mBuilding CXX object CMakeFiles/unitree_go__rosidl_typesupport_cpp.dir/rosidl_typesupport_cpp/unitree_go/msg/low_cmd__type_support.cpp.o[0m
[9.407s] [  6%] [32mBuilding CXX object CMakeFiles/unitree_go__rosidl_typesupport_cpp.dir/rosidl_typesupport_cpp/unitree_go/msg/path_point__type_support.cpp.o[0m
[9.413s] [  6%] [32mBuilding CXX object CMakeFiles/unitree_go__rosidl_typesupport_cpp.dir/rosidl_typesupport_cpp/unitree_go/msg/motor_cmd__type_support.cpp.o[0m
[9.421s] [  7%] [32mBuilding CXX object CMakeFiles/unitree_go__rosidl_typesupport_cpp.dir/rosidl_typesupport_cpp/unitree_go/msg/lidar_state__type_support.cpp.o[0m
[9.421s] [  8%] [32mBuilding CXX object CMakeFiles/unitree_go__rosidl_typesupport_cpp.dir/rosidl_typesupport_cpp/unitree_go/msg/req__type_support.cpp.o[0m
[9.421s] [  8%] [32mBuilding CXX object CMakeFiles/unitree_go__rosidl_typesupport_cpp.dir/rosidl_typesupport_cpp/unitree_go/msg/res__type_support.cpp.o[0m
[9.426s] [  9%] [32mBuilding CXX object CMakeFiles/unitree_go__rosidl_typesupport_cpp.dir/rosidl_typesupport_cpp/unitree_go/msg/sport_mode_cmd__type_support.cpp.o[0m
[9.442s] [ 10%] [32mBuilding CXX object CMakeFiles/unitree_go__rosidl_typesupport_cpp.dir/rosidl_typesupport_cpp/unitree_go/msg/low_state__type_support.cpp.o[0m
[9.445s] [ 11%] [32mBuilding CXX object CMakeFiles/unitree_go__rosidl_typesupport_cpp.dir/rosidl_typesupport_cpp/unitree_go/msg/motor_state__type_support.cpp.o[0m
[9.626s] [ 11%] [32mBuilding CXX object CMakeFiles/unitree_go__rosidl_typesupport_cpp.dir/rosidl_typesupport_cpp/unitree_go/msg/sport_mode_state__type_support.cpp.o[0m
[9.713s] [ 11%] [32mBuilding C object CMakeFiles/unitree_go__rosidl_generator_c.dir/rosidl_generator_c/unitree_go/msg/detail/audio_data__functions.c.o[0m
[9.727s] [ 12%] [32mBuilding CXX object CMakeFiles/unitree_go__rosidl_typesupport_cpp.dir/rosidl_typesupport_cpp/unitree_go/msg/time_spec__type_support.cpp.o[0m
[9.768s] [ 12%] [32mBuilding CXX object CMakeFiles/unitree_go__rosidl_typesupport_cpp.dir/rosidl_typesupport_cpp/unitree_go/msg/uwb_state__type_support.cpp.o[0m
[9.841s] [ 13%] [32mBuilding C object CMakeFiles/unitree_go__rosidl_generator_c.dir/rosidl_generator_c/unitree_go/msg/detail/bms_cmd__functions.c.o[0m
[9.912s] [ 14%] [32mBuilding CXX object CMakeFiles/unitree_go__rosidl_typesupport_cpp.dir/rosidl_typesupport_cpp/unitree_go/msg/uwb_switch__type_support.cpp.o[0m
[9.984s] [ 14%] [32mBuilding C object CMakeFiles/unitree_go__rosidl_generator_c.dir/rosidl_generator_c/unitree_go/msg/detail/bms_state__functions.c.o[0m
[9.996s] [ 14%] [32mBuilding CXX object CMakeFiles/unitree_go__rosidl_typesupport_cpp.dir/rosidl_typesupport_cpp/unitree_go/msg/wireless_controller__type_support.cpp.o[0m
[10.052s] [ 15%] [32mBuilding C object CMakeFiles/unitree_go__rosidl_generator_c.dir/rosidl_generator_c/unitree_go/msg/detail/error__functions.c.o[0m
[10.073s] [ 15%] [32mBuilding C object CMakeFiles/unitree_go__rosidl_generator_c.dir/rosidl_generator_c/unitree_go/msg/detail/go2_front_video_data__functions.c.o[0m
[10.073s] [ 16%] [32mBuilding CXX object CMakeFiles/unitree_go__rosidl_typesupport_introspection_cpp.dir/rosidl_typesupport_introspection_cpp/unitree_go/msg/detail/audio_data__type_support.cpp.o[0m
[10.131s] [ 17%] [32mBuilding C object CMakeFiles/unitree_go__rosidl_generator_c.dir/rosidl_generator_c/unitree_go/msg/detail/height_map__functions.c.o[0m
[10.172s] [ 17%] [32mBuilding CXX object CMakeFiles/unitree_go__rosidl_typesupport_introspection_cpp.dir/rosidl_typesupport_introspection_cpp/unitree_go/msg/detail/bms_cmd__type_support.cpp.o[0m
[10.195s] [ 17%] [32mBuilding C object CMakeFiles/unitree_go__rosidl_generator_c.dir/rosidl_generator_c/unitree_go/msg/detail/imu_state__functions.c.o[0m
[10.216s] [ 18%] [32mBuilding C object CMakeFiles/unitree_go__rosidl_generator_c.dir/rosidl_generator_c/unitree_go/msg/detail/interface_config__functions.c.o[0m
[10.237s] [ 19%] [32mBuilding C object CMakeFiles/unitree_go__rosidl_generator_c.dir/rosidl_generator_c/unitree_go/msg/detail/low_cmd__functions.c.o[0m
[10.247s] [ 19%] [32mBuilding C object CMakeFiles/unitree_go__rosidl_generator_c.dir/rosidl_generator_c/unitree_go/msg/detail/lidar_state__functions.c.o[0m
[10.307s] [ 19%] [32mBuilding C object CMakeFiles/unitree_go__rosidl_generator_c.dir/rosidl_generator_c/unitree_go/msg/detail/low_state__functions.c.o[0m
[10.349s] [ 19%] [32mBuilding CXX object CMakeFiles/unitree_go__rosidl_typesupport_introspection_cpp.dir/rosidl_typesupport_introspection_cpp/unitree_go/msg/detail/error__type_support.cpp.o[0m
[10.356s] [ 20%] [32mBuilding CXX object CMakeFiles/unitree_go__rosidl_typesupport_introspection_cpp.dir/rosidl_typesupport_introspection_cpp/unitree_go/msg/detail/bms_state__type_support.cpp.o[0m
[10.367s] [ 21%] [32mBuilding C object CMakeFiles/unitree_go__rosidl_generator_c.dir/rosidl_generator_c/unitree_go/msg/detail/motor_cmd__functions.c.o[0m
[10.390s] [ 21%] [32mBuilding C object CMakeFiles/unitree_go__rosidl_generator_c.dir/rosidl_generator_c/unitree_go/msg/detail/motor_state__functions.c.o[0m
[10.433s] [ 22%] [32mBuilding CXX object CMakeFiles/unitree_go__rosidl_typesupport_introspection_cpp.dir/rosidl_typesupport_introspection_cpp/unitree_go/msg/detail/go2_front_video_data__type_support.cpp.o[0m
[10.434s] [ 23%] [32mBuilding C object CMakeFiles/unitree_go__rosidl_generator_c.dir/rosidl_generator_c/unitree_go/msg/detail/path_point__functions.c.o[0m
[10.504s] [ 23%] [32mBuilding C object CMakeFiles/unitree_go__rosidl_generator_c.dir/rosidl_generator_c/unitree_go/msg/detail/req__functions.c.o[0m
[10.523s] [ 24%] [32mBuilding C object CMakeFiles/unitree_go__rosidl_generator_c.dir/rosidl_generator_c/unitree_go/msg/detail/res__functions.c.o[0m
[10.528s] [ 24%] [32mBuilding CXX object CMakeFiles/unitree_go__rosidl_typesupport_introspection_cpp.dir/rosidl_typesupport_introspection_cpp/unitree_go/msg/detail/height_map__type_support.cpp.o[0m
[10.535s] [ 25%] [32mBuilding C object CMakeFiles/unitree_go__rosidl_generator_c.dir/rosidl_generator_c/unitree_go/msg/detail/sport_mode_state__functions.c.o[0m
[10.543s] [ 25%] [32mBuilding C object CMakeFiles/unitree_go__rosidl_generator_c.dir/rosidl_generator_c/unitree_go/msg/detail/sport_mode_cmd__functions.c.o[0m
[10.557s] [ 25%] [32mBuilding C object CMakeFiles/unitree_go__rosidl_generator_c.dir/rosidl_generator_c/unitree_go/msg/detail/time_spec__functions.c.o[0m
[10.572s] [ 26%] [32mBuilding C object CMakeFiles/unitree_go__rosidl_generator_c.dir/rosidl_generator_c/unitree_go/msg/detail/uwb_state__functions.c.o[0m
[10.573s] [ 27%] [32mBuilding CXX object CMakeFiles/unitree_go__rosidl_typesupport_introspection_cpp.dir/rosidl_typesupport_introspection_cpp/unitree_go/msg/detail/imu_state__type_support.cpp.o[0m
[10.614s] [ 27%] [32mBuilding C object CMakeFiles/unitree_go__rosidl_generator_c.dir/rosidl_generator_c/unitree_go/msg/detail/uwb_switch__functions.c.o[0m
[10.662s] [ 28%] [32mBuilding C object CMakeFiles/unitree_go__rosidl_generator_c.dir/rosidl_generator_c/unitree_go/msg/detail/wireless_controller__functions.c.o[0m
[10.752s] [ 28%] [32mBuilding CXX object CMakeFiles/unitree_go__rosidl_typesupport_introspection_cpp.dir/rosidl_typesupport_introspection_cpp/unitree_go/msg/detail/interface_config__type_support.cpp.o[0m
[10.767s] [ 28%] [32mBuilding CXX object CMakeFiles/unitree_go__rosidl_typesupport_introspection_cpp.dir/rosidl_typesupport_introspection_cpp/unitree_go/msg/detail/low_cmd__type_support.cpp.o[0m
[10.780s] [ 29%] [32mBuilding CXX object CMakeFiles/unitree_go__rosidl_typesupport_introspection_cpp.dir/rosidl_typesupport_introspection_cpp/unitree_go/msg/detail/lidar_state__type_support.cpp.o[0m
[10.790s] [ 29%] [32mBuilding CXX object CMakeFiles/unitree_go__rosidl_typesupport_introspection_cpp.dir/rosidl_typesupport_introspection_cpp/unitree_go/msg/detail/motor_cmd__type_support.cpp.o[0m
[10.802s] [ 30%] [32mBuilding CXX object CMakeFiles/unitree_go__rosidl_typesupport_introspection_cpp.dir/rosidl_typesupport_introspection_cpp/unitree_go/msg/detail/low_state__type_support.cpp.o[0m
[10.841s] [ 31%] [32mBuilding CXX object CMakeFiles/unitree_go__rosidl_typesupport_introspection_cpp.dir/rosidl_typesupport_introspection_cpp/unitree_go/msg/detail/motor_state__type_support.cpp.o[0m
[10.857s] [ 31%] [32mBuilding CXX object CMakeFiles/unitree_go__rosidl_typesupport_introspection_cpp.dir/rosidl_typesupport_introspection_cpp/unitree_go/msg/detail/path_point__type_support.cpp.o[0m
[10.880s] [ 32%] [32mBuilding CXX object CMakeFiles/unitree_go__rosidl_typesupport_introspection_cpp.dir/rosidl_typesupport_introspection_cpp/unitree_go/msg/detail/req__type_support.cpp.o[0m
[10.893s] [ 32%] [32mBuilding CXX object CMakeFiles/unitree_go__rosidl_typesupport_introspection_cpp.dir/rosidl_typesupport_introspection_cpp/unitree_go/msg/detail/res__type_support.cpp.o[0m
[10.928s] [ 32%] [32m[1mLinking C shared library libunitree_go__rosidl_generator_c.so[0m
[10.949s] [ 33%] [32mBuilding CXX object CMakeFiles/unitree_go__rosidl_typesupport_introspection_cpp.dir/rosidl_typesupport_introspection_cpp/unitree_go/msg/detail/sport_mode_cmd__type_support.cpp.o[0m
[10.973s] [ 33%] [32mBuilding CXX object CMakeFiles/unitree_go__rosidl_typesupport_introspection_cpp.dir/rosidl_typesupport_introspection_cpp/unitree_go/msg/detail/sport_mode_state__type_support.cpp.o[0m
[10.984s] [ 34%] [32mBuilding CXX object CMakeFiles/unitree_go__rosidl_typesupport_introspection_cpp.dir/rosidl_typesupport_introspection_cpp/unitree_go/msg/detail/time_spec__type_support.cpp.o[0m
[11.181s] [ 35%] [32m[1mLinking CXX shared library libunitree_go__rosidl_typesupport_cpp.so[0m
[11.182s] [ 35%] [32mBuilding CXX object CMakeFiles/unitree_go__rosidl_typesupport_introspection_cpp.dir/rosidl_typesupport_introspection_cpp/unitree_go/msg/detail/uwb_state__type_support.cpp.o[0m
[11.182s] [ 36%] [32mBuilding CXX object CMakeFiles/unitree_go__rosidl_typesupport_introspection_cpp.dir/rosidl_typesupport_introspection_cpp/unitree_go/msg/detail/uwb_switch__type_support.cpp.o[0m
[11.182s] [ 36%] Built target unitree_go__rosidl_generator_c
[11.182s] [ 36%] [32mBuilding CXX object CMakeFiles/unitree_go__rosidl_typesupport_introspection_cpp.dir/rosidl_typesupport_introspection_cpp/unitree_go/msg/detail/wireless_controller__type_support.cpp.o[0m
[11.182s] [ 36%] [34m[1mGenerating C type support for eProsima Fast-RTPS[0m
[11.218s] [ 36%] Built target unitree_go__rosidl_typesupport_cpp
[11.220s] [ 37%] [32mBuilding CXX object CMakeFiles/unitree_go__rosidl_typesupport_fastrtps_cpp.dir/rosidl_typesupport_fastrtps_cpp/unitree_go/msg/detail/dds_fastrtps/audio_data__type_support.cpp.o[0m
[11.263s] [ 37%] [32mBuilding CXX object CMakeFiles/unitree_go__rosidl_typesupport_fastrtps_cpp.dir/rosidl_typesupport_fastrtps_cpp/unitree_go/msg/detail/dds_fastrtps/bms_cmd__type_support.cpp.o[0m
[11.264s] [ 37%] [34m[1mGenerating C introspection for ROS interfaces[0m
[11.455s] [ 38%] [32mBuilding CXX object CMakeFiles/unitree_go__rosidl_typesupport_fastrtps_cpp.dir/rosidl_typesupport_fastrtps_cpp/unitree_go/msg/detail/dds_fastrtps/bms_state__type_support.cpp.o[0m
[11.521s] [ 38%] [34m[1mGenerating C type support dispatch for ROS interfaces[0m
[11.773s] [ 38%] [32mBuilding CXX object CMakeFiles/unitree_go__rosidl_typesupport_fastrtps_cpp.dir/rosidl_typesupport_fastrtps_cpp/unitree_go/msg/detail/dds_fastrtps/error__type_support.cpp.o[0m
[11.797s] [ 39%] [32mBuilding CXX object CMakeFiles/unitree_go__rosidl_typesupport_fastrtps_cpp.dir/rosidl_typesupport_fastrtps_cpp/unitree_go/msg/detail/dds_fastrtps/go2_front_video_data__type_support.cpp.o[0m
[12.011s] [ 39%] [32mBuilding CXX object CMakeFiles/unitree_go__rosidl_typesupport_fastrtps_cpp.dir/rosidl_typesupport_fastrtps_cpp/unitree_go/msg/detail/dds_fastrtps/height_map__type_support.cpp.o[0m
[12.041s] [ 40%] [32mBuilding CXX object CMakeFiles/unitree_go__rosidl_typesupport_fastrtps_cpp.dir/rosidl_typesupport_fastrtps_cpp/unitree_go/msg/detail/dds_fastrtps/imu_state__type_support.cpp.o[0m
[12.062s] [ 40%] [32mBuilding CXX object CMakeFiles/unitree_go__rosidl_typesupport_fastrtps_cpp.dir/rosidl_typesupport_fastrtps_cpp/unitree_go/msg/detail/dds_fastrtps/interface_config__type_support.cpp.o[0m
[12.094s] [ 41%] [32mBuilding CXX object CMakeFiles/unitree_go__rosidl_typesupport_fastrtps_cpp.dir/rosidl_typesupport_fastrtps_cpp/unitree_go/msg/detail/dds_fastrtps/lidar_state__type_support.cpp.o[0m
[12.152s] [ 41%] [32mBuilding CXX object CMakeFiles/unitree_go__rosidl_typesupport_fastrtps_cpp.dir/rosidl_typesupport_fastrtps_cpp/unitree_go/msg/detail/dds_fastrtps/low_cmd__type_support.cpp.o[0m
[12.177s] [ 42%] [32mBuilding CXX object CMakeFiles/unitree_go__rosidl_typesupport_fastrtps_cpp.dir/rosidl_typesupport_fastrtps_cpp/unitree_go/msg/detail/dds_fastrtps/low_state__type_support.cpp.o[0m
[12.227s] [ 42%] [32mBuilding CXX object CMakeFiles/unitree_go__rosidl_typesupport_fastrtps_cpp.dir/rosidl_typesupport_fastrtps_cpp/unitree_go/msg/detail/dds_fastrtps/motor_cmd__type_support.cpp.o[0m
[12.250s] [ 43%] [32mBuilding CXX object CMakeFiles/unitree_go__rosidl_typesupport_fastrtps_cpp.dir/rosidl_typesupport_fastrtps_cpp/unitree_go/msg/detail/dds_fastrtps/motor_state__type_support.cpp.o[0m
[12.468s] [ 43%] [32mBuilding CXX object CMakeFiles/unitree_go__rosidl_typesupport_fastrtps_cpp.dir/rosidl_typesupport_fastrtps_cpp/unitree_go/msg/detail/dds_fastrtps/path_point__type_support.cpp.o[0m
[12.615s] [ 44%] [32mBuilding CXX object CMakeFiles/unitree_go__rosidl_typesupport_fastrtps_cpp.dir/rosidl_typesupport_fastrtps_cpp/unitree_go/msg/detail/dds_fastrtps/req__type_support.cpp.o[0m
[12.625s] [ 44%] [32mBuilding CXX object CMakeFiles/unitree_go__rosidl_typesupport_fastrtps_cpp.dir/rosidl_typesupport_fastrtps_cpp/unitree_go/msg/detail/dds_fastrtps/res__type_support.cpp.o[0m
[12.716s] [ 45%] [32mBuilding CXX object CMakeFiles/unitree_go__rosidl_typesupport_fastrtps_cpp.dir/rosidl_typesupport_fastrtps_cpp/unitree_go/msg/detail/dds_fastrtps/sport_mode_cmd__type_support.cpp.o[0m
[12.738s] [ 45%] [32mBuilding CXX object CMakeFiles/unitree_go__rosidl_typesupport_fastrtps_cpp.dir/rosidl_typesupport_fastrtps_cpp/unitree_go/msg/detail/dds_fastrtps/sport_mode_state__type_support.cpp.o[0m
[12.759s] [ 46%] [32mBuilding CXX object CMakeFiles/unitree_go__rosidl_typesupport_fastrtps_cpp.dir/rosidl_typesupport_fastrtps_cpp/unitree_go/msg/detail/dds_fastrtps/time_spec__type_support.cpp.o[0m
[12.803s] [ 46%] [32mBuilding CXX object CMakeFiles/unitree_go__rosidl_typesupport_fastrtps_cpp.dir/rosidl_typesupport_fastrtps_cpp/unitree_go/msg/detail/dds_fastrtps/uwb_state__type_support.cpp.o[0m
[12.812s] [ 47%] [32mBuilding CXX object CMakeFiles/unitree_go__rosidl_typesupport_fastrtps_cpp.dir/rosidl_typesupport_fastrtps_cpp/unitree_go/msg/detail/dds_fastrtps/uwb_switch__type_support.cpp.o[0m
[12.889s] [ 47%] [32mBuilding CXX object CMakeFiles/unitree_go__rosidl_typesupport_fastrtps_cpp.dir/rosidl_typesupport_fastrtps_cpp/unitree_go/msg/detail/dds_fastrtps/wireless_controller__type_support.cpp.o[0m
[13.791s] [ 48%] [32m[1mLinking CXX shared library libunitree_go__rosidl_typesupport_introspection_cpp.so[0m
[13.849s] [ 49%] [32mBuilding CXX object CMakeFiles/unitree_go__rosidl_typesupport_fastrtps_c.dir/rosidl_typesupport_fastrtps_c/unitree_go/msg/detail/audio_data__type_support_c.cpp.o[0m
[13.863s] [ 50%] [32mBuilding CXX object CMakeFiles/unitree_go__rosidl_typesupport_fastrtps_c.dir/rosidl_typesupport_fastrtps_c/unitree_go/msg/detail/imu_state__type_support_c.cpp.o[0m
[13.866s] [ 51%] [32mBuilding CXX object CMakeFiles/unitree_go__rosidl_typesupport_fastrtps_c.dir/rosidl_typesupport_fastrtps_c/unitree_go/msg/detail/go2_front_video_data__type_support_c.cpp.o[0m
[13.867s] [ 51%] [32mBuilding CXX object CMakeFiles/unitree_go__rosidl_typesupport_fastrtps_c.dir/rosidl_typesupport_fastrtps_c/unitree_go/msg/detail/error__type_support_c.cpp.o[0m
[13.872s] [ 52%] [32mBuilding CXX object CMakeFiles/unitree_go__rosidl_typesupport_fastrtps_c.dir/rosidl_typesupport_fastrtps_c/unitree_go/msg/detail/bms_state__type_support_c.cpp.o[0m
[13.877s] [ 52%] [32mBuilding CXX object CMakeFiles/unitree_go__rosidl_typesupport_fastrtps_c.dir/rosidl_typesupport_fastrtps_c/unitree_go/msg/detail/height_map__type_support_c.cpp.o[0m
[13.878s] [ 52%] [32mBuilding CXX object CMakeFiles/unitree_go__rosidl_typesupport_fastrtps_c.dir/rosidl_typesupport_fastrtps_c/unitree_go/msg/detail/bms_cmd__type_support_c.cpp.o[0m
[13.879s] [ 53%] [32mBuilding CXX object CMakeFiles/unitree_go__rosidl_typesupport_fastrtps_c.dir/rosidl_typesupport_fastrtps_c/unitree_go/msg/detail/interface_config__type_support_c.cpp.o[0m
[13.883s] [ 53%] [32mBuilding CXX object CMakeFiles/unitree_go__rosidl_typesupport_fastrtps_c.dir/rosidl_typesupport_fastrtps_c/unitree_go/msg/detail/lidar_state__type_support_c.cpp.o[0m
[13.893s] [ 53%] [32mBuilding CXX object CMakeFiles/unitree_go__rosidl_typesupport_fastrtps_c.dir/rosidl_typesupport_fastrtps_c/unitree_go/msg/detail/motor_cmd__type_support_c.cpp.o[0m
[13.913s] [ 54%] [32mBuilding CXX object CMakeFiles/unitree_go__rosidl_typesupport_fastrtps_c.dir/rosidl_typesupport_fastrtps_c/unitree_go/msg/detail/low_state__type_support_c.cpp.o[0m
[13.913s] [ 54%] [32mBuilding CXX object CMakeFiles/unitree_go__rosidl_typesupport_fastrtps_c.dir/rosidl_typesupport_fastrtps_c/unitree_go/msg/detail/low_cmd__type_support_c.cpp.o[0m
[13.967s] [ 55%] [32mBuilding CXX object CMakeFiles/unitree_go__rosidl_typesupport_fastrtps_c.dir/rosidl_typesupport_fastrtps_c/unitree_go/msg/detail/motor_state__type_support_c.cpp.o[0m
[13.968s] [ 55%] [32mBuilding CXX object CMakeFiles/unitree_go__rosidl_typesupport_fastrtps_c.dir/rosidl_typesupport_fastrtps_c/unitree_go/msg/detail/path_point__type_support_c.cpp.o[0m
[14.013s] [ 56%] [32mBuilding CXX object CMakeFiles/unitree_go__rosidl_typesupport_fastrtps_c.dir/rosidl_typesupport_fastrtps_c/unitree_go/msg/detail/req__type_support_c.cpp.o[0m
[14.170s] [ 56%] Built target unitree_go__rosidl_typesupport_introspection_cpp
[14.178s] [ 56%] [32mBuilding CXX object CMakeFiles/unitree_go__rosidl_typesupport_fastrtps_c.dir/rosidl_typesupport_fastrtps_c/unitree_go/msg/detail/res__type_support_c.cpp.o[0m
[14.235s] [ 57%] [32mBuilding CXX object CMakeFiles/unitree_go__rosidl_typesupport_fastrtps_c.dir/rosidl_typesupport_fastrtps_c/unitree_go/msg/detail/sport_mode_cmd__type_support_c.cpp.o[0m
[14.438s] [ 57%] [32mBuilding CXX object CMakeFiles/unitree_go__rosidl_typesupport_fastrtps_c.dir/rosidl_typesupport_fastrtps_c/unitree_go/msg/detail/sport_mode_state__type_support_c.cpp.o[0m
[14.440s] [ 58%] [32mBuilding CXX object CMakeFiles/unitree_go__rosidl_typesupport_fastrtps_c.dir/rosidl_typesupport_fastrtps_c/unitree_go/msg/detail/time_spec__type_support_c.cpp.o[0m
[14.552s] [ 58%] [32mBuilding CXX object CMakeFiles/unitree_go__rosidl_typesupport_fastrtps_c.dir/rosidl_typesupport_fastrtps_c/unitree_go/msg/detail/uwb_state__type_support_c.cpp.o[0m
[14.569s] [ 59%] [32mBuilding CXX object CMakeFiles/unitree_go__rosidl_typesupport_fastrtps_c.dir/rosidl_typesupport_fastrtps_c/unitree_go/msg/detail/uwb_switch__type_support_c.cpp.o[0m
[14.570s] [ 59%] [32mBuilding CXX object CMakeFiles/unitree_go__rosidl_typesupport_fastrtps_c.dir/rosidl_typesupport_fastrtps_c/unitree_go/msg/detail/wireless_controller__type_support_c.cpp.o[0m
[14.849s] [ 60%] [32m[1mLinking CXX shared library libunitree_go__rosidl_typesupport_fastrtps_cpp.so[0m
[15.211s] [ 60%] Built target unitree_go__rosidl_typesupport_fastrtps_cpp
[15.623s] [ 61%] [32m[1mLinking CXX shared library libunitree_go__rosidl_typesupport_fastrtps_c.so[0m
[15.763s] [ 61%] Built target unitree_go__rosidl_typesupport_fastrtps_c
[15.897s] [ 62%] [32mBuilding CXX object CMakeFiles/unitree_go__rosidl_typesupport_c.dir/rosidl_typesupport_c/unitree_go/msg/audio_data__type_support.cpp.o[0m
[15.899s] [ 62%] [32mBuilding CXX object CMakeFiles/unitree_go__rosidl_typesupport_c.dir/rosidl_typesupport_c/unitree_go/msg/bms_cmd__type_support.cpp.o[0m
[15.903s] [ 63%] [32mBuilding CXX object CMakeFiles/unitree_go__rosidl_typesupport_c.dir/rosidl_typesupport_c/unitree_go/msg/go2_front_video_data__type_support.cpp.o[0m
[15.910s] [ 63%] [32mBuilding CXX object CMakeFiles/unitree_go__rosidl_typesupport_c.dir/rosidl_typesupport_c/unitree_go/msg/height_map__type_support.cpp.o[0m
[15.928s] [ 63%] [32mBuilding CXX object CMakeFiles/unitree_go__rosidl_typesupport_c.dir/rosidl_typesupport_c/unitree_go/msg/error__type_support.cpp.o[0m
[15.933s] [ 64%] [32mBuilding CXX object CMakeFiles/unitree_go__rosidl_typesupport_c.dir/rosidl_typesupport_c/unitree_go/msg/imu_state__type_support.cpp.o[0m
[15.934s] [ 64%] [32mBuilding CXX object CMakeFiles/unitree_go__rosidl_typesupport_c.dir/rosidl_typesupport_c/unitree_go/msg/interface_config__type_support.cpp.o[0m
[15.936s] [ 65%] [32mBuilding CXX object CMakeFiles/unitree_go__rosidl_typesupport_c.dir/rosidl_typesupport_c/unitree_go/msg/bms_state__type_support.cpp.o[0m
[15.942s] [ 65%] [32mBuilding CXX object CMakeFiles/unitree_go__rosidl_typesupport_c.dir/rosidl_typesupport_c/unitree_go/msg/low_cmd__type_support.cpp.o[0m
[15.955s] [ 66%] [32mBuilding CXX object CMakeFiles/unitree_go__rosidl_typesupport_c.dir/rosidl_typesupport_c/unitree_go/msg/lidar_state__type_support.cpp.o[0m
[15.956s] [ 66%] [32mBuilding CXX object CMakeFiles/unitree_go__rosidl_typesupport_c.dir/rosidl_typesupport_c/unitree_go/msg/motor_cmd__type_support.cpp.o[0m
[15.968s] [ 67%] [32mBuilding CXX object CMakeFiles/unitree_go__rosidl_typesupport_c.dir/rosidl_typesupport_c/unitree_go/msg/low_state__type_support.cpp.o[0m
[15.978s] [ 68%] [32mBuilding C object CMakeFiles/unitree_go__rosidl_typesupport_introspection_c.dir/rosidl_typesupport_introspection_c/unitree_go/msg/detail/audio_data__type_support.c.o[0m
[15.985s] [ 69%] [32mBuilding CXX object CMakeFiles/unitree_go__rosidl_typesupport_c.dir/rosidl_typesupport_c/unitree_go/msg/motor_state__type_support.cpp.o[0m
[15.996s] [ 70%] [32mBuilding C object CMakeFiles/unitree_go__rosidl_typesupport_introspection_c.dir/rosidl_typesupport_introspection_c/unitree_go/msg/detail/bms_cmd__type_support.c.o[0m
[16.005s] [ 71%] [32mBuilding CXX object CMakeFiles/unitree_go__rosidl_typesupport_c.dir/rosidl_typesupport_c/unitree_go/msg/sport_mode_cmd__type_support.cpp.o[0m
[16.005s] [ 71%] [32mBuilding C object CMakeFiles/unitree_go__rosidl_typesupport_introspection_c.dir/rosidl_typesupport_introspection_c/unitree_go/msg/detail/go2_front_video_data__type_support.c.o[0m
[16.010s] [ 71%] [32mBuilding CXX object CMakeFiles/unitree_go__rosidl_typesupport_c.dir/rosidl_typesupport_c/unitree_go/msg/path_point__type_support.cpp.o[0m
[16.026s] [ 72%] [32mBuilding C object CMakeFiles/unitree_go__rosidl_typesupport_introspection_c.dir/rosidl_typesupport_introspection_c/unitree_go/msg/detail/bms_state__type_support.c.o[0m
[16.027s] [ 72%] [32mBuilding CXX object CMakeFiles/unitree_go__rosidl_typesupport_c.dir/rosidl_typesupport_c/unitree_go/msg/res__type_support.cpp.o[0m
[16.034s] [ 72%] [32mBuilding C object CMakeFiles/unitree_go__rosidl_typesupport_introspection_c.dir/rosidl_typesupport_introspection_c/unitree_go/msg/detail/error__type_support.c.o[0m
[16.034s] [ 72%] [32mBuilding C object CMakeFiles/unitree_go__rosidl_typesupport_introspection_c.dir/rosidl_typesupport_introspection_c/unitree_go/msg/detail/height_map__type_support.c.o[0m
[16.048s] [ 73%] [32mBuilding CXX object CMakeFiles/unitree_go__rosidl_typesupport_c.dir/rosidl_typesupport_c/unitree_go/msg/req__type_support.cpp.o[0m
[16.052s] [ 76%] [32mBuilding CXX object CMakeFiles/unitree_go__rosidl_typesupport_c.dir/rosidl_typesupport_c/unitree_go/msg/sport_mode_state__type_support.cpp.o[0m
[16.053s] [ 74%] [32mBuilding CXX object CMakeFiles/unitree_go__rosidl_typesupport_c.dir/rosidl_typesupport_c/unitree_go/msg/time_spec__type_support.cpp.o[0m
[16.058s] [ 77%] [32mBuilding C object CMakeFiles/unitree_go__rosidl_typesupport_introspection_c.dir/rosidl_typesupport_introspection_c/unitree_go/msg/detail/lidar_state__type_support.c.o[0m
[16.058s] [ 75%] [32mBuilding CXX object CMakeFiles/unitree_go__rosidl_typesupport_c.dir/rosidl_typesupport_c/unitree_go/msg/uwb_switch__type_support.cpp.o[0m
[16.059s] [ 76%] [32mBuilding C object CMakeFiles/unitree_go__rosidl_typesupport_introspection_c.dir/rosidl_typesupport_introspection_c/unitree_go/msg/detail/imu_state__type_support.c.o[0m
[16.061s] [ 76%] [32mBuilding C object CMakeFiles/unitree_go__rosidl_typesupport_introspection_c.dir/rosidl_typesupport_introspection_c/unitree_go/msg/detail/interface_config__type_support.c.o[0m
[16.066s] [ 77%] [32mBuilding CXX object CMakeFiles/unitree_go__rosidl_typesupport_c.dir/rosidl_typesupport_c/unitree_go/msg/uwb_state__type_support.cpp.o[0m
[16.067s] [ 77%] [32mBuilding CXX object CMakeFiles/unitree_go__rosidl_typesupport_c.dir/rosidl_typesupport_c/unitree_go/msg/wireless_controller__type_support.cpp.o[0m
[16.093s] [ 77%] [32mBuilding C object CMakeFiles/unitree_go__rosidl_typesupport_introspection_c.dir/rosidl_typesupport_introspection_c/unitree_go/msg/detail/low_cmd__type_support.c.o[0m
[16.112s] [ 78%] [32mBuilding C object CMakeFiles/unitree_go__rosidl_typesupport_introspection_c.dir/rosidl_typesupport_introspection_c/unitree_go/msg/detail/low_state__type_support.c.o[0m
[16.114s] [ 78%] [32mBuilding C object CMakeFiles/unitree_go__rosidl_typesupport_introspection_c.dir/rosidl_typesupport_introspection_c/unitree_go/msg/detail/motor_cmd__type_support.c.o[0m
[16.124s] [ 79%] [32mBuilding C object CMakeFiles/unitree_go__rosidl_typesupport_introspection_c.dir/rosidl_typesupport_introspection_c/unitree_go/msg/detail/motor_state__type_support.c.o[0m
[16.131s] [ 80%] [32mBuilding C object CMakeFiles/unitree_go__rosidl_typesupport_introspection_c.dir/rosidl_typesupport_introspection_c/unitree_go/msg/detail/req__type_support.c.o[0m
[16.138s] [ 80%] [32mBuilding C object CMakeFiles/unitree_go__rosidl_typesupport_introspection_c.dir/rosidl_typesupport_introspection_c/unitree_go/msg/detail/res__type_support.c.o[0m
[16.140s] [ 80%] [32mBuilding C object CMakeFiles/unitree_go__rosidl_typesupport_introspection_c.dir/rosidl_typesupport_introspection_c/unitree_go/msg/detail/path_point__type_support.c.o[0m
[16.162s] [ 81%] [32mBuilding C object CMakeFiles/unitree_go__rosidl_typesupport_introspection_c.dir/rosidl_typesupport_introspection_c/unitree_go/msg/detail/sport_mode_cmd__type_support.c.o[0m
[16.170s] [ 81%] [32mBuilding C object CMakeFiles/unitree_go__rosidl_typesupport_introspection_c.dir/rosidl_typesupport_introspection_c/unitree_go/msg/detail/sport_mode_state__type_support.c.o[0m
[16.192s] [ 81%] [32mBuilding C object CMakeFiles/unitree_go__rosidl_typesupport_introspection_c.dir/rosidl_typesupport_introspection_c/unitree_go/msg/detail/uwb_state__type_support.c.o[0m
[16.194s] [ 83%] [32mBuilding C object CMakeFiles/unitree_go__rosidl_typesupport_introspection_c.dir/rosidl_typesupport_introspection_c/unitree_go/msg/detail/time_spec__type_support.c.o[0m
[16.194s] [ 82%] [32mBuilding C object CMakeFiles/unitree_go__rosidl_typesupport_introspection_c.dir/rosidl_typesupport_introspection_c/unitree_go/msg/detail/uwb_switch__type_support.c.o[0m
[16.209s] [ 84%] [32m[1mLinking CXX shared library libunitree_go__rosidl_typesupport_c.so[0m
[16.210s] [ 84%] [32mBuilding C object CMakeFiles/unitree_go__rosidl_typesupport_introspection_c.dir/rosidl_typesupport_introspection_c/unitree_go/msg/detail/wireless_controller__type_support.c.o[0m
[16.336s] [ 85%] [32m[1mLinking C shared library libunitree_go__rosidl_typesupport_introspection_c.so[0m
[16.353s] [ 85%] Built target unitree_go__rosidl_typesupport_c
[16.434s] [ 85%] Built target unitree_go__rosidl_typesupport_introspection_c
[16.518s] [ 85%] Built target unitree_go
[16.603s] [ 85%] [34m[1mGenerating Python code for ROS interfaces[0m
[20.535s] [ 85%] Built target unitree_go__py
[20.592s] [ 86%] [32mBuilding C object CMakeFiles/unitree_go__rosidl_generator_py.dir/rosidl_generator_py/unitree_go/msg/_bms_state_s.c.o[0m
[20.592s] [ 87%] [32mBuilding C object CMakeFiles/unitree_go__rosidl_generator_py.dir/rosidl_generator_py/unitree_go/msg/_audio_data_s.c.o[0m
[20.610s] [ 89%] [32mBuilding C object CMakeFiles/unitree_go__rosidl_generator_py.dir/rosidl_generator_py/unitree_go/msg/_lidar_state_s.c.o[0m
[20.610s] [ 90%] [32mBuilding C object CMakeFiles/unitree_go__rosidl_generator_py.dir/rosidl_generator_py/unitree_go/msg/_motor_state_s.c.o[0m
[20.610s] [ 91%] [32mBuilding C object CMakeFiles/unitree_go__rosidl_generator_py.dir/rosidl_generator_py/unitree_go/msg/_req_s.c.o[0m
[20.610s] [ 91%] [32mBuilding C object CMakeFiles/unitree_go__rosidl_generator_py.dir/rosidl_generator_py/unitree_go/msg/_error_s.c.o[0m
[20.613s] [ 91%] [32mBuilding C object CMakeFiles/unitree_go__rosidl_generator_py.dir/rosidl_generator_py/unitree_go/msg/_interface_config_s.c.o[0m
[20.620s] [ 91%] [32mBuilding C object CMakeFiles/unitree_go__rosidl_generator_py.dir/rosidl_generator_py/unitree_go/msg/_low_cmd_s.c.o[0m
[20.620s] [ 89%] [32mBuilding C object CMakeFiles/unitree_go__rosidl_generator_py.dir/rosidl_generator_py/unitree_go/msg/_bms_cmd_s.c.o[0m
[20.620s] [ 89%] [32mBuilding C object CMakeFiles/unitree_go__rosidl_generator_py.dir/rosidl_generator_py/unitree_go/msg/_go2_front_video_data_s.c.o[0m
[20.621s] [ 90%] [32mBuilding C object CMakeFiles/unitree_go__rosidl_generator_py.dir/rosidl_generator_py/unitree_go/msg/_height_map_s.c.o[0m
[20.621s] [ 92%] [32mBuilding C object CMakeFiles/unitree_go__rosidl_generator_py.dir/rosidl_generator_py/unitree_go/msg/_imu_state_s.c.o[0m
[20.623s] [ 91%] [32mBuilding C object CMakeFiles/unitree_go__rosidl_generator_py.dir/rosidl_generator_py/unitree_go/msg/_res_s.c.o[0m
[20.623s] [ 93%] [32mBuilding C object CMakeFiles/unitree_go__rosidl_generator_py.dir/rosidl_generator_py/unitree_go/msg/_low_state_s.c.o[0m
[20.624s] [ 93%] [32mBuilding C object CMakeFiles/unitree_go__rosidl_generator_py.dir/rosidl_generator_py/unitree_go/msg/_motor_cmd_s.c.o[0m
[20.657s] [ 93%] [32mBuilding C object CMakeFiles/unitree_go__rosidl_generator_py.dir/rosidl_generator_py/unitree_go/msg/_path_point_s.c.o[0m
[20.684s] [ 94%] [32mBuilding C object CMakeFiles/unitree_go__rosidl_generator_py.dir/rosidl_generator_py/unitree_go/msg/_sport_mode_cmd_s.c.o[0m
[20.689s] [ 95%] [32mBuilding C object CMakeFiles/unitree_go__rosidl_generator_py.dir/rosidl_generator_py/unitree_go/msg/_time_spec_s.c.o[0m
[20.696s] [ 96%] [32mBuilding C object CMakeFiles/unitree_go__rosidl_generator_py.dir/rosidl_generator_py/unitree_go/msg/_uwb_switch_s.c.o[0m
[20.702s] [ 96%] [32mBuilding C object CMakeFiles/unitree_go__rosidl_generator_py.dir/rosidl_generator_py/unitree_go/msg/_sport_mode_state_s.c.o[0m
[20.710s] [ 96%] [32mBuilding C object CMakeFiles/unitree_go__rosidl_generator_py.dir/rosidl_generator_py/unitree_go/msg/_uwb_state_s.c.o[0m
[20.710s] [ 96%] [32mBuilding C object CMakeFiles/unitree_go__rosidl_generator_py.dir/rosidl_generator_py/unitree_go/msg/_wireless_controller_s.c.o[0m
[21.286s] [ 97%] [32m[1mLinking C shared library rosidl_generator_py/unitree_go/libunitree_go__rosidl_generator_py.so[0m
[21.403s] [ 97%] Built target unitree_go__rosidl_generator_py
[21.464s] [ 97%] [32mBuilding C object CMakeFiles/unitree_go__rosidl_typesupport_c__pyext.dir/rosidl_generator_py/unitree_go/_unitree_go_s.ep.rosidl_typesupport_c.c.o[0m
[21.466s] [ 97%] [32mBuilding C object CMakeFiles/unitree_go__rosidl_typesupport_introspection_c__pyext.dir/rosidl_generator_py/unitree_go/_unitree_go_s.ep.rosidl_typesupport_introspection_c.c.o[0m
[21.493s] [ 97%] [32mBuilding C object CMakeFiles/unitree_go__rosidl_typesupport_fastrtps_c__pyext.dir/rosidl_generator_py/unitree_go/_unitree_go_s.ep.rosidl_typesupport_fastrtps_c.c.o[0m
[21.865s] [ 98%] [32m[1mLinking C shared library rosidl_generator_py/unitree_go/unitree_go_s__rosidl_typesupport_fastrtps_c.cpython-310-x86_64-linux-gnu.so[0m
[21.877s] [ 99%] [32m[1mLinking C shared library rosidl_generator_py/unitree_go/unitree_go_s__rosidl_typesupport_introspection_c.cpython-310-x86_64-linux-gnu.so[0m
[21.952s] [ 99%] Built target unitree_go__rosidl_typesupport_fastrtps_c__pyext
[21.999s] [100%] [32m[1mLinking C shared library rosidl_generator_py/unitree_go/unitree_go_s__rosidl_typesupport_c.cpython-310-x86_64-linux-gnu.so[0m
[22.009s] [100%] Built target unitree_go__rosidl_typesupport_introspection_c__pyext
[22.212s] [100%] Built target unitree_go__rosidl_typesupport_c__pyext
[22.290s] Invoked command in '/root/ros2_ws/src/build/unitree_go' returned '0': CMAKE_PREFIX_PATH=/opt/ros/humble /usr/bin/cmake --build /root/ros2_ws/src/build/unitree_go -- -j24 -l24
[22.293s] Invoking command in '/root/ros2_ws/src/build/unitree_go': CMAKE_PREFIX_PATH=/opt/ros/humble /usr/bin/cmake --install /root/ros2_ws/src/build/unitree_go
[23.268s] -- Install configuration: ""
[23.268s] -- Installing: /root/ros2_ws/src/install/unitree_go/share/ament_index/resource_index/rosidl_interfaces/unitree_go
[23.268s] -- Installing: /root/ros2_ws/src/install/unitree_go/include/unitree_go/unitree_go
[23.268s] -- Installing: /root/ros2_ws/src/install/unitree_go/include/unitree_go/unitree_go/msg
[23.268s] -- Installing: /root/ros2_ws/src/install/unitree_go/include/unitree_go/unitree_go/msg/lidar_state.h
[23.270s] -- Installing: /root/ros2_ws/src/install/unitree_go/include/unitree_go/unitree_go/msg/req.h
[23.272s] -- Installing: /root/ros2_ws/src/install/unitree_go/include/unitree_go/unitree_go/msg/low_cmd.h
[23.272s] -- Installing: /root/ros2_ws/src/install/unitree_go/include/unitree_go/unitree_go/msg/path_point.h
[23.272s] -- Installing: /root/ros2_ws/src/install/unitree_go/include/unitree_go/unitree_go/msg/detail
[23.272s] -- Installing: /root/ros2_ws/src/install/unitree_go/include/unitree_go/unitree_go/msg/detail/path_point__struct.h
[23.272s] -- Installing: /root/ros2_ws/src/install/unitree_go/include/unitree_go/unitree_go/msg/detail/interface_config__functions.c
[23.272s] -- Installing: /root/ros2_ws/src/install/unitree_go/include/unitree_go/unitree_go/msg/detail/sport_mode_state__functions.h
[23.272s] -- Installing: /root/ros2_ws/src/install/unitree_go/include/unitree_go/unitree_go/msg/detail/height_map__functions.c
[23.272s] -- Installing: /root/ros2_ws/src/install/unitree_go/include/unitree_go/unitree_go/msg/detail/sport_mode_state__struct.h
[23.273s] -- Installing: /root/ros2_ws/src/install/unitree_go/include/unitree_go/unitree_go/msg/detail/time_spec__functions.c
[23.273s] -- Installing: /root/ros2_ws/src/install/unitree_go/include/unitree_go/unitree_go/msg/detail/sport_mode_cmd__struct.h
[23.273s] -- Installing: /root/ros2_ws/src/install/unitree_go/include/unitree_go/unitree_go/msg/detail/bms_cmd__functions.c
[23.273s] -- Installing: /root/ros2_ws/src/install/unitree_go/include/unitree_go/unitree_go/msg/detail/motor_state__struct.h
[23.273s] -- Installing: /root/ros2_ws/src/install/unitree_go/include/unitree_go/unitree_go/msg/detail/res__type_support.h
[23.273s] -- Installing: /root/ros2_ws/src/install/unitree_go/include/unitree_go/unitree_go/msg/detail/res__struct.h
[23.273s] -- Installing: /root/ros2_ws/src/install/unitree_go/include/unitree_go/unitree_go/msg/detail/req__struct.h
[23.273s] -- Installing: /root/ros2_ws/src/install/unitree_go/include/unitree_go/unitree_go/msg/detail/bms_state__struct.h
[23.273s] -- Installing: /root/ros2_ws/src/install/unitree_go/include/unitree_go/unitree_go/msg/detail/wireless_controller__functions.h
[23.273s] -- Installing: /root/ros2_ws/src/install/unitree_go/include/unitree_go/unitree_go/msg/detail/audio_data__type_support.h
[23.274s] -- Installing: /root/ros2_ws/src/install/unitree_go/include/unitree_go/unitree_go/msg/detail/imu_state__functions.c
[23.274s] -- Installing: /root/ros2_ws/src/install/unitree_go/include/unitree_go/unitree_go/msg/detail/height_map__struct.h
[23.274s] -- Installing: /root/ros2_ws/src/install/unitree_go/include/unitree_go/unitree_go/msg/detail/motor_cmd__functions.c
[23.274s] -- Installing: /root/ros2_ws/src/install/unitree_go/include/unitree_go/unitree_go/msg/detail/audio_data__struct.h
[23.274s] -- Installing: /root/ros2_ws/src/install/unitree_go/include/unitree_go/unitree_go/msg/detail/uwb_state__struct.h
[23.274s] -- Installing: /root/ros2_ws/src/install/unitree_go/include/unitree_go/unitree_go/msg/detail/motor_state__functions.h
[23.274s] -- Installing: /root/ros2_ws/src/install/unitree_go/include/unitree_go/unitree_go/msg/detail/go2_front_video_data__type_support.h
[23.274s] -- Installing: /root/ros2_ws/src/install/unitree_go/include/unitree_go/unitree_go/msg/detail/sport_mode_state__functions.c
[23.274s] -- Installing: /root/ros2_ws/src/install/unitree_go/include/unitree_go/unitree_go/msg/detail/interface_config__type_support.h
[23.274s] -- Installing: /root/ros2_ws/src/install/unitree_go/include/unitree_go/unitree_go/msg/detail/uwb_switch__struct.h
[23.274s] -- Installing: /root/ros2_ws/src/install/unitree_go/include/unitree_go/unitree_go/msg/detail/time_spec__struct.h
[23.275s] -- Installing: /root/ros2_ws/src/install/unitree_go/include/unitree_go/unitree_go/msg/detail/wireless_controller__type_support.h
[23.275s] -- Installing: /root/ros2_ws/src/install/unitree_go/include/unitree_go/unitree_go/msg/detail/bms_cmd__type_support.h
[23.275s] -- Installing: /root/ros2_ws/src/install/unitree_go/include/unitree_go/unitree_go/msg/detail/sport_mode_cmd__functions.c
[23.275s] -- Installing: /root/ros2_ws/src/install/unitree_go/include/unitree_go/unitree_go/msg/detail/go2_front_video_data__functions.h
[23.275s] -- Installing: /root/ros2_ws/src/install/unitree_go/include/unitree_go/unitree_go/msg/detail/motor_cmd__type_support.h
[23.280s] -- Installing: /root/ros2_ws/src/install/unitree_go/include/unitree_go/unitree_go/msg/detail/low_state__functions.c
[23.280s] -- Installing: /root/ros2_ws/src/install/unitree_go/include/unitree_go/unitree_go/msg/detail/imu_state__functions.h
[23.281s] -- Installing: /root/ros2_ws/src/install/unitree_go/include/unitree_go/unitree_go/msg/detail/interface_config__functions.h
[23.281s] -- Installing: /root/ros2_ws/src/install/unitree_go/include/unitree_go/unitree_go/msg/detail/bms_state__functions.h
[23.281s] -- Installing: /root/ros2_ws/src/install/unitree_go/include/unitree_go/unitree_go/msg/detail/imu_state__struct.h
[23.281s] -- Installing: /root/ros2_ws/src/install/unitree_go/include/unitree_go/unitree_go/msg/detail/motor_cmd__functions.h
[23.281s] -- Installing: /root/ros2_ws/src/install/unitree_go/include/unitree_go/unitree_go/msg/detail/path_point__type_support.h
[23.281s] -- Installing: /root/ros2_ws/src/install/unitree_go/include/unitree_go/unitree_go/msg/detail/uwb_state__functions.h
[23.281s] -- Installing: /root/ros2_ws/src/install/unitree_go/include/unitree_go/unitree_go/msg/detail/go2_front_video_data__functions.c
[23.282s] -- Installing: /root/ros2_ws/src/install/unitree_go/include/unitree_go/unitree_go/msg/detail/audio_data__functions.c
[23.282s] -- Installing: /root/ros2_ws/src/install/unitree_go/include/unitree_go/unitree_go/msg/detail/bms_state__type_support.h
[23.282s] -- Installing: /root/ros2_ws/src/install/unitree_go/include/unitree_go/unitree_go/msg/detail/uwb_switch__functions.h
[23.282s] -- Installing: /root/ros2_ws/src/install/unitree_go/include/unitree_go/unitree_go/msg/detail/wireless_controller__functions.c
[23.285s] -- Installing: /root/ros2_ws/src/install/unitree_go/include/unitree_go/unitree_go/msg/detail/res__functions.c
[23.285s] -- Installing: /root/ros2_ws/src/install/unitree_go/include/unitree_go/unitree_go/msg/detail/sport_mode_cmd__type_support.h
[23.285s] -- Installing: /root/ros2_ws/src/install/unitree_go/include/unitree_go/unitree_go/msg/detail/req__type_support.h
[23.286s] -- Installing: /root/ros2_ws/src/install/unitree_go/include/unitree_go/unitree_go/msg/detail/low_state__functions.h
[23.286s] -- Installing: /root/ros2_ws/src/install/unitree_go/include/unitree_go/unitree_go/msg/detail/go2_front_video_data__struct.h
[23.286s] -- Installing: /root/ros2_ws/src/install/unitree_go/include/unitree_go/unitree_go/msg/detail/bms_state__functions.c
[23.286s] -- Installing: /root/ros2_ws/src/install/unitree_go/include/unitree_go/unitree_go/msg/detail/low_state__struct.h
[23.286s] -- Installing: /root/ros2_ws/src/install/unitree_go/include/unitree_go/unitree_go/msg/detail/uwb_state__functions.c
[23.286s] -- Installing: /root/ros2_ws/src/install/unitree_go/include/unitree_go/unitree_go/msg/detail/low_state__type_support.h
[23.286s] -- Installing: /root/ros2_ws/src/install/unitree_go/include/unitree_go/unitree_go/msg/detail/path_point__functions.h
[23.286s] -- Installing: /root/ros2_ws/src/install/unitree_go/include/unitree_go/unitree_go/msg/detail/motor_state__functions.c
[23.287s] -- Installing: /root/ros2_ws/src/install/unitree_go/include/unitree_go/unitree_go/msg/detail/interface_config__struct.h
[23.287s] -- Installing: /root/ros2_ws/src/install/unitree_go/include/unitree_go/unitree_go/msg/detail/uwb_state__type_support.h
[23.287s] -- Installing: /root/ros2_ws/src/install/unitree_go/include/unitree_go/unitree_go/msg/detail/error__functions.h
[23.287s] -- Installing: /root/ros2_ws/src/install/unitree_go/include/unitree_go/unitree_go/msg/detail/sport_mode_cmd__functions.h
[23.287s] -- Installing: /root/ros2_ws/src/install/unitree_go/include/unitree_go/unitree_go/msg/detail/lidar_state__functions.c
[23.287s] -- Installing: /root/ros2_ws/src/install/unitree_go/include/unitree_go/unitree_go/msg/detail/req__functions.c
[23.287s] -- Installing: /root/ros2_ws/src/install/unitree_go/include/unitree_go/unitree_go/msg/detail/uwb_switch__type_support.h
[23.287s] -- Installing: /root/ros2_ws/src/install/unitree_go/include/unitree_go/unitree_go/msg/detail/motor_cmd__struct.h
[23.288s] -- Installing: /root/ros2_ws/src/install/unitree_go/include/unitree_go/unitree_go/msg/detail/uwb_switch__functions.c
[23.288s] -- Installing: /root/ros2_ws/src/install/unitree_go/include/unitree_go/unitree_go/msg/detail/time_spec__functions.h
[23.288s] -- Installing: /root/ros2_ws/src/install/unitree_go/include/unitree_go/unitree_go/msg/detail/error__type_support.h
[23.291s] -- Installing: /root/ros2_ws/src/install/unitree_go/include/unitree_go/unitree_go/msg/detail/low_cmd__struct.h
[23.291s] -- Installing: /root/ros2_ws/src/install/unitree_go/include/unitree_go/unitree_go/msg/detail/time_spec__type_support.h
[23.291s] -- Installing: /root/ros2_ws/src/install/unitree_go/include/unitree_go/unitree_go/msg/detail/imu_state__type_support.h
[23.291s] -- Installing: /root/ros2_ws/src/install/unitree_go/include/unitree_go/unitree_go/msg/detail/req__functions.h
[23.292s] -- Installing: /root/ros2_ws/src/install/unitree_go/include/unitree_go/unitree_go/msg/detail/lidar_state__type_support.h
[23.292s] -- Installing: /root/ros2_ws/src/install/unitree_go/include/unitree_go/unitree_go/msg/detail/audio_data__functions.h
[23.292s] -- Installing: /root/ros2_ws/src/install/unitree_go/include/unitree_go/unitree_go/msg/detail/low_cmd__functions.h
[23.292s] -- Installing: /root/ros2_ws/src/install/unitree_go/include/unitree_go/unitree_go/msg/detail/bms_cmd__functions.h
[23.292s] -- Installing: /root/ros2_ws/src/install/unitree_go/include/unitree_go/unitree_go/msg/detail/low_cmd__type_support.h
[23.292s] -- Installing: /root/ros2_ws/src/install/unitree_go/include/unitree_go/unitree_go/msg/detail/height_map__type_support.h
[23.292s] -- Installing: /root/ros2_ws/src/install/unitree_go/include/unitree_go/unitree_go/msg/detail/error__struct.h
[23.292s] -- Installing: /root/ros2_ws/src/install/unitree_go/include/unitree_go/unitree_go/msg/detail/error__functions.c
[23.292s] -- Installing: /root/ros2_ws/src/install/unitree_go/include/unitree_go/unitree_go/msg/detail/path_point__functions.c
[23.293s] -- Installing: /root/ros2_ws/src/install/unitree_go/include/unitree_go/unitree_go/msg/detail/height_map__functions.h
[23.293s] -- Installing: /root/ros2_ws/src/install/unitree_go/include/unitree_go/unitree_go/msg/detail/lidar_state__struct.h
[23.293s] -- Installing: /root/ros2_ws/src/install/unitree_go/include/unitree_go/unitree_go/msg/detail/bms_cmd__struct.h
[23.293s] -- Installing: /root/ros2_ws/src/install/unitree_go/include/unitree_go/unitree_go/msg/detail/low_cmd__functions.c
[23.293s] -- Installing: /root/ros2_ws/src/install/unitree_go/include/unitree_go/unitree_go/msg/detail/res__functions.h
[23.293s] -- Installing: /root/ros2_ws/src/install/unitree_go/include/unitree_go/unitree_go/msg/detail/sport_mode_state__type_support.h
[23.293s] -- Installing: /root/ros2_ws/src/install/unitree_go/include/unitree_go/unitree_go/msg/detail/lidar_state__functions.h
[23.293s] -- Installing: /root/ros2_ws/src/install/unitree_go/include/unitree_go/unitree_go/msg/detail/motor_state__type_support.h
[23.293s] -- Installing: /root/ros2_ws/src/install/unitree_go/include/unitree_go/unitree_go/msg/detail/wireless_controller__struct.h
[23.293s] -- Installing: /root/ros2_ws/src/install/unitree_go/include/unitree_go/unitree_go/msg/motor_cmd.h
[23.294s] -- Installing: /root/ros2_ws/src/install/unitree_go/include/unitree_go/unitree_go/msg/go2_front_video_data.h
[23.294s] -- Installing: /root/ros2_ws/src/install/unitree_go/include/unitree_go/unitree_go/msg/height_map.h
[23.294s] -- Installing: /root/ros2_ws/src/install/unitree_go/include/unitree_go/unitree_go/msg/rosidl_generator_c__visibility_control.h
[23.294s] -- Installing: /root/ros2_ws/src/install/unitree_go/include/unitree_go/unitree_go/msg/imu_state.h
[23.298s] -- Installing: /root/ros2_ws/src/install/unitree_go/include/unitree_go/unitree_go/msg/low_state.h
[23.298s] -- Installing: /root/ros2_ws/src/install/unitree_go/include/unitree_go/unitree_go/msg/wireless_controller.h
[23.298s] -- Installing: /root/ros2_ws/src/install/unitree_go/include/unitree_go/unitree_go/msg/sport_mode_cmd.h
[23.298s] -- Installing: /root/ros2_ws/src/install/unitree_go/include/unitree_go/unitree_go/msg/sport_mode_state.h
[23.299s] -- Installing: /root/ros2_ws/src/install/unitree_go/include/unitree_go/unitree_go/msg/motor_state.h
[23.299s] -- Installing: /root/ros2_ws/src/install/unitree_go/include/unitree_go/unitree_go/msg/res.h
[23.299s] -- Installing: /root/ros2_ws/src/install/unitree_go/include/unitree_go/unitree_go/msg/bms_state.h
[23.299s] -- Installing: /root/ros2_ws/src/install/unitree_go/include/unitree_go/unitree_go/msg/time_spec.h
[23.299s] -- Installing: /root/ros2_ws/src/install/unitree_go/include/unitree_go/unitree_go/msg/interface_config.h
[23.299s] -- Installing: /root/ros2_ws/src/install/unitree_go/include/unitree_go/unitree_go/msg/error.h
[23.299s] -- Installing: /root/ros2_ws/src/install/unitree_go/include/unitree_go/unitree_go/msg/audio_data.h
[23.299s] -- Installing: /root/ros2_ws/src/install/unitree_go/include/unitree_go/unitree_go/msg/uwb_state.h
[23.300s] -- Installing: /root/ros2_ws/src/install/unitree_go/include/unitree_go/unitree_go/msg/uwb_switch.h
[23.300s] -- Installing: /root/ros2_ws/src/install/unitree_go/include/unitree_go/unitree_go/msg/bms_cmd.h
[23.300s] -- Installing: /root/ros2_ws/src/install/unitree_go/share/unitree_go/environment/library_path.sh
[23.300s] -- Installing: /root/ros2_ws/src/install/unitree_go/share/unitree_go/environment/library_path.dsv
[23.300s] -- Installing: /root/ros2_ws/src/install/unitree_go/lib/libunitree_go__rosidl_generator_c.so
[23.300s] -- Set runtime path of "/root/ros2_ws/src/install/unitree_go/lib/libunitree_go__rosidl_generator_c.so" to ""
[23.300s] -- Up-to-date: /root/ros2_ws/src/install/unitree_go/include/unitree_go/unitree_go
[23.300s] -- Up-to-date: /root/ros2_ws/src/install/unitree_go/include/unitree_go/unitree_go/msg
[23.301s] -- Up-to-date: /root/ros2_ws/src/install/unitree_go/include/unitree_go/unitree_go/msg/detail
[23.301s] -- Installing: /root/ros2_ws/src/install/unitree_go/include/unitree_go/unitree_go/msg/detail/low_cmd__rosidl_typesupport_fastrtps_c.h
[23.301s] -- Installing: /root/ros2_ws/src/install/unitree_go/include/unitree_go/unitree_go/msg/detail/req__rosidl_typesupport_fastrtps_c.h
[23.301s] -- Installing: /root/ros2_ws/src/install/unitree_go/include/unitree_go/unitree_go/msg/detail/res__rosidl_typesupport_fastrtps_c.h
[23.301s] -- Installing: /root/ros2_ws/src/install/unitree_go/include/unitree_go/unitree_go/msg/detail/motor_state__rosidl_typesupport_fastrtps_c.h
[23.301s] -- Installing: /root/ros2_ws/src/install/unitree_go/include/unitree_go/unitree_go/msg/detail/error__rosidl_typesupport_fastrtps_c.h
[23.301s] -- Installing: /root/ros2_ws/src/install/unitree_go/include/unitree_go/unitree_go/msg/detail/wireless_controller__rosidl_typesupport_fastrtps_c.h
[23.301s] -- Installing: /root/ros2_ws/src/install/unitree_go/include/unitree_go/unitree_go/msg/detail/uwb_state__rosidl_typesupport_fastrtps_c.h
[23.301s] -- Installing: /root/ros2_ws/src/install/unitree_go/include/unitree_go/unitree_go/msg/detail/audio_data__rosidl_typesupport_fastrtps_c.h
[23.302s] -- Installing: /root/ros2_ws/src/install/unitree_go/include/unitree_go/unitree_go/msg/detail/bms_state__rosidl_typesupport_fastrtps_c.h
[23.302s] -- Installing: /root/ros2_ws/src/install/unitree_go/include/unitree_go/unitree_go/msg/detail/uwb_switch__rosidl_typesupport_fastrtps_c.h
[23.302s] -- Installing: /root/ros2_ws/src/install/unitree_go/include/unitree_go/unitree_go/msg/detail/low_state__rosidl_typesupport_fastrtps_c.h
[23.302s] -- Installing: /root/ros2_ws/src/install/unitree_go/include/unitree_go/unitree_go/msg/detail/imu_state__rosidl_typesupport_fastrtps_c.h
[23.305s] -- Installing: /root/ros2_ws/src/install/unitree_go/include/unitree_go/unitree_go/msg/detail/time_spec__rosidl_typesupport_fastrtps_c.h
[23.305s] -- Installing: /root/ros2_ws/src/install/unitree_go/include/unitree_go/unitree_go/msg/detail/sport_mode_state__rosidl_typesupport_fastrtps_c.h
[23.305s] -- Installing: /root/ros2_ws/src/install/unitree_go/include/unitree_go/unitree_go/msg/detail/bms_cmd__rosidl_typesupport_fastrtps_c.h
[23.306s] -- Installing: /root/ros2_ws/src/install/unitree_go/include/unitree_go/unitree_go/msg/detail/interface_config__rosidl_typesupport_fastrtps_c.h
[23.306s] -- Installing: /root/ros2_ws/src/install/unitree_go/include/unitree_go/unitree_go/msg/detail/go2_front_video_data__rosidl_typesupport_fastrtps_c.h
[23.306s] -- Installing: /root/ros2_ws/src/install/unitree_go/include/unitree_go/unitree_go/msg/detail/sport_mode_cmd__rosidl_typesupport_fastrtps_c.h
[23.306s] -- Installing: /root/ros2_ws/src/install/unitree_go/include/unitree_go/unitree_go/msg/detail/lidar_state__rosidl_typesupport_fastrtps_c.h
[23.306s] -- Installing: /root/ros2_ws/src/install/unitree_go/include/unitree_go/unitree_go/msg/detail/path_point__rosidl_typesupport_fastrtps_c.h
[23.306s] -- Installing: /root/ros2_ws/src/install/unitree_go/include/unitree_go/unitree_go/msg/detail/motor_cmd__rosidl_typesupport_fastrtps_c.h
[23.306s] -- Installing: /root/ros2_ws/src/install/unitree_go/include/unitree_go/unitree_go/msg/detail/height_map__rosidl_typesupport_fastrtps_c.h
[23.306s] -- Installing: /root/ros2_ws/src/install/unitree_go/include/unitree_go/unitree_go/msg/rosidl_typesupport_fastrtps_c__visibility_control.h
[23.306s] -- Installing: /root/ros2_ws/src/install/unitree_go/lib/libunitree_go__rosidl_typesupport_fastrtps_c.so
[23.307s] -- Set runtime path of "/root/ros2_ws/src/install/unitree_go/lib/libunitree_go__rosidl_typesupport_fastrtps_c.so" to ""
[23.307s] -- Up-to-date: /root/ros2_ws/src/install/unitree_go/include/unitree_go/unitree_go
[23.307s] -- Up-to-date: /root/ros2_ws/src/install/unitree_go/include/unitree_go/unitree_go/msg
[23.307s] -- Installing: /root/ros2_ws/src/install/unitree_go/include/unitree_go/unitree_go/msg/low_cmd.hpp
[23.307s] -- Installing: /root/ros2_ws/src/install/unitree_go/include/unitree_go/unitree_go/msg/error.hpp
[23.307s] -- Up-to-date: /root/ros2_ws/src/install/unitree_go/include/unitree_go/unitree_go/msg/detail
[23.307s] -- Installing: /root/ros2_ws/src/install/unitree_go/include/unitree_go/unitree_go/msg/detail/path_point__type_support.hpp
[23.307s] -- Installing: /root/ros2_ws/src/install/unitree_go/include/unitree_go/unitree_go/msg/detail/height_map__builder.hpp
[23.307s] -- Installing: /root/ros2_ws/src/install/unitree_go/include/unitree_go/unitree_go/msg/detail/error__type_support.hpp
[23.307s] -- Installing: /root/ros2_ws/src/install/unitree_go/include/unitree_go/unitree_go/msg/detail/interface_config__traits.hpp
[23.308s] -- Installing: /root/ros2_ws/src/install/unitree_go/include/unitree_go/unitree_go/msg/detail/motor_cmd__type_support.hpp
[23.308s] -- Installing: /root/ros2_ws/src/install/unitree_go/include/unitree_go/unitree_go/msg/detail/audio_data__builder.hpp
[23.308s] -- Installing: /root/ros2_ws/src/install/unitree_go/include/unitree_go/unitree_go/msg/detail/req__type_support.hpp
[23.308s] -- Installing: /root/ros2_ws/src/install/unitree_go/include/unitree_go/unitree_go/msg/detail/sport_mode_state__builder.hpp
[23.308s] -- Installing: /root/ros2_ws/src/install/unitree_go/include/unitree_go/unitree_go/msg/detail/low_state__traits.hpp
[23.311s] -- Installing: /root/ros2_ws/src/install/unitree_go/include/unitree_go/unitree_go/msg/detail/res__traits.hpp
[23.311s] -- Installing: /root/ros2_ws/src/install/unitree_go/include/unitree_go/unitree_go/msg/detail/low_cmd__builder.hpp
[23.311s] -- Installing: /root/ros2_ws/src/install/unitree_go/include/unitree_go/unitree_go/msg/detail/motor_state__type_support.hpp
[23.311s] -- Installing: /root/ros2_ws/src/install/unitree_go/include/unitree_go/unitree_go/msg/detail/bms_state__struct.hpp
[23.312s] -- Installing: /root/ros2_ws/src/install/unitree_go/include/unitree_go/unitree_go/msg/detail/lidar_state__type_support.hpp
[23.312s] -- Installing: /root/ros2_ws/src/install/unitree_go/include/unitree_go/unitree_go/msg/detail/motor_cmd__traits.hpp
[23.312s] -- Installing: /root/ros2_ws/src/install/unitree_go/include/unitree_go/unitree_go/msg/detail/imu_state__traits.hpp
[23.312s] -- Installing: /root/ros2_ws/src/install/unitree_go/include/unitree_go/unitree_go/msg/detail/motor_state__builder.hpp
[23.312s] -- Installing: /root/ros2_ws/src/install/unitree_go/include/unitree_go/unitree_go/msg/detail/time_spec__builder.hpp
[23.312s] -- Installing: /root/ros2_ws/src/install/unitree_go/include/unitree_go/unitree_go/msg/detail/time_spec__traits.hpp
[23.312s] -- Installing: /root/ros2_ws/src/install/unitree_go/include/unitree_go/unitree_go/msg/detail/wireless_controller__struct.hpp
[23.312s] -- Installing: /root/ros2_ws/src/install/unitree_go/include/unitree_go/unitree_go/msg/detail/wireless_controller__builder.hpp
[23.312s] -- Installing: /root/ros2_ws/src/install/unitree_go/include/unitree_go/unitree_go/msg/detail/uwb_switch__struct.hpp
[23.313s] -- Installing: /root/ros2_ws/src/install/unitree_go/include/unitree_go/unitree_go/msg/detail/audio_data__type_support.hpp
[23.313s] -- Installing: /root/ros2_ws/src/install/unitree_go/include/unitree_go/unitree_go/msg/detail/audio_data__struct.hpp
[23.313s] -- Installing: /root/ros2_ws/src/install/unitree_go/include/unitree_go/unitree_go/msg/detail/low_cmd__type_support.hpp
[23.313s] -- Installing: /root/ros2_ws/src/install/unitree_go/include/unitree_go/unitree_go/msg/detail/go2_front_video_data__struct.hpp
[23.314s] -- Installing: /root/ros2_ws/src/install/unitree_go/include/unitree_go/unitree_go/msg/detail/height_map__type_support.hpp
[23.314s] -- Installing: /root/ros2_ws/src/install/unitree_go/include/unitree_go/unitree_go/msg/detail/lidar_state__builder.hpp
[23.314s] -- Installing: /root/ros2_ws/src/install/unitree_go/include/unitree_go/unitree_go/msg/detail/sport_mode_cmd__builder.hpp
[23.314s] -- Installing: /root/ros2_ws/src/install/unitree_go/include/unitree_go/unitree_go/msg/detail/low_state__struct.hpp
[23.317s] -- Installing: /root/ros2_ws/src/install/unitree_go/include/unitree_go/unitree_go/msg/detail/wireless_controller__traits.hpp
[23.317s] -- Installing: /root/ros2_ws/src/install/unitree_go/include/unitree_go/unitree_go/msg/detail/bms_state__builder.hpp
[23.317s] -- Installing: /root/ros2_ws/src/install/unitree_go/include/unitree_go/unitree_go/msg/detail/audio_data__traits.hpp
[23.317s] -- Installing: /root/ros2_ws/src/install/unitree_go/include/unitree_go/unitree_go/msg/detail/sport_mode_state__type_support.hpp
[23.318s] -- Installing: /root/ros2_ws/src/install/unitree_go/include/unitree_go/unitree_go/msg/detail/height_map__struct.hpp
[23.318s] -- Installing: /root/ros2_ws/src/install/unitree_go/include/unitree_go/unitree_go/msg/detail/res__struct.hpp
[23.318s] -- Installing: /root/ros2_ws/src/install/unitree_go/include/unitree_go/unitree_go/msg/detail/uwb_state__type_support.hpp
[23.318s] -- Installing: /root/ros2_ws/src/install/unitree_go/include/unitree_go/unitree_go/msg/detail/uwb_state__traits.hpp
[23.318s] -- Installing: /root/ros2_ws/src/install/unitree_go/include/unitree_go/unitree_go/msg/detail/bms_state__type_support.hpp
[23.318s] -- Installing: /root/ros2_ws/src/install/unitree_go/include/unitree_go/unitree_go/msg/detail/motor_state__struct.hpp
[23.318s] -- Installing: /root/ros2_ws/src/install/unitree_go/include/unitree_go/unitree_go/msg/detail/low_cmd__struct.hpp
[23.318s] -- Installing: /root/ros2_ws/src/install/unitree_go/include/unitree_go/unitree_go/msg/detail/uwb_state__builder.hpp
[23.318s] -- Installing: /root/ros2_ws/src/install/unitree_go/include/unitree_go/unitree_go/msg/detail/motor_cmd__builder.hpp
[23.319s] -- Installing: /root/ros2_ws/src/install/unitree_go/include/unitree_go/unitree_go/msg/detail/interface_config__struct.hpp
[23.319s] -- Installing: /root/ros2_ws/src/install/unitree_go/include/unitree_go/unitree_go/msg/detail/imu_state__type_support.hpp
[23.319s] -- Installing: /root/ros2_ws/src/install/unitree_go/include/unitree_go/unitree_go/msg/detail/sport_mode_cmd__traits.hpp
[23.319s] -- Installing: /root/ros2_ws/src/install/unitree_go/include/unitree_go/unitree_go/msg/detail/go2_front_video_data__builder.hpp
[23.319s] -- Installing: /root/ros2_ws/src/install/unitree_go/include/unitree_go/unitree_go/msg/detail/path_point__traits.hpp
[23.319s] -- Installing: /root/ros2_ws/src/install/unitree_go/include/unitree_go/unitree_go/msg/detail/res__type_support.hpp
[23.319s] -- Installing: /root/ros2_ws/src/install/unitree_go/include/unitree_go/unitree_go/msg/detail/wireless_controller__type_support.hpp
[23.319s] -- Installing: /root/ros2_ws/src/install/unitree_go/include/unitree_go/unitree_go/msg/detail/low_state__type_support.hpp
[23.320s] -- Installing: /root/ros2_ws/src/install/unitree_go/include/unitree_go/unitree_go/msg/detail/uwb_switch__type_support.hpp
[23.320s] -- Installing: /root/ros2_ws/src/install/unitree_go/include/unitree_go/unitree_go/msg/detail/error__builder.hpp
[23.320s] -- Installing: /root/ros2_ws/src/install/unitree_go/include/unitree_go/unitree_go/msg/detail/interface_config__type_support.hpp
[23.320s] -- Installing: /root/ros2_ws/src/install/unitree_go/include/unitree_go/unitree_go/msg/detail/req__traits.hpp
[23.320s] -- Installing: /root/ros2_ws/src/install/unitree_go/include/unitree_go/unitree_go/msg/detail/height_map__traits.hpp
[23.324s] -- Installing: /root/ros2_ws/src/install/unitree_go/include/unitree_go/unitree_go/msg/detail/interface_config__builder.hpp
[23.325s] -- Installing: /root/ros2_ws/src/install/unitree_go/include/unitree_go/unitree_go/msg/detail/path_point__builder.hpp
[23.325s] -- Installing: /root/ros2_ws/src/install/unitree_go/include/unitree_go/unitree_go/msg/detail/bms_cmd__traits.hpp
[23.325s] -- Installing: /root/ros2_ws/src/install/unitree_go/include/unitree_go/unitree_go/msg/detail/bms_cmd__struct.hpp
[23.325s] -- Installing: /root/ros2_ws/src/install/unitree_go/include/unitree_go/unitree_go/msg/detail/motor_state__traits.hpp
[23.325s] -- Installing: /root/ros2_ws/src/install/unitree_go/include/unitree_go/unitree_go/msg/detail/sport_mode_state__traits.hpp
[23.325s] -- Installing: /root/ros2_ws/src/install/unitree_go/include/unitree_go/unitree_go/msg/detail/imu_state__builder.hpp
[23.326s] -- Installing: /root/ros2_ws/src/install/unitree_go/include/unitree_go/unitree_go/msg/detail/error__struct.hpp
[23.326s] -- Installing: /root/ros2_ws/src/install/unitree_go/include/unitree_go/unitree_go/msg/detail/low_state__builder.hpp
[23.326s] -- Installing: /root/ros2_ws/src/install/unitree_go/include/unitree_go/unitree_go/msg/detail/lidar_state__struct.hpp
[23.326s] -- Installing: /root/ros2_ws/src/install/unitree_go/include/unitree_go/unitree_go/msg/detail/uwb_switch__builder.hpp
[23.326s] -- Installing: /root/ros2_ws/src/install/unitree_go/include/unitree_go/unitree_go/msg/detail/req__builder.hpp
[23.326s] -- Installing: /root/ros2_ws/src/install/unitree_go/include/unitree_go/unitree_go/msg/detail/path_point__struct.hpp
[23.326s] -- Installing: /root/ros2_ws/src/install/unitree_go/include/unitree_go/unitree_go/msg/detail/sport_mode_cmd__struct.hpp
[23.326s] -- Installing: /root/ros2_ws/src/install/unitree_go/include/unitree_go/unitree_go/msg/detail/imu_state__struct.hpp
[23.326s] -- Installing: /root/ros2_ws/src/install/unitree_go/include/unitree_go/unitree_go/msg/detail/error__traits.hpp
[23.326s] -- Installing: /root/ros2_ws/src/install/unitree_go/include/unitree_go/unitree_go/msg/detail/bms_cmd__builder.hpp
[23.327s] -- Installing: /root/ros2_ws/src/install/unitree_go/include/unitree_go/unitree_go/msg/detail/go2_front_video_data__type_support.hpp
[23.327s] -- Installing: /root/ros2_ws/src/install/unitree_go/include/unitree_go/unitree_go/msg/detail/res__builder.hpp
[23.327s] -- Installing: /root/ros2_ws/src/install/unitree_go/include/unitree_go/unitree_go/msg/detail/uwb_state__struct.hpp
[23.327s] -- Installing: /root/ros2_ws/src/install/unitree_go/include/unitree_go/unitree_go/msg/detail/sport_mode_cmd__type_support.hpp
[23.327s] -- Installing: /root/ros2_ws/src/install/unitree_go/include/unitree_go/unitree_go/msg/detail/req__struct.hpp
[23.327s] -- Installing: /root/ros2_ws/src/install/unitree_go/include/unitree_go/unitree_go/msg/detail/time_spec__type_support.hpp
[23.328s] -- Installing: /root/ros2_ws/src/install/unitree_go/include/unitree_go/unitree_go/msg/detail/lidar_state__traits.hpp
[23.328s] -- Installing: /root/ros2_ws/src/install/unitree_go/include/unitree_go/unitree_go/msg/detail/low_cmd__traits.hpp
[23.328s] -- Installing: /root/ros2_ws/src/install/unitree_go/include/unitree_go/unitree_go/msg/detail/bms_cmd__type_support.hpp
[23.328s] -- Installing: /root/ros2_ws/src/install/unitree_go/include/unitree_go/unitree_go/msg/detail/motor_cmd__struct.hpp
[23.328s] -- Installing: /root/ros2_ws/src/install/unitree_go/include/unitree_go/unitree_go/msg/detail/bms_state__traits.hpp
[23.331s] -- Installing: /root/ros2_ws/src/install/unitree_go/include/unitree_go/unitree_go/msg/detail/uwb_switch__traits.hpp
[23.331s] -- Installing: /root/ros2_ws/src/install/unitree_go/include/unitree_go/unitree_go/msg/detail/go2_front_video_data__traits.hpp
[23.331s] -- Installing: /root/ros2_ws/src/install/unitree_go/include/unitree_go/unitree_go/msg/detail/sport_mode_state__struct.hpp
[23.331s] -- Installing: /root/ros2_ws/src/install/unitree_go/include/unitree_go/unitree_go/msg/detail/time_spec__struct.hpp
[23.331s] -- Installing: /root/ros2_ws/src/install/unitree_go/include/unitree_go/unitree_go/msg/height_map.hpp
[23.331s] -- Installing: /root/ros2_ws/src/install/unitree_go/include/unitree_go/unitree_go/msg/time_spec.hpp
[23.331s] -- Installing: /root/ros2_ws/src/install/unitree_go/include/unitree_go/unitree_go/msg/interface_config.hpp
[23.331s] -- Installing: /root/ros2_ws/src/install/unitree_go/include/unitree_go/unitree_go/msg/low_state.hpp
[23.332s] -- Installing: /root/ros2_ws/src/install/unitree_go/include/unitree_go/unitree_go/msg/sport_mode_cmd.hpp
[23.332s] -- Installing: /root/ros2_ws/src/install/unitree_go/include/unitree_go/unitree_go/msg/sport_mode_state.hpp
[23.332s] -- Installing: /root/ros2_ws/src/install/unitree_go/include/unitree_go/unitree_go/msg/bms_state.hpp
[23.332s] -- Installing: /root/ros2_ws/src/install/unitree_go/include/unitree_go/unitree_go/msg/imu_state.hpp
[23.332s] -- Installing: /root/ros2_ws/src/install/unitree_go/include/unitree_go/unitree_go/msg/go2_front_video_data.hpp
[23.332s] -- Installing: /root/ros2_ws/src/install/unitree_go/include/unitree_go/unitree_go/msg/uwb_state.hpp
[23.332s] -- Installing: /root/ros2_ws/src/install/unitree_go/include/unitree_go/unitree_go/msg/audio_data.hpp
[23.332s] -- Installing: /root/ros2_ws/src/install/unitree_go/include/unitree_go/unitree_go/msg/bms_cmd.hpp
[23.332s] -- Installing: /root/ros2_ws/src/install/unitree_go/include/unitree_go/unitree_go/msg/req.hpp
[23.333s] -- Installing: /root/ros2_ws/src/install/unitree_go/include/unitree_go/unitree_go/msg/res.hpp
[23.333s] -- Installing: /root/ros2_ws/src/install/unitree_go/include/unitree_go/unitree_go/msg/uwb_switch.hpp
[23.333s] -- Installing: /root/ros2_ws/src/install/unitree_go/include/unitree_go/unitree_go/msg/rosidl_generator_cpp__visibility_control.hpp
[23.333s] -- Installing: /root/ros2_ws/src/install/unitree_go/include/unitree_go/unitree_go/msg/motor_state.hpp
[23.333s] -- Installing: /root/ros2_ws/src/install/unitree_go/include/unitree_go/unitree_go/msg/lidar_state.hpp
[23.333s] -- Installing: /root/ros2_ws/src/install/unitree_go/include/unitree_go/unitree_go/msg/motor_cmd.hpp
[23.333s] -- Installing: /root/ros2_ws/src/install/unitree_go/include/unitree_go/unitree_go/msg/path_point.hpp
[23.333s] -- Installing: /root/ros2_ws/src/install/unitree_go/include/unitree_go/unitree_go/msg/wireless_controller.hpp
[23.333s] -- Up-to-date: /root/ros2_ws/src/install/unitree_go/include/unitree_go/unitree_go
[23.337s] -- Up-to-date: /root/ros2_ws/src/install/unitree_go/include/unitree_go/unitree_go/msg
[23.337s] -- Up-to-date: /root/ros2_ws/src/install/unitree_go/include/unitree_go/unitree_go/msg/detail
[23.337s] -- Installing: /root/ros2_ws/src/install/unitree_go/include/unitree_go/unitree_go/msg/detail/path_point__rosidl_typesupport_fastrtps_cpp.hpp
[23.337s] -- Installing: /root/ros2_ws/src/install/unitree_go/include/unitree_go/unitree_go/msg/detail/req__rosidl_typesupport_fastrtps_cpp.hpp
[23.337s] -- Installing: /root/ros2_ws/src/install/unitree_go/include/unitree_go/unitree_go/msg/detail/time_spec__rosidl_typesupport_fastrtps_cpp.hpp
[23.337s] -- Installing: /root/ros2_ws/src/install/unitree_go/include/unitree_go/unitree_go/msg/detail/uwb_state__rosidl_typesupport_fastrtps_cpp.hpp
[23.338s] -- Installing: /root/ros2_ws/src/install/unitree_go/include/unitree_go/unitree_go/msg/detail/bms_cmd__rosidl_typesupport_fastrtps_cpp.hpp
[23.338s] -- Installing: /root/ros2_ws/src/install/unitree_go/include/unitree_go/unitree_go/msg/detail/sport_mode_cmd__rosidl_typesupport_fastrtps_cpp.hpp
[23.338s] -- Installing: /root/ros2_ws/src/install/unitree_go/include/unitree_go/unitree_go/msg/detail/res__rosidl_typesupport_fastrtps_cpp.hpp
[23.338s] -- Installing: /root/ros2_ws/src/install/unitree_go/include/unitree_go/unitree_go/msg/detail/wireless_controller__rosidl_typesupport_fastrtps_cpp.hpp
[23.338s] -- Installing: /root/ros2_ws/src/install/unitree_go/include/unitree_go/unitree_go/msg/detail/low_state__rosidl_typesupport_fastrtps_cpp.hpp
[23.338s] -- Installing: /root/ros2_ws/src/install/unitree_go/include/unitree_go/unitree_go/msg/detail/motor_state__rosidl_typesupport_fastrtps_cpp.hpp
[23.338s] -- Installing: /root/ros2_ws/src/install/unitree_go/include/unitree_go/unitree_go/msg/detail/dds_fastrtps
[23.338s] -- Installing: /root/ros2_ws/src/install/unitree_go/include/unitree_go/unitree_go/msg/detail/imu_state__rosidl_typesupport_fastrtps_cpp.hpp
[23.338s] -- Installing: /root/ros2_ws/src/install/unitree_go/include/unitree_go/unitree_go/msg/detail/audio_data__rosidl_typesupport_fastrtps_cpp.hpp
[23.339s] -- Installing: /root/ros2_ws/src/install/unitree_go/include/unitree_go/unitree_go/msg/detail/error__rosidl_typesupport_fastrtps_cpp.hpp
[23.339s] -- Installing: /root/ros2_ws/src/install/unitree_go/include/unitree_go/unitree_go/msg/detail/lidar_state__rosidl_typesupport_fastrtps_cpp.hpp
[23.339s] -- Installing: /root/ros2_ws/src/install/unitree_go/include/unitree_go/unitree_go/msg/detail/sport_mode_state__rosidl_typesupport_fastrtps_cpp.hpp
[23.339s] -- Installing: /root/ros2_ws/src/install/unitree_go/include/unitree_go/unitree_go/msg/detail/uwb_switch__rosidl_typesupport_fastrtps_cpp.hpp
[23.339s] -- Installing: /root/ros2_ws/src/install/unitree_go/include/unitree_go/unitree_go/msg/detail/height_map__rosidl_typesupport_fastrtps_cpp.hpp
[23.340s] -- Installing: /root/ros2_ws/src/install/unitree_go/include/unitree_go/unitree_go/msg/detail/low_cmd__rosidl_typesupport_fastrtps_cpp.hpp
[23.340s] -- Installing: /root/ros2_ws/src/install/unitree_go/include/unitree_go/unitree_go/msg/detail/motor_cmd__rosidl_typesupport_fastrtps_cpp.hpp
[23.340s] -- Installing: /root/ros2_ws/src/install/unitree_go/include/unitree_go/unitree_go/msg/detail/bms_state__rosidl_typesupport_fastrtps_cpp.hpp
[23.340s] -- Installing: /root/ros2_ws/src/install/unitree_go/include/unitree_go/unitree_go/msg/detail/go2_front_video_data__rosidl_typesupport_fastrtps_cpp.hpp
[23.341s] -- Installing: /root/ros2_ws/src/install/unitree_go/include/unitree_go/unitree_go/msg/detail/interface_config__rosidl_typesupport_fastrtps_cpp.hpp
[23.341s] -- Installing: /root/ros2_ws/src/install/unitree_go/include/unitree_go/unitree_go/msg/rosidl_typesupport_fastrtps_cpp__visibility_control.h
[23.341s] -- Installing: /root/ros2_ws/src/install/unitree_go/lib/libunitree_go__rosidl_typesupport_fastrtps_cpp.so
[23.341s] -- Set runtime path of "/root/ros2_ws/src/install/unitree_go/lib/libunitree_go__rosidl_typesupport_fastrtps_cpp.so" to ""
[23.341s] -- Up-to-date: /root/ros2_ws/src/install/unitree_go/include/unitree_go/unitree_go
[23.341s] -- Up-to-date: /root/ros2_ws/src/install/unitree_go/include/unitree_go/unitree_go/msg
[23.345s] -- Installing: /root/ros2_ws/src/install/unitree_go/include/unitree_go/unitree_go/msg/rosidl_typesupport_introspection_c__visibility_control.h
[23.345s] -- Up-to-date: /root/ros2_ws/src/install/unitree_go/include/unitree_go/unitree_go/msg/detail
[23.345s] -- Installing: /root/ros2_ws/src/install/unitree_go/include/unitree_go/unitree_go/msg/detail/low_state__type_support.c
[23.345s] -- Installing: /root/ros2_ws/src/install/unitree_go/include/unitree_go/unitree_go/msg/detail/uwb_switch__rosidl_typesupport_introspection_c.h
[23.346s] -- Installing: /root/ros2_ws/src/install/unitree_go/include/unitree_go/unitree_go/msg/detail/interface_config__type_support.c
[23.346s] -- Installing: /root/ros2_ws/src/install/unitree_go/include/unitree_go/unitree_go/msg/detail/sport_mode_state__type_support.c
[23.346s] -- Installing: /root/ros2_ws/src/install/unitree_go/include/unitree_go/unitree_go/msg/detail/path_point__rosidl_typesupport_introspection_c.h
[23.346s] -- Installing: /root/ros2_ws/src/install/unitree_go/include/unitree_go/unitree_go/msg/detail/bms_cmd__type_support.c
[23.346s] -- Installing: /root/ros2_ws/src/install/unitree_go/include/unitree_go/unitree_go/msg/detail/motor_state__type_support.c
[23.346s] -- Installing: /root/ros2_ws/src/install/unitree_go/include/unitree_go/unitree_go/msg/detail/req__type_support.c
[23.346s] -- Installing: /root/ros2_ws/src/install/unitree_go/include/unitree_go/unitree_go/msg/detail/motor_cmd__type_support.c
[23.346s] -- Installing: /root/ros2_ws/src/install/unitree_go/include/unitree_go/unitree_go/msg/detail/wireless_controller__type_support.c
[23.346s] -- Installing: /root/ros2_ws/src/install/unitree_go/include/unitree_go/unitree_go/msg/detail/error__rosidl_typesupport_introspection_c.h
[23.347s] -- Installing: /root/ros2_ws/src/install/unitree_go/include/unitree_go/unitree_go/msg/detail/path_point__type_support.c
[23.347s] -- Installing: /root/ros2_ws/src/install/unitree_go/include/unitree_go/unitree_go/msg/detail/lidar_state__type_support.c
[23.347s] -- Installing: /root/ros2_ws/src/install/unitree_go/include/unitree_go/unitree_go/msg/detail/time_spec__type_support.c
[23.347s] -- Installing: /root/ros2_ws/src/install/unitree_go/include/unitree_go/unitree_go/msg/detail/height_map__type_support.c
[23.347s] -- Installing: /root/ros2_ws/src/install/unitree_go/include/unitree_go/unitree_go/msg/detail/height_map__rosidl_typesupport_introspection_c.h
[23.347s] -- Installing: /root/ros2_ws/src/install/unitree_go/include/unitree_go/unitree_go/msg/detail/audio_data__type_support.c
[23.347s] -- Installing: /root/ros2_ws/src/install/unitree_go/include/unitree_go/unitree_go/msg/detail/lidar_state__rosidl_typesupport_introspection_c.h
[23.347s] -- Installing: /root/ros2_ws/src/install/unitree_go/include/unitree_go/unitree_go/msg/detail/uwb_state__rosidl_typesupport_introspection_c.h
[23.347s] -- Installing: /root/ros2_ws/src/install/unitree_go/include/unitree_go/unitree_go/msg/detail/error__type_support.c
[23.347s] -- Installing: /root/ros2_ws/src/install/unitree_go/include/unitree_go/unitree_go/msg/detail/bms_state__rosidl_typesupport_introspection_c.h
[23.348s] -- Installing: /root/ros2_ws/src/install/unitree_go/include/unitree_go/unitree_go/msg/detail/imu_state__type_support.c
[23.348s] -- Installing: /root/ros2_ws/src/install/unitree_go/include/unitree_go/unitree_go/msg/detail/interface_config__rosidl_typesupport_introspection_c.h
[23.348s] -- Installing: /root/ros2_ws/src/install/unitree_go/include/unitree_go/unitree_go/msg/detail/time_spec__rosidl_typesupport_introspection_c.h
[23.348s] -- Installing: /root/ros2_ws/src/install/unitree_go/include/unitree_go/unitree_go/msg/detail/go2_front_video_data__type_support.c
[23.348s] -- Installing: /root/ros2_ws/src/install/unitree_go/include/unitree_go/unitree_go/msg/detail/sport_mode_cmd__type_support.c
[23.348s] -- Installing: /root/ros2_ws/src/install/unitree_go/include/unitree_go/unitree_go/msg/detail/motor_cmd__rosidl_typesupport_introspection_c.h
[23.348s] -- Installing: /root/ros2_ws/src/install/unitree_go/include/unitree_go/unitree_go/msg/detail/uwb_state__type_support.c
[23.348s] -- Installing: /root/ros2_ws/src/install/unitree_go/include/unitree_go/unitree_go/msg/detail/audio_data__rosidl_typesupport_introspection_c.h
[23.349s] -- Installing: /root/ros2_ws/src/install/unitree_go/include/unitree_go/unitree_go/msg/detail/uwb_switch__type_support.c
[23.349s] -- Installing: /root/ros2_ws/src/install/unitree_go/include/unitree_go/unitree_go/msg/detail/go2_front_video_data__rosidl_typesupport_introspection_c.h
[23.349s] -- Installing: /root/ros2_ws/src/install/unitree_go/include/unitree_go/unitree_go/msg/detail/res__rosidl_typesupport_introspection_c.h
[23.352s] -- Installing: /root/ros2_ws/src/install/unitree_go/include/unitree_go/unitree_go/msg/detail/sport_mode_state__rosidl_typesupport_introspection_c.h
[23.352s] -- Installing: /root/ros2_ws/src/install/unitree_go/include/unitree_go/unitree_go/msg/detail/wireless_controller__rosidl_typesupport_introspection_c.h
[23.352s] -- Installing: /root/ros2_ws/src/install/unitree_go/include/unitree_go/unitree_go/msg/detail/bms_state__type_support.c
[23.352s] -- Installing: /root/ros2_ws/src/install/unitree_go/include/unitree_go/unitree_go/msg/detail/sport_mode_cmd__rosidl_typesupport_introspection_c.h
[23.353s] -- Installing: /root/ros2_ws/src/install/unitree_go/include/unitree_go/unitree_go/msg/detail/low_state__rosidl_typesupport_introspection_c.h
[23.353s] -- Installing: /root/ros2_ws/src/install/unitree_go/include/unitree_go/unitree_go/msg/detail/low_cmd__rosidl_typesupport_introspection_c.h
[23.353s] -- Installing: /root/ros2_ws/src/install/unitree_go/include/unitree_go/unitree_go/msg/detail/bms_cmd__rosidl_typesupport_introspection_c.h
[23.353s] -- Installing: /root/ros2_ws/src/install/unitree_go/include/unitree_go/unitree_go/msg/detail/low_cmd__type_support.c
[23.353s] -- Installing: /root/ros2_ws/src/install/unitree_go/include/unitree_go/unitree_go/msg/detail/res__type_support.c
[23.353s] -- Installing: /root/ros2_ws/src/install/unitree_go/include/unitree_go/unitree_go/msg/detail/imu_state__rosidl_typesupport_introspection_c.h
[23.353s] -- Installing: /root/ros2_ws/src/install/unitree_go/include/unitree_go/unitree_go/msg/detail/req__rosidl_typesupport_introspection_c.h
[23.353s] -- Installing: /root/ros2_ws/src/install/unitree_go/include/unitree_go/unitree_go/msg/detail/motor_state__rosidl_typesupport_introspection_c.h
[23.353s] -- Installing: /root/ros2_ws/src/install/unitree_go/lib/libunitree_go__rosidl_typesupport_introspection_c.so
[23.354s] -- Set runtime path of "/root/ros2_ws/src/install/unitree_go/lib/libunitree_go__rosidl_typesupport_introspection_c.so" to ""
[23.354s] -- Installing: /root/ros2_ws/src/install/unitree_go/lib/libunitree_go__rosidl_typesupport_c.so
[23.354s] -- Set runtime path of "/root/ros2_ws/src/install/unitree_go/lib/libunitree_go__rosidl_typesupport_c.so" to ""
[23.354s] -- Up-to-date: /root/ros2_ws/src/install/unitree_go/include/unitree_go/unitree_go
[23.354s] -- Up-to-date: /root/ros2_ws/src/install/unitree_go/include/unitree_go/unitree_go/msg
[23.354s] -- Up-to-date: /root/ros2_ws/src/install/unitree_go/include/unitree_go/unitree_go/msg/detail
[23.354s] -- Installing: /root/ros2_ws/src/install/unitree_go/include/unitree_go/unitree_go/msg/detail/time_spec__type_support.cpp
[23.354s] -- Installing: /root/ros2_ws/src/install/unitree_go/include/unitree_go/unitree_go/msg/detail/sport_mode_state__type_support.cpp
[23.354s] -- Installing: /root/ros2_ws/src/install/unitree_go/include/unitree_go/unitree_go/msg/detail/low_state__type_support.cpp
[23.354s] -- Installing: /root/ros2_ws/src/install/unitree_go/include/unitree_go/unitree_go/msg/detail/audio_data__rosidl_typesupport_introspection_cpp.hpp
[23.355s] -- Installing: /root/ros2_ws/src/install/unitree_go/include/unitree_go/unitree_go/msg/detail/uwb_state__type_support.cpp
[23.355s] -- Installing: /root/ros2_ws/src/install/unitree_go/include/unitree_go/unitree_go/msg/detail/res__rosidl_typesupport_introspection_cpp.hpp
[23.355s] -- Installing: /root/ros2_ws/src/install/unitree_go/include/unitree_go/unitree_go/msg/detail/lidar_state__rosidl_typesupport_introspection_cpp.hpp
[23.355s] -- Installing: /root/ros2_ws/src/install/unitree_go/include/unitree_go/unitree_go/msg/detail/interface_config__type_support.cpp
[23.355s] -- Installing: /root/ros2_ws/src/install/unitree_go/include/unitree_go/unitree_go/msg/detail/error__type_support.cpp
[23.355s] -- Installing: /root/ros2_ws/src/install/unitree_go/include/unitree_go/unitree_go/msg/detail/lidar_state__type_support.cpp
[23.359s] -- Installing: /root/ros2_ws/src/install/unitree_go/include/unitree_go/unitree_go/msg/detail/imu_state__type_support.cpp
[23.359s] -- Installing: /root/ros2_ws/src/install/unitree_go/include/unitree_go/unitree_go/msg/detail/bms_state__type_support.cpp
[23.359s] -- Installing: /root/ros2_ws/src/install/unitree_go/include/unitree_go/unitree_go/msg/detail/error__rosidl_typesupport_introspection_cpp.hpp
[23.359s] -- Installing: /root/ros2_ws/src/install/unitree_go/include/unitree_go/unitree_go/msg/detail/path_point__rosidl_typesupport_introspection_cpp.hpp
[23.360s] -- Installing: /root/ros2_ws/src/install/unitree_go/include/unitree_go/unitree_go/msg/detail/sport_mode_cmd__type_support.cpp
[23.360s] -- Installing: /root/ros2_ws/src/install/unitree_go/include/unitree_go/unitree_go/msg/detail/req__type_support.cpp
[23.360s] -- Installing: /root/ros2_ws/src/install/unitree_go/include/unitree_go/unitree_go/msg/detail/motor_state__rosidl_typesupport_introspection_cpp.hpp
[23.360s] -- Installing: /root/ros2_ws/src/install/unitree_go/include/unitree_go/unitree_go/msg/detail/imu_state__rosidl_typesupport_introspection_cpp.hpp
[23.360s] -- Installing: /root/ros2_ws/src/install/unitree_go/include/unitree_go/unitree_go/msg/detail/res__type_support.cpp
[23.360s] -- Installing: /root/ros2_ws/src/install/unitree_go/include/unitree_go/unitree_go/msg/detail/sport_mode_state__rosidl_typesupport_introspection_cpp.hpp
[23.360s] -- Installing: /root/ros2_ws/src/install/unitree_go/include/unitree_go/unitree_go/msg/detail/uwb_state__rosidl_typesupport_introspection_cpp.hpp
[23.360s] -- Installing: /root/ros2_ws/src/install/unitree_go/include/unitree_go/unitree_go/msg/detail/bms_cmd__type_support.cpp
[23.361s] -- Installing: /root/ros2_ws/src/install/unitree_go/include/unitree_go/unitree_go/msg/detail/low_cmd__type_support.cpp
[23.361s] -- Installing: /root/ros2_ws/src/install/unitree_go/include/unitree_go/unitree_go/msg/detail/bms_cmd__rosidl_typesupport_introspection_cpp.hpp
[23.361s] -- Installing: /root/ros2_ws/src/install/unitree_go/include/unitree_go/unitree_go/msg/detail/path_point__type_support.cpp
[23.361s] -- Installing: /root/ros2_ws/src/install/unitree_go/include/unitree_go/unitree_go/msg/detail/time_spec__rosidl_typesupport_introspection_cpp.hpp
[23.361s] -- Installing: /root/ros2_ws/src/install/unitree_go/include/unitree_go/unitree_go/msg/detail/sport_mode_cmd__rosidl_typesupport_introspection_cpp.hpp
[23.361s] -- Installing: /root/ros2_ws/src/install/unitree_go/include/unitree_go/unitree_go/msg/detail/req__rosidl_typesupport_introspection_cpp.hpp
[23.361s] -- Installing: /root/ros2_ws/src/install/unitree_go/include/unitree_go/unitree_go/msg/detail/motor_state__type_support.cpp
[23.361s] -- Installing: /root/ros2_ws/src/install/unitree_go/include/unitree_go/unitree_go/msg/detail/height_map__rosidl_typesupport_introspection_cpp.hpp
[23.361s] -- Installing: /root/ros2_ws/src/install/unitree_go/include/unitree_go/unitree_go/msg/detail/wireless_controller__type_support.cpp
[23.362s] -- Installing: /root/ros2_ws/src/install/unitree_go/include/unitree_go/unitree_go/msg/detail/motor_cmd__rosidl_typesupport_introspection_cpp.hpp
[23.362s] -- Installing: /root/ros2_ws/src/install/unitree_go/include/unitree_go/unitree_go/msg/detail/wireless_controller__rosidl_typesupport_introspection_cpp.hpp
[23.362s] -- Installing: /root/ros2_ws/src/install/unitree_go/include/unitree_go/unitree_go/msg/detail/audio_data__type_support.cpp
[23.362s] -- Installing: /root/ros2_ws/src/install/unitree_go/include/unitree_go/unitree_go/msg/detail/interface_config__rosidl_typesupport_introspection_cpp.hpp
[23.362s] -- Installing: /root/ros2_ws/src/install/unitree_go/include/unitree_go/unitree_go/msg/detail/height_map__type_support.cpp
[23.362s] -- Installing: /root/ros2_ws/src/install/unitree_go/include/unitree_go/unitree_go/msg/detail/low_cmd__rosidl_typesupport_introspection_cpp.hpp
[23.362s] -- Installing: /root/ros2_ws/src/install/unitree_go/include/unitree_go/unitree_go/msg/detail/motor_cmd__type_support.cpp
[23.362s] -- Installing: /root/ros2_ws/src/install/unitree_go/include/unitree_go/unitree_go/msg/detail/go2_front_video_data__type_support.cpp
[23.363s] -- Installing: /root/ros2_ws/src/install/unitree_go/include/unitree_go/unitree_go/msg/detail/bms_state__rosidl_typesupport_introspection_cpp.hpp
[23.363s] -- Installing: /root/ros2_ws/src/install/unitree_go/include/unitree_go/unitree_go/msg/detail/uwb_switch__type_support.cpp
[23.363s] -- Installing: /root/ros2_ws/src/install/unitree_go/include/unitree_go/unitree_go/msg/detail/uwb_switch__rosidl_typesupport_introspection_cpp.hpp
[23.363s] -- Installing: /root/ros2_ws/src/install/unitree_go/include/unitree_go/unitree_go/msg/detail/go2_front_video_data__rosidl_typesupport_introspection_cpp.hpp
[23.363s] -- Installing: /root/ros2_ws/src/install/unitree_go/include/unitree_go/unitree_go/msg/detail/low_state__rosidl_typesupport_introspection_cpp.hpp
[23.363s] -- Installing: /root/ros2_ws/src/install/unitree_go/lib/libunitree_go__rosidl_typesupport_introspection_cpp.so
[23.363s] -- Set runtime path of "/root/ros2_ws/src/install/unitree_go/lib/libunitree_go__rosidl_typesupport_introspection_cpp.so" to ""
[23.363s] -- Installing: /root/ros2_ws/src/install/unitree_go/lib/libunitree_go__rosidl_typesupport_cpp.so
[23.363s] -- Set runtime path of "/root/ros2_ws/src/install/unitree_go/lib/libunitree_go__rosidl_typesupport_cpp.so" to ""
[23.364s] -- Installing: /root/ros2_ws/src/install/unitree_go/share/unitree_go/environment/pythonpath.sh
[23.364s] -- Installing: /root/ros2_ws/src/install/unitree_go/share/unitree_go/environment/pythonpath.dsv
[23.364s] -- Installing: /root/ros2_ws/src/install/unitree_go/local/lib/python3.10/dist-packages/unitree_go-0.0.0-py3.10.egg-info
[23.364s] -- Installing: /root/ros2_ws/src/install/unitree_go/local/lib/python3.10/dist-packages/unitree_go-0.0.0-py3.10.egg-info/PKG-INFO
[23.364s] -- Installing: /root/ros2_ws/src/install/unitree_go/local/lib/python3.10/dist-packages/unitree_go-0.0.0-py3.10.egg-info/dependency_links.txt
[23.364s] -- Installing: /root/ros2_ws/src/install/unitree_go/local/lib/python3.10/dist-packages/unitree_go-0.0.0-py3.10.egg-info/SOURCES.txt
[23.364s] -- Installing: /root/ros2_ws/src/install/unitree_go/local/lib/python3.10/dist-packages/unitree_go-0.0.0-py3.10.egg-info/top_level.txt
[23.364s] -- Installing: /root/ros2_ws/src/install/unitree_go/local/lib/python3.10/dist-packages/unitree_go
[23.364s] -- Installing: /root/ros2_ws/src/install/unitree_go/local/lib/python3.10/dist-packages/unitree_go/unitree_go_s__rosidl_typesupport_fastrtps_c.cpython-310-x86_64-linux-gnu.so
[23.364s] -- Installing: /root/ros2_ws/src/install/unitree_go/local/lib/python3.10/dist-packages/unitree_go/unitree_go_s__rosidl_typesupport_c.cpython-310-x86_64-linux-gnu.so
[23.365s] -- Installing: /root/ros2_ws/src/install/unitree_go/local/lib/python3.10/dist-packages/unitree_go/libunitree_go__rosidl_generator_py.so
[23.365s] -- Installing: /root/ros2_ws/src/install/unitree_go/local/lib/python3.10/dist-packages/unitree_go/_unitree_go_s.ep.rosidl_typesupport_c.c
[23.365s] -- Installing: /root/ros2_ws/src/install/unitree_go/local/lib/python3.10/dist-packages/unitree_go/_unitree_go_s.ep.rosidl_typesupport_fastrtps_c.c
[23.365s] -- Installing: /root/ros2_ws/src/install/unitree_go/local/lib/python3.10/dist-packages/unitree_go/unitree_go_s__rosidl_typesupport_introspection_c.cpython-310-x86_64-linux-gnu.so
[23.365s] -- Installing: /root/ros2_ws/src/install/unitree_go/local/lib/python3.10/dist-packages/unitree_go/_unitree_go_s.ep.rosidl_typesupport_introspection_c.c
[23.365s] -- Installing: /root/ros2_ws/src/install/unitree_go/local/lib/python3.10/dist-packages/unitree_go/__init__.py
[23.365s] -- Installing: /root/ros2_ws/src/install/unitree_go/local/lib/python3.10/dist-packages/unitree_go/msg
[23.365s] -- Installing: /root/ros2_ws/src/install/unitree_go/local/lib/python3.10/dist-packages/unitree_go/msg/_motor_state_s.c
[23.365s] -- Installing: /root/ros2_ws/src/install/unitree_go/local/lib/python3.10/dist-packages/unitree_go/msg/_height_map.py
[23.366s] -- Installing: /root/ros2_ws/src/install/unitree_go/local/lib/python3.10/dist-packages/unitree_go/msg/_go2_front_video_data.py
[23.366s] -- Installing: /root/ros2_ws/src/install/unitree_go/local/lib/python3.10/dist-packages/unitree_go/msg/_low_cmd_s.c
[23.366s] -- Installing: /root/ros2_ws/src/install/unitree_go/local/lib/python3.10/dist-packages/unitree_go/msg/_path_point.py
[23.366s] -- Installing: /root/ros2_ws/src/install/unitree_go/local/lib/python3.10/dist-packages/unitree_go/msg/_low_cmd.py
[23.366s] -- Installing: /root/ros2_ws/src/install/unitree_go/local/lib/python3.10/dist-packages/unitree_go/msg/_low_state_s.c
[23.370s] -- Installing: /root/ros2_ws/src/install/unitree_go/local/lib/python3.10/dist-packages/unitree_go/msg/_imu_state_s.c
[23.370s] -- Installing: /root/ros2_ws/src/install/unitree_go/local/lib/python3.10/dist-packages/unitree_go/msg/_uwb_state.py
[23.370s] -- Installing: /root/ros2_ws/src/install/unitree_go/local/lib/python3.10/dist-packages/unitree_go/msg/_bms_cmd.py
[23.371s] -- Installing: /root/ros2_ws/src/install/unitree_go/local/lib/python3.10/dist-packages/unitree_go/msg/_bms_state.py
[23.371s] -- Installing: /root/ros2_ws/src/install/unitree_go/local/lib/python3.10/dist-packages/unitree_go/msg/_height_map_s.c
[23.371s] -- Installing: /root/ros2_ws/src/install/unitree_go/local/lib/python3.10/dist-packages/unitree_go/msg/_audio_data_s.c
[23.371s] -- Installing: /root/ros2_ws/src/install/unitree_go/local/lib/python3.10/dist-packages/unitree_go/msg/_error.py
[23.371s] -- Installing: /root/ros2_ws/src/install/unitree_go/local/lib/python3.10/dist-packages/unitree_go/msg/_motor_cmd.py
[23.371s] -- Installing: /root/ros2_ws/src/install/unitree_go/local/lib/python3.10/dist-packages/unitree_go/msg/_motor_cmd_s.c
[23.371s] -- Installing: /root/ros2_ws/src/install/unitree_go/local/lib/python3.10/dist-packages/unitree_go/msg/_sport_mode_cmd_s.c
[23.371s] -- Installing: /root/ros2_ws/src/install/unitree_go/local/lib/python3.10/dist-packages/unitree_go/msg/_time_spec.py
[23.371s] -- Installing: /root/ros2_ws/src/install/unitree_go/local/lib/python3.10/dist-packages/unitree_go/msg/_interface_config.py
[23.371s] -- Installing: /root/ros2_ws/src/install/unitree_go/local/lib/python3.10/dist-packages/unitree_go/msg/_time_spec_s.c
[23.372s] -- Installing: /root/ros2_ws/src/install/unitree_go/local/lib/python3.10/dist-packages/unitree_go/msg/_sport_mode_cmd.py
[23.372s] -- Installing: /root/ros2_ws/src/install/unitree_go/local/lib/python3.10/dist-packages/unitree_go/msg/_error_s.c
[23.372s] -- Installing: /root/ros2_ws/src/install/unitree_go/local/lib/python3.10/dist-packages/unitree_go/msg/_req_s.c
[23.372s] -- Installing: /root/ros2_ws/src/install/unitree_go/local/lib/python3.10/dist-packages/unitree_go/msg/_uwb_switch_s.c
[23.372s] -- Installing: /root/ros2_ws/src/install/unitree_go/local/lib/python3.10/dist-packages/unitree_go/msg/_motor_state.py
[23.372s] -- Installing: /root/ros2_ws/src/install/unitree_go/local/lib/python3.10/dist-packages/unitree_go/msg/_req.py
[23.372s] -- Installing: /root/ros2_ws/src/install/unitree_go/local/lib/python3.10/dist-packages/unitree_go/msg/_wireless_controller.py
[23.372s] -- Installing: /root/ros2_ws/src/install/unitree_go/local/lib/python3.10/dist-packages/unitree_go/msg/_low_state.py
[23.372s] -- Installing: /root/ros2_ws/src/install/unitree_go/local/lib/python3.10/dist-packages/unitree_go/msg/_sport_mode_state_s.c
[23.372s] -- Installing: /root/ros2_ws/src/install/unitree_go/local/lib/python3.10/dist-packages/unitree_go/msg/_imu_state.py
[23.373s] -- Installing: /root/ros2_ws/src/install/unitree_go/local/lib/python3.10/dist-packages/unitree_go/msg/_res_s.c
[23.373s] -- Installing: /root/ros2_ws/src/install/unitree_go/local/lib/python3.10/dist-packages/unitree_go/msg/_bms_state_s.c
[23.373s] -- Installing: /root/ros2_ws/src/install/unitree_go/local/lib/python3.10/dist-packages/unitree_go/msg/_lidar_state.py
[23.373s] -- Installing: /root/ros2_ws/src/install/unitree_go/local/lib/python3.10/dist-packages/unitree_go/msg/_lidar_state_s.c
[23.373s] -- Installing: /root/ros2_ws/src/install/unitree_go/local/lib/python3.10/dist-packages/unitree_go/msg/_bms_cmd_s.c
[23.377s] -- Installing: /root/ros2_ws/src/install/unitree_go/local/lib/python3.10/dist-packages/unitree_go/msg/_sport_mode_state.py
[23.377s] -- Installing: /root/ros2_ws/src/install/unitree_go/local/lib/python3.10/dist-packages/unitree_go/msg/_wireless_controller_s.c
[23.377s] -- Installing: /root/ros2_ws/src/install/unitree_go/local/lib/python3.10/dist-packages/unitree_go/msg/_go2_front_video_data_s.c
[23.378s] -- Installing: /root/ros2_ws/src/install/unitree_go/local/lib/python3.10/dist-packages/unitree_go/msg/__init__.py
[23.378s] -- Installing: /root/ros2_ws/src/install/unitree_go/local/lib/python3.10/dist-packages/unitree_go/msg/_uwb_state_s.c
[23.378s] -- Installing: /root/ros2_ws/src/install/unitree_go/local/lib/python3.10/dist-packages/unitree_go/msg/_path_point_s.c
[23.378s] -- Installing: /root/ros2_ws/src/install/unitree_go/local/lib/python3.10/dist-packages/unitree_go/msg/_uwb_switch.py
[23.378s] -- Installing: /root/ros2_ws/src/install/unitree_go/local/lib/python3.10/dist-packages/unitree_go/msg/_res.py
[23.378s] -- Installing: /root/ros2_ws/src/install/unitree_go/local/lib/python3.10/dist-packages/unitree_go/msg/_audio_data.py
[23.378s] -- Installing: /root/ros2_ws/src/install/unitree_go/local/lib/python3.10/dist-packages/unitree_go/msg/_interface_config_s.c
[23.578s] Listing '/root/ros2_ws/src/install/unitree_go/local/lib/python3.10/dist-packages/unitree_go'...
[23.578s] Compiling '/root/ros2_ws/src/install/unitree_go/local/lib/python3.10/dist-packages/unitree_go/__init__.py'...
[23.578s] Listing '/root/ros2_ws/src/install/unitree_go/local/lib/python3.10/dist-packages/unitree_go/msg'...
[23.578s] Compiling '/root/ros2_ws/src/install/unitree_go/local/lib/python3.10/dist-packages/unitree_go/msg/__init__.py'...
[23.578s] Compiling '/root/ros2_ws/src/install/unitree_go/local/lib/python3.10/dist-packages/unitree_go/msg/_audio_data.py'...
[23.578s] Compiling '/root/ros2_ws/src/install/unitree_go/local/lib/python3.10/dist-packages/unitree_go/msg/_bms_cmd.py'...
[23.578s] Compiling '/root/ros2_ws/src/install/unitree_go/local/lib/python3.10/dist-packages/unitree_go/msg/_bms_state.py'...
[23.578s] Compiling '/root/ros2_ws/src/install/unitree_go/local/lib/python3.10/dist-packages/unitree_go/msg/_error.py'...
[23.578s] Compiling '/root/ros2_ws/src/install/unitree_go/local/lib/python3.10/dist-packages/unitree_go/msg/_go2_front_video_data.py'...
[23.578s] Compiling '/root/ros2_ws/src/install/unitree_go/local/lib/python3.10/dist-packages/unitree_go/msg/_height_map.py'...
[23.579s] Compiling '/root/ros2_ws/src/install/unitree_go/local/lib/python3.10/dist-packages/unitree_go/msg/_imu_state.py'...
[23.579s] Compiling '/root/ros2_ws/src/install/unitree_go/local/lib/python3.10/dist-packages/unitree_go/msg/_interface_config.py'...
[23.579s] Compiling '/root/ros2_ws/src/install/unitree_go/local/lib/python3.10/dist-packages/unitree_go/msg/_lidar_state.py'...
[23.579s] Compiling '/root/ros2_ws/src/install/unitree_go/local/lib/python3.10/dist-packages/unitree_go/msg/_low_cmd.py'...
[23.579s] Compiling '/root/ros2_ws/src/install/unitree_go/local/lib/python3.10/dist-packages/unitree_go/msg/_low_state.py'...
[23.579s] Compiling '/root/ros2_ws/src/install/unitree_go/local/lib/python3.10/dist-packages/unitree_go/msg/_motor_cmd.py'...
[23.579s] Compiling '/root/ros2_ws/src/install/unitree_go/local/lib/python3.10/dist-packages/unitree_go/msg/_motor_state.py'...
[23.579s] Compiling '/root/ros2_ws/src/install/unitree_go/local/lib/python3.10/dist-packages/unitree_go/msg/_path_point.py'...
[23.579s] Compiling '/root/ros2_ws/src/install/unitree_go/local/lib/python3.10/dist-packages/unitree_go/msg/_req.py'...
[23.579s] Compiling '/root/ros2_ws/src/install/unitree_go/local/lib/python3.10/dist-packages/unitree_go/msg/_res.py'...
[23.579s] Compiling '/root/ros2_ws/src/install/unitree_go/local/lib/python3.10/dist-packages/unitree_go/msg/_sport_mode_cmd.py'...
[23.583s] Compiling '/root/ros2_ws/src/install/unitree_go/local/lib/python3.10/dist-packages/unitree_go/msg/_sport_mode_state.py'...
[23.583s] Compiling '/root/ros2_ws/src/install/unitree_go/local/lib/python3.10/dist-packages/unitree_go/msg/_time_spec.py'...
[23.583s] Compiling '/root/ros2_ws/src/install/unitree_go/local/lib/python3.10/dist-packages/unitree_go/msg/_uwb_state.py'...
[23.583s] Compiling '/root/ros2_ws/src/install/unitree_go/local/lib/python3.10/dist-packages/unitree_go/msg/_uwb_switch.py'...
[23.583s] Compiling '/root/ros2_ws/src/install/unitree_go/local/lib/python3.10/dist-packages/unitree_go/msg/_wireless_controller.py'...
[23.594s] -- Installing: /root/ros2_ws/src/install/unitree_go/local/lib/python3.10/dist-packages/unitree_go/unitree_go_s__rosidl_typesupport_fastrtps_c.cpython-310-x86_64-linux-gnu.so
[23.594s] -- Set runtime path of "/root/ros2_ws/src/install/unitree_go/local/lib/python3.10/dist-packages/unitree_go/unitree_go_s__rosidl_typesupport_fastrtps_c.cpython-310-x86_64-linux-gnu.so" to ""
[23.594s] -- Installing: /root/ros2_ws/src/install/unitree_go/local/lib/python3.10/dist-packages/unitree_go/unitree_go_s__rosidl_typesupport_introspection_c.cpython-310-x86_64-linux-gnu.so
[23.595s] -- Set runtime path of "/root/ros2_ws/src/install/unitree_go/local/lib/python3.10/dist-packages/unitree_go/unitree_go_s__rosidl_typesupport_introspection_c.cpython-310-x86_64-linux-gnu.so" to ""
[23.595s] -- Installing: /root/ros2_ws/src/install/unitree_go/local/lib/python3.10/dist-packages/unitree_go/unitree_go_s__rosidl_typesupport_c.cpython-310-x86_64-linux-gnu.so
[23.601s] -- Set runtime path of "/root/ros2_ws/src/install/unitree_go/local/lib/python3.10/dist-packages/unitree_go/unitree_go_s__rosidl_typesupport_c.cpython-310-x86_64-linux-gnu.so" to ""
[23.601s] -- Installing: /root/ros2_ws/src/install/unitree_go/lib/libunitree_go__rosidl_generator_py.so
[23.601s] -- Set runtime path of "/root/ros2_ws/src/install/unitree_go/lib/libunitree_go__rosidl_generator_py.so" to ""
[23.601s] -- Installing: /root/ros2_ws/src/install/unitree_go/share/unitree_go/msg/AudioData.idl
[23.602s] -- Installing: /root/ros2_ws/src/install/unitree_go/share/unitree_go/msg/BmsCmd.idl
[23.605s] -- Installing: /root/ros2_ws/src/install/unitree_go/share/unitree_go/msg/BmsState.idl
[23.605s] -- Installing: /root/ros2_ws/src/install/unitree_go/share/unitree_go/msg/Error.idl
[23.606s] -- Installing: /root/ros2_ws/src/install/unitree_go/share/unitree_go/msg/Go2FrontVideoData.idl
[23.606s] -- Installing: /root/ros2_ws/src/install/unitree_go/share/unitree_go/msg/HeightMap.idl
[23.606s] -- Installing: /root/ros2_ws/src/install/unitree_go/share/unitree_go/msg/IMUState.idl
[23.606s] -- Installing: /root/ros2_ws/src/install/unitree_go/share/unitree_go/msg/InterfaceConfig.idl
[23.612s] -- Installing: /root/ros2_ws/src/install/unitree_go/share/unitree_go/msg/LidarState.idl
[23.612s] -- Installing: /root/ros2_ws/src/install/unitree_go/share/unitree_go/msg/LowCmd.idl
[23.612s] -- Installing: /root/ros2_ws/src/install/unitree_go/share/unitree_go/msg/LowState.idl
[23.612s] -- Installing: /root/ros2_ws/src/install/unitree_go/share/unitree_go/msg/MotorCmd.idl
[23.613s] -- Installing: /root/ros2_ws/src/install/unitree_go/share/unitree_go/msg/MotorState.idl
[23.613s] -- Installing: /root/ros2_ws/src/install/unitree_go/share/unitree_go/msg/PathPoint.idl
[23.615s] -- Installing: /root/ros2_ws/src/install/unitree_go/share/unitree_go/msg/Req.idl
[23.615s] -- Installing: /root/ros2_ws/src/install/unitree_go/share/unitree_go/msg/Res.idl
[23.616s] -- Installing: /root/ros2_ws/src/install/unitree_go/share/unitree_go/msg/SportModeCmd.idl
[23.616s] -- Installing: /root/ros2_ws/src/install/unitree_go/share/unitree_go/msg/SportModeState.idl
[23.616s] -- Installing: /root/ros2_ws/src/install/unitree_go/share/unitree_go/msg/TimeSpec.idl
[23.617s] -- Installing: /root/ros2_ws/src/install/unitree_go/share/unitree_go/msg/UwbState.idl
[23.617s] -- Installing: /root/ros2_ws/src/install/unitree_go/share/unitree_go/msg/UwbSwitch.idl
[23.620s] -- Installing: /root/ros2_ws/src/install/unitree_go/share/unitree_go/msg/WirelessController.idl
[23.620s] -- Installing: /root/ros2_ws/src/install/unitree_go/share/unitree_go/msg/AudioData.msg
[23.627s] -- Installing: /root/ros2_ws/src/install/unitree_go/share/unitree_go/msg/BmsCmd.msg
[23.627s] -- Installing: /root/ros2_ws/src/install/unitree_go/share/unitree_go/msg/BmsState.msg
[23.627s] -- Installing: /root/ros2_ws/src/install/unitree_go/share/unitree_go/msg/Error.msg
[23.627s] -- Installing: /root/ros2_ws/src/install/unitree_go/share/unitree_go/msg/Go2FrontVideoData.msg
[23.627s] -- Installing: /root/ros2_ws/src/install/unitree_go/share/unitree_go/msg/HeightMap.msg
[23.627s] -- Installing: /root/ros2_ws/src/install/unitree_go/share/unitree_go/msg/IMUState.msg
[23.629s] -- Installing: /root/ros2_ws/src/install/unitree_go/share/unitree_go/msg/InterfaceConfig.msg
[23.629s] -- Installing: /root/ros2_ws/src/install/unitree_go/share/unitree_go/msg/LidarState.msg
[23.630s] -- Installing: /root/ros2_ws/src/install/unitree_go/share/unitree_go/msg/LowCmd.msg
[23.630s] -- Installing: /root/ros2_ws/src/install/unitree_go/share/unitree_go/msg/LowState.msg
[23.631s] -- Installing: /root/ros2_ws/src/install/unitree_go/share/unitree_go/msg/MotorCmd.msg
[23.634s] -- Installing: /root/ros2_ws/src/install/unitree_go/share/unitree_go/msg/MotorState.msg
[23.640s] -- Installing: /root/ros2_ws/src/install/unitree_go/share/unitree_go/msg/PathPoint.msg
[23.640s] -- Installing: /root/ros2_ws/src/install/unitree_go/share/unitree_go/msg/Req.msg
[23.640s] -- Installing: /root/ros2_ws/src/install/unitree_go/share/unitree_go/msg/Res.msg
[23.641s] -- Installing: /root/ros2_ws/src/install/unitree_go/share/unitree_go/msg/SportModeCmd.msg
[23.641s] -- Installing: /root/ros2_ws/src/install/unitree_go/share/unitree_go/msg/SportModeState.msg
[23.641s] -- Installing: /root/ros2_ws/src/install/unitree_go/share/unitree_go/msg/TimeSpec.msg
[23.641s] -- Installing: /root/ros2_ws/src/install/unitree_go/share/unitree_go/msg/UwbState.msg
[23.641s] -- Installing: /root/ros2_ws/src/install/unitree_go/share/unitree_go/msg/UwbSwitch.msg
[23.641s] -- Installing: /root/ros2_ws/src/install/unitree_go/share/unitree_go/msg/WirelessController.msg
[23.644s] -- Installing: /root/ros2_ws/src/install/unitree_go/share/unitree_go/msg/dds_connext
[23.644s] -- Installing: /root/ros2_ws/src/install/unitree_go/share/unitree_go/msg/dds_connext/Error_.idl
[23.644s] -- Installing: /root/ros2_ws/src/install/unitree_go/share/unitree_go/msg/dds_connext/InterfaceConfig_.idl
[23.644s] -- Installing: /root/ros2_ws/src/install/unitree_go/share/unitree_go/msg/dds_connext/LowState_.idl
[23.644s] -- Installing: /root/ros2_ws/src/install/unitree_go/share/unitree_go/msg/dds_connext/MotorState_.idl
[23.644s] -- Installing: /root/ros2_ws/src/install/unitree_go/share/unitree_go/msg/dds_connext/UwbSwitch_.idl
[23.646s] -- Installing: /root/ros2_ws/src/install/unitree_go/share/unitree_go/msg/dds_connext/LowCmd_.idl
[23.647s] -- Installing: /root/ros2_ws/src/install/unitree_go/share/unitree_go/msg/dds_connext/Req_.idl
[23.647s] -- Installing: /root/ros2_ws/src/install/unitree_go/share/unitree_go/msg/dds_connext/PathPoint_.idl
[23.647s] -- Installing: /root/ros2_ws/src/install/unitree_go/share/unitree_go/msg/dds_connext/IMUState_.idl
[23.648s] -- Installing: /root/ros2_ws/src/install/unitree_go/share/unitree_go/msg/dds_connext/TimeSpec_.idl
[23.648s] -- Installing: /root/ros2_ws/src/install/unitree_go/share/unitree_go/msg/dds_connext/HeightMap_.idl
[23.648s] -- Installing: /root/ros2_ws/src/install/unitree_go/share/unitree_go/msg/dds_connext/Go2FrontVideoData_.idl
[23.648s] -- Installing: /root/ros2_ws/src/install/unitree_go/share/unitree_go/msg/dds_connext/UwbState_.idl
[23.648s] -- Installing: /root/ros2_ws/src/install/unitree_go/share/unitree_go/msg/dds_connext/BmsState_.idl
[23.648s] -- Installing: /root/ros2_ws/src/install/unitree_go/share/unitree_go/msg/dds_connext/MotorCmd_.idl
[23.653s] -- Installing: /root/ros2_ws/src/install/unitree_go/share/unitree_go/msg/dds_connext/BmsCmd_.idl
[23.661s] -- Installing: /root/ros2_ws/src/install/unitree_go/share/unitree_go/msg/dds_connext/WirelessController_.idl
[23.661s] -- Installing: /root/ros2_ws/src/install/unitree_go/share/unitree_go/msg/dds_connext/LidarState_.idl
[23.661s] -- Installing: /root/ros2_ws/src/install/unitree_go/share/unitree_go/msg/dds_connext/AudioData_.idl
[23.662s] -- Installing: /root/ros2_ws/src/install/unitree_go/share/unitree_go/msg/dds_connext/SportModeCmd_.idl
[23.662s] -- Installing: /root/ros2_ws/src/install/unitree_go/share/unitree_go/msg/dds_connext/SportModeState_.idl
[23.662s] -- Installing: /root/ros2_ws/src/install/unitree_go/share/unitree_go/msg/dds_connext/Res_.idl
[23.662s] -- Installing: /root/ros2_ws/src/install/unitree_go/share/ament_index/resource_index/package_run_dependencies/unitree_go
[23.662s] -- Installing: /root/ros2_ws/src/install/unitree_go/share/ament_index/resource_index/parent_prefix_path/unitree_go
[23.662s] -- Installing: /root/ros2_ws/src/install/unitree_go/share/unitree_go/environment/ament_prefix_path.sh
[23.662s] -- Installing: /root/ros2_ws/src/install/unitree_go/share/unitree_go/environment/ament_prefix_path.dsv
[23.662s] -- Installing: /root/ros2_ws/src/install/unitree_go/share/unitree_go/environment/path.sh
[23.662s] -- Installing: /root/ros2_ws/src/install/unitree_go/share/unitree_go/environment/path.dsv
[23.663s] -- Installing: /root/ros2_ws/src/install/unitree_go/share/unitree_go/local_setup.bash
[23.664s] -- Installing: /root/ros2_ws/src/install/unitree_go/share/unitree_go/local_setup.sh
[23.664s] -- Installing: /root/ros2_ws/src/install/unitree_go/share/unitree_go/local_setup.zsh
[23.667s] -- Installing: /root/ros2_ws/src/install/unitree_go/share/unitree_go/local_setup.dsv
[23.667s] -- Installing: /root/ros2_ws/src/install/unitree_go/share/unitree_go/package.dsv
[23.667s] -- Installing: /root/ros2_ws/src/install/unitree_go/share/ament_index/resource_index/packages/unitree_go
[23.672s] -- Installing: /root/ros2_ws/src/install/unitree_go/share/unitree_go/cmake/export_unitree_go__rosidl_generator_cExport.cmake
[23.673s] -- Installing: /root/ros2_ws/src/install/unitree_go/share/unitree_go/cmake/export_unitree_go__rosidl_generator_cExport-noconfig.cmake
[23.678s] -- Installing: /root/ros2_ws/src/install/unitree_go/share/unitree_go/cmake/export_unitree_go__rosidl_typesupport_fastrtps_cExport.cmake
[23.678s] -- Installing: /root/ros2_ws/src/install/unitree_go/share/unitree_go/cmake/export_unitree_go__rosidl_typesupport_fastrtps_cExport-noconfig.cmake
[23.678s] -- Installing: /root/ros2_ws/src/install/unitree_go/share/unitree_go/cmake/export_unitree_go__rosidl_generator_cppExport.cmake
[23.678s] -- Installing: /root/ros2_ws/src/install/unitree_go/share/unitree_go/cmake/export_unitree_go__rosidl_typesupport_fastrtps_cppExport.cmake
[23.678s] -- Installing: /root/ros2_ws/src/install/unitree_go/share/unitree_go/cmake/export_unitree_go__rosidl_typesupport_fastrtps_cppExport-noconfig.cmake
[23.678s] -- Installing: /root/ros2_ws/src/install/unitree_go/share/unitree_go/cmake/unitree_go__rosidl_typesupport_introspection_cExport.cmake
[23.680s] -- Installing: /root/ros2_ws/src/install/unitree_go/share/unitree_go/cmake/unitree_go__rosidl_typesupport_introspection_cExport-noconfig.cmake
[23.681s] -- Installing: /root/ros2_ws/src/install/unitree_go/share/unitree_go/cmake/unitree_go__rosidl_typesupport_cExport.cmake
[23.681s] -- Installing: /root/ros2_ws/src/install/unitree_go/share/unitree_go/cmake/unitree_go__rosidl_typesupport_cExport-noconfig.cmake
[23.686s] -- Installing: /root/ros2_ws/src/install/unitree_go/share/unitree_go/cmake/unitree_go__rosidl_typesupport_introspection_cppExport.cmake
[23.686s] -- Installing: /root/ros2_ws/src/install/unitree_go/share/unitree_go/cmake/unitree_go__rosidl_typesupport_introspection_cppExport-noconfig.cmake
[23.686s] -- Installing: /root/ros2_ws/src/install/unitree_go/share/unitree_go/cmake/unitree_go__rosidl_typesupport_cppExport.cmake
[23.686s] -- Installing: /root/ros2_ws/src/install/unitree_go/share/unitree_go/cmake/unitree_go__rosidl_typesupport_cppExport-noconfig.cmake
[23.687s] -- Installing: /root/ros2_ws/src/install/unitree_go/share/unitree_go/cmake/export_unitree_go__rosidl_generator_pyExport.cmake
[23.687s] -- Installing: /root/ros2_ws/src/install/unitree_go/share/unitree_go/cmake/export_unitree_go__rosidl_generator_pyExport-noconfig.cmake
[23.693s] -- Installing: /root/ros2_ws/src/install/unitree_go/share/unitree_go/cmake/rosidl_cmake-extras.cmake
[23.693s] -- Installing: /root/ros2_ws/src/install/unitree_go/share/unitree_go/cmake/ament_cmake_export_dependencies-extras.cmake
[23.693s] -- Installing: /root/ros2_ws/src/install/unitree_go/share/unitree_go/cmake/ament_cmake_export_include_directories-extras.cmake
[23.694s] -- Installing: /root/ros2_ws/src/install/unitree_go/share/unitree_go/cmake/ament_cmake_export_libraries-extras.cmake
[23.695s] -- Installing: /root/ros2_ws/src/install/unitree_go/share/unitree_go/cmake/ament_cmake_export_targets-extras.cmake
[23.695s] -- Installing: /root/ros2_ws/src/install/unitree_go/share/unitree_go/cmake/rosidl_cmake_export_typesupport_targets-extras.cmake
[23.695s] -- Installing: /root/ros2_ws/src/install/unitree_go/share/unitree_go/cmake/rosidl_cmake_export_typesupport_libraries-extras.cmake
[23.701s] -- Installing: /root/ros2_ws/src/install/unitree_go/share/unitree_go/cmake/unitree_goConfig.cmake
[23.701s] -- Installing: /root/ros2_ws/src/install/unitree_go/share/unitree_go/cmake/unitree_goConfig-version.cmake
[23.701s] -- Installing: /root/ros2_ws/src/install/unitree_go/share/unitree_go/package.xml
[23.726s] Invoked command in '/root/ros2_ws/src/build/unitree_go' returned '0': CMAKE_PREFIX_PATH=/opt/ros/humble /usr/bin/cmake --install /root/ros2_ws/src/build/unitree_go
