[0.047s] DEBUG:colcon:Command line arguments: ['/usr/bin/colcon', 'build', '--cmake-args', '-DROS_EDITION=ROS2', '-DHUMBLE_ROS=humble']
[0.047s] DEBUG:colcon:Parsed command line arguments: Namespace(log_base=None, log_level=None, verb_name='build', build_base='build', install_base='install', merge_install=False, symlink_install=False, test_result_base=None, continue_on_error=False, executor='parallel', parallel_workers=24, event_handlers=None, ignore_user_meta=False, metas=['./colcon.meta'], base_paths=['.'], packages_ignore=None, packages_ignore_regex=None, paths=None, packages_up_to=None, packages_up_to_regex=None, packages_above=None, packages_above_and_dependencies=None, packages_above_depth=None, packages_select_by_dep=None, packages_skip_by_dep=None, packages_skip_up_to=None, packages_select_build_failed=False, packages_skip_build_finished=False, packages_select_test_failures=False, packages_skip_test_passed=False, packages_select=None, packages_skip=None, packages_select_regex=None, packages_skip_regex=None, packages_start=None, packages_end=None, cmake_args=['-DROS_EDITION=ROS2', '-DHUMBLE_ROS=humble'], cmake_target=None, cmake_target_skip_unavailable=False, cmake_clean_cache=False, cmake_clean_first=False, cmake_force_configure=False, ament_cmake_args=None, catkin_cmake_args=None, catkin_skip_building_tests=False, mixin_files=None, mixin=None, verb_parser=<colcon_mixin.mixin.mixin_argument.MixinArgumentDecorator object at 0x792f63bf6650>, verb_extension=<colcon_core.verb.build.BuildVerb object at 0x792f63bf5fc0>, main=<bound method BuildVerb.main of <colcon_core.verb.build.BuildVerb object at 0x792f63bf5fc0>>, mixin_verb=('build',))
[0.109s] Level 1:colcon.colcon_core.package_discovery:discover_packages(colcon_meta) check parameters
[0.110s] INFO:colcon.colcon_metadata.package_discovery.colcon_meta:Using configuration from '/root/.colcon/metadata/default/Gazebo.meta'
[0.110s] INFO:colcon.colcon_metadata.package_discovery.colcon_meta:Using configuration from '/root/.colcon/metadata/default/fastdds.meta'
[0.110s] INFO:colcon.colcon_metadata.package_discovery.colcon_meta:Using configuration from '/root/.colcon/metadata/default/fastrtps.meta'
[0.110s] Level 1:colcon.colcon_core.package_discovery:discover_packages(recursive) check parameters
[0.110s] Level 1:colcon.colcon_core.package_discovery:discover_packages(ignore) check parameters
[0.110s] Level 1:colcon.colcon_core.package_discovery:discover_packages(path) check parameters
[0.110s] Level 1:colcon.colcon_core.package_discovery:discover_packages(colcon_meta) discover
[0.110s] Level 1:colcon.colcon_core.package_discovery:discover_packages(recursive) discover
[0.110s] INFO:colcon.colcon_core.package_discovery:Crawling recursively for packages in '/root/ros2_ws/src'
[0.110s] Level 1:colcon.colcon_core.package_identification:_identify(.) by extensions ['ignore', 'ignore_ament_install']
[0.110s] Level 1:colcon.colcon_core.package_identification:_identify(.) by extension 'ignore'
[0.110s] Level 1:colcon.colcon_core.package_identification:_identify(.) by extension 'ignore_ament_install'
[0.110s] Level 1:colcon.colcon_core.package_identification:_identify(.) by extensions ['colcon_pkg']
[0.110s] Level 1:colcon.colcon_core.package_identification:_identify(.) by extension 'colcon_pkg'
[0.110s] Level 1:colcon.colcon_core.package_identification:_identify(.) by extensions ['colcon_meta']
[0.110s] Level 1:colcon.colcon_core.package_identification:_identify(.) by extension 'colcon_meta'
[0.110s] Level 1:colcon.colcon_core.package_identification:_identify(.) by extensions ['ros']
[0.110s] Level 1:colcon.colcon_core.package_identification:_identify(.) by extension 'ros'
[0.115s] Level 1:colcon.colcon_core.package_identification:_identify(.) by extensions ['cmake', 'python']
[0.115s] Level 1:colcon.colcon_core.package_identification:_identify(.) by extension 'cmake'
[0.115s] Level 1:colcon.colcon_core.package_identification:_identify(.) by extension 'python'
[0.115s] Level 1:colcon.colcon_core.package_identification:_identify(.) by extensions ['python_setup_py']
[0.115s] Level 1:colcon.colcon_core.package_identification:_identify(.) by extension 'python_setup_py'
[0.115s] Level 1:colcon.colcon_core.package_identification:_identify(base_autonomy) by extensions ['ignore', 'ignore_ament_install']
[0.115s] Level 1:colcon.colcon_core.package_identification:_identify(base_autonomy) by extension 'ignore'
[0.115s] Level 1:colcon.colcon_core.package_identification:_identify(base_autonomy) by extension 'ignore_ament_install'
[0.115s] Level 1:colcon.colcon_core.package_identification:_identify(base_autonomy) by extensions ['colcon_pkg']
[0.115s] Level 1:colcon.colcon_core.package_identification:_identify(base_autonomy) by extension 'colcon_pkg'
[0.115s] Level 1:colcon.colcon_core.package_identification:_identify(base_autonomy) by extensions ['colcon_meta']
[0.115s] Level 1:colcon.colcon_core.package_identification:_identify(base_autonomy) by extension 'colcon_meta'
[0.115s] Level 1:colcon.colcon_core.package_identification:_identify(base_autonomy) by extensions ['ros']
[0.115s] Level 1:colcon.colcon_core.package_identification:_identify(base_autonomy) by extension 'ros'
[0.115s] Level 1:colcon.colcon_core.package_identification:_identify(base_autonomy) by extensions ['cmake', 'python']
[0.115s] Level 1:colcon.colcon_core.package_identification:_identify(base_autonomy) by extension 'cmake'
[0.115s] Level 1:colcon.colcon_core.package_identification:_identify(base_autonomy) by extension 'python'
[0.115s] Level 1:colcon.colcon_core.package_identification:_identify(base_autonomy) by extensions ['python_setup_py']
[0.115s] Level 1:colcon.colcon_core.package_identification:_identify(base_autonomy) by extension 'python_setup_py'
[0.115s] Level 1:colcon.colcon_core.package_identification:_identify(base_autonomy/local_planner) by extensions ['ignore', 'ignore_ament_install']
[0.115s] Level 1:colcon.colcon_core.package_identification:_identify(base_autonomy/local_planner) by extension 'ignore'
[0.115s] Level 1:colcon.colcon_core.package_identification:_identify(base_autonomy/local_planner) by extension 'ignore_ament_install'
[0.115s] Level 1:colcon.colcon_core.package_identification:_identify(base_autonomy/local_planner) by extensions ['colcon_pkg']
[0.115s] Level 1:colcon.colcon_core.package_identification:_identify(base_autonomy/local_planner) by extension 'colcon_pkg'
[0.115s] Level 1:colcon.colcon_core.package_identification:_identify(base_autonomy/local_planner) by extensions ['colcon_meta']
[0.115s] Level 1:colcon.colcon_core.package_identification:_identify(base_autonomy/local_planner) by extension 'colcon_meta'
[0.115s] Level 1:colcon.colcon_core.package_identification:_identify(base_autonomy/local_planner) by extensions ['ros']
[0.115s] Level 1:colcon.colcon_core.package_identification:_identify(base_autonomy/local_planner) by extension 'ros'
[0.117s] DEBUG:colcon.colcon_core.package_identification:Package 'base_autonomy/local_planner' with type 'ros.ament_cmake' and name 'local_planner'
[0.117s] Level 1:colcon.colcon_core.package_identification:_identify(base_autonomy/sensor_scan_generation) by extensions ['ignore', 'ignore_ament_install']
[0.117s] Level 1:colcon.colcon_core.package_identification:_identify(base_autonomy/sensor_scan_generation) by extension 'ignore'
[0.117s] Level 1:colcon.colcon_core.package_identification:_identify(base_autonomy/sensor_scan_generation) by extension 'ignore_ament_install'
[0.117s] Level 1:colcon.colcon_core.package_identification:_identify(base_autonomy/sensor_scan_generation) by extensions ['colcon_pkg']
[0.117s] Level 1:colcon.colcon_core.package_identification:_identify(base_autonomy/sensor_scan_generation) by extension 'colcon_pkg'
[0.117s] Level 1:colcon.colcon_core.package_identification:_identify(base_autonomy/sensor_scan_generation) by extensions ['colcon_meta']
[0.117s] Level 1:colcon.colcon_core.package_identification:_identify(base_autonomy/sensor_scan_generation) by extension 'colcon_meta'
[0.117s] Level 1:colcon.colcon_core.package_identification:_identify(base_autonomy/sensor_scan_generation) by extensions ['ros']
[0.117s] Level 1:colcon.colcon_core.package_identification:_identify(base_autonomy/sensor_scan_generation) by extension 'ros'
[0.117s] DEBUG:colcon.colcon_core.package_identification:Package 'base_autonomy/sensor_scan_generation' with type 'ros.ament_cmake' and name 'sensor_scan_generation'
[0.117s] Level 1:colcon.colcon_core.package_identification:_identify(base_autonomy/terrain_analysis) by extensions ['ignore', 'ignore_ament_install']
[0.117s] Level 1:colcon.colcon_core.package_identification:_identify(base_autonomy/terrain_analysis) by extension 'ignore'
[0.117s] Level 1:colcon.colcon_core.package_identification:_identify(base_autonomy/terrain_analysis) by extension 'ignore_ament_install'
[0.117s] Level 1:colcon.colcon_core.package_identification:_identify(base_autonomy/terrain_analysis) by extensions ['colcon_pkg']
[0.117s] Level 1:colcon.colcon_core.package_identification:_identify(base_autonomy/terrain_analysis) by extension 'colcon_pkg'
[0.117s] Level 1:colcon.colcon_core.package_identification:_identify(base_autonomy/terrain_analysis) by extensions ['colcon_meta']
[0.117s] Level 1:colcon.colcon_core.package_identification:_identify(base_autonomy/terrain_analysis) by extension 'colcon_meta'
[0.117s] Level 1:colcon.colcon_core.package_identification:_identify(base_autonomy/terrain_analysis) by extensions ['ros']
[0.117s] Level 1:colcon.colcon_core.package_identification:_identify(base_autonomy/terrain_analysis) by extension 'ros'
[0.118s] DEBUG:colcon.colcon_core.package_identification:Package 'base_autonomy/terrain_analysis' with type 'ros.ament_cmake' and name 'terrain_analysis'
[0.118s] Level 1:colcon.colcon_core.package_identification:_identify(base_autonomy/terrain_analysis_ext) by extensions ['ignore', 'ignore_ament_install']
[0.118s] Level 1:colcon.colcon_core.package_identification:_identify(base_autonomy/terrain_analysis_ext) by extension 'ignore'
[0.118s] Level 1:colcon.colcon_core.package_identification:_identify(base_autonomy/terrain_analysis_ext) by extension 'ignore_ament_install'
[0.118s] Level 1:colcon.colcon_core.package_identification:_identify(base_autonomy/terrain_analysis_ext) by extensions ['colcon_pkg']
[0.118s] Level 1:colcon.colcon_core.package_identification:_identify(base_autonomy/terrain_analysis_ext) by extension 'colcon_pkg'
[0.118s] Level 1:colcon.colcon_core.package_identification:_identify(base_autonomy/terrain_analysis_ext) by extensions ['colcon_meta']
[0.118s] Level 1:colcon.colcon_core.package_identification:_identify(base_autonomy/terrain_analysis_ext) by extension 'colcon_meta'
[0.118s] Level 1:colcon.colcon_core.package_identification:_identify(base_autonomy/terrain_analysis_ext) by extensions ['ros']
[0.118s] Level 1:colcon.colcon_core.package_identification:_identify(base_autonomy/terrain_analysis_ext) by extension 'ros'
[0.119s] DEBUG:colcon.colcon_core.package_identification:Package 'base_autonomy/terrain_analysis_ext' with type 'ros.ament_cmake' and name 'terrain_analysis_ext'
[0.119s] Level 1:colcon.colcon_core.package_identification:_identify(base_autonomy/vehicle_simulator) by extensions ['ignore', 'ignore_ament_install']
[0.119s] Level 1:colcon.colcon_core.package_identification:_identify(base_autonomy/vehicle_simulator) by extension 'ignore'
[0.119s] Level 1:colcon.colcon_core.package_identification:_identify(base_autonomy/vehicle_simulator) by extension 'ignore_ament_install'
[0.119s] Level 1:colcon.colcon_core.package_identification:_identify(base_autonomy/vehicle_simulator) by extensions ['colcon_pkg']
[0.119s] Level 1:colcon.colcon_core.package_identification:_identify(base_autonomy/vehicle_simulator) by extension 'colcon_pkg'
[0.119s] Level 1:colcon.colcon_core.package_identification:_identify(base_autonomy/vehicle_simulator) by extensions ['colcon_meta']
[0.119s] Level 1:colcon.colcon_core.package_identification:_identify(base_autonomy/vehicle_simulator) by extension 'colcon_meta'
[0.119s] Level 1:colcon.colcon_core.package_identification:_identify(base_autonomy/vehicle_simulator) by extensions ['ros']
[0.119s] Level 1:colcon.colcon_core.package_identification:_identify(base_autonomy/vehicle_simulator) by extension 'ros'
[0.119s] DEBUG:colcon.colcon_core.package_identification:Package 'base_autonomy/vehicle_simulator' with type 'ros.ament_cmake' and name 'vehicle_simulator'
[0.119s] Level 1:colcon.colcon_core.package_identification:_identify(base_autonomy/visualization_tools) by extensions ['ignore', 'ignore_ament_install']
[0.119s] Level 1:colcon.colcon_core.package_identification:_identify(base_autonomy/visualization_tools) by extension 'ignore'
[0.119s] Level 1:colcon.colcon_core.package_identification:_identify(base_autonomy/visualization_tools) by extension 'ignore_ament_install'
[0.119s] Level 1:colcon.colcon_core.package_identification:_identify(base_autonomy/visualization_tools) by extensions ['colcon_pkg']
[0.119s] Level 1:colcon.colcon_core.package_identification:_identify(base_autonomy/visualization_tools) by extension 'colcon_pkg'
[0.120s] Level 1:colcon.colcon_core.package_identification:_identify(base_autonomy/visualization_tools) by extensions ['colcon_meta']
[0.120s] Level 1:colcon.colcon_core.package_identification:_identify(base_autonomy/visualization_tools) by extension 'colcon_meta'
[0.120s] Level 1:colcon.colcon_core.package_identification:_identify(base_autonomy/visualization_tools) by extensions ['ros']
[0.120s] Level 1:colcon.colcon_core.package_identification:_identify(base_autonomy/visualization_tools) by extension 'ros'
[0.120s] DEBUG:colcon.colcon_core.package_identification:Package 'base_autonomy/visualization_tools' with type 'ros.ament_cmake' and name 'visualization_tools'
[0.120s] Level 1:colcon.colcon_core.package_identification:_identify(base_autonomy/waypoint_example) by extensions ['ignore', 'ignore_ament_install']
[0.120s] Level 1:colcon.colcon_core.package_identification:_identify(base_autonomy/waypoint_example) by extension 'ignore'
[0.120s] Level 1:colcon.colcon_core.package_identification:_identify(base_autonomy/waypoint_example) by extension 'ignore_ament_install'
[0.120s] Level 1:colcon.colcon_core.package_identification:_identify(base_autonomy/waypoint_example) by extensions ['colcon_pkg']
[0.120s] Level 1:colcon.colcon_core.package_identification:_identify(base_autonomy/waypoint_example) by extension 'colcon_pkg'
[0.120s] Level 1:colcon.colcon_core.package_identification:_identify(base_autonomy/waypoint_example) by extensions ['colcon_meta']
[0.120s] Level 1:colcon.colcon_core.package_identification:_identify(base_autonomy/waypoint_example) by extension 'colcon_meta'
[0.120s] Level 1:colcon.colcon_core.package_identification:_identify(base_autonomy/waypoint_example) by extensions ['ros']
[0.120s] Level 1:colcon.colcon_core.package_identification:_identify(base_autonomy/waypoint_example) by extension 'ros'
[0.124s] DEBUG:colcon.colcon_core.package_identification:Package 'base_autonomy/waypoint_example' with type 'ros.ament_cmake' and name 'waypoint_example'
[0.124s] Level 1:colcon.colcon_core.package_identification:_identify(build) by extensions ['ignore', 'ignore_ament_install']
[0.124s] Level 1:colcon.colcon_core.package_identification:_identify(build) by extension 'ignore'
[0.124s] Level 1:colcon.colcon_core.package_identification:_identify(build) ignored
[0.124s] Level 1:colcon.colcon_core.package_identification:_identify(install) by extensions ['ignore', 'ignore_ament_install']
[0.124s] Level 1:colcon.colcon_core.package_identification:_identify(install) by extension 'ignore'
[0.124s] Level 1:colcon.colcon_core.package_identification:_identify(install) ignored
[0.124s] Level 1:colcon.colcon_core.package_identification:_identify(log) by extensions ['ignore', 'ignore_ament_install']
[0.124s] Level 1:colcon.colcon_core.package_identification:_identify(log) by extension 'ignore'
[0.124s] Level 1:colcon.colcon_core.package_identification:_identify(log) ignored
[0.125s] Level 1:colcon.colcon_core.package_identification:_identify(route_planner) by extensions ['ignore', 'ignore_ament_install']
[0.125s] Level 1:colcon.colcon_core.package_identification:_identify(route_planner) by extension 'ignore'
[0.125s] Level 1:colcon.colcon_core.package_identification:_identify(route_planner) by extension 'ignore_ament_install'
[0.125s] Level 1:colcon.colcon_core.package_identification:_identify(route_planner) by extensions ['colcon_pkg']
[0.125s] Level 1:colcon.colcon_core.package_identification:_identify(route_planner) by extension 'colcon_pkg'
[0.125s] Level 1:colcon.colcon_core.package_identification:_identify(route_planner) by extensions ['colcon_meta']
[0.125s] Level 1:colcon.colcon_core.package_identification:_identify(route_planner) by extension 'colcon_meta'
[0.125s] Level 1:colcon.colcon_core.package_identification:_identify(route_planner) by extensions ['ros']
[0.125s] Level 1:colcon.colcon_core.package_identification:_identify(route_planner) by extension 'ros'
[0.125s] Level 1:colcon.colcon_core.package_identification:_identify(route_planner) by extensions ['cmake', 'python']
[0.125s] Level 1:colcon.colcon_core.package_identification:_identify(route_planner) by extension 'cmake'
[0.125s] Level 1:colcon.colcon_core.package_identification:_identify(route_planner) by extension 'python'
[0.125s] Level 1:colcon.colcon_core.package_identification:_identify(route_planner) by extensions ['python_setup_py']
[0.125s] Level 1:colcon.colcon_core.package_identification:_identify(route_planner) by extension 'python_setup_py'
[0.125s] Level 1:colcon.colcon_core.package_identification:_identify(route_planner/boundary_handler) by extensions ['ignore', 'ignore_ament_install']
[0.125s] Level 1:colcon.colcon_core.package_identification:_identify(route_planner/boundary_handler) by extension 'ignore'
[0.125s] Level 1:colcon.colcon_core.package_identification:_identify(route_planner/boundary_handler) by extension 'ignore_ament_install'
[0.125s] Level 1:colcon.colcon_core.package_identification:_identify(route_planner/boundary_handler) by extensions ['colcon_pkg']
[0.125s] Level 1:colcon.colcon_core.package_identification:_identify(route_planner/boundary_handler) by extension 'colcon_pkg'
[0.125s] Level 1:colcon.colcon_core.package_identification:_identify(route_planner/boundary_handler) by extensions ['colcon_meta']
[0.125s] Level 1:colcon.colcon_core.package_identification:_identify(route_planner/boundary_handler) by extension 'colcon_meta'
[0.125s] Level 1:colcon.colcon_core.package_identification:_identify(route_planner/boundary_handler) by extensions ['ros']
[0.125s] Level 1:colcon.colcon_core.package_identification:_identify(route_planner/boundary_handler) by extension 'ros'
[0.125s] DEBUG:colcon.colcon_core.package_identification:Package 'route_planner/boundary_handler' with type 'ros.ament_cmake' and name 'boundary_handler'
[0.125s] Level 1:colcon.colcon_core.package_identification:_identify(route_planner/far_planner) by extensions ['ignore', 'ignore_ament_install']
[0.125s] Level 1:colcon.colcon_core.package_identification:_identify(route_planner/far_planner) by extension 'ignore'
[0.125s] Level 1:colcon.colcon_core.package_identification:_identify(route_planner/far_planner) by extension 'ignore_ament_install'
[0.125s] Level 1:colcon.colcon_core.package_identification:_identify(route_planner/far_planner) by extensions ['colcon_pkg']
[0.125s] Level 1:colcon.colcon_core.package_identification:_identify(route_planner/far_planner) by extension 'colcon_pkg'
[0.125s] Level 1:colcon.colcon_core.package_identification:_identify(route_planner/far_planner) by extensions ['colcon_meta']
[0.125s] Level 1:colcon.colcon_core.package_identification:_identify(route_planner/far_planner) by extension 'colcon_meta'
[0.125s] Level 1:colcon.colcon_core.package_identification:_identify(route_planner/far_planner) by extensions ['ros']
[0.125s] Level 1:colcon.colcon_core.package_identification:_identify(route_planner/far_planner) by extension 'ros'
[0.126s] DEBUG:colcon.colcon_core.package_identification:Package 'route_planner/far_planner' with type 'ros.ament_cmake' and name 'far_planner'
[0.126s] Level 1:colcon.colcon_core.package_identification:_identify(route_planner/graph_decoder) by extensions ['ignore', 'ignore_ament_install']
[0.126s] Level 1:colcon.colcon_core.package_identification:_identify(route_planner/graph_decoder) by extension 'ignore'
[0.126s] Level 1:colcon.colcon_core.package_identification:_identify(route_planner/graph_decoder) by extension 'ignore_ament_install'
[0.126s] Level 1:colcon.colcon_core.package_identification:_identify(route_planner/graph_decoder) by extensions ['colcon_pkg']
[0.126s] Level 1:colcon.colcon_core.package_identification:_identify(route_planner/graph_decoder) by extension 'colcon_pkg'
[0.126s] Level 1:colcon.colcon_core.package_identification:_identify(route_planner/graph_decoder) by extensions ['colcon_meta']
[0.126s] Level 1:colcon.colcon_core.package_identification:_identify(route_planner/graph_decoder) by extension 'colcon_meta'
[0.126s] Level 1:colcon.colcon_core.package_identification:_identify(route_planner/graph_decoder) by extensions ['ros']
[0.126s] Level 1:colcon.colcon_core.package_identification:_identify(route_planner/graph_decoder) by extension 'ros'
[0.126s] DEBUG:colcon.colcon_core.package_identification:Package 'route_planner/graph_decoder' with type 'ros.ament_cmake' and name 'graph_decoder'
[0.126s] Level 1:colcon.colcon_core.package_identification:_identify(route_planner/visibility_graph_msg) by extensions ['ignore', 'ignore_ament_install']
[0.126s] Level 1:colcon.colcon_core.package_identification:_identify(route_planner/visibility_graph_msg) by extension 'ignore'
[0.126s] Level 1:colcon.colcon_core.package_identification:_identify(route_planner/visibility_graph_msg) by extension 'ignore_ament_install'
[0.126s] Level 1:colcon.colcon_core.package_identification:_identify(route_planner/visibility_graph_msg) by extensions ['colcon_pkg']
[0.126s] Level 1:colcon.colcon_core.package_identification:_identify(route_planner/visibility_graph_msg) by extension 'colcon_pkg'
[0.126s] Level 1:colcon.colcon_core.package_identification:_identify(route_planner/visibility_graph_msg) by extensions ['colcon_meta']
[0.126s] Level 1:colcon.colcon_core.package_identification:_identify(route_planner/visibility_graph_msg) by extension 'colcon_meta'
[0.126s] Level 1:colcon.colcon_core.package_identification:_identify(route_planner/visibility_graph_msg) by extensions ['ros']
[0.126s] Level 1:colcon.colcon_core.package_identification:_identify(route_planner/visibility_graph_msg) by extension 'ros'
[0.127s] DEBUG:colcon.colcon_core.package_identification:Package 'route_planner/visibility_graph_msg' with type 'ros.ament_cmake' and name 'visibility_graph_msg'
[0.127s] Level 1:colcon.colcon_core.package_identification:_identify(slam) by extensions ['ignore', 'ignore_ament_install']
[0.127s] Level 1:colcon.colcon_core.package_identification:_identify(slam) by extension 'ignore'
[0.127s] Level 1:colcon.colcon_core.package_identification:_identify(slam) by extension 'ignore_ament_install'
[0.127s] Level 1:colcon.colcon_core.package_identification:_identify(slam) by extensions ['colcon_pkg']
[0.127s] Level 1:colcon.colcon_core.package_identification:_identify(slam) by extension 'colcon_pkg'
[0.127s] Level 1:colcon.colcon_core.package_identification:_identify(slam) by extensions ['colcon_meta']
[0.127s] Level 1:colcon.colcon_core.package_identification:_identify(slam) by extension 'colcon_meta'
[0.127s] Level 1:colcon.colcon_core.package_identification:_identify(slam) by extensions ['ros']
[0.127s] Level 1:colcon.colcon_core.package_identification:_identify(slam) by extension 'ros'
[0.127s] Level 1:colcon.colcon_core.package_identification:_identify(slam) by extensions ['cmake', 'python']
[0.127s] Level 1:colcon.colcon_core.package_identification:_identify(slam) by extension 'cmake'
[0.127s] Level 1:colcon.colcon_core.package_identification:_identify(slam) by extension 'python'
[0.127s] Level 1:colcon.colcon_core.package_identification:_identify(slam) by extensions ['python_setup_py']
[0.127s] Level 1:colcon.colcon_core.package_identification:_identify(slam) by extension 'python_setup_py'
[0.127s] Level 1:colcon.colcon_core.package_identification:_identify(slam/SuperOdom) by extensions ['ignore', 'ignore_ament_install']
[0.127s] Level 1:colcon.colcon_core.package_identification:_identify(slam/SuperOdom) by extension 'ignore'
[0.127s] Level 1:colcon.colcon_core.package_identification:_identify(slam/SuperOdom) by extension 'ignore_ament_install'
[0.127s] Level 1:colcon.colcon_core.package_identification:_identify(slam/SuperOdom) by extensions ['colcon_pkg']
[0.127s] Level 1:colcon.colcon_core.package_identification:_identify(slam/SuperOdom) by extension 'colcon_pkg'
[0.127s] Level 1:colcon.colcon_core.package_identification:_identify(slam/SuperOdom) by extensions ['colcon_meta']
[0.127s] Level 1:colcon.colcon_core.package_identification:_identify(slam/SuperOdom) by extension 'colcon_meta'
[0.127s] Level 1:colcon.colcon_core.package_identification:_identify(slam/SuperOdom) by extensions ['ros']
[0.127s] Level 1:colcon.colcon_core.package_identification:_identify(slam/SuperOdom) by extension 'ros'
[0.127s] Level 1:colcon.colcon_core.package_identification:_identify(slam/SuperOdom) by extensions ['cmake', 'python']
[0.127s] Level 1:colcon.colcon_core.package_identification:_identify(slam/SuperOdom) by extension 'cmake'
[0.127s] Level 1:colcon.colcon_core.package_identification:_identify(slam/SuperOdom) by extension 'python'
[0.127s] Level 1:colcon.colcon_core.package_identification:_identify(slam/SuperOdom) by extensions ['python_setup_py']
[0.127s] Level 1:colcon.colcon_core.package_identification:_identify(slam/SuperOdom) by extension 'python_setup_py'
[0.127s] Level 1:colcon.colcon_core.package_identification:_identify(slam/SuperOdom/doc) by extensions ['ignore', 'ignore_ament_install']
[0.127s] Level 1:colcon.colcon_core.package_identification:_identify(slam/SuperOdom/doc) by extension 'ignore'
[0.127s] Level 1:colcon.colcon_core.package_identification:_identify(slam/SuperOdom/doc) by extension 'ignore_ament_install'
[0.127s] Level 1:colcon.colcon_core.package_identification:_identify(slam/SuperOdom/doc) by extensions ['colcon_pkg']
[0.127s] Level 1:colcon.colcon_core.package_identification:_identify(slam/SuperOdom/doc) by extension 'colcon_pkg'
[0.127s] Level 1:colcon.colcon_core.package_identification:_identify(slam/SuperOdom/doc) by extensions ['colcon_meta']
[0.127s] Level 1:colcon.colcon_core.package_identification:_identify(slam/SuperOdom/doc) by extension 'colcon_meta'
[0.127s] Level 1:colcon.colcon_core.package_identification:_identify(slam/SuperOdom/doc) by extensions ['ros']
[0.127s] Level 1:colcon.colcon_core.package_identification:_identify(slam/SuperOdom/doc) by extension 'ros'
[0.127s] Level 1:colcon.colcon_core.package_identification:_identify(slam/SuperOdom/doc) by extensions ['cmake', 'python']
[0.127s] Level 1:colcon.colcon_core.package_identification:_identify(slam/SuperOdom/doc) by extension 'cmake'
[0.127s] Level 1:colcon.colcon_core.package_identification:_identify(slam/SuperOdom/doc) by extension 'python'
[0.127s] Level 1:colcon.colcon_core.package_identification:_identify(slam/SuperOdom/doc) by extensions ['python_setup_py']
[0.127s] Level 1:colcon.colcon_core.package_identification:_identify(slam/SuperOdom/doc) by extension 'python_setup_py'
[0.128s] Level 1:colcon.colcon_core.package_identification:_identify(slam/SuperOdom/ros2_humble_docker) by extensions ['ignore', 'ignore_ament_install']
[0.128s] Level 1:colcon.colcon_core.package_identification:_identify(slam/SuperOdom/ros2_humble_docker) by extension 'ignore'
[0.128s] Level 1:colcon.colcon_core.package_identification:_identify(slam/SuperOdom/ros2_humble_docker) by extension 'ignore_ament_install'
[0.128s] Level 1:colcon.colcon_core.package_identification:_identify(slam/SuperOdom/ros2_humble_docker) by extensions ['colcon_pkg']
[0.128s] Level 1:colcon.colcon_core.package_identification:_identify(slam/SuperOdom/ros2_humble_docker) by extension 'colcon_pkg'
[0.128s] Level 1:colcon.colcon_core.package_identification:_identify(slam/SuperOdom/ros2_humble_docker) by extensions ['colcon_meta']
[0.128s] Level 1:colcon.colcon_core.package_identification:_identify(slam/SuperOdom/ros2_humble_docker) by extension 'colcon_meta'
[0.128s] Level 1:colcon.colcon_core.package_identification:_identify(slam/SuperOdom/ros2_humble_docker) by extensions ['ros']
[0.128s] Level 1:colcon.colcon_core.package_identification:_identify(slam/SuperOdom/ros2_humble_docker) by extension 'ros'
[0.128s] Level 1:colcon.colcon_core.package_identification:_identify(slam/SuperOdom/ros2_humble_docker) by extensions ['cmake', 'python']
[0.128s] Level 1:colcon.colcon_core.package_identification:_identify(slam/SuperOdom/ros2_humble_docker) by extension 'cmake'
[0.128s] Level 1:colcon.colcon_core.package_identification:_identify(slam/SuperOdom/ros2_humble_docker) by extension 'python'
[0.128s] Level 1:colcon.colcon_core.package_identification:_identify(slam/SuperOdom/ros2_humble_docker) by extensions ['python_setup_py']
[0.128s] Level 1:colcon.colcon_core.package_identification:_identify(slam/SuperOdom/ros2_humble_docker) by extension 'python_setup_py'
[0.128s] Level 1:colcon.colcon_core.package_identification:_identify(slam/SuperOdom/script) by extensions ['ignore', 'ignore_ament_install']
[0.128s] Level 1:colcon.colcon_core.package_identification:_identify(slam/SuperOdom/script) by extension 'ignore'
[0.128s] Level 1:colcon.colcon_core.package_identification:_identify(slam/SuperOdom/script) by extension 'ignore_ament_install'
[0.128s] Level 1:colcon.colcon_core.package_identification:_identify(slam/SuperOdom/script) by extensions ['colcon_pkg']
[0.128s] Level 1:colcon.colcon_core.package_identification:_identify(slam/SuperOdom/script) by extension 'colcon_pkg'
[0.128s] Level 1:colcon.colcon_core.package_identification:_identify(slam/SuperOdom/script) by extensions ['colcon_meta']
[0.128s] Level 1:colcon.colcon_core.package_identification:_identify(slam/SuperOdom/script) by extension 'colcon_meta'
[0.128s] Level 1:colcon.colcon_core.package_identification:_identify(slam/SuperOdom/script) by extensions ['ros']
[0.128s] Level 1:colcon.colcon_core.package_identification:_identify(slam/SuperOdom/script) by extension 'ros'
[0.128s] Level 1:colcon.colcon_core.package_identification:_identify(slam/SuperOdom/script) by extensions ['cmake', 'python']
[0.128s] Level 1:colcon.colcon_core.package_identification:_identify(slam/SuperOdom/script) by extension 'cmake'
[0.128s] Level 1:colcon.colcon_core.package_identification:_identify(slam/SuperOdom/script) by extension 'python'
[0.128s] Level 1:colcon.colcon_core.package_identification:_identify(slam/SuperOdom/script) by extensions ['python_setup_py']
[0.128s] Level 1:colcon.colcon_core.package_identification:_identify(slam/SuperOdom/script) by extension 'python_setup_py'
[0.128s] Level 1:colcon.colcon_core.package_identification:_identify(slam/SuperOdom/script/visualizers) by extensions ['ignore', 'ignore_ament_install']
[0.128s] Level 1:colcon.colcon_core.package_identification:_identify(slam/SuperOdom/script/visualizers) by extension 'ignore'
[0.128s] Level 1:colcon.colcon_core.package_identification:_identify(slam/SuperOdom/script/visualizers) by extension 'ignore_ament_install'
[0.128s] Level 1:colcon.colcon_core.package_identification:_identify(slam/SuperOdom/script/visualizers) by extensions ['colcon_pkg']
[0.128s] Level 1:colcon.colcon_core.package_identification:_identify(slam/SuperOdom/script/visualizers) by extension 'colcon_pkg'
[0.128s] Level 1:colcon.colcon_core.package_identification:_identify(slam/SuperOdom/script/visualizers) by extensions ['colcon_meta']
[0.128s] Level 1:colcon.colcon_core.package_identification:_identify(slam/SuperOdom/script/visualizers) by extension 'colcon_meta'
[0.128s] Level 1:colcon.colcon_core.package_identification:_identify(slam/SuperOdom/script/visualizers) by extensions ['ros']
[0.128s] Level 1:colcon.colcon_core.package_identification:_identify(slam/SuperOdom/script/visualizers) by extension 'ros'
[0.128s] Level 1:colcon.colcon_core.package_identification:_identify(slam/SuperOdom/script/visualizers) by extensions ['cmake', 'python']
[0.128s] Level 1:colcon.colcon_core.package_identification:_identify(slam/SuperOdom/script/visualizers) by extension 'cmake'
[0.128s] Level 1:colcon.colcon_core.package_identification:_identify(slam/SuperOdom/script/visualizers) by extension 'python'
[0.128s] Level 1:colcon.colcon_core.package_identification:_identify(slam/SuperOdom/script/visualizers) by extensions ['python_setup_py']
[0.128s] Level 1:colcon.colcon_core.package_identification:_identify(slam/SuperOdom/script/visualizers) by extension 'python_setup_py'
[0.128s] Level 1:colcon.colcon_core.package_identification:_identify(slam/SuperOdom/super_odometry) by extensions ['ignore', 'ignore_ament_install']
[0.128s] Level 1:colcon.colcon_core.package_identification:_identify(slam/SuperOdom/super_odometry) by extension 'ignore'
[0.128s] Level 1:colcon.colcon_core.package_identification:_identify(slam/SuperOdom/super_odometry) by extension 'ignore_ament_install'
[0.128s] Level 1:colcon.colcon_core.package_identification:_identify(slam/SuperOdom/super_odometry) by extensions ['colcon_pkg']
[0.128s] Level 1:colcon.colcon_core.package_identification:_identify(slam/SuperOdom/super_odometry) by extension 'colcon_pkg'
[0.128s] Level 1:colcon.colcon_core.package_identification:_identify(slam/SuperOdom/super_odometry) by extensions ['colcon_meta']
[0.128s] Level 1:colcon.colcon_core.package_identification:_identify(slam/SuperOdom/super_odometry) by extension 'colcon_meta'
[0.128s] Level 1:colcon.colcon_core.package_identification:_identify(slam/SuperOdom/super_odometry) by extensions ['ros']
[0.128s] Level 1:colcon.colcon_core.package_identification:_identify(slam/SuperOdom/super_odometry) by extension 'ros'
[0.129s] DEBUG:colcon.colcon_core.package_identification:Package 'slam/SuperOdom/super_odometry' with type 'ros.ament_cmake' and name 'super_odometry'
[0.129s] Level 1:colcon.colcon_core.package_identification:_identify(slam/SuperOdom/super_odometry_msgs) by extensions ['ignore', 'ignore_ament_install']
[0.129s] Level 1:colcon.colcon_core.package_identification:_identify(slam/SuperOdom/super_odometry_msgs) by extension 'ignore'
[0.129s] Level 1:colcon.colcon_core.package_identification:_identify(slam/SuperOdom/super_odometry_msgs) by extension 'ignore_ament_install'
[0.129s] Level 1:colcon.colcon_core.package_identification:_identify(slam/SuperOdom/super_odometry_msgs) by extensions ['colcon_pkg']
[0.129s] Level 1:colcon.colcon_core.package_identification:_identify(slam/SuperOdom/super_odometry_msgs) by extension 'colcon_pkg'
[0.129s] Level 1:colcon.colcon_core.package_identification:_identify(slam/SuperOdom/super_odometry_msgs) by extensions ['colcon_meta']
[0.129s] Level 1:colcon.colcon_core.package_identification:_identify(slam/SuperOdom/super_odometry_msgs) by extension 'colcon_meta'
[0.129s] Level 1:colcon.colcon_core.package_identification:_identify(slam/SuperOdom/super_odometry_msgs) by extensions ['ros']
[0.129s] Level 1:colcon.colcon_core.package_identification:_identify(slam/SuperOdom/super_odometry_msgs) by extension 'ros'
[0.129s] DEBUG:colcon.colcon_core.package_identification:Package 'slam/SuperOdom/super_odometry_msgs' with type 'ros.ament_cmake' and name 'super_odometry_msgs'
[0.129s] Level 1:colcon.colcon_core.package_identification:_identify(slam/livox_ros_driver2) by extensions ['ignore', 'ignore_ament_install']
[0.129s] Level 1:colcon.colcon_core.package_identification:_identify(slam/livox_ros_driver2) by extension 'ignore'
[0.129s] Level 1:colcon.colcon_core.package_identification:_identify(slam/livox_ros_driver2) by extension 'ignore_ament_install'
[0.129s] Level 1:colcon.colcon_core.package_identification:_identify(slam/livox_ros_driver2) by extensions ['colcon_pkg']
[0.129s] Level 1:colcon.colcon_core.package_identification:_identify(slam/livox_ros_driver2) by extension 'colcon_pkg'
[0.129s] Level 1:colcon.colcon_core.package_identification:_identify(slam/livox_ros_driver2) by extensions ['colcon_meta']
[0.129s] Level 1:colcon.colcon_core.package_identification:_identify(slam/livox_ros_driver2) by extension 'colcon_meta'
[0.129s] Level 1:colcon.colcon_core.package_identification:_identify(slam/livox_ros_driver2) by extensions ['ros']
[0.129s] Level 1:colcon.colcon_core.package_identification:_identify(slam/livox_ros_driver2) by extension 'ros'
[0.130s] DEBUG:colcon.colcon_core.package_identification:Package 'slam/livox_ros_driver2' with type 'ros.ament_cmake' and name 'livox_ros_driver2'
[0.130s] Level 1:colcon.colcon_core.package_identification:_identify(slam/point_lio_unilidar) by extensions ['ignore', 'ignore_ament_install']
[0.130s] Level 1:colcon.colcon_core.package_identification:_identify(slam/point_lio_unilidar) by extension 'ignore'
[0.130s] Level 1:colcon.colcon_core.package_identification:_identify(slam/point_lio_unilidar) by extension 'ignore_ament_install'
[0.130s] Level 1:colcon.colcon_core.package_identification:_identify(slam/point_lio_unilidar) by extensions ['colcon_pkg']
[0.130s] Level 1:colcon.colcon_core.package_identification:_identify(slam/point_lio_unilidar) by extension 'colcon_pkg'
[0.130s] Level 1:colcon.colcon_core.package_identification:_identify(slam/point_lio_unilidar) by extensions ['colcon_meta']
[0.130s] Level 1:colcon.colcon_core.package_identification:_identify(slam/point_lio_unilidar) by extension 'colcon_meta'
[0.130s] Level 1:colcon.colcon_core.package_identification:_identify(slam/point_lio_unilidar) by extensions ['ros']
[0.130s] Level 1:colcon.colcon_core.package_identification:_identify(slam/point_lio_unilidar) by extension 'ros'
[0.130s] DEBUG:colcon.colcon_core.package_identification:Package 'slam/point_lio_unilidar' with type 'ros.ament_cmake' and name 'point_lio_unilidar'
[0.130s] Level 1:colcon.colcon_core.package_identification:_identify(slam/rviz_2d_overlay_plugins) by extensions ['ignore', 'ignore_ament_install']
[0.130s] Level 1:colcon.colcon_core.package_identification:_identify(slam/rviz_2d_overlay_plugins) by extension 'ignore'
[0.130s] Level 1:colcon.colcon_core.package_identification:_identify(slam/rviz_2d_overlay_plugins) by extension 'ignore_ament_install'
[0.130s] Level 1:colcon.colcon_core.package_identification:_identify(slam/rviz_2d_overlay_plugins) by extensions ['colcon_pkg']
[0.130s] Level 1:colcon.colcon_core.package_identification:_identify(slam/rviz_2d_overlay_plugins) by extension 'colcon_pkg'
[0.130s] Level 1:colcon.colcon_core.package_identification:_identify(slam/rviz_2d_overlay_plugins) by extensions ['colcon_meta']
[0.130s] Level 1:colcon.colcon_core.package_identification:_identify(slam/rviz_2d_overlay_plugins) by extension 'colcon_meta'
[0.130s] Level 1:colcon.colcon_core.package_identification:_identify(slam/rviz_2d_overlay_plugins) by extensions ['ros']
[0.130s] Level 1:colcon.colcon_core.package_identification:_identify(slam/rviz_2d_overlay_plugins) by extension 'ros'
[0.131s] Level 1:colcon.colcon_core.package_identification:_identify(slam/rviz_2d_overlay_plugins) by extensions ['cmake', 'python']
[0.131s] Level 1:colcon.colcon_core.package_identification:_identify(slam/rviz_2d_overlay_plugins) by extension 'cmake'
[0.131s] Level 1:colcon.colcon_core.package_identification:_identify(slam/rviz_2d_overlay_plugins) by extension 'python'
[0.131s] Level 1:colcon.colcon_core.package_identification:_identify(slam/rviz_2d_overlay_plugins) by extensions ['python_setup_py']
[0.131s] Level 1:colcon.colcon_core.package_identification:_identify(slam/rviz_2d_overlay_plugins) by extension 'python_setup_py'
[0.131s] Level 1:colcon.colcon_core.package_identification:_identify(slam/rviz_2d_overlay_plugins/rviz_2d_overlay_msgs) by extensions ['ignore', 'ignore_ament_install']
[0.131s] Level 1:colcon.colcon_core.package_identification:_identify(slam/rviz_2d_overlay_plugins/rviz_2d_overlay_msgs) by extension 'ignore'
[0.131s] Level 1:colcon.colcon_core.package_identification:_identify(slam/rviz_2d_overlay_plugins/rviz_2d_overlay_msgs) by extension 'ignore_ament_install'
[0.131s] Level 1:colcon.colcon_core.package_identification:_identify(slam/rviz_2d_overlay_plugins/rviz_2d_overlay_msgs) by extensions ['colcon_pkg']
[0.131s] Level 1:colcon.colcon_core.package_identification:_identify(slam/rviz_2d_overlay_plugins/rviz_2d_overlay_msgs) by extension 'colcon_pkg'
[0.131s] Level 1:colcon.colcon_core.package_identification:_identify(slam/rviz_2d_overlay_plugins/rviz_2d_overlay_msgs) by extensions ['colcon_meta']
[0.131s] Level 1:colcon.colcon_core.package_identification:_identify(slam/rviz_2d_overlay_plugins/rviz_2d_overlay_msgs) by extension 'colcon_meta'
[0.131s] Level 1:colcon.colcon_core.package_identification:_identify(slam/rviz_2d_overlay_plugins/rviz_2d_overlay_msgs) by extensions ['ros']
[0.131s] Level 1:colcon.colcon_core.package_identification:_identify(slam/rviz_2d_overlay_plugins/rviz_2d_overlay_msgs) by extension 'ros'
[0.131s] DEBUG:colcon.colcon_core.package_identification:Package 'slam/rviz_2d_overlay_plugins/rviz_2d_overlay_msgs' with type 'ros.ament_cmake' and name 'rviz_2d_overlay_msgs'
[0.131s] Level 1:colcon.colcon_core.package_identification:_identify(slam/rviz_2d_overlay_plugins/rviz_2d_overlay_plugins) by extensions ['ignore', 'ignore_ament_install']
[0.131s] Level 1:colcon.colcon_core.package_identification:_identify(slam/rviz_2d_overlay_plugins/rviz_2d_overlay_plugins) by extension 'ignore'
[0.131s] Level 1:colcon.colcon_core.package_identification:_identify(slam/rviz_2d_overlay_plugins/rviz_2d_overlay_plugins) by extension 'ignore_ament_install'
[0.131s] Level 1:colcon.colcon_core.package_identification:_identify(slam/rviz_2d_overlay_plugins/rviz_2d_overlay_plugins) by extensions ['colcon_pkg']
[0.131s] Level 1:colcon.colcon_core.package_identification:_identify(slam/rviz_2d_overlay_plugins/rviz_2d_overlay_plugins) by extension 'colcon_pkg'
[0.131s] Level 1:colcon.colcon_core.package_identification:_identify(slam/rviz_2d_overlay_plugins/rviz_2d_overlay_plugins) by extensions ['colcon_meta']
[0.131s] Level 1:colcon.colcon_core.package_identification:_identify(slam/rviz_2d_overlay_plugins/rviz_2d_overlay_plugins) by extension 'colcon_meta'
[0.131s] Level 1:colcon.colcon_core.package_identification:_identify(slam/rviz_2d_overlay_plugins/rviz_2d_overlay_plugins) by extensions ['ros']
[0.131s] Level 1:colcon.colcon_core.package_identification:_identify(slam/rviz_2d_overlay_plugins/rviz_2d_overlay_plugins) by extension 'ros'
[0.131s] DEBUG:colcon.colcon_core.package_identification:Package 'slam/rviz_2d_overlay_plugins/rviz_2d_overlay_plugins' with type 'ros.ament_cmake' and name 'rviz_2d_overlay_plugins'
[0.131s] Level 1:colcon.colcon_core.package_identification:_identify(utilities) by extensions ['ignore', 'ignore_ament_install']
[0.131s] Level 1:colcon.colcon_core.package_identification:_identify(utilities) by extension 'ignore'
[0.131s] Level 1:colcon.colcon_core.package_identification:_identify(utilities) by extension 'ignore_ament_install'
[0.131s] Level 1:colcon.colcon_core.package_identification:_identify(utilities) by extensions ['colcon_pkg']
[0.131s] Level 1:colcon.colcon_core.package_identification:_identify(utilities) by extension 'colcon_pkg'
[0.131s] Level 1:colcon.colcon_core.package_identification:_identify(utilities) by extensions ['colcon_meta']
[0.132s] Level 1:colcon.colcon_core.package_identification:_identify(utilities) by extension 'colcon_meta'
[0.132s] Level 1:colcon.colcon_core.package_identification:_identify(utilities) by extensions ['ros']
[0.132s] Level 1:colcon.colcon_core.package_identification:_identify(utilities) by extension 'ros'
[0.132s] Level 1:colcon.colcon_core.package_identification:_identify(utilities) by extensions ['cmake', 'python']
[0.132s] Level 1:colcon.colcon_core.package_identification:_identify(utilities) by extension 'cmake'
[0.132s] Level 1:colcon.colcon_core.package_identification:_identify(utilities) by extension 'python'
[0.132s] Level 1:colcon.colcon_core.package_identification:_identify(utilities) by extensions ['python_setup_py']
[0.132s] Level 1:colcon.colcon_core.package_identification:_identify(utilities) by extension 'python_setup_py'
[0.132s] Level 1:colcon.colcon_core.package_identification:_identify(utilities/ROS-TCP-Endpoint) by extensions ['ignore', 'ignore_ament_install']
[0.132s] Level 1:colcon.colcon_core.package_identification:_identify(utilities/ROS-TCP-Endpoint) by extension 'ignore'
[0.132s] Level 1:colcon.colcon_core.package_identification:_identify(utilities/ROS-TCP-Endpoint) by extension 'ignore_ament_install'
[0.132s] Level 1:colcon.colcon_core.package_identification:_identify(utilities/ROS-TCP-Endpoint) by extensions ['colcon_pkg']
[0.132s] Level 1:colcon.colcon_core.package_identification:_identify(utilities/ROS-TCP-Endpoint) by extension 'colcon_pkg'
[0.132s] Level 1:colcon.colcon_core.package_identification:_identify(utilities/ROS-TCP-Endpoint) by extensions ['colcon_meta']
[0.132s] Level 1:colcon.colcon_core.package_identification:_identify(utilities/ROS-TCP-Endpoint) by extension 'colcon_meta'
[0.132s] Level 1:colcon.colcon_core.package_identification:_identify(utilities/ROS-TCP-Endpoint) by extensions ['ros']
[0.132s] Level 1:colcon.colcon_core.package_identification:_identify(utilities/ROS-TCP-Endpoint) by extension 'ros'
[0.132s] DEBUG:colcon.colcon_core.package_identification:Package 'utilities/ROS-TCP-Endpoint' with type 'ros.ament_python' and name 'ros_tcp_endpoint'
[0.132s] Level 1:colcon.colcon_core.package_identification:_identify(utilities/calibrate_imu) by extensions ['ignore', 'ignore_ament_install']
[0.132s] Level 1:colcon.colcon_core.package_identification:_identify(utilities/calibrate_imu) by extension 'ignore'
[0.132s] Level 1:colcon.colcon_core.package_identification:_identify(utilities/calibrate_imu) by extension 'ignore_ament_install'
[0.132s] Level 1:colcon.colcon_core.package_identification:_identify(utilities/calibrate_imu) by extensions ['colcon_pkg']
[0.132s] Level 1:colcon.colcon_core.package_identification:_identify(utilities/calibrate_imu) by extension 'colcon_pkg'
[0.132s] Level 1:colcon.colcon_core.package_identification:_identify(utilities/calibrate_imu) by extensions ['colcon_meta']
[0.132s] Level 1:colcon.colcon_core.package_identification:_identify(utilities/calibrate_imu) by extension 'colcon_meta'
[0.132s] Level 1:colcon.colcon_core.package_identification:_identify(utilities/calibrate_imu) by extensions ['ros']
[0.132s] Level 1:colcon.colcon_core.package_identification:_identify(utilities/calibrate_imu) by extension 'ros'
[0.132s] DEBUG:colcon.colcon_core.package_identification:Package 'utilities/calibrate_imu' with type 'ros.ament_cmake' and name 'calibrate_imu'
[0.132s] Level 1:colcon.colcon_core.package_identification:_identify(utilities/goalpoint_rviz_plugin) by extensions ['ignore', 'ignore_ament_install']
[0.132s] Level 1:colcon.colcon_core.package_identification:_identify(utilities/goalpoint_rviz_plugin) by extension 'ignore'
[0.132s] Level 1:colcon.colcon_core.package_identification:_identify(utilities/goalpoint_rviz_plugin) by extension 'ignore_ament_install'
[0.133s] Level 1:colcon.colcon_core.package_identification:_identify(utilities/goalpoint_rviz_plugin) by extensions ['colcon_pkg']
[0.133s] Level 1:colcon.colcon_core.package_identification:_identify(utilities/goalpoint_rviz_plugin) by extension 'colcon_pkg'
[0.133s] Level 1:colcon.colcon_core.package_identification:_identify(utilities/goalpoint_rviz_plugin) by extensions ['colcon_meta']
[0.133s] Level 1:colcon.colcon_core.package_identification:_identify(utilities/goalpoint_rviz_plugin) by extension 'colcon_meta'
[0.133s] Level 1:colcon.colcon_core.package_identification:_identify(utilities/goalpoint_rviz_plugin) by extensions ['ros']
[0.133s] Level 1:colcon.colcon_core.package_identification:_identify(utilities/goalpoint_rviz_plugin) by extension 'ros'
[0.133s] DEBUG:colcon.colcon_core.package_identification:Package 'utilities/goalpoint_rviz_plugin' with type 'ros.ament_cmake' and name 'goalpoint_rviz_plugin'
[0.133s] Level 1:colcon.colcon_core.package_identification:_identify(utilities/teleop_rviz_plugin) by extensions ['ignore', 'ignore_ament_install']
[0.133s] Level 1:colcon.colcon_core.package_identification:_identify(utilities/teleop_rviz_plugin) by extension 'ignore'
[0.133s] Level 1:colcon.colcon_core.package_identification:_identify(utilities/teleop_rviz_plugin) by extension 'ignore_ament_install'
[0.133s] Level 1:colcon.colcon_core.package_identification:_identify(utilities/teleop_rviz_plugin) by extensions ['colcon_pkg']
[0.133s] Level 1:colcon.colcon_core.package_identification:_identify(utilities/teleop_rviz_plugin) by extension 'colcon_pkg'
[0.133s] Level 1:colcon.colcon_core.package_identification:_identify(utilities/teleop_rviz_plugin) by extensions ['colcon_meta']
[0.133s] Level 1:colcon.colcon_core.package_identification:_identify(utilities/teleop_rviz_plugin) by extension 'colcon_meta'
[0.133s] Level 1:colcon.colcon_core.package_identification:_identify(utilities/teleop_rviz_plugin) by extensions ['ros']
[0.133s] Level 1:colcon.colcon_core.package_identification:_identify(utilities/teleop_rviz_plugin) by extension 'ros'
[0.134s] DEBUG:colcon.colcon_core.package_identification:Package 'utilities/teleop_rviz_plugin' with type 'ros.ament_cmake' and name 'teleop_rviz_plugin'
[0.134s] Level 1:colcon.colcon_core.package_identification:_identify(utilities/teleop_rviz_plugin_plus) by extensions ['ignore', 'ignore_ament_install']
[0.134s] Level 1:colcon.colcon_core.package_identification:_identify(utilities/teleop_rviz_plugin_plus) by extension 'ignore'
[0.134s] Level 1:colcon.colcon_core.package_identification:_identify(utilities/teleop_rviz_plugin_plus) by extension 'ignore_ament_install'
[0.134s] Level 1:colcon.colcon_core.package_identification:_identify(utilities/teleop_rviz_plugin_plus) by extensions ['colcon_pkg']
[0.134s] Level 1:colcon.colcon_core.package_identification:_identify(utilities/teleop_rviz_plugin_plus) by extension 'colcon_pkg'
[0.134s] Level 1:colcon.colcon_core.package_identification:_identify(utilities/teleop_rviz_plugin_plus) by extensions ['colcon_meta']
[0.134s] Level 1:colcon.colcon_core.package_identification:_identify(utilities/teleop_rviz_plugin_plus) by extension 'colcon_meta'
[0.134s] Level 1:colcon.colcon_core.package_identification:_identify(utilities/teleop_rviz_plugin_plus) by extensions ['ros']
[0.134s] Level 1:colcon.colcon_core.package_identification:_identify(utilities/teleop_rviz_plugin_plus) by extension 'ros'
[0.134s] DEBUG:colcon.colcon_core.package_identification:Package 'utilities/teleop_rviz_plugin_plus' with type 'ros.ament_cmake' and name 'teleop_rviz_plugin_plus'
[0.134s] Level 1:colcon.colcon_core.package_identification:_identify(utilities/transform_sensors) by extensions ['ignore', 'ignore_ament_install']
[0.135s] Level 1:colcon.colcon_core.package_identification:_identify(utilities/transform_sensors) by extension 'ignore'
[0.135s] Level 1:colcon.colcon_core.package_identification:_identify(utilities/transform_sensors) by extension 'ignore_ament_install'
[0.135s] Level 1:colcon.colcon_core.package_identification:_identify(utilities/transform_sensors) by extensions ['colcon_pkg']
[0.135s] Level 1:colcon.colcon_core.package_identification:_identify(utilities/transform_sensors) by extension 'colcon_pkg'
[0.135s] Level 1:colcon.colcon_core.package_identification:_identify(utilities/transform_sensors) by extensions ['colcon_meta']
[0.135s] Level 1:colcon.colcon_core.package_identification:_identify(utilities/transform_sensors) by extension 'colcon_meta'
[0.135s] Level 1:colcon.colcon_core.package_identification:_identify(utilities/transform_sensors) by extensions ['ros']
[0.135s] Level 1:colcon.colcon_core.package_identification:_identify(utilities/transform_sensors) by extension 'ros'
[0.135s] DEBUG:colcon.colcon_core.package_identification:Package 'utilities/transform_sensors' with type 'ros.ament_python' and name 'transform_sensors'
[0.135s] Level 1:colcon.colcon_core.package_identification:_identify(utilities/unitree_pkgs) by extensions ['ignore', 'ignore_ament_install']
[0.135s] Level 1:colcon.colcon_core.package_identification:_identify(utilities/unitree_pkgs) by extension 'ignore'
[0.135s] Level 1:colcon.colcon_core.package_identification:_identify(utilities/unitree_pkgs) by extension 'ignore_ament_install'
[0.135s] Level 1:colcon.colcon_core.package_identification:_identify(utilities/unitree_pkgs) by extensions ['colcon_pkg']
[0.135s] Level 1:colcon.colcon_core.package_identification:_identify(utilities/unitree_pkgs) by extension 'colcon_pkg'
[0.135s] Level 1:colcon.colcon_core.package_identification:_identify(utilities/unitree_pkgs) by extensions ['colcon_meta']
[0.135s] Level 1:colcon.colcon_core.package_identification:_identify(utilities/unitree_pkgs) by extension 'colcon_meta'
[0.135s] Level 1:colcon.colcon_core.package_identification:_identify(utilities/unitree_pkgs) by extensions ['ros']
[0.135s] Level 1:colcon.colcon_core.package_identification:_identify(utilities/unitree_pkgs) by extension 'ros'
[0.135s] Level 1:colcon.colcon_core.package_identification:_identify(utilities/unitree_pkgs) by extensions ['cmake', 'python']
[0.135s] Level 1:colcon.colcon_core.package_identification:_identify(utilities/unitree_pkgs) by extension 'cmake'
[0.135s] Level 1:colcon.colcon_core.package_identification:_identify(utilities/unitree_pkgs) by extension 'python'
[0.135s] Level 1:colcon.colcon_core.package_identification:_identify(utilities/unitree_pkgs) by extensions ['python_setup_py']
[0.135s] Level 1:colcon.colcon_core.package_identification:_identify(utilities/unitree_pkgs) by extension 'python_setup_py'
[0.135s] Level 1:colcon.colcon_core.package_identification:_identify(utilities/unitree_pkgs/go2_h264_repub) by extensions ['ignore', 'ignore_ament_install']
[0.135s] Level 1:colcon.colcon_core.package_identification:_identify(utilities/unitree_pkgs/go2_h264_repub) by extension 'ignore'
[0.135s] Level 1:colcon.colcon_core.package_identification:_identify(utilities/unitree_pkgs/go2_h264_repub) by extension 'ignore_ament_install'
[0.135s] Level 1:colcon.colcon_core.package_identification:_identify(utilities/unitree_pkgs/go2_h264_repub) by extensions ['colcon_pkg']
[0.135s] Level 1:colcon.colcon_core.package_identification:_identify(utilities/unitree_pkgs/go2_h264_repub) by extension 'colcon_pkg'
[0.135s] Level 1:colcon.colcon_core.package_identification:_identify(utilities/unitree_pkgs/go2_h264_repub) by extensions ['colcon_meta']
[0.135s] Level 1:colcon.colcon_core.package_identification:_identify(utilities/unitree_pkgs/go2_h264_repub) by extension 'colcon_meta'
[0.135s] Level 1:colcon.colcon_core.package_identification:_identify(utilities/unitree_pkgs/go2_h264_repub) by extensions ['ros']
[0.135s] Level 1:colcon.colcon_core.package_identification:_identify(utilities/unitree_pkgs/go2_h264_repub) by extension 'ros'
[0.135s] DEBUG:colcon.colcon_core.package_identification:Package 'utilities/unitree_pkgs/go2_h264_repub' with type 'ros.ament_cmake' and name 'go2_h264_repub'
[0.135s] Level 1:colcon.colcon_core.package_identification:_identify(utilities/unitree_pkgs/go2_sport_api) by extensions ['ignore', 'ignore_ament_install']
[0.136s] Level 1:colcon.colcon_core.package_identification:_identify(utilities/unitree_pkgs/go2_sport_api) by extension 'ignore'
[0.136s] Level 1:colcon.colcon_core.package_identification:_identify(utilities/unitree_pkgs/go2_sport_api) by extension 'ignore_ament_install'
[0.136s] Level 1:colcon.colcon_core.package_identification:_identify(utilities/unitree_pkgs/go2_sport_api) by extensions ['colcon_pkg']
[0.136s] Level 1:colcon.colcon_core.package_identification:_identify(utilities/unitree_pkgs/go2_sport_api) by extension 'colcon_pkg'
[0.136s] Level 1:colcon.colcon_core.package_identification:_identify(utilities/unitree_pkgs/go2_sport_api) by extensions ['colcon_meta']
[0.136s] Level 1:colcon.colcon_core.package_identification:_identify(utilities/unitree_pkgs/go2_sport_api) by extension 'colcon_meta'
[0.136s] Level 1:colcon.colcon_core.package_identification:_identify(utilities/unitree_pkgs/go2_sport_api) by extensions ['ros']
[0.136s] Level 1:colcon.colcon_core.package_identification:_identify(utilities/unitree_pkgs/go2_sport_api) by extension 'ros'
[0.136s] DEBUG:colcon.colcon_core.package_identification:Package 'utilities/unitree_pkgs/go2_sport_api' with type 'ros.ament_cmake' and name 'go2_sport_api'
[0.136s] Level 1:colcon.colcon_core.package_identification:_identify(utilities/unitree_pkgs/unitree_api) by extensions ['ignore', 'ignore_ament_install']
[0.136s] Level 1:colcon.colcon_core.package_identification:_identify(utilities/unitree_pkgs/unitree_api) by extension 'ignore'
[0.136s] Level 1:colcon.colcon_core.package_identification:_identify(utilities/unitree_pkgs/unitree_api) by extension 'ignore_ament_install'
[0.136s] Level 1:colcon.colcon_core.package_identification:_identify(utilities/unitree_pkgs/unitree_api) by extensions ['colcon_pkg']
[0.136s] Level 1:colcon.colcon_core.package_identification:_identify(utilities/unitree_pkgs/unitree_api) by extension 'colcon_pkg'
[0.136s] Level 1:colcon.colcon_core.package_identification:_identify(utilities/unitree_pkgs/unitree_api) by extensions ['colcon_meta']
[0.136s] Level 1:colcon.colcon_core.package_identification:_identify(utilities/unitree_pkgs/unitree_api) by extension 'colcon_meta'
[0.136s] Level 1:colcon.colcon_core.package_identification:_identify(utilities/unitree_pkgs/unitree_api) by extensions ['ros']
[0.136s] Level 1:colcon.colcon_core.package_identification:_identify(utilities/unitree_pkgs/unitree_api) by extension 'ros'
[0.136s] DEBUG:colcon.colcon_core.package_identification:Package 'utilities/unitree_pkgs/unitree_api' with type 'ros.ament_cmake' and name 'unitree_api'
[0.136s] Level 1:colcon.colcon_core.package_identification:_identify(utilities/unitree_pkgs/unitree_go) by extensions ['ignore', 'ignore_ament_install']
[0.136s] Level 1:colcon.colcon_core.package_identification:_identify(utilities/unitree_pkgs/unitree_go) by extension 'ignore'
[0.136s] Level 1:colcon.colcon_core.package_identification:_identify(utilities/unitree_pkgs/unitree_go) by extension 'ignore_ament_install'
[0.136s] Level 1:colcon.colcon_core.package_identification:_identify(utilities/unitree_pkgs/unitree_go) by extensions ['colcon_pkg']
[0.136s] Level 1:colcon.colcon_core.package_identification:_identify(utilities/unitree_pkgs/unitree_go) by extension 'colcon_pkg'
[0.136s] Level 1:colcon.colcon_core.package_identification:_identify(utilities/unitree_pkgs/unitree_go) by extensions ['colcon_meta']
[0.136s] Level 1:colcon.colcon_core.package_identification:_identify(utilities/unitree_pkgs/unitree_go) by extension 'colcon_meta'
[0.136s] Level 1:colcon.colcon_core.package_identification:_identify(utilities/unitree_pkgs/unitree_go) by extensions ['ros']
[0.136s] Level 1:colcon.colcon_core.package_identification:_identify(utilities/unitree_pkgs/unitree_go) by extension 'ros'
[0.137s] DEBUG:colcon.colcon_core.package_identification:Package 'utilities/unitree_pkgs/unitree_go' with type 'ros.ament_cmake' and name 'unitree_go'
[0.137s] Level 1:colcon.colcon_core.package_identification:_identify(utilities/waypoint_rviz_plugin) by extensions ['ignore', 'ignore_ament_install']
[0.137s] Level 1:colcon.colcon_core.package_identification:_identify(utilities/waypoint_rviz_plugin) by extension 'ignore'
[0.137s] Level 1:colcon.colcon_core.package_identification:_identify(utilities/waypoint_rviz_plugin) by extension 'ignore_ament_install'
[0.137s] Level 1:colcon.colcon_core.package_identification:_identify(utilities/waypoint_rviz_plugin) by extensions ['colcon_pkg']
[0.137s] Level 1:colcon.colcon_core.package_identification:_identify(utilities/waypoint_rviz_plugin) by extension 'colcon_pkg'
[0.137s] Level 1:colcon.colcon_core.package_identification:_identify(utilities/waypoint_rviz_plugin) by extensions ['colcon_meta']
[0.137s] Level 1:colcon.colcon_core.package_identification:_identify(utilities/waypoint_rviz_plugin) by extension 'colcon_meta'
[0.137s] Level 1:colcon.colcon_core.package_identification:_identify(utilities/waypoint_rviz_plugin) by extensions ['ros']
[0.137s] Level 1:colcon.colcon_core.package_identification:_identify(utilities/waypoint_rviz_plugin) by extension 'ros'
[0.137s] DEBUG:colcon.colcon_core.package_identification:Package 'utilities/waypoint_rviz_plugin' with type 'ros.ament_cmake' and name 'waypoint_rviz_plugin'
[0.137s] Level 1:colcon.colcon_core.package_discovery:discover_packages(recursive) using defaults
[0.137s] Level 1:colcon.colcon_core.package_discovery:discover_packages(ignore) discover
[0.137s] Level 1:colcon.colcon_core.package_discovery:discover_packages(ignore) using defaults
[0.137s] Level 1:colcon.colcon_core.package_discovery:discover_packages(path) discover
[0.137s] Level 1:colcon.colcon_core.package_discovery:discover_packages(path) using defaults
[0.148s] Level 5:colcon.colcon_core.verb:set package 'go2_h264_repub' build argument 'cmake_args' from command line to '['-DROS_EDITION=ROS2', '-DHUMBLE_ROS=humble']'
[0.148s] Level 5:colcon.colcon_core.verb:set package 'go2_h264_repub' build argument 'cmake_target' from command line to 'None'
[0.148s] Level 5:colcon.colcon_core.verb:set package 'go2_h264_repub' build argument 'cmake_target_skip_unavailable' from command line to 'False'
[0.148s] Level 5:colcon.colcon_core.verb:set package 'go2_h264_repub' build argument 'cmake_clean_cache' from command line to 'False'
[0.148s] Level 5:colcon.colcon_core.verb:set package 'go2_h264_repub' build argument 'cmake_clean_first' from command line to 'False'
[0.148s] Level 5:colcon.colcon_core.verb:set package 'go2_h264_repub' build argument 'cmake_force_configure' from command line to 'False'
[0.148s] Level 5:colcon.colcon_core.verb:set package 'go2_h264_repub' build argument 'ament_cmake_args' from command line to 'None'
[0.148s] Level 5:colcon.colcon_core.verb:set package 'go2_h264_repub' build argument 'catkin_cmake_args' from command line to 'None'
[0.148s] Level 5:colcon.colcon_core.verb:set package 'go2_h264_repub' build argument 'catkin_skip_building_tests' from command line to 'False'
[0.148s] DEBUG:colcon.colcon_core.verb:Building package 'go2_h264_repub' with the following arguments: {'ament_cmake_args': None, 'build_base': '/root/ros2_ws/src/build/go2_h264_repub', 'catkin_cmake_args': None, 'catkin_skip_building_tests': False, 'cmake_args': ['-DROS_EDITION=ROS2', '-DHUMBLE_ROS=humble'], 'cmake_clean_cache': False, 'cmake_clean_first': False, 'cmake_force_configure': False, 'cmake_target': None, 'cmake_target_skip_unavailable': False, 'install_base': '/root/ros2_ws/src/install/go2_h264_repub', 'merge_install': False, 'path': '/root/ros2_ws/src/utilities/unitree_pkgs/go2_h264_repub', 'symlink_install': False, 'test_result_base': None}
[0.148s] Level 5:colcon.colcon_core.verb:set package 'goalpoint_rviz_plugin' build argument 'cmake_args' from command line to '['-DROS_EDITION=ROS2', '-DHUMBLE_ROS=humble']'
[0.148s] Level 5:colcon.colcon_core.verb:set package 'goalpoint_rviz_plugin' build argument 'cmake_target' from command line to 'None'
[0.148s] Level 5:colcon.colcon_core.verb:set package 'goalpoint_rviz_plugin' build argument 'cmake_target_skip_unavailable' from command line to 'False'
[0.148s] Level 5:colcon.colcon_core.verb:set package 'goalpoint_rviz_plugin' build argument 'cmake_clean_cache' from command line to 'False'
[0.148s] Level 5:colcon.colcon_core.verb:set package 'goalpoint_rviz_plugin' build argument 'cmake_clean_first' from command line to 'False'
[0.148s] Level 5:colcon.colcon_core.verb:set package 'goalpoint_rviz_plugin' build argument 'cmake_force_configure' from command line to 'False'
[0.148s] Level 5:colcon.colcon_core.verb:set package 'goalpoint_rviz_plugin' build argument 'ament_cmake_args' from command line to 'None'
[0.148s] Level 5:colcon.colcon_core.verb:set package 'goalpoint_rviz_plugin' build argument 'catkin_cmake_args' from command line to 'None'
[0.148s] Level 5:colcon.colcon_core.verb:set package 'goalpoint_rviz_plugin' build argument 'catkin_skip_building_tests' from command line to 'False'
[0.148s] DEBUG:colcon.colcon_core.verb:Building package 'goalpoint_rviz_plugin' with the following arguments: {'ament_cmake_args': None, 'build_base': '/root/ros2_ws/src/build/goalpoint_rviz_plugin', 'catkin_cmake_args': None, 'catkin_skip_building_tests': False, 'cmake_args': ['-DROS_EDITION=ROS2', '-DHUMBLE_ROS=humble'], 'cmake_clean_cache': False, 'cmake_clean_first': False, 'cmake_force_configure': False, 'cmake_target': None, 'cmake_target_skip_unavailable': False, 'install_base': '/root/ros2_ws/src/install/goalpoint_rviz_plugin', 'merge_install': False, 'path': '/root/ros2_ws/src/utilities/goalpoint_rviz_plugin', 'symlink_install': False, 'test_result_base': None}
[0.148s] Level 5:colcon.colcon_core.verb:set package 'livox_ros_driver2' build argument 'cmake_args' from command line to '['-DROS_EDITION=ROS2', '-DHUMBLE_ROS=humble']'
[0.148s] Level 5:colcon.colcon_core.verb:set package 'livox_ros_driver2' build argument 'cmake_target' from command line to 'None'
[0.148s] Level 5:colcon.colcon_core.verb:set package 'livox_ros_driver2' build argument 'cmake_target_skip_unavailable' from command line to 'False'
[0.148s] Level 5:colcon.colcon_core.verb:set package 'livox_ros_driver2' build argument 'cmake_clean_cache' from command line to 'False'
[0.148s] Level 5:colcon.colcon_core.verb:set package 'livox_ros_driver2' build argument 'cmake_clean_first' from command line to 'False'
[0.148s] Level 5:colcon.colcon_core.verb:set package 'livox_ros_driver2' build argument 'cmake_force_configure' from command line to 'False'
[0.148s] Level 5:colcon.colcon_core.verb:set package 'livox_ros_driver2' build argument 'ament_cmake_args' from command line to 'None'
[0.148s] Level 5:colcon.colcon_core.verb:set package 'livox_ros_driver2' build argument 'catkin_cmake_args' from command line to 'None'
[0.148s] Level 5:colcon.colcon_core.verb:set package 'livox_ros_driver2' build argument 'catkin_skip_building_tests' from command line to 'False'
[0.148s] DEBUG:colcon.colcon_core.verb:Building package 'livox_ros_driver2' with the following arguments: {'ament_cmake_args': None, 'build_base': '/root/ros2_ws/src/build/livox_ros_driver2', 'catkin_cmake_args': None, 'catkin_skip_building_tests': False, 'cmake_args': ['-DROS_EDITION=ROS2', '-DHUMBLE_ROS=humble'], 'cmake_clean_cache': False, 'cmake_clean_first': False, 'cmake_force_configure': False, 'cmake_target': None, 'cmake_target_skip_unavailable': False, 'install_base': '/root/ros2_ws/src/install/livox_ros_driver2', 'merge_install': False, 'path': '/root/ros2_ws/src/slam/livox_ros_driver2', 'symlink_install': False, 'test_result_base': None}
[0.148s] Level 5:colcon.colcon_core.verb:set package 'ros_tcp_endpoint' build argument 'cmake_args' from command line to '['-DROS_EDITION=ROS2', '-DHUMBLE_ROS=humble']'
[0.148s] Level 5:colcon.colcon_core.verb:set package 'ros_tcp_endpoint' build argument 'cmake_target' from command line to 'None'
[0.148s] Level 5:colcon.colcon_core.verb:set package 'ros_tcp_endpoint' build argument 'cmake_target_skip_unavailable' from command line to 'False'
[0.148s] Level 5:colcon.colcon_core.verb:set package 'ros_tcp_endpoint' build argument 'cmake_clean_cache' from command line to 'False'
[0.148s] Level 5:colcon.colcon_core.verb:set package 'ros_tcp_endpoint' build argument 'cmake_clean_first' from command line to 'False'
[0.148s] Level 5:colcon.colcon_core.verb:set package 'ros_tcp_endpoint' build argument 'cmake_force_configure' from command line to 'False'
[0.148s] Level 5:colcon.colcon_core.verb:set package 'ros_tcp_endpoint' build argument 'ament_cmake_args' from command line to 'None'
[0.148s] Level 5:colcon.colcon_core.verb:set package 'ros_tcp_endpoint' build argument 'catkin_cmake_args' from command line to 'None'
[0.148s] Level 5:colcon.colcon_core.verb:set package 'ros_tcp_endpoint' build argument 'catkin_skip_building_tests' from command line to 'False'
[0.148s] DEBUG:colcon.colcon_core.verb:Building package 'ros_tcp_endpoint' with the following arguments: {'ament_cmake_args': None, 'build_base': '/root/ros2_ws/src/build/ros_tcp_endpoint', 'catkin_cmake_args': None, 'catkin_skip_building_tests': False, 'cmake_args': ['-DROS_EDITION=ROS2', '-DHUMBLE_ROS=humble'], 'cmake_clean_cache': False, 'cmake_clean_first': False, 'cmake_force_configure': False, 'cmake_target': None, 'cmake_target_skip_unavailable': False, 'install_base': '/root/ros2_ws/src/install/ros_tcp_endpoint', 'merge_install': False, 'path': '/root/ros2_ws/src/utilities/ROS-TCP-Endpoint', 'symlink_install': False, 'test_result_base': None}
[0.149s] Level 5:colcon.colcon_core.verb:set package 'rviz_2d_overlay_msgs' build argument 'cmake_args' from command line to '['-DROS_EDITION=ROS2', '-DHUMBLE_ROS=humble']'
[0.149s] Level 5:colcon.colcon_core.verb:set package 'rviz_2d_overlay_msgs' build argument 'cmake_target' from command line to 'None'
[0.149s] Level 5:colcon.colcon_core.verb:set package 'rviz_2d_overlay_msgs' build argument 'cmake_target_skip_unavailable' from command line to 'False'
[0.149s] Level 5:colcon.colcon_core.verb:set package 'rviz_2d_overlay_msgs' build argument 'cmake_clean_cache' from command line to 'False'
[0.149s] Level 5:colcon.colcon_core.verb:set package 'rviz_2d_overlay_msgs' build argument 'cmake_clean_first' from command line to 'False'
[0.149s] Level 5:colcon.colcon_core.verb:set package 'rviz_2d_overlay_msgs' build argument 'cmake_force_configure' from command line to 'False'
[0.149s] Level 5:colcon.colcon_core.verb:set package 'rviz_2d_overlay_msgs' build argument 'ament_cmake_args' from command line to 'None'
[0.149s] Level 5:colcon.colcon_core.verb:set package 'rviz_2d_overlay_msgs' build argument 'catkin_cmake_args' from command line to 'None'
[0.149s] Level 5:colcon.colcon_core.verb:set package 'rviz_2d_overlay_msgs' build argument 'catkin_skip_building_tests' from command line to 'False'
[0.149s] DEBUG:colcon.colcon_core.verb:Building package 'rviz_2d_overlay_msgs' with the following arguments: {'ament_cmake_args': None, 'build_base': '/root/ros2_ws/src/build/rviz_2d_overlay_msgs', 'catkin_cmake_args': None, 'catkin_skip_building_tests': False, 'cmake_args': ['-DROS_EDITION=ROS2', '-DHUMBLE_ROS=humble'], 'cmake_clean_cache': False, 'cmake_clean_first': False, 'cmake_force_configure': False, 'cmake_target': None, 'cmake_target_skip_unavailable': False, 'install_base': '/root/ros2_ws/src/install/rviz_2d_overlay_msgs', 'merge_install': False, 'path': '/root/ros2_ws/src/slam/rviz_2d_overlay_plugins/rviz_2d_overlay_msgs', 'symlink_install': False, 'test_result_base': None}
[0.149s] Level 5:colcon.colcon_core.verb:set package 'sensor_scan_generation' build argument 'cmake_args' from command line to '['-DROS_EDITION=ROS2', '-DHUMBLE_ROS=humble']'
[0.149s] Level 5:colcon.colcon_core.verb:set package 'sensor_scan_generation' build argument 'cmake_target' from command line to 'None'
[0.149s] Level 5:colcon.colcon_core.verb:set package 'sensor_scan_generation' build argument 'cmake_target_skip_unavailable' from command line to 'False'
[0.149s] Level 5:colcon.colcon_core.verb:set package 'sensor_scan_generation' build argument 'cmake_clean_cache' from command line to 'False'
[0.149s] Level 5:colcon.colcon_core.verb:set package 'sensor_scan_generation' build argument 'cmake_clean_first' from command line to 'False'
[0.149s] Level 5:colcon.colcon_core.verb:set package 'sensor_scan_generation' build argument 'cmake_force_configure' from command line to 'False'
[0.149s] Level 5:colcon.colcon_core.verb:set package 'sensor_scan_generation' build argument 'ament_cmake_args' from command line to 'None'
[0.149s] Level 5:colcon.colcon_core.verb:set package 'sensor_scan_generation' build argument 'catkin_cmake_args' from command line to 'None'
[0.149s] Level 5:colcon.colcon_core.verb:set package 'sensor_scan_generation' build argument 'catkin_skip_building_tests' from command line to 'False'
[0.149s] DEBUG:colcon.colcon_core.verb:Building package 'sensor_scan_generation' with the following arguments: {'ament_cmake_args': None, 'build_base': '/root/ros2_ws/src/build/sensor_scan_generation', 'catkin_cmake_args': None, 'catkin_skip_building_tests': False, 'cmake_args': ['-DROS_EDITION=ROS2', '-DHUMBLE_ROS=humble'], 'cmake_clean_cache': False, 'cmake_clean_first': False, 'cmake_force_configure': False, 'cmake_target': None, 'cmake_target_skip_unavailable': False, 'install_base': '/root/ros2_ws/src/install/sensor_scan_generation', 'merge_install': False, 'path': '/root/ros2_ws/src/base_autonomy/sensor_scan_generation', 'symlink_install': False, 'test_result_base': None}
[0.149s] Level 5:colcon.colcon_core.verb:set package 'super_odometry_msgs' build argument 'cmake_args' from command line to '['-DROS_EDITION=ROS2', '-DHUMBLE_ROS=humble']'
[0.149s] Level 5:colcon.colcon_core.verb:set package 'super_odometry_msgs' build argument 'cmake_target' from command line to 'None'
[0.149s] Level 5:colcon.colcon_core.verb:set package 'super_odometry_msgs' build argument 'cmake_target_skip_unavailable' from command line to 'False'
[0.149s] Level 5:colcon.colcon_core.verb:set package 'super_odometry_msgs' build argument 'cmake_clean_cache' from command line to 'False'
[0.149s] Level 5:colcon.colcon_core.verb:set package 'super_odometry_msgs' build argument 'cmake_clean_first' from command line to 'False'
[0.149s] Level 5:colcon.colcon_core.verb:set package 'super_odometry_msgs' build argument 'cmake_force_configure' from command line to 'False'
[0.149s] Level 5:colcon.colcon_core.verb:set package 'super_odometry_msgs' build argument 'ament_cmake_args' from command line to 'None'
[0.149s] Level 5:colcon.colcon_core.verb:set package 'super_odometry_msgs' build argument 'catkin_cmake_args' from command line to 'None'
[0.149s] Level 5:colcon.colcon_core.verb:set package 'super_odometry_msgs' build argument 'catkin_skip_building_tests' from command line to 'False'
[0.149s] DEBUG:colcon.colcon_core.verb:Building package 'super_odometry_msgs' with the following arguments: {'ament_cmake_args': None, 'build_base': '/root/ros2_ws/src/build/super_odometry_msgs', 'catkin_cmake_args': None, 'catkin_skip_building_tests': False, 'cmake_args': ['-DROS_EDITION=ROS2', '-DHUMBLE_ROS=humble'], 'cmake_clean_cache': False, 'cmake_clean_first': False, 'cmake_force_configure': False, 'cmake_target': None, 'cmake_target_skip_unavailable': False, 'install_base': '/root/ros2_ws/src/install/super_odometry_msgs', 'merge_install': False, 'path': '/root/ros2_ws/src/slam/SuperOdom/super_odometry_msgs', 'symlink_install': False, 'test_result_base': None}
[0.149s] Level 5:colcon.colcon_core.verb:set package 'teleop_rviz_plugin' build argument 'cmake_args' from command line to '['-DROS_EDITION=ROS2', '-DHUMBLE_ROS=humble']'
[0.149s] Level 5:colcon.colcon_core.verb:set package 'teleop_rviz_plugin' build argument 'cmake_target' from command line to 'None'
[0.149s] Level 5:colcon.colcon_core.verb:set package 'teleop_rviz_plugin' build argument 'cmake_target_skip_unavailable' from command line to 'False'
[0.149s] Level 5:colcon.colcon_core.verb:set package 'teleop_rviz_plugin' build argument 'cmake_clean_cache' from command line to 'False'
[0.149s] Level 5:colcon.colcon_core.verb:set package 'teleop_rviz_plugin' build argument 'cmake_clean_first' from command line to 'False'
[0.149s] Level 5:colcon.colcon_core.verb:set package 'teleop_rviz_plugin' build argument 'cmake_force_configure' from command line to 'False'
[0.149s] Level 5:colcon.colcon_core.verb:set package 'teleop_rviz_plugin' build argument 'ament_cmake_args' from command line to 'None'
[0.149s] Level 5:colcon.colcon_core.verb:set package 'teleop_rviz_plugin' build argument 'catkin_cmake_args' from command line to 'None'
[0.149s] Level 5:colcon.colcon_core.verb:set package 'teleop_rviz_plugin' build argument 'catkin_skip_building_tests' from command line to 'False'
[0.149s] DEBUG:colcon.colcon_core.verb:Building package 'teleop_rviz_plugin' with the following arguments: {'ament_cmake_args': None, 'build_base': '/root/ros2_ws/src/build/teleop_rviz_plugin', 'catkin_cmake_args': None, 'catkin_skip_building_tests': False, 'cmake_args': ['-DROS_EDITION=ROS2', '-DHUMBLE_ROS=humble'], 'cmake_clean_cache': False, 'cmake_clean_first': False, 'cmake_force_configure': False, 'cmake_target': None, 'cmake_target_skip_unavailable': False, 'install_base': '/root/ros2_ws/src/install/teleop_rviz_plugin', 'merge_install': False, 'path': '/root/ros2_ws/src/utilities/teleop_rviz_plugin', 'symlink_install': False, 'test_result_base': None}
[0.149s] Level 5:colcon.colcon_core.verb:set package 'teleop_rviz_plugin_plus' build argument 'cmake_args' from command line to '['-DROS_EDITION=ROS2', '-DHUMBLE_ROS=humble']'
[0.149s] Level 5:colcon.colcon_core.verb:set package 'teleop_rviz_plugin_plus' build argument 'cmake_target' from command line to 'None'
[0.149s] Level 5:colcon.colcon_core.verb:set package 'teleop_rviz_plugin_plus' build argument 'cmake_target_skip_unavailable' from command line to 'False'
[0.149s] Level 5:colcon.colcon_core.verb:set package 'teleop_rviz_plugin_plus' build argument 'cmake_clean_cache' from command line to 'False'
[0.149s] Level 5:colcon.colcon_core.verb:set package 'teleop_rviz_plugin_plus' build argument 'cmake_clean_first' from command line to 'False'
[0.149s] Level 5:colcon.colcon_core.verb:set package 'teleop_rviz_plugin_plus' build argument 'cmake_force_configure' from command line to 'False'
[0.149s] Level 5:colcon.colcon_core.verb:set package 'teleop_rviz_plugin_plus' build argument 'ament_cmake_args' from command line to 'None'
[0.149s] Level 5:colcon.colcon_core.verb:set package 'teleop_rviz_plugin_plus' build argument 'catkin_cmake_args' from command line to 'None'
[0.149s] Level 5:colcon.colcon_core.verb:set package 'teleop_rviz_plugin_plus' build argument 'catkin_skip_building_tests' from command line to 'False'
[0.149s] DEBUG:colcon.colcon_core.verb:Building package 'teleop_rviz_plugin_plus' with the following arguments: {'ament_cmake_args': None, 'build_base': '/root/ros2_ws/src/build/teleop_rviz_plugin_plus', 'catkin_cmake_args': None, 'catkin_skip_building_tests': False, 'cmake_args': ['-DROS_EDITION=ROS2', '-DHUMBLE_ROS=humble'], 'cmake_clean_cache': False, 'cmake_clean_first': False, 'cmake_force_configure': False, 'cmake_target': None, 'cmake_target_skip_unavailable': False, 'install_base': '/root/ros2_ws/src/install/teleop_rviz_plugin_plus', 'merge_install': False, 'path': '/root/ros2_ws/src/utilities/teleop_rviz_plugin_plus', 'symlink_install': False, 'test_result_base': None}
[0.149s] Level 5:colcon.colcon_core.verb:set package 'terrain_analysis' build argument 'cmake_args' from command line to '['-DROS_EDITION=ROS2', '-DHUMBLE_ROS=humble']'
[0.149s] Level 5:colcon.colcon_core.verb:set package 'terrain_analysis' build argument 'cmake_target' from command line to 'None'
[0.149s] Level 5:colcon.colcon_core.verb:set package 'terrain_analysis' build argument 'cmake_target_skip_unavailable' from command line to 'False'
[0.149s] Level 5:colcon.colcon_core.verb:set package 'terrain_analysis' build argument 'cmake_clean_cache' from command line to 'False'
[0.149s] Level 5:colcon.colcon_core.verb:set package 'terrain_analysis' build argument 'cmake_clean_first' from command line to 'False'
[0.149s] Level 5:colcon.colcon_core.verb:set package 'terrain_analysis' build argument 'cmake_force_configure' from command line to 'False'
[0.149s] Level 5:colcon.colcon_core.verb:set package 'terrain_analysis' build argument 'ament_cmake_args' from command line to 'None'
[0.149s] Level 5:colcon.colcon_core.verb:set package 'terrain_analysis' build argument 'catkin_cmake_args' from command line to 'None'
[0.149s] Level 5:colcon.colcon_core.verb:set package 'terrain_analysis' build argument 'catkin_skip_building_tests' from command line to 'False'
[0.150s] DEBUG:colcon.colcon_core.verb:Building package 'terrain_analysis' with the following arguments: {'ament_cmake_args': None, 'build_base': '/root/ros2_ws/src/build/terrain_analysis', 'catkin_cmake_args': None, 'catkin_skip_building_tests': False, 'cmake_args': ['-DROS_EDITION=ROS2', '-DHUMBLE_ROS=humble'], 'cmake_clean_cache': False, 'cmake_clean_first': False, 'cmake_force_configure': False, 'cmake_target': None, 'cmake_target_skip_unavailable': False, 'install_base': '/root/ros2_ws/src/install/terrain_analysis', 'merge_install': False, 'path': '/root/ros2_ws/src/base_autonomy/terrain_analysis', 'symlink_install': False, 'test_result_base': None}
[0.150s] Level 5:colcon.colcon_core.verb:set package 'terrain_analysis_ext' build argument 'cmake_args' from command line to '['-DROS_EDITION=ROS2', '-DHUMBLE_ROS=humble']'
[0.150s] Level 5:colcon.colcon_core.verb:set package 'terrain_analysis_ext' build argument 'cmake_target' from command line to 'None'
[0.150s] Level 5:colcon.colcon_core.verb:set package 'terrain_analysis_ext' build argument 'cmake_target_skip_unavailable' from command line to 'False'
[0.150s] Level 5:colcon.colcon_core.verb:set package 'terrain_analysis_ext' build argument 'cmake_clean_cache' from command line to 'False'
[0.150s] Level 5:colcon.colcon_core.verb:set package 'terrain_analysis_ext' build argument 'cmake_clean_first' from command line to 'False'
[0.150s] Level 5:colcon.colcon_core.verb:set package 'terrain_analysis_ext' build argument 'cmake_force_configure' from command line to 'False'
[0.150s] Level 5:colcon.colcon_core.verb:set package 'terrain_analysis_ext' build argument 'ament_cmake_args' from command line to 'None'
[0.150s] Level 5:colcon.colcon_core.verb:set package 'terrain_analysis_ext' build argument 'catkin_cmake_args' from command line to 'None'
[0.150s] Level 5:colcon.colcon_core.verb:set package 'terrain_analysis_ext' build argument 'catkin_skip_building_tests' from command line to 'False'
[0.150s] DEBUG:colcon.colcon_core.verb:Building package 'terrain_analysis_ext' with the following arguments: {'ament_cmake_args': None, 'build_base': '/root/ros2_ws/src/build/terrain_analysis_ext', 'catkin_cmake_args': None, 'catkin_skip_building_tests': False, 'cmake_args': ['-DROS_EDITION=ROS2', '-DHUMBLE_ROS=humble'], 'cmake_clean_cache': False, 'cmake_clean_first': False, 'cmake_force_configure': False, 'cmake_target': None, 'cmake_target_skip_unavailable': False, 'install_base': '/root/ros2_ws/src/install/terrain_analysis_ext', 'merge_install': False, 'path': '/root/ros2_ws/src/base_autonomy/terrain_analysis_ext', 'symlink_install': False, 'test_result_base': None}
[0.150s] Level 5:colcon.colcon_core.verb:set package 'transform_sensors' build argument 'cmake_args' from command line to '['-DROS_EDITION=ROS2', '-DHUMBLE_ROS=humble']'
[0.150s] Level 5:colcon.colcon_core.verb:set package 'transform_sensors' build argument 'cmake_target' from command line to 'None'
[0.150s] Level 5:colcon.colcon_core.verb:set package 'transform_sensors' build argument 'cmake_target_skip_unavailable' from command line to 'False'
[0.150s] Level 5:colcon.colcon_core.verb:set package 'transform_sensors' build argument 'cmake_clean_cache' from command line to 'False'
[0.150s] Level 5:colcon.colcon_core.verb:set package 'transform_sensors' build argument 'cmake_clean_first' from command line to 'False'
[0.150s] Level 5:colcon.colcon_core.verb:set package 'transform_sensors' build argument 'cmake_force_configure' from command line to 'False'
[0.150s] Level 5:colcon.colcon_core.verb:set package 'transform_sensors' build argument 'ament_cmake_args' from command line to 'None'
[0.150s] Level 5:colcon.colcon_core.verb:set package 'transform_sensors' build argument 'catkin_cmake_args' from command line to 'None'
[0.150s] Level 5:colcon.colcon_core.verb:set package 'transform_sensors' build argument 'catkin_skip_building_tests' from command line to 'False'
[0.150s] DEBUG:colcon.colcon_core.verb:Building package 'transform_sensors' with the following arguments: {'ament_cmake_args': None, 'build_base': '/root/ros2_ws/src/build/transform_sensors', 'catkin_cmake_args': None, 'catkin_skip_building_tests': False, 'cmake_args': ['-DROS_EDITION=ROS2', '-DHUMBLE_ROS=humble'], 'cmake_clean_cache': False, 'cmake_clean_first': False, 'cmake_force_configure': False, 'cmake_target': None, 'cmake_target_skip_unavailable': False, 'install_base': '/root/ros2_ws/src/install/transform_sensors', 'merge_install': False, 'path': '/root/ros2_ws/src/utilities/transform_sensors', 'symlink_install': False, 'test_result_base': None}
[0.150s] Level 5:colcon.colcon_core.verb:set package 'unitree_api' build argument 'cmake_args' from command line to '['-DROS_EDITION=ROS2', '-DHUMBLE_ROS=humble']'
[0.150s] Level 5:colcon.colcon_core.verb:set package 'unitree_api' build argument 'cmake_target' from command line to 'None'
[0.150s] Level 5:colcon.colcon_core.verb:set package 'unitree_api' build argument 'cmake_target_skip_unavailable' from command line to 'False'
[0.150s] Level 5:colcon.colcon_core.verb:set package 'unitree_api' build argument 'cmake_clean_cache' from command line to 'False'
[0.150s] Level 5:colcon.colcon_core.verb:set package 'unitree_api' build argument 'cmake_clean_first' from command line to 'False'
[0.150s] Level 5:colcon.colcon_core.verb:set package 'unitree_api' build argument 'cmake_force_configure' from command line to 'False'
[0.150s] Level 5:colcon.colcon_core.verb:set package 'unitree_api' build argument 'ament_cmake_args' from command line to 'None'
[0.150s] Level 5:colcon.colcon_core.verb:set package 'unitree_api' build argument 'catkin_cmake_args' from command line to 'None'
[0.150s] Level 5:colcon.colcon_core.verb:set package 'unitree_api' build argument 'catkin_skip_building_tests' from command line to 'False'
[0.150s] DEBUG:colcon.colcon_core.verb:Building package 'unitree_api' with the following arguments: {'ament_cmake_args': None, 'build_base': '/root/ros2_ws/src/build/unitree_api', 'catkin_cmake_args': None, 'catkin_skip_building_tests': False, 'cmake_args': ['-DROS_EDITION=ROS2', '-DHUMBLE_ROS=humble'], 'cmake_clean_cache': False, 'cmake_clean_first': False, 'cmake_force_configure': False, 'cmake_target': None, 'cmake_target_skip_unavailable': False, 'install_base': '/root/ros2_ws/src/install/unitree_api', 'merge_install': False, 'path': '/root/ros2_ws/src/utilities/unitree_pkgs/unitree_api', 'symlink_install': False, 'test_result_base': None}
[0.150s] Level 5:colcon.colcon_core.verb:set package 'unitree_go' build argument 'cmake_args' from command line to '['-DROS_EDITION=ROS2', '-DHUMBLE_ROS=humble']'
[0.150s] Level 5:colcon.colcon_core.verb:set package 'unitree_go' build argument 'cmake_target' from command line to 'None'
[0.150s] Level 5:colcon.colcon_core.verb:set package 'unitree_go' build argument 'cmake_target_skip_unavailable' from command line to 'False'
[0.150s] Level 5:colcon.colcon_core.verb:set package 'unitree_go' build argument 'cmake_clean_cache' from command line to 'False'
[0.150s] Level 5:colcon.colcon_core.verb:set package 'unitree_go' build argument 'cmake_clean_first' from command line to 'False'
[0.150s] Level 5:colcon.colcon_core.verb:set package 'unitree_go' build argument 'cmake_force_configure' from command line to 'False'
[0.150s] Level 5:colcon.colcon_core.verb:set package 'unitree_go' build argument 'ament_cmake_args' from command line to 'None'
[0.150s] Level 5:colcon.colcon_core.verb:set package 'unitree_go' build argument 'catkin_cmake_args' from command line to 'None'
[0.150s] Level 5:colcon.colcon_core.verb:set package 'unitree_go' build argument 'catkin_skip_building_tests' from command line to 'False'
[0.150s] DEBUG:colcon.colcon_core.verb:Building package 'unitree_go' with the following arguments: {'ament_cmake_args': None, 'build_base': '/root/ros2_ws/src/build/unitree_go', 'catkin_cmake_args': None, 'catkin_skip_building_tests': False, 'cmake_args': ['-DROS_EDITION=ROS2', '-DHUMBLE_ROS=humble'], 'cmake_clean_cache': False, 'cmake_clean_first': False, 'cmake_force_configure': False, 'cmake_target': None, 'cmake_target_skip_unavailable': False, 'install_base': '/root/ros2_ws/src/install/unitree_go', 'merge_install': False, 'path': '/root/ros2_ws/src/utilities/unitree_pkgs/unitree_go', 'symlink_install': False, 'test_result_base': None}
[0.150s] Level 5:colcon.colcon_core.verb:set package 'visibility_graph_msg' build argument 'cmake_args' from command line to '['-DROS_EDITION=ROS2', '-DHUMBLE_ROS=humble']'
[0.150s] Level 5:colcon.colcon_core.verb:set package 'visibility_graph_msg' build argument 'cmake_target' from command line to 'None'
[0.150s] Level 5:colcon.colcon_core.verb:set package 'visibility_graph_msg' build argument 'cmake_target_skip_unavailable' from command line to 'False'
[0.150s] Level 5:colcon.colcon_core.verb:set package 'visibility_graph_msg' build argument 'cmake_clean_cache' from command line to 'False'
[0.150s] Level 5:colcon.colcon_core.verb:set package 'visibility_graph_msg' build argument 'cmake_clean_first' from command line to 'False'
[0.150s] Level 5:colcon.colcon_core.verb:set package 'visibility_graph_msg' build argument 'cmake_force_configure' from command line to 'False'
[0.150s] Level 5:colcon.colcon_core.verb:set package 'visibility_graph_msg' build argument 'ament_cmake_args' from command line to 'None'
[0.150s] Level 5:colcon.colcon_core.verb:set package 'visibility_graph_msg' build argument 'catkin_cmake_args' from command line to 'None'
[0.150s] Level 5:colcon.colcon_core.verb:set package 'visibility_graph_msg' build argument 'catkin_skip_building_tests' from command line to 'False'
[0.150s] DEBUG:colcon.colcon_core.verb:Building package 'visibility_graph_msg' with the following arguments: {'ament_cmake_args': None, 'build_base': '/root/ros2_ws/src/build/visibility_graph_msg', 'catkin_cmake_args': None, 'catkin_skip_building_tests': False, 'cmake_args': ['-DROS_EDITION=ROS2', '-DHUMBLE_ROS=humble'], 'cmake_clean_cache': False, 'cmake_clean_first': False, 'cmake_force_configure': False, 'cmake_target': None, 'cmake_target_skip_unavailable': False, 'install_base': '/root/ros2_ws/src/install/visibility_graph_msg', 'merge_install': False, 'path': '/root/ros2_ws/src/route_planner/visibility_graph_msg', 'symlink_install': False, 'test_result_base': None}
[0.150s] Level 5:colcon.colcon_core.verb:set package 'visualization_tools' build argument 'cmake_args' from command line to '['-DROS_EDITION=ROS2', '-DHUMBLE_ROS=humble']'
[0.150s] Level 5:colcon.colcon_core.verb:set package 'visualization_tools' build argument 'cmake_target' from command line to 'None'
[0.150s] Level 5:colcon.colcon_core.verb:set package 'visualization_tools' build argument 'cmake_target_skip_unavailable' from command line to 'False'
[0.151s] Level 5:colcon.colcon_core.verb:set package 'visualization_tools' build argument 'cmake_clean_cache' from command line to 'False'
[0.151s] Level 5:colcon.colcon_core.verb:set package 'visualization_tools' build argument 'cmake_clean_first' from command line to 'False'
[0.151s] Level 5:colcon.colcon_core.verb:set package 'visualization_tools' build argument 'cmake_force_configure' from command line to 'False'
[0.151s] Level 5:colcon.colcon_core.verb:set package 'visualization_tools' build argument 'ament_cmake_args' from command line to 'None'
[0.151s] Level 5:colcon.colcon_core.verb:set package 'visualization_tools' build argument 'catkin_cmake_args' from command line to 'None'
[0.151s] Level 5:colcon.colcon_core.verb:set package 'visualization_tools' build argument 'catkin_skip_building_tests' from command line to 'False'
[0.151s] DEBUG:colcon.colcon_core.verb:Building package 'visualization_tools' with the following arguments: {'ament_cmake_args': None, 'build_base': '/root/ros2_ws/src/build/visualization_tools', 'catkin_cmake_args': None, 'catkin_skip_building_tests': False, 'cmake_args': ['-DROS_EDITION=ROS2', '-DHUMBLE_ROS=humble'], 'cmake_clean_cache': False, 'cmake_clean_first': False, 'cmake_force_configure': False, 'cmake_target': None, 'cmake_target_skip_unavailable': False, 'install_base': '/root/ros2_ws/src/install/visualization_tools', 'merge_install': False, 'path': '/root/ros2_ws/src/base_autonomy/visualization_tools', 'symlink_install': False, 'test_result_base': None}
[0.151s] Level 5:colcon.colcon_core.verb:set package 'waypoint_example' build argument 'cmake_args' from command line to '['-DROS_EDITION=ROS2', '-DHUMBLE_ROS=humble']'
[0.151s] Level 5:colcon.colcon_core.verb:set package 'waypoint_example' build argument 'cmake_target' from command line to 'None'
[0.151s] Level 5:colcon.colcon_core.verb:set package 'waypoint_example' build argument 'cmake_target_skip_unavailable' from command line to 'False'
[0.151s] Level 5:colcon.colcon_core.verb:set package 'waypoint_example' build argument 'cmake_clean_cache' from command line to 'False'
[0.151s] Level 5:colcon.colcon_core.verb:set package 'waypoint_example' build argument 'cmake_clean_first' from command line to 'False'
[0.151s] Level 5:colcon.colcon_core.verb:set package 'waypoint_example' build argument 'cmake_force_configure' from command line to 'False'
[0.151s] Level 5:colcon.colcon_core.verb:set package 'waypoint_example' build argument 'ament_cmake_args' from command line to 'None'
[0.151s] Level 5:colcon.colcon_core.verb:set package 'waypoint_example' build argument 'catkin_cmake_args' from command line to 'None'
[0.151s] Level 5:colcon.colcon_core.verb:set package 'waypoint_example' build argument 'catkin_skip_building_tests' from command line to 'False'
[0.151s] DEBUG:colcon.colcon_core.verb:Building package 'waypoint_example' with the following arguments: {'ament_cmake_args': None, 'build_base': '/root/ros2_ws/src/build/waypoint_example', 'catkin_cmake_args': None, 'catkin_skip_building_tests': False, 'cmake_args': ['-DROS_EDITION=ROS2', '-DHUMBLE_ROS=humble'], 'cmake_clean_cache': False, 'cmake_clean_first': False, 'cmake_force_configure': False, 'cmake_target': None, 'cmake_target_skip_unavailable': False, 'install_base': '/root/ros2_ws/src/install/waypoint_example', 'merge_install': False, 'path': '/root/ros2_ws/src/base_autonomy/waypoint_example', 'symlink_install': False, 'test_result_base': None}
[0.151s] Level 5:colcon.colcon_core.verb:set package 'waypoint_rviz_plugin' build argument 'cmake_args' from command line to '['-DROS_EDITION=ROS2', '-DHUMBLE_ROS=humble']'
[0.151s] Level 5:colcon.colcon_core.verb:set package 'waypoint_rviz_plugin' build argument 'cmake_target' from command line to 'None'
[0.151s] Level 5:colcon.colcon_core.verb:set package 'waypoint_rviz_plugin' build argument 'cmake_target_skip_unavailable' from command line to 'False'
[0.151s] Level 5:colcon.colcon_core.verb:set package 'waypoint_rviz_plugin' build argument 'cmake_clean_cache' from command line to 'False'
[0.151s] Level 5:colcon.colcon_core.verb:set package 'waypoint_rviz_plugin' build argument 'cmake_clean_first' from command line to 'False'
[0.151s] Level 5:colcon.colcon_core.verb:set package 'waypoint_rviz_plugin' build argument 'cmake_force_configure' from command line to 'False'
[0.151s] Level 5:colcon.colcon_core.verb:set package 'waypoint_rviz_plugin' build argument 'ament_cmake_args' from command line to 'None'
[0.151s] Level 5:colcon.colcon_core.verb:set package 'waypoint_rviz_plugin' build argument 'catkin_cmake_args' from command line to 'None'
[0.151s] Level 5:colcon.colcon_core.verb:set package 'waypoint_rviz_plugin' build argument 'catkin_skip_building_tests' from command line to 'False'
[0.151s] DEBUG:colcon.colcon_core.verb:Building package 'waypoint_rviz_plugin' with the following arguments: {'ament_cmake_args': None, 'build_base': '/root/ros2_ws/src/build/waypoint_rviz_plugin', 'catkin_cmake_args': None, 'catkin_skip_building_tests': False, 'cmake_args': ['-DROS_EDITION=ROS2', '-DHUMBLE_ROS=humble'], 'cmake_clean_cache': False, 'cmake_clean_first': False, 'cmake_force_configure': False, 'cmake_target': None, 'cmake_target_skip_unavailable': False, 'install_base': '/root/ros2_ws/src/install/waypoint_rviz_plugin', 'merge_install': False, 'path': '/root/ros2_ws/src/utilities/waypoint_rviz_plugin', 'symlink_install': False, 'test_result_base': None}
[0.151s] Level 5:colcon.colcon_core.verb:set package 'boundary_handler' build argument 'cmake_args' from command line to '['-DROS_EDITION=ROS2', '-DHUMBLE_ROS=humble']'
[0.151s] Level 5:colcon.colcon_core.verb:set package 'boundary_handler' build argument 'cmake_target' from command line to 'None'
[0.151s] Level 5:colcon.colcon_core.verb:set package 'boundary_handler' build argument 'cmake_target_skip_unavailable' from command line to 'False'
[0.151s] Level 5:colcon.colcon_core.verb:set package 'boundary_handler' build argument 'cmake_clean_cache' from command line to 'False'
[0.151s] Level 5:colcon.colcon_core.verb:set package 'boundary_handler' build argument 'cmake_clean_first' from command line to 'False'
[0.151s] Level 5:colcon.colcon_core.verb:set package 'boundary_handler' build argument 'cmake_force_configure' from command line to 'False'
[0.151s] Level 5:colcon.colcon_core.verb:set package 'boundary_handler' build argument 'ament_cmake_args' from command line to 'None'
[0.151s] Level 5:colcon.colcon_core.verb:set package 'boundary_handler' build argument 'catkin_cmake_args' from command line to 'None'
[0.151s] Level 5:colcon.colcon_core.verb:set package 'boundary_handler' build argument 'catkin_skip_building_tests' from command line to 'False'
[0.151s] DEBUG:colcon.colcon_core.verb:Building package 'boundary_handler' with the following arguments: {'ament_cmake_args': None, 'build_base': '/root/ros2_ws/src/build/boundary_handler', 'catkin_cmake_args': None, 'catkin_skip_building_tests': False, 'cmake_args': ['-DROS_EDITION=ROS2', '-DHUMBLE_ROS=humble'], 'cmake_clean_cache': False, 'cmake_clean_first': False, 'cmake_force_configure': False, 'cmake_target': None, 'cmake_target_skip_unavailable': False, 'install_base': '/root/ros2_ws/src/install/boundary_handler', 'merge_install': False, 'path': '/root/ros2_ws/src/route_planner/boundary_handler', 'symlink_install': False, 'test_result_base': None}
[0.151s] Level 5:colcon.colcon_core.verb:set package 'far_planner' build argument 'cmake_args' from command line to '['-DROS_EDITION=ROS2', '-DHUMBLE_ROS=humble']'
[0.151s] Level 5:colcon.colcon_core.verb:set package 'far_planner' build argument 'cmake_target' from command line to 'None'
[0.151s] Level 5:colcon.colcon_core.verb:set package 'far_planner' build argument 'cmake_target_skip_unavailable' from command line to 'False'
[0.151s] Level 5:colcon.colcon_core.verb:set package 'far_planner' build argument 'cmake_clean_cache' from command line to 'False'
[0.151s] Level 5:colcon.colcon_core.verb:set package 'far_planner' build argument 'cmake_clean_first' from command line to 'False'
[0.151s] Level 5:colcon.colcon_core.verb:set package 'far_planner' build argument 'cmake_force_configure' from command line to 'False'
[0.151s] Level 5:colcon.colcon_core.verb:set package 'far_planner' build argument 'ament_cmake_args' from command line to 'None'
[0.151s] Level 5:colcon.colcon_core.verb:set package 'far_planner' build argument 'catkin_cmake_args' from command line to 'None'
[0.151s] Level 5:colcon.colcon_core.verb:set package 'far_planner' build argument 'catkin_skip_building_tests' from command line to 'False'
[0.151s] DEBUG:colcon.colcon_core.verb:Building package 'far_planner' with the following arguments: {'ament_cmake_args': None, 'build_base': '/root/ros2_ws/src/build/far_planner', 'catkin_cmake_args': None, 'catkin_skip_building_tests': False, 'cmake_args': ['-DROS_EDITION=ROS2', '-DHUMBLE_ROS=humble'], 'cmake_clean_cache': False, 'cmake_clean_first': False, 'cmake_force_configure': False, 'cmake_target': None, 'cmake_target_skip_unavailable': False, 'install_base': '/root/ros2_ws/src/install/far_planner', 'merge_install': False, 'path': '/root/ros2_ws/src/route_planner/far_planner', 'symlink_install': False, 'test_result_base': None}
[0.151s] Level 5:colcon.colcon_core.verb:set package 'go2_sport_api' build argument 'cmake_args' from command line to '['-DROS_EDITION=ROS2', '-DHUMBLE_ROS=humble']'
[0.151s] Level 5:colcon.colcon_core.verb:set package 'go2_sport_api' build argument 'cmake_target' from command line to 'None'
[0.151s] Level 5:colcon.colcon_core.verb:set package 'go2_sport_api' build argument 'cmake_target_skip_unavailable' from command line to 'False'
[0.151s] Level 5:colcon.colcon_core.verb:set package 'go2_sport_api' build argument 'cmake_clean_cache' from command line to 'False'
[0.151s] Level 5:colcon.colcon_core.verb:set package 'go2_sport_api' build argument 'cmake_clean_first' from command line to 'False'
[0.151s] Level 5:colcon.colcon_core.verb:set package 'go2_sport_api' build argument 'cmake_force_configure' from command line to 'False'
[0.151s] Level 5:colcon.colcon_core.verb:set package 'go2_sport_api' build argument 'ament_cmake_args' from command line to 'None'
[0.151s] Level 5:colcon.colcon_core.verb:set package 'go2_sport_api' build argument 'catkin_cmake_args' from command line to 'None'
[0.151s] Level 5:colcon.colcon_core.verb:set package 'go2_sport_api' build argument 'catkin_skip_building_tests' from command line to 'False'
[0.151s] DEBUG:colcon.colcon_core.verb:Building package 'go2_sport_api' with the following arguments: {'ament_cmake_args': None, 'build_base': '/root/ros2_ws/src/build/go2_sport_api', 'catkin_cmake_args': None, 'catkin_skip_building_tests': False, 'cmake_args': ['-DROS_EDITION=ROS2', '-DHUMBLE_ROS=humble'], 'cmake_clean_cache': False, 'cmake_clean_first': False, 'cmake_force_configure': False, 'cmake_target': None, 'cmake_target_skip_unavailable': False, 'install_base': '/root/ros2_ws/src/install/go2_sport_api', 'merge_install': False, 'path': '/root/ros2_ws/src/utilities/unitree_pkgs/go2_sport_api', 'symlink_install': False, 'test_result_base': None}
[0.152s] Level 5:colcon.colcon_core.verb:set package 'graph_decoder' build argument 'cmake_args' from command line to '['-DROS_EDITION=ROS2', '-DHUMBLE_ROS=humble']'
[0.152s] Level 5:colcon.colcon_core.verb:set package 'graph_decoder' build argument 'cmake_target' from command line to 'None'
[0.152s] Level 5:colcon.colcon_core.verb:set package 'graph_decoder' build argument 'cmake_target_skip_unavailable' from command line to 'False'
[0.152s] Level 5:colcon.colcon_core.verb:set package 'graph_decoder' build argument 'cmake_clean_cache' from command line to 'False'
[0.152s] Level 5:colcon.colcon_core.verb:set package 'graph_decoder' build argument 'cmake_clean_first' from command line to 'False'
[0.152s] Level 5:colcon.colcon_core.verb:set package 'graph_decoder' build argument 'cmake_force_configure' from command line to 'False'
[0.152s] Level 5:colcon.colcon_core.verb:set package 'graph_decoder' build argument 'ament_cmake_args' from command line to 'None'
[0.152s] Level 5:colcon.colcon_core.verb:set package 'graph_decoder' build argument 'catkin_cmake_args' from command line to 'None'
[0.152s] Level 5:colcon.colcon_core.verb:set package 'graph_decoder' build argument 'catkin_skip_building_tests' from command line to 'False'
[0.152s] DEBUG:colcon.colcon_core.verb:Building package 'graph_decoder' with the following arguments: {'ament_cmake_args': None, 'build_base': '/root/ros2_ws/src/build/graph_decoder', 'catkin_cmake_args': None, 'catkin_skip_building_tests': False, 'cmake_args': ['-DROS_EDITION=ROS2', '-DHUMBLE_ROS=humble'], 'cmake_clean_cache': False, 'cmake_clean_first': False, 'cmake_force_configure': False, 'cmake_target': None, 'cmake_target_skip_unavailable': False, 'install_base': '/root/ros2_ws/src/install/graph_decoder', 'merge_install': False, 'path': '/root/ros2_ws/src/route_planner/graph_decoder', 'symlink_install': False, 'test_result_base': None}
[0.152s] Level 5:colcon.colcon_core.verb:set package 'point_lio_unilidar' build argument 'cmake_args' from command line to '['-DROS_EDITION=ROS2', '-DHUMBLE_ROS=humble']'
[0.152s] Level 5:colcon.colcon_core.verb:set package 'point_lio_unilidar' build argument 'cmake_target' from command line to 'None'
[0.152s] Level 5:colcon.colcon_core.verb:set package 'point_lio_unilidar' build argument 'cmake_target_skip_unavailable' from command line to 'False'
[0.152s] Level 5:colcon.colcon_core.verb:set package 'point_lio_unilidar' build argument 'cmake_clean_cache' from command line to 'False'
[0.152s] Level 5:colcon.colcon_core.verb:set package 'point_lio_unilidar' build argument 'cmake_clean_first' from command line to 'False'
[0.152s] Level 5:colcon.colcon_core.verb:set package 'point_lio_unilidar' build argument 'cmake_force_configure' from command line to 'False'
[0.152s] Level 5:colcon.colcon_core.verb:set package 'point_lio_unilidar' build argument 'ament_cmake_args' from command line to 'None'
[0.152s] Level 5:colcon.colcon_core.verb:set package 'point_lio_unilidar' build argument 'catkin_cmake_args' from command line to 'None'
[0.152s] Level 5:colcon.colcon_core.verb:set package 'point_lio_unilidar' build argument 'catkin_skip_building_tests' from command line to 'False'
[0.152s] DEBUG:colcon.colcon_core.verb:Building package 'point_lio_unilidar' with the following arguments: {'ament_cmake_args': None, 'build_base': '/root/ros2_ws/src/build/point_lio_unilidar', 'catkin_cmake_args': None, 'catkin_skip_building_tests': False, 'cmake_args': ['-DROS_EDITION=ROS2', '-DHUMBLE_ROS=humble'], 'cmake_clean_cache': False, 'cmake_clean_first': False, 'cmake_force_configure': False, 'cmake_target': None, 'cmake_target_skip_unavailable': False, 'install_base': '/root/ros2_ws/src/install/point_lio_unilidar', 'merge_install': False, 'path': '/root/ros2_ws/src/slam/point_lio_unilidar', 'symlink_install': False, 'test_result_base': None}
[0.152s] Level 5:colcon.colcon_core.verb:set package 'rviz_2d_overlay_plugins' build argument 'cmake_args' from command line to '['-DROS_EDITION=ROS2', '-DHUMBLE_ROS=humble']'
[0.152s] Level 5:colcon.colcon_core.verb:set package 'rviz_2d_overlay_plugins' build argument 'cmake_target' from command line to 'None'
[0.152s] Level 5:colcon.colcon_core.verb:set package 'rviz_2d_overlay_plugins' build argument 'cmake_target_skip_unavailable' from command line to 'False'
[0.152s] Level 5:colcon.colcon_core.verb:set package 'rviz_2d_overlay_plugins' build argument 'cmake_clean_cache' from command line to 'False'
[0.152s] Level 5:colcon.colcon_core.verb:set package 'rviz_2d_overlay_plugins' build argument 'cmake_clean_first' from command line to 'False'
[0.152s] Level 5:colcon.colcon_core.verb:set package 'rviz_2d_overlay_plugins' build argument 'cmake_force_configure' from command line to 'False'
[0.152s] Level 5:colcon.colcon_core.verb:set package 'rviz_2d_overlay_plugins' build argument 'ament_cmake_args' from command line to 'None'
[0.152s] Level 5:colcon.colcon_core.verb:set package 'rviz_2d_overlay_plugins' build argument 'catkin_cmake_args' from command line to 'None'
[0.152s] Level 5:colcon.colcon_core.verb:set package 'rviz_2d_overlay_plugins' build argument 'catkin_skip_building_tests' from command line to 'False'
[0.152s] DEBUG:colcon.colcon_core.verb:Building package 'rviz_2d_overlay_plugins' with the following arguments: {'ament_cmake_args': None, 'build_base': '/root/ros2_ws/src/build/rviz_2d_overlay_plugins', 'catkin_cmake_args': None, 'catkin_skip_building_tests': False, 'cmake_args': ['-DROS_EDITION=ROS2', '-DHUMBLE_ROS=humble'], 'cmake_clean_cache': False, 'cmake_clean_first': False, 'cmake_force_configure': False, 'cmake_target': None, 'cmake_target_skip_unavailable': False, 'install_base': '/root/ros2_ws/src/install/rviz_2d_overlay_plugins', 'merge_install': False, 'path': '/root/ros2_ws/src/slam/rviz_2d_overlay_plugins/rviz_2d_overlay_plugins', 'symlink_install': False, 'test_result_base': None}
[0.152s] Level 5:colcon.colcon_core.verb:set package 'super_odometry' build argument 'cmake_args' from command line to '['-DROS_EDITION=ROS2', '-DHUMBLE_ROS=humble']'
[0.152s] Level 5:colcon.colcon_core.verb:set package 'super_odometry' build argument 'cmake_target' from command line to 'None'
[0.152s] Level 5:colcon.colcon_core.verb:set package 'super_odometry' build argument 'cmake_target_skip_unavailable' from command line to 'False'
[0.152s] Level 5:colcon.colcon_core.verb:set package 'super_odometry' build argument 'cmake_clean_cache' from command line to 'False'
[0.152s] Level 5:colcon.colcon_core.verb:set package 'super_odometry' build argument 'cmake_clean_first' from command line to 'False'
[0.152s] Level 5:colcon.colcon_core.verb:set package 'super_odometry' build argument 'cmake_force_configure' from command line to 'False'
[0.152s] Level 5:colcon.colcon_core.verb:set package 'super_odometry' build argument 'ament_cmake_args' from command line to 'None'
[0.152s] Level 5:colcon.colcon_core.verb:set package 'super_odometry' build argument 'catkin_cmake_args' from command line to 'None'
[0.152s] Level 5:colcon.colcon_core.verb:set package 'super_odometry' build argument 'catkin_skip_building_tests' from command line to 'False'
[0.152s] DEBUG:colcon.colcon_core.verb:Building package 'super_odometry' with the following arguments: {'ament_cmake_args': None, 'build_base': '/root/ros2_ws/src/build/super_odometry', 'catkin_cmake_args': None, 'catkin_skip_building_tests': False, 'cmake_args': ['-DROS_EDITION=ROS2', '-DHUMBLE_ROS=humble'], 'cmake_clean_cache': False, 'cmake_clean_first': False, 'cmake_force_configure': False, 'cmake_target': None, 'cmake_target_skip_unavailable': False, 'install_base': '/root/ros2_ws/src/install/super_odometry', 'merge_install': False, 'path': '/root/ros2_ws/src/slam/SuperOdom/super_odometry', 'symlink_install': False, 'test_result_base': None}
[0.152s] Level 5:colcon.colcon_core.verb:set package 'vehicle_simulator' build argument 'cmake_args' from command line to '['-DROS_EDITION=ROS2', '-DHUMBLE_ROS=humble']'
[0.152s] Level 5:colcon.colcon_core.verb:set package 'vehicle_simulator' build argument 'cmake_target' from command line to 'None'
[0.152s] Level 5:colcon.colcon_core.verb:set package 'vehicle_simulator' build argument 'cmake_target_skip_unavailable' from command line to 'False'
[0.152s] Level 5:colcon.colcon_core.verb:set package 'vehicle_simulator' build argument 'cmake_clean_cache' from command line to 'False'
[0.152s] Level 5:colcon.colcon_core.verb:set package 'vehicle_simulator' build argument 'cmake_clean_first' from command line to 'False'
[0.152s] Level 5:colcon.colcon_core.verb:set package 'vehicle_simulator' build argument 'cmake_force_configure' from command line to 'False'
[0.152s] Level 5:colcon.colcon_core.verb:set package 'vehicle_simulator' build argument 'ament_cmake_args' from command line to 'None'
[0.152s] Level 5:colcon.colcon_core.verb:set package 'vehicle_simulator' build argument 'catkin_cmake_args' from command line to 'None'
[0.152s] Level 5:colcon.colcon_core.verb:set package 'vehicle_simulator' build argument 'catkin_skip_building_tests' from command line to 'False'
[0.152s] DEBUG:colcon.colcon_core.verb:Building package 'vehicle_simulator' with the following arguments: {'ament_cmake_args': None, 'build_base': '/root/ros2_ws/src/build/vehicle_simulator', 'catkin_cmake_args': None, 'catkin_skip_building_tests': False, 'cmake_args': ['-DROS_EDITION=ROS2', '-DHUMBLE_ROS=humble'], 'cmake_clean_cache': False, 'cmake_clean_first': False, 'cmake_force_configure': False, 'cmake_target': None, 'cmake_target_skip_unavailable': False, 'install_base': '/root/ros2_ws/src/install/vehicle_simulator', 'merge_install': False, 'path': '/root/ros2_ws/src/base_autonomy/vehicle_simulator', 'symlink_install': False, 'test_result_base': None}
[0.152s] Level 5:colcon.colcon_core.verb:set package 'calibrate_imu' build argument 'cmake_args' from command line to '['-DROS_EDITION=ROS2', '-DHUMBLE_ROS=humble']'
[0.152s] Level 5:colcon.colcon_core.verb:set package 'calibrate_imu' build argument 'cmake_target' from command line to 'None'
[0.152s] Level 5:colcon.colcon_core.verb:set package 'calibrate_imu' build argument 'cmake_target_skip_unavailable' from command line to 'False'
[0.152s] Level 5:colcon.colcon_core.verb:set package 'calibrate_imu' build argument 'cmake_clean_cache' from command line to 'False'
[0.152s] Level 5:colcon.colcon_core.verb:set package 'calibrate_imu' build argument 'cmake_clean_first' from command line to 'False'
[0.152s] Level 5:colcon.colcon_core.verb:set package 'calibrate_imu' build argument 'cmake_force_configure' from command line to 'False'
[0.152s] Level 5:colcon.colcon_core.verb:set package 'calibrate_imu' build argument 'ament_cmake_args' from command line to 'None'
[0.152s] Level 5:colcon.colcon_core.verb:set package 'calibrate_imu' build argument 'catkin_cmake_args' from command line to 'None'
[0.152s] Level 5:colcon.colcon_core.verb:set package 'calibrate_imu' build argument 'catkin_skip_building_tests' from command line to 'False'
[0.152s] DEBUG:colcon.colcon_core.verb:Building package 'calibrate_imu' with the following arguments: {'ament_cmake_args': None, 'build_base': '/root/ros2_ws/src/build/calibrate_imu', 'catkin_cmake_args': None, 'catkin_skip_building_tests': False, 'cmake_args': ['-DROS_EDITION=ROS2', '-DHUMBLE_ROS=humble'], 'cmake_clean_cache': False, 'cmake_clean_first': False, 'cmake_force_configure': False, 'cmake_target': None, 'cmake_target_skip_unavailable': False, 'install_base': '/root/ros2_ws/src/install/calibrate_imu', 'merge_install': False, 'path': '/root/ros2_ws/src/utilities/calibrate_imu', 'symlink_install': False, 'test_result_base': None}
[0.153s] Level 5:colcon.colcon_core.verb:set package 'local_planner' build argument 'cmake_args' from command line to '['-DROS_EDITION=ROS2', '-DHUMBLE_ROS=humble']'
[0.153s] Level 5:colcon.colcon_core.verb:set package 'local_planner' build argument 'cmake_target' from command line to 'None'
[0.153s] Level 5:colcon.colcon_core.verb:set package 'local_planner' build argument 'cmake_target_skip_unavailable' from command line to 'False'
[0.153s] Level 5:colcon.colcon_core.verb:set package 'local_planner' build argument 'cmake_clean_cache' from command line to 'False'
[0.153s] Level 5:colcon.colcon_core.verb:set package 'local_planner' build argument 'cmake_clean_first' from command line to 'False'
[0.153s] Level 5:colcon.colcon_core.verb:set package 'local_planner' build argument 'cmake_force_configure' from command line to 'False'
[0.153s] Level 5:colcon.colcon_core.verb:set package 'local_planner' build argument 'ament_cmake_args' from command line to 'None'
[0.153s] Level 5:colcon.colcon_core.verb:set package 'local_planner' build argument 'catkin_cmake_args' from command line to 'None'
[0.153s] Level 5:colcon.colcon_core.verb:set package 'local_planner' build argument 'catkin_skip_building_tests' from command line to 'False'
[0.153s] DEBUG:colcon.colcon_core.verb:Building package 'local_planner' with the following arguments: {'ament_cmake_args': None, 'build_base': '/root/ros2_ws/src/build/local_planner', 'catkin_cmake_args': None, 'catkin_skip_building_tests': False, 'cmake_args': ['-DROS_EDITION=ROS2', '-DHUMBLE_ROS=humble'], 'cmake_clean_cache': False, 'cmake_clean_first': False, 'cmake_force_configure': False, 'cmake_target': None, 'cmake_target_skip_unavailable': False, 'install_base': '/root/ros2_ws/src/install/local_planner', 'merge_install': False, 'path': '/root/ros2_ws/src/base_autonomy/local_planner', 'symlink_install': False, 'test_result_base': None}
[0.153s] INFO:colcon.colcon_core.executor:Executing jobs using 'parallel' executor
[0.153s] DEBUG:colcon.colcon_parallel_executor.executor.parallel:run_until_complete
[0.153s] INFO:colcon.colcon_ros.task.ament_cmake.build:Building ROS package in '/root/ros2_ws/src/utilities/unitree_pkgs/unitree_api' with build type 'ament_cmake'
[0.153s] INFO:colcon.colcon_cmake.task.cmake.build:Building CMake package in '/root/ros2_ws/src/utilities/unitree_pkgs/unitree_api'
[0.154s] INFO:colcon.colcon_core.plugin_system:Skipping extension 'colcon_core.shell.bat': Not used on non-Windows systems
[0.154s] INFO:colcon.colcon_core.shell:Skip shell extension 'powershell' for command environment: Not usable outside of PowerShell
[0.155s] DEBUG:colcon.colcon_core.shell:Skip shell extension 'dsv' for command environment
[0.156s] INFO:colcon.colcon_ros.task.ament_cmake.build:Building ROS package in '/root/ros2_ws/src/utilities/unitree_pkgs/unitree_go' with build type 'ament_cmake'
[0.156s] INFO:colcon.colcon_cmake.task.cmake.build:Building CMake package in '/root/ros2_ws/src/utilities/unitree_pkgs/unitree_go'
[0.156s] INFO:colcon.colcon_core.shell:Skip shell extension 'powershell' for command environment: Not usable outside of PowerShell
[0.156s] DEBUG:colcon.colcon_core.shell:Skip shell extension 'dsv' for command environment
[0.158s] INFO:colcon.colcon_ros.task.ament_cmake.build:Building ROS package in '/root/ros2_ws/src/route_planner/visibility_graph_msg' with build type 'ament_cmake'
[0.158s] INFO:colcon.colcon_cmake.task.cmake.build:Building CMake package in '/root/ros2_ws/src/route_planner/visibility_graph_msg'
[0.158s] INFO:colcon.colcon_core.shell:Skip shell extension 'powershell' for command environment: Not usable outside of PowerShell
[0.158s] DEBUG:colcon.colcon_core.shell:Skip shell extension 'dsv' for command environment
[0.160s] INFO:colcon.colcon_ros.task.ament_cmake.build:Building ROS package in '/root/ros2_ws/src/slam/livox_ros_driver2' with build type 'ament_cmake'
[0.160s] INFO:colcon.colcon_cmake.task.cmake.build:Building CMake package in '/root/ros2_ws/src/slam/livox_ros_driver2'
[0.160s] INFO:colcon.colcon_core.shell:Skip shell extension 'powershell' for command environment: Not usable outside of PowerShell
[0.160s] DEBUG:colcon.colcon_core.shell:Skip shell extension 'dsv' for command environment
[0.161s] INFO:colcon.colcon_ros.task.ament_python.build:Building ROS package in '/root/ros2_ws/src/utilities/ROS-TCP-Endpoint' with build type 'ament_python'
[0.161s] Level 1:colcon.colcon_core.shell:create_environment_hook('ros_tcp_endpoint', 'ament_prefix_path')
[0.161s] INFO:colcon.colcon_core.shell:Creating environment hook '/root/ros2_ws/src/install/ros_tcp_endpoint/share/ros_tcp_endpoint/hook/ament_prefix_path.ps1'
[0.162s] INFO:colcon.colcon_core.shell:Creating environment descriptor '/root/ros2_ws/src/install/ros_tcp_endpoint/share/ros_tcp_endpoint/hook/ament_prefix_path.dsv'
[0.162s] INFO:colcon.colcon_core.shell:Creating environment hook '/root/ros2_ws/src/install/ros_tcp_endpoint/share/ros_tcp_endpoint/hook/ament_prefix_path.sh'
[0.162s] INFO:colcon.colcon_core.shell:Skip shell extension 'powershell' for command environment: Not usable outside of PowerShell
[0.162s] DEBUG:colcon.colcon_core.shell:Skip shell extension 'dsv' for command environment
[0.163s] INFO:colcon.colcon_ros.task.ament_cmake.build:Building ROS package in '/root/ros2_ws/src/slam/rviz_2d_overlay_plugins/rviz_2d_overlay_msgs' with build type 'ament_cmake'
[0.163s] INFO:colcon.colcon_cmake.task.cmake.build:Building CMake package in '/root/ros2_ws/src/slam/rviz_2d_overlay_plugins/rviz_2d_overlay_msgs'
[0.164s] INFO:colcon.colcon_core.shell:Skip shell extension 'powershell' for command environment: Not usable outside of PowerShell
[0.164s] DEBUG:colcon.colcon_core.shell:Skip shell extension 'dsv' for command environment
[0.165s] INFO:colcon.colcon_ros.task.ament_cmake.build:Building ROS package in '/root/ros2_ws/src/slam/SuperOdom/super_odometry_msgs' with build type 'ament_cmake'
[0.165s] INFO:colcon.colcon_cmake.task.cmake.build:Building CMake package in '/root/ros2_ws/src/slam/SuperOdom/super_odometry_msgs'
[0.165s] INFO:colcon.colcon_core.shell:Skip shell extension 'powershell' for command environment: Not usable outside of PowerShell
[0.165s] DEBUG:colcon.colcon_core.shell:Skip shell extension 'dsv' for command environment
[0.166s] INFO:colcon.colcon_ros.task.ament_python.build:Building ROS package in '/root/ros2_ws/src/utilities/transform_sensors' with build type 'ament_python'
[0.166s] Level 1:colcon.colcon_core.shell:create_environment_hook('transform_sensors', 'ament_prefix_path')
[0.167s] INFO:colcon.colcon_core.shell:Creating environment hook '/root/ros2_ws/src/install/transform_sensors/share/transform_sensors/hook/ament_prefix_path.ps1'
[0.167s] INFO:colcon.colcon_core.shell:Creating environment descriptor '/root/ros2_ws/src/install/transform_sensors/share/transform_sensors/hook/ament_prefix_path.dsv'
[0.167s] INFO:colcon.colcon_core.shell:Creating environment hook '/root/ros2_ws/src/install/transform_sensors/share/transform_sensors/hook/ament_prefix_path.sh'
[0.167s] INFO:colcon.colcon_core.shell:Skip shell extension 'powershell' for command environment: Not usable outside of PowerShell
[0.167s] DEBUG:colcon.colcon_core.shell:Skip shell extension 'dsv' for command environment
[0.168s] INFO:colcon.colcon_ros.task.ament_cmake.build:Building ROS package in '/root/ros2_ws/src/utilities/unitree_pkgs/go2_h264_repub' with build type 'ament_cmake'
[0.168s] INFO:colcon.colcon_cmake.task.cmake.build:Building CMake package in '/root/ros2_ws/src/utilities/unitree_pkgs/go2_h264_repub'
[0.168s] INFO:colcon.colcon_core.shell:Skip shell extension 'powershell' for command environment: Not usable outside of PowerShell
[0.169s] DEBUG:colcon.colcon_core.shell:Skip shell extension 'dsv' for command environment
[0.170s] INFO:colcon.colcon_ros.task.ament_cmake.build:Building ROS package in '/root/ros2_ws/src/utilities/goalpoint_rviz_plugin' with build type 'ament_cmake'
[0.170s] INFO:colcon.colcon_cmake.task.cmake.build:Building CMake package in '/root/ros2_ws/src/utilities/goalpoint_rviz_plugin'
[0.170s] INFO:colcon.colcon_core.shell:Skip shell extension 'powershell' for command environment: Not usable outside of PowerShell
[0.170s] DEBUG:colcon.colcon_core.shell:Skip shell extension 'dsv' for command environment
[0.172s] INFO:colcon.colcon_ros.task.ament_cmake.build:Building ROS package in '/root/ros2_ws/src/base_autonomy/sensor_scan_generation' with build type 'ament_cmake'
[0.172s] INFO:colcon.colcon_cmake.task.cmake.build:Building CMake package in '/root/ros2_ws/src/base_autonomy/sensor_scan_generation'
[0.172s] INFO:colcon.colcon_core.shell:Skip shell extension 'powershell' for command environment: Not usable outside of PowerShell
[0.172s] DEBUG:colcon.colcon_core.shell:Skip shell extension 'dsv' for command environment
[0.173s] INFO:colcon.colcon_ros.task.ament_cmake.build:Building ROS package in '/root/ros2_ws/src/utilities/teleop_rviz_plugin' with build type 'ament_cmake'
[0.173s] INFO:colcon.colcon_cmake.task.cmake.build:Building CMake package in '/root/ros2_ws/src/utilities/teleop_rviz_plugin'
[0.173s] INFO:colcon.colcon_core.shell:Skip shell extension 'powershell' for command environment: Not usable outside of PowerShell
[0.173s] DEBUG:colcon.colcon_core.shell:Skip shell extension 'dsv' for command environment
[0.175s] INFO:colcon.colcon_ros.task.ament_cmake.build:Building ROS package in '/root/ros2_ws/src/utilities/teleop_rviz_plugin_plus' with build type 'ament_cmake'
[0.175s] INFO:colcon.colcon_cmake.task.cmake.build:Building CMake package in '/root/ros2_ws/src/utilities/teleop_rviz_plugin_plus'
[0.175s] INFO:colcon.colcon_core.shell:Skip shell extension 'powershell' for command environment: Not usable outside of PowerShell
[0.175s] DEBUG:colcon.colcon_core.shell:Skip shell extension 'dsv' for command environment
[0.176s] INFO:colcon.colcon_ros.task.ament_cmake.build:Building ROS package in '/root/ros2_ws/src/base_autonomy/terrain_analysis' with build type 'ament_cmake'
[0.176s] INFO:colcon.colcon_cmake.task.cmake.build:Building CMake package in '/root/ros2_ws/src/base_autonomy/terrain_analysis'
[0.176s] INFO:colcon.colcon_core.shell:Skip shell extension 'powershell' for command environment: Not usable outside of PowerShell
[0.176s] DEBUG:colcon.colcon_core.shell:Skip shell extension 'dsv' for command environment
[0.178s] INFO:colcon.colcon_ros.task.ament_cmake.build:Building ROS package in '/root/ros2_ws/src/base_autonomy/terrain_analysis_ext' with build type 'ament_cmake'
[0.178s] INFO:colcon.colcon_cmake.task.cmake.build:Building CMake package in '/root/ros2_ws/src/base_autonomy/terrain_analysis_ext'
[0.178s] INFO:colcon.colcon_core.shell:Skip shell extension 'powershell' for command environment: Not usable outside of PowerShell
[0.178s] DEBUG:colcon.colcon_core.shell:Skip shell extension 'dsv' for command environment
[0.179s] INFO:colcon.colcon_ros.task.ament_cmake.build:Building ROS package in '/root/ros2_ws/src/base_autonomy/visualization_tools' with build type 'ament_cmake'
[0.179s] INFO:colcon.colcon_cmake.task.cmake.build:Building CMake package in '/root/ros2_ws/src/base_autonomy/visualization_tools'
[0.180s] INFO:colcon.colcon_core.shell:Skip shell extension 'powershell' for command environment: Not usable outside of PowerShell
[0.180s] DEBUG:colcon.colcon_core.shell:Skip shell extension 'dsv' for command environment
[0.181s] INFO:colcon.colcon_ros.task.ament_cmake.build:Building ROS package in '/root/ros2_ws/src/base_autonomy/waypoint_example' with build type 'ament_cmake'
[0.181s] INFO:colcon.colcon_cmake.task.cmake.build:Building CMake package in '/root/ros2_ws/src/base_autonomy/waypoint_example'
[0.181s] INFO:colcon.colcon_core.shell:Skip shell extension 'powershell' for command environment: Not usable outside of PowerShell
[0.181s] DEBUG:colcon.colcon_core.shell:Skip shell extension 'dsv' for command environment
[0.182s] INFO:colcon.colcon_ros.task.ament_cmake.build:Building ROS package in '/root/ros2_ws/src/utilities/waypoint_rviz_plugin' with build type 'ament_cmake'
[0.182s] INFO:colcon.colcon_cmake.task.cmake.build:Building CMake package in '/root/ros2_ws/src/utilities/waypoint_rviz_plugin'
[0.182s] INFO:colcon.colcon_core.shell:Skip shell extension 'powershell' for command environment: Not usable outside of PowerShell
[0.182s] DEBUG:colcon.colcon_core.shell:Skip shell extension 'dsv' for command environment
[0.188s] DEBUG:colcon.colcon_core.event_handler.log_command:Invoking command in '/root/ros2_ws/src/build/unitree_api': CMAKE_PREFIX_PATH=/opt/ros/humble /usr/bin/cmake /root/ros2_ws/src/utilities/unitree_pkgs/unitree_api -DROS_EDITION=ROS2 -DHUMBLE_ROS=humble -DCMAKE_INSTALL_PREFIX=/root/ros2_ws/src/install/unitree_api
[0.188s] DEBUG:colcon.colcon_core.event_handler.log_command:Invoking command in '/root/ros2_ws/src/build/unitree_go': CMAKE_PREFIX_PATH=/opt/ros/humble /usr/bin/cmake /root/ros2_ws/src/utilities/unitree_pkgs/unitree_go -DROS_EDITION=ROS2 -DHUMBLE_ROS=humble -DCMAKE_INSTALL_PREFIX=/root/ros2_ws/src/install/unitree_go
[0.190s] DEBUG:colcon.colcon_core.event_handler.log_command:Invoking command in '/root/ros2_ws/src/build/visibility_graph_msg': CMAKE_PREFIX_PATH=/opt/ros/humble /usr/bin/cmake /root/ros2_ws/src/route_planner/visibility_graph_msg -DROS_EDITION=ROS2 -DHUMBLE_ROS=humble -DCMAKE_INSTALL_PREFIX=/root/ros2_ws/src/install/visibility_graph_msg
[0.191s] DEBUG:colcon.colcon_core.event_handler.log_command:Invoking command in '/root/ros2_ws/src/build/livox_ros_driver2': CMAKE_PREFIX_PATH=/opt/ros/humble /usr/bin/cmake /root/ros2_ws/src/slam/livox_ros_driver2 -DROS_EDITION=ROS2 -DHUMBLE_ROS=humble -DCMAKE_INSTALL_PREFIX=/root/ros2_ws/src/install/livox_ros_driver2
[0.377s] INFO:colcon.colcon_core.task.python.build:Building Python package in '/root/ros2_ws/src/utilities/ROS-TCP-Endpoint'
[0.377s] INFO:colcon.colcon_core.shell:Skip shell extension 'powershell' for command environment: Not usable outside of PowerShell
[0.377s] DEBUG:colcon.colcon_core.shell:Skip shell extension 'dsv' for command environment
[0.382s] DEBUG:colcon.colcon_core.event_handler.log_command:Invoking command in '/root/ros2_ws/src/build/rviz_2d_overlay_msgs': CMAKE_PREFIX_PATH=/opt/ros/humble /usr/bin/cmake /root/ros2_ws/src/slam/rviz_2d_overlay_plugins/rviz_2d_overlay_msgs -DROS_EDITION=ROS2 -DHUMBLE_ROS=humble -DCMAKE_INSTALL_PREFIX=/root/ros2_ws/src/install/rviz_2d_overlay_msgs
[0.383s] DEBUG:colcon.colcon_core.event_handler.log_command:Invoking command in '/root/ros2_ws/src/build/super_odometry_msgs': CMAKE_PREFIX_PATH=/opt/ros/humble /usr/bin/cmake /root/ros2_ws/src/slam/SuperOdom/super_odometry_msgs -DROS_EDITION=ROS2 -DHUMBLE_ROS=humble -DCMAKE_INSTALL_PREFIX=/root/ros2_ws/src/install/super_odometry_msgs
[0.592s] INFO:colcon.colcon_core.task.python.build:Building Python package in '/root/ros2_ws/src/utilities/transform_sensors'
[0.592s] INFO:colcon.colcon_core.shell:Skip shell extension 'powershell' for command environment: Not usable outside of PowerShell
[0.592s] DEBUG:colcon.colcon_core.shell:Skip shell extension 'dsv' for command environment
[0.597s] DEBUG:colcon.colcon_core.event_handler.log_command:Invoking command in '/root/ros2_ws/src/build/go2_h264_repub': CMAKE_PREFIX_PATH=/opt/ros/humble /usr/bin/cmake /root/ros2_ws/src/utilities/unitree_pkgs/go2_h264_repub -DROS_EDITION=ROS2 -DHUMBLE_ROS=humble -DCMAKE_INSTALL_PREFIX=/root/ros2_ws/src/install/go2_h264_repub
[0.598s] DEBUG:colcon.colcon_core.event_handler.log_command:Invoking command in '/root/ros2_ws/src/build/goalpoint_rviz_plugin': CMAKE_PREFIX_PATH=/opt/ros/humble /usr/bin/cmake /root/ros2_ws/src/utilities/goalpoint_rviz_plugin -DROS_EDITION=ROS2 -DHUMBLE_ROS=humble -DCMAKE_INSTALL_PREFIX=/root/ros2_ws/src/install/goalpoint_rviz_plugin
[0.599s] DEBUG:colcon.colcon_core.event_handler.log_command:Invoking command in '/root/ros2_ws/src/build/sensor_scan_generation': CMAKE_PREFIX_PATH=/opt/ros/humble /usr/bin/cmake /root/ros2_ws/src/base_autonomy/sensor_scan_generation -DROS_EDITION=ROS2 -DHUMBLE_ROS=humble -DCMAKE_INSTALL_PREFIX=/root/ros2_ws/src/install/sensor_scan_generation
[0.602s] DEBUG:colcon.colcon_core.event_handler.log_command:Invoking command in '/root/ros2_ws/src/build/teleop_rviz_plugin': CMAKE_PREFIX_PATH=/opt/ros/humble /usr/bin/cmake /root/ros2_ws/src/utilities/teleop_rviz_plugin -DROS_EDITION=ROS2 -DHUMBLE_ROS=humble -DCMAKE_INSTALL_PREFIX=/root/ros2_ws/src/install/teleop_rviz_plugin
[0.603s] DEBUG:colcon.colcon_core.event_handler.log_command:Invoking command in '/root/ros2_ws/src/build/teleop_rviz_plugin_plus': CMAKE_PREFIX_PATH=/opt/ros/humble /usr/bin/cmake /root/ros2_ws/src/utilities/teleop_rviz_plugin_plus -DROS_EDITION=ROS2 -DHUMBLE_ROS=humble -DCMAKE_INSTALL_PREFIX=/root/ros2_ws/src/install/teleop_rviz_plugin_plus
[0.605s] DEBUG:colcon.colcon_core.event_handler.log_command:Invoking command in '/root/ros2_ws/src/build/terrain_analysis': CMAKE_PREFIX_PATH=/opt/ros/humble /usr/bin/cmake /root/ros2_ws/src/base_autonomy/terrain_analysis -DROS_EDITION=ROS2 -DHUMBLE_ROS=humble -DCMAKE_INSTALL_PREFIX=/root/ros2_ws/src/install/terrain_analysis
[0.606s] DEBUG:colcon.colcon_core.event_handler.log_command:Invoking command in '/root/ros2_ws/src/build/terrain_analysis_ext': CMAKE_PREFIX_PATH=/opt/ros/humble /usr/bin/cmake /root/ros2_ws/src/base_autonomy/terrain_analysis_ext -DROS_EDITION=ROS2 -DHUMBLE_ROS=humble -DCMAKE_INSTALL_PREFIX=/root/ros2_ws/src/install/terrain_analysis_ext
[0.611s] DEBUG:colcon.colcon_core.event_handler.log_command:Invoking command in '/root/ros2_ws/src/build/visualization_tools': CMAKE_PREFIX_PATH=/opt/ros/humble /usr/bin/cmake /root/ros2_ws/src/base_autonomy/visualization_tools -DROS_EDITION=ROS2 -DHUMBLE_ROS=humble -DCMAKE_INSTALL_PREFIX=/root/ros2_ws/src/install/visualization_tools
[0.612s] DEBUG:colcon.colcon_core.event_handler.log_command:Invoking command in '/root/ros2_ws/src/build/waypoint_example': CMAKE_PREFIX_PATH=/opt/ros/humble /usr/bin/cmake /root/ros2_ws/src/base_autonomy/waypoint_example -DROS_EDITION=ROS2 -DHUMBLE_ROS=humble -DCMAKE_INSTALL_PREFIX=/root/ros2_ws/src/install/waypoint_example
[0.614s] DEBUG:colcon.colcon_core.event_handler.log_command:Invoking command in '/root/ros2_ws/src/build/waypoint_rviz_plugin': CMAKE_PREFIX_PATH=/opt/ros/humble /usr/bin/cmake /root/ros2_ws/src/utilities/waypoint_rviz_plugin -DROS_EDITION=ROS2 -DHUMBLE_ROS=humble -DCMAKE_INSTALL_PREFIX=/root/ros2_ws/src/install/waypoint_rviz_plugin
[1.054s] DEBUG:colcon.colcon_core.event_handler.log_command:Invoking command in '/root/ros2_ws/src/utilities/transform_sensors': PYTHONPATH=/root/ros2_ws/src/build/transform_sensors/prefix_override:/usr/lib/python3/dist-packages/colcon_core/task/python/colcon_distutils_commands:/root/ros2_ws/src/install/transform_sensors/lib/python3.10/site-packages:${PYTHONPATH} /usr/bin/python3 -W ignore:setup.py install is deprecated -W ignore:easy_install command is deprecated setup.py egg_info --egg-base ../../build/transform_sensors build --build-base /root/ros2_ws/src/build/transform_sensors/build install --record /root/ros2_ws/src/build/transform_sensors/install.log --install-scripts $base/lib/transform_sensors --single-version-externally-managed install_data
[1.104s] DEBUG:colcon.colcon_core.event_handler.log_command:Invoking command in '/root/ros2_ws/src/utilities/ROS-TCP-Endpoint': PYTHONPATH=/root/ros2_ws/src/build/ros_tcp_endpoint/prefix_override:/usr/lib/python3/dist-packages/colcon_core/task/python/colcon_distutils_commands:/root/ros2_ws/src/install/ros_tcp_endpoint/lib/python3.10/site-packages:${PYTHONPATH} /usr/bin/python3 -W ignore:setup.py install is deprecated -W ignore:easy_install command is deprecated setup.py egg_info --egg-base ../../build/ros_tcp_endpoint build --build-base /root/ros2_ws/src/build/ros_tcp_endpoint/build install --record /root/ros2_ws/src/build/ros_tcp_endpoint/install.log --install-scripts $base/lib/ros_tcp_endpoint --single-version-externally-managed install_data
[2.353s] DEBUG:colcon.colcon_core.event_handler.log_command:Invoked command in '/root/ros2_ws/src/build/visibility_graph_msg' returned '0': CMAKE_PREFIX_PATH=/opt/ros/humble /usr/bin/cmake /root/ros2_ws/src/route_planner/visibility_graph_msg -DROS_EDITION=ROS2 -DHUMBLE_ROS=humble -DCMAKE_INSTALL_PREFIX=/root/ros2_ws/src/install/visibility_graph_msg
[2.364s] DEBUG:colcon.colcon_core.event_handler.log_command:Invoking command in '/root/ros2_ws/src/build/visibility_graph_msg': CMAKE_PREFIX_PATH=/opt/ros/humble /usr/bin/cmake --build /root/ros2_ws/src/build/visibility_graph_msg -- -j24 -l24
[2.485s] DEBUG:colcon.colcon_core.event_handler.log_command:Invoked command in '/root/ros2_ws/src/build/go2_h264_repub' returned '0': CMAKE_PREFIX_PATH=/opt/ros/humble /usr/bin/cmake /root/ros2_ws/src/utilities/unitree_pkgs/go2_h264_repub -DROS_EDITION=ROS2 -DHUMBLE_ROS=humble -DCMAKE_INSTALL_PREFIX=/root/ros2_ws/src/install/go2_h264_repub
[2.485s] DEBUG:colcon.colcon_core.event_handler.log_command:Invoking command in '/root/ros2_ws/src/build/go2_h264_repub': CMAKE_PREFIX_PATH=/opt/ros/humble /usr/bin/cmake --build /root/ros2_ws/src/build/go2_h264_repub -- -j24 -l24
[2.758s] DEBUG:colcon.colcon_core.event_handler.log_command:Invoked command in '/root/ros2_ws/src/utilities/transform_sensors' returned '0': PYTHONPATH=/root/ros2_ws/src/build/transform_sensors/prefix_override:/usr/lib/python3/dist-packages/colcon_core/task/python/colcon_distutils_commands:/root/ros2_ws/src/install/transform_sensors/lib/python3.10/site-packages:${PYTHONPATH} /usr/bin/python3 -W ignore:setup.py install is deprecated -W ignore:easy_install command is deprecated setup.py egg_info --egg-base ../../build/transform_sensors build --build-base /root/ros2_ws/src/build/transform_sensors/build install --record /root/ros2_ws/src/build/transform_sensors/install.log --install-scripts $base/lib/transform_sensors --single-version-externally-managed install_data
[2.770s] Level 1:colcon.colcon_core.environment:checking '/root/ros2_ws/src/install/transform_sensors' for CMake module files
[2.772s] Level 1:colcon.colcon_core.environment:checking '/root/ros2_ws/src/install/transform_sensors' for CMake config files
[2.775s] Level 1:colcon.colcon_core.environment:checking '/root/ros2_ws/src/install/transform_sensors/lib'
[2.776s] Level 1:colcon.colcon_core.environment:checking '/root/ros2_ws/src/install/transform_sensors/bin'
[2.776s] Level 1:colcon.colcon_core.environment:checking '/root/ros2_ws/src/install/transform_sensors/lib/pkgconfig/transform_sensors.pc'
[2.776s] Level 1:colcon.colcon_core.environment:checking '/root/ros2_ws/src/install/transform_sensors/lib/python3.10/site-packages'
[2.776s] Level 1:colcon.colcon_core.shell:create_environment_hook('transform_sensors', 'pythonpath')
[2.777s] INFO:colcon.colcon_core.shell:Creating environment hook '/root/ros2_ws/src/install/transform_sensors/share/transform_sensors/hook/pythonpath.ps1'
[2.779s] INFO:colcon.colcon_core.shell:Creating environment descriptor '/root/ros2_ws/src/install/transform_sensors/share/transform_sensors/hook/pythonpath.dsv'
[2.780s] INFO:colcon.colcon_core.shell:Creating environment hook '/root/ros2_ws/src/install/transform_sensors/share/transform_sensors/hook/pythonpath.sh'
[2.781s] Level 1:colcon.colcon_core.environment:checking '/root/ros2_ws/src/install/transform_sensors/bin'
[2.781s] Level 1:colcon.colcon_core.environment:create_environment_scripts_only(transform_sensors)
[2.782s] INFO:colcon.colcon_core.shell:Creating package script '/root/ros2_ws/src/install/transform_sensors/share/transform_sensors/package.ps1'
[2.783s] INFO:colcon.colcon_core.shell:Creating package descriptor '/root/ros2_ws/src/install/transform_sensors/share/transform_sensors/package.dsv'
[2.784s] INFO:colcon.colcon_core.shell:Creating package script '/root/ros2_ws/src/install/transform_sensors/share/transform_sensors/package.sh'
[2.786s] INFO:colcon.colcon_core.shell:Creating package script '/root/ros2_ws/src/install/transform_sensors/share/transform_sensors/package.bash'
[2.787s] INFO:colcon.colcon_core.shell:Creating package script '/root/ros2_ws/src/install/transform_sensors/share/transform_sensors/package.zsh'
[2.788s] Level 1:colcon.colcon_core.environment:create_file_with_runtime_dependencies(/root/ros2_ws/src/install/transform_sensors/share/colcon-core/packages/transform_sensors)
[2.789s] INFO:colcon.colcon_ros.task.ament_cmake.build:Building ROS package in '/root/ros2_ws/src/slam/point_lio_unilidar' with build type 'ament_cmake'
[2.790s] INFO:colcon.colcon_cmake.task.cmake.build:Building CMake package in '/root/ros2_ws/src/slam/point_lio_unilidar'
[2.790s] INFO:colcon.colcon_core.shell:Skip shell extension 'powershell' for command environment: Not usable outside of PowerShell
[2.790s] DEBUG:colcon.colcon_core.shell:Skip shell extension 'dsv' for command environment
[2.805s] DEBUG:colcon.colcon_core.event_handler.log_command:Invoked command in '/root/ros2_ws/src/build/rviz_2d_overlay_msgs' returned '0': CMAKE_PREFIX_PATH=/opt/ros/humble /usr/bin/cmake /root/ros2_ws/src/slam/rviz_2d_overlay_plugins/rviz_2d_overlay_msgs -DROS_EDITION=ROS2 -DHUMBLE_ROS=humble -DCMAKE_INSTALL_PREFIX=/root/ros2_ws/src/install/rviz_2d_overlay_msgs
[2.806s] Level 1:colcon.colcon_core.environment:checking '/root/ros2_ws/src/install/ros_tcp_endpoint' for CMake module files
[2.807s] DEBUG:colcon.colcon_core.event_handler.log_command:Invoking command in '/root/ros2_ws/src/build/rviz_2d_overlay_msgs': CMAKE_PREFIX_PATH=/opt/ros/humble /usr/bin/cmake --build /root/ros2_ws/src/build/rviz_2d_overlay_msgs -- -j24 -l24
[2.808s] DEBUG:colcon.colcon_core.event_handler.log_command:Invoked command in '/root/ros2_ws/src/utilities/ROS-TCP-Endpoint' returned '0': PYTHONPATH=/root/ros2_ws/src/build/ros_tcp_endpoint/prefix_override:/usr/lib/python3/dist-packages/colcon_core/task/python/colcon_distutils_commands:/root/ros2_ws/src/install/ros_tcp_endpoint/lib/python3.10/site-packages:${PYTHONPATH} /usr/bin/python3 -W ignore:setup.py install is deprecated -W ignore:easy_install command is deprecated setup.py egg_info --egg-base ../../build/ros_tcp_endpoint build --build-base /root/ros2_ws/src/build/ros_tcp_endpoint/build install --record /root/ros2_ws/src/build/ros_tcp_endpoint/install.log --install-scripts $base/lib/ros_tcp_endpoint --single-version-externally-managed install_data
[2.808s] Level 1:colcon.colcon_core.environment:checking '/root/ros2_ws/src/install/ros_tcp_endpoint' for CMake config files
[2.809s] Level 1:colcon.colcon_core.environment:checking '/root/ros2_ws/src/install/ros_tcp_endpoint/lib'
[2.809s] Level 1:colcon.colcon_core.environment:checking '/root/ros2_ws/src/install/ros_tcp_endpoint/bin'
[2.809s] Level 1:colcon.colcon_core.environment:checking '/root/ros2_ws/src/install/ros_tcp_endpoint/lib/pkgconfig/ros_tcp_endpoint.pc'
[2.810s] Level 1:colcon.colcon_core.environment:checking '/root/ros2_ws/src/install/ros_tcp_endpoint/lib/python3.10/site-packages'
[2.810s] Level 1:colcon.colcon_core.shell:create_environment_hook('ros_tcp_endpoint', 'pythonpath')
[2.810s] INFO:colcon.colcon_core.shell:Creating environment hook '/root/ros2_ws/src/install/ros_tcp_endpoint/share/ros_tcp_endpoint/hook/pythonpath.ps1'
[2.816s] INFO:colcon.colcon_core.shell:Creating environment descriptor '/root/ros2_ws/src/install/ros_tcp_endpoint/share/ros_tcp_endpoint/hook/pythonpath.dsv'
[2.817s] INFO:colcon.colcon_core.shell:Creating environment hook '/root/ros2_ws/src/install/ros_tcp_endpoint/share/ros_tcp_endpoint/hook/pythonpath.sh'
[2.818s] Level 1:colcon.colcon_core.environment:checking '/root/ros2_ws/src/install/ros_tcp_endpoint/bin'
[2.818s] Level 1:colcon.colcon_core.environment:create_environment_scripts_only(ros_tcp_endpoint)
[2.819s] INFO:colcon.colcon_core.shell:Creating package script '/root/ros2_ws/src/install/ros_tcp_endpoint/share/ros_tcp_endpoint/package.ps1'
[2.824s] INFO:colcon.colcon_core.shell:Creating package descriptor '/root/ros2_ws/src/install/ros_tcp_endpoint/share/ros_tcp_endpoint/package.dsv'
[2.829s] INFO:colcon.colcon_core.shell:Creating package script '/root/ros2_ws/src/install/ros_tcp_endpoint/share/ros_tcp_endpoint/package.sh'
[2.829s] INFO:colcon.colcon_core.shell:Creating package script '/root/ros2_ws/src/install/ros_tcp_endpoint/share/ros_tcp_endpoint/package.bash'
[2.830s] INFO:colcon.colcon_core.shell:Creating package script '/root/ros2_ws/src/install/ros_tcp_endpoint/share/ros_tcp_endpoint/package.zsh'
[2.830s] Level 1:colcon.colcon_core.environment:create_file_with_runtime_dependencies(/root/ros2_ws/src/install/ros_tcp_endpoint/share/colcon-core/packages/ros_tcp_endpoint)
[2.839s] INFO:colcon.colcon_ros.task.ament_cmake.build:Building ROS package in '/root/ros2_ws/src/base_autonomy/vehicle_simulator' with build type 'ament_cmake'
[2.839s] INFO:colcon.colcon_cmake.task.cmake.build:Building CMake package in '/root/ros2_ws/src/base_autonomy/vehicle_simulator'
[2.840s] INFO:colcon.colcon_core.shell:Skip shell extension 'powershell' for command environment: Not usable outside of PowerShell
[2.840s] DEBUG:colcon.colcon_core.shell:Skip shell extension 'dsv' for command environment
[2.865s] DEBUG:colcon.colcon_core.event_handler.log_command:Invoked command in '/root/ros2_ws/src/build/unitree_api' returned '0': CMAKE_PREFIX_PATH=/opt/ros/humble /usr/bin/cmake /root/ros2_ws/src/utilities/unitree_pkgs/unitree_api -DROS_EDITION=ROS2 -DHUMBLE_ROS=humble -DCMAKE_INSTALL_PREFIX=/root/ros2_ws/src/install/unitree_api
[2.868s] DEBUG:colcon.colcon_core.event_handler.log_command:Invoking command in '/root/ros2_ws/src/build/unitree_api': CMAKE_PREFIX_PATH=/opt/ros/humble /usr/bin/cmake --build /root/ros2_ws/src/build/unitree_api -- -j24 -l24
[2.872s] DEBUG:colcon.colcon_core.event_handler.log_command:Invoked command in '/root/ros2_ws/src/build/unitree_go' returned '0': CMAKE_PREFIX_PATH=/opt/ros/humble /usr/bin/cmake /root/ros2_ws/src/utilities/unitree_pkgs/unitree_go -DROS_EDITION=ROS2 -DHUMBLE_ROS=humble -DCMAKE_INSTALL_PREFIX=/root/ros2_ws/src/install/unitree_go
[2.872s] DEBUG:colcon.colcon_core.event_handler.log_command:Invoking command in '/root/ros2_ws/src/build/unitree_go': CMAKE_PREFIX_PATH=/opt/ros/humble /usr/bin/cmake --build /root/ros2_ws/src/build/unitree_go -- -j24 -l24
[2.885s] DEBUG:colcon.colcon_core.event_handler.log_command:Invoking command in '/root/ros2_ws/src/build/point_lio_unilidar': AMENT_PREFIX_PATH=/root/ros2_ws/src/install/transform_sensors:${AMENT_PREFIX_PATH} CMAKE_PREFIX_PATH=/opt/ros/humble PYTHONPATH=/root/ros2_ws/src/install/transform_sensors/lib/python3.10/site-packages:${PYTHONPATH} /usr/bin/cmake /root/ros2_ws/src/slam/point_lio_unilidar -DROS_EDITION=ROS2 -DHUMBLE_ROS=humble -DCMAKE_INSTALL_PREFIX=/root/ros2_ws/src/install/point_lio_unilidar
[2.893s] DEBUG:colcon.colcon_core.event_handler.log_command:Invoking command in '/root/ros2_ws/src/build/vehicle_simulator': AMENT_PREFIX_PATH=/root/ros2_ws/src/install/ros_tcp_endpoint:${AMENT_PREFIX_PATH} CMAKE_PREFIX_PATH=/opt/ros/humble PYTHONPATH=/root/ros2_ws/src/install/ros_tcp_endpoint/lib/python3.10/site-packages:${PYTHONPATH} /usr/bin/cmake /root/ros2_ws/src/base_autonomy/vehicle_simulator -DROS_EDITION=ROS2 -DHUMBLE_ROS=humble -DCMAKE_INSTALL_PREFIX=/root/ros2_ws/src/install/vehicle_simulator
[3.451s] DEBUG:colcon.colcon_core.event_handler.log_command:Invoked command in '/root/ros2_ws/src/build/super_odometry_msgs' returned '0': CMAKE_PREFIX_PATH=/opt/ros/humble /usr/bin/cmake /root/ros2_ws/src/slam/SuperOdom/super_odometry_msgs -DROS_EDITION=ROS2 -DHUMBLE_ROS=humble -DCMAKE_INSTALL_PREFIX=/root/ros2_ws/src/install/super_odometry_msgs
[3.452s] DEBUG:colcon.colcon_core.event_handler.log_command:Invoking command in '/root/ros2_ws/src/build/super_odometry_msgs': CMAKE_PREFIX_PATH=/opt/ros/humble /usr/bin/cmake --build /root/ros2_ws/src/build/super_odometry_msgs -- -j24 -l24
[4.881s] DEBUG:colcon.colcon_core.event_handler.log_command:Invoked command in '/root/ros2_ws/src/build/teleop_rviz_plugin_plus' returned '0': CMAKE_PREFIX_PATH=/opt/ros/humble /usr/bin/cmake /root/ros2_ws/src/utilities/teleop_rviz_plugin_plus -DROS_EDITION=ROS2 -DHUMBLE_ROS=humble -DCMAKE_INSTALL_PREFIX=/root/ros2_ws/src/install/teleop_rviz_plugin_plus
[4.886s] DEBUG:colcon.colcon_core.event_handler.log_command:Invoking command in '/root/ros2_ws/src/build/teleop_rviz_plugin_plus': CMAKE_PREFIX_PATH=/opt/ros/humble /usr/bin/cmake --build /root/ros2_ws/src/build/teleop_rviz_plugin_plus -- -j24 -l24
[5.167s] DEBUG:colcon.colcon_core.event_handler.log_command:Invoked command in '/root/ros2_ws/src/build/waypoint_rviz_plugin' returned '0': CMAKE_PREFIX_PATH=/opt/ros/humble /usr/bin/cmake /root/ros2_ws/src/utilities/waypoint_rviz_plugin -DROS_EDITION=ROS2 -DHUMBLE_ROS=humble -DCMAKE_INSTALL_PREFIX=/root/ros2_ws/src/install/waypoint_rviz_plugin
[5.168s] DEBUG:colcon.colcon_core.event_handler.log_command:Invoking command in '/root/ros2_ws/src/build/waypoint_rviz_plugin': CMAKE_PREFIX_PATH=/opt/ros/humble /usr/bin/cmake --build /root/ros2_ws/src/build/waypoint_rviz_plugin -- -j24 -l24
[5.251s] DEBUG:colcon.colcon_core.event_handler.log_command:Invoked command in '/root/ros2_ws/src/build/goalpoint_rviz_plugin' returned '0': CMAKE_PREFIX_PATH=/opt/ros/humble /usr/bin/cmake /root/ros2_ws/src/utilities/goalpoint_rviz_plugin -DROS_EDITION=ROS2 -DHUMBLE_ROS=humble -DCMAKE_INSTALL_PREFIX=/root/ros2_ws/src/install/goalpoint_rviz_plugin
[5.258s] DEBUG:colcon.colcon_core.event_handler.log_command:Invoking command in '/root/ros2_ws/src/build/goalpoint_rviz_plugin': CMAKE_PREFIX_PATH=/opt/ros/humble /usr/bin/cmake --build /root/ros2_ws/src/build/goalpoint_rviz_plugin -- -j24 -l24
[6.139s] DEBUG:colcon.colcon_core.event_handler.log_command:Invoked command in '/root/ros2_ws/src/build/teleop_rviz_plugin' returned '0': CMAKE_PREFIX_PATH=/opt/ros/humble /usr/bin/cmake /root/ros2_ws/src/utilities/teleop_rviz_plugin -DROS_EDITION=ROS2 -DHUMBLE_ROS=humble -DCMAKE_INSTALL_PREFIX=/root/ros2_ws/src/install/teleop_rviz_plugin
[6.139s] DEBUG:colcon.colcon_core.event_handler.log_command:Invoking command in '/root/ros2_ws/src/build/teleop_rviz_plugin': CMAKE_PREFIX_PATH=/opt/ros/humble /usr/bin/cmake --build /root/ros2_ws/src/build/teleop_rviz_plugin -- -j24 -l24
[9.333s] DEBUG:colcon.colcon_core.event_handler.log_command:Invoked command in '/root/ros2_ws/src/build/visibility_graph_msg' returned '0': CMAKE_PREFIX_PATH=/opt/ros/humble /usr/bin/cmake --build /root/ros2_ws/src/build/visibility_graph_msg -- -j24 -l24
[9.378s] DEBUG:colcon.colcon_core.event_handler.log_command:Invoking command in '/root/ros2_ws/src/build/visibility_graph_msg': CMAKE_PREFIX_PATH=/opt/ros/humble /usr/bin/cmake --install /root/ros2_ws/src/build/visibility_graph_msg
[9.947s] DEBUG:colcon.colcon_core.event_handler.log_command:Invoked command in '/root/ros2_ws/src/build/waypoint_example' returned '0': CMAKE_PREFIX_PATH=/opt/ros/humble /usr/bin/cmake /root/ros2_ws/src/base_autonomy/waypoint_example -DROS_EDITION=ROS2 -DHUMBLE_ROS=humble -DCMAKE_INSTALL_PREFIX=/root/ros2_ws/src/install/waypoint_example
[9.950s] DEBUG:colcon.colcon_core.event_handler.log_command:Invoking command in '/root/ros2_ws/src/build/waypoint_example': CMAKE_PREFIX_PATH=/opt/ros/humble /usr/bin/cmake --build /root/ros2_ws/src/build/waypoint_example -- -j24 -l24
[10.158s] DEBUG:colcon.colcon_core.event_handler.log_command:Invoked command in '/root/ros2_ws/src/build/rviz_2d_overlay_msgs' returned '0': CMAKE_PREFIX_PATH=/opt/ros/humble /usr/bin/cmake --build /root/ros2_ws/src/build/rviz_2d_overlay_msgs -- -j24 -l24
[10.160s] DEBUG:colcon.colcon_core.event_handler.log_command:Invoking command in '/root/ros2_ws/src/build/rviz_2d_overlay_msgs': CMAKE_PREFIX_PATH=/opt/ros/humble /usr/bin/cmake --install /root/ros2_ws/src/build/rviz_2d_overlay_msgs
[10.202s] DEBUG:colcon.colcon_core.event_handler.log_command:Invoked command in '/root/ros2_ws/src/build/sensor_scan_generation' returned '0': CMAKE_PREFIX_PATH=/opt/ros/humble /usr/bin/cmake /root/ros2_ws/src/base_autonomy/sensor_scan_generation -DROS_EDITION=ROS2 -DHUMBLE_ROS=humble -DCMAKE_INSTALL_PREFIX=/root/ros2_ws/src/install/sensor_scan_generation
[10.204s] DEBUG:colcon.colcon_core.event_handler.log_command:Invoking command in '/root/ros2_ws/src/build/sensor_scan_generation': CMAKE_PREFIX_PATH=/opt/ros/humble /usr/bin/cmake --build /root/ros2_ws/src/build/sensor_scan_generation -- -j24 -l24
[11.221s] DEBUG:colcon.colcon_core.event_handler.log_command:Invoked command in '/root/ros2_ws/src/build/terrain_analysis_ext' returned '0': CMAKE_PREFIX_PATH=/opt/ros/humble /usr/bin/cmake /root/ros2_ws/src/base_autonomy/terrain_analysis_ext -DROS_EDITION=ROS2 -DHUMBLE_ROS=humble -DCMAKE_INSTALL_PREFIX=/root/ros2_ws/src/install/terrain_analysis_ext
[11.226s] DEBUG:colcon.colcon_core.event_handler.log_command:Invoking command in '/root/ros2_ws/src/build/terrain_analysis_ext': CMAKE_PREFIX_PATH=/opt/ros/humble /usr/bin/cmake --build /root/ros2_ws/src/build/terrain_analysis_ext -- -j24 -l24
[11.238s] Level 1:colcon.colcon_core.environment:create_environment_scripts_only(visibility_graph_msg)
[11.238s] Level 1:colcon.colcon_core.environment:checking '/root/ros2_ws/src/install/visibility_graph_msg' for CMake module files
[11.239s] DEBUG:colcon.colcon_core.event_handler.log_command:Invoked command in '/root/ros2_ws/src/build/visibility_graph_msg' returned '0': CMAKE_PREFIX_PATH=/opt/ros/humble /usr/bin/cmake --install /root/ros2_ws/src/build/visibility_graph_msg
[11.245s] Level 1:colcon.colcon_core.environment:checking '/root/ros2_ws/src/install/visibility_graph_msg' for CMake config files
[11.245s] Level 1:colcon.colcon_core.shell:create_environment_hook('visibility_graph_msg', 'cmake_prefix_path')
[11.246s] INFO:colcon.colcon_core.shell:Creating environment hook '/root/ros2_ws/src/install/visibility_graph_msg/share/visibility_graph_msg/hook/cmake_prefix_path.ps1'
[11.247s] INFO:colcon.colcon_core.shell:Creating environment descriptor '/root/ros2_ws/src/install/visibility_graph_msg/share/visibility_graph_msg/hook/cmake_prefix_path.dsv'
[11.259s] INFO:colcon.colcon_core.shell:Creating environment hook '/root/ros2_ws/src/install/visibility_graph_msg/share/visibility_graph_msg/hook/cmake_prefix_path.sh'
[11.264s] Level 1:colcon.colcon_core.environment:checking '/root/ros2_ws/src/install/visibility_graph_msg/lib'
[11.265s] Level 1:colcon.colcon_core.shell:create_environment_hook('visibility_graph_msg', 'ld_library_path_lib')
[11.265s] INFO:colcon.colcon_core.shell:Creating environment hook '/root/ros2_ws/src/install/visibility_graph_msg/share/visibility_graph_msg/hook/ld_library_path_lib.ps1'
[11.266s] INFO:colcon.colcon_core.shell:Creating environment descriptor '/root/ros2_ws/src/install/visibility_graph_msg/share/visibility_graph_msg/hook/ld_library_path_lib.dsv'
[11.275s] INFO:colcon.colcon_core.shell:Creating environment hook '/root/ros2_ws/src/install/visibility_graph_msg/share/visibility_graph_msg/hook/ld_library_path_lib.sh'
[11.276s] Level 1:colcon.colcon_core.environment:checking '/root/ros2_ws/src/install/visibility_graph_msg/bin'
[11.277s] Level 1:colcon.colcon_core.environment:checking '/root/ros2_ws/src/install/visibility_graph_msg/lib/pkgconfig/visibility_graph_msg.pc'
[11.277s] Level 1:colcon.colcon_core.environment:checking '/root/ros2_ws/src/install/visibility_graph_msg/lib/python3.10/site-packages'
[11.278s] Level 1:colcon.colcon_core.environment:checking '/root/ros2_ws/src/install/visibility_graph_msg/bin'
[11.279s] INFO:colcon.colcon_core.shell:Creating package script '/root/ros2_ws/src/install/visibility_graph_msg/share/visibility_graph_msg/package.ps1'
[11.280s] INFO:colcon.colcon_core.shell:Creating package descriptor '/root/ros2_ws/src/install/visibility_graph_msg/share/visibility_graph_msg/package.dsv'
[11.284s] INFO:colcon.colcon_core.shell:Creating package script '/root/ros2_ws/src/install/visibility_graph_msg/share/visibility_graph_msg/package.sh'
[11.285s] INFO:colcon.colcon_core.shell:Creating package script '/root/ros2_ws/src/install/visibility_graph_msg/share/visibility_graph_msg/package.bash'
[11.286s] INFO:colcon.colcon_core.shell:Creating package script '/root/ros2_ws/src/install/visibility_graph_msg/share/visibility_graph_msg/package.zsh'
[11.286s] Level 1:colcon.colcon_core.environment:create_file_with_runtime_dependencies(/root/ros2_ws/src/install/visibility_graph_msg/share/colcon-core/packages/visibility_graph_msg)
[11.299s] Level 1:colcon.colcon_core.environment:create_environment_scripts_only(visibility_graph_msg)
[11.300s] Level 1:colcon.colcon_core.environment:checking '/root/ros2_ws/src/install/visibility_graph_msg' for CMake module files
[11.301s] Level 1:colcon.colcon_core.environment:checking '/root/ros2_ws/src/install/visibility_graph_msg' for CMake config files
[11.305s] Level 1:colcon.colcon_core.shell:create_environment_hook('visibility_graph_msg', 'cmake_prefix_path')
[11.306s] INFO:colcon.colcon_core.shell:Creating environment hook '/root/ros2_ws/src/install/visibility_graph_msg/share/visibility_graph_msg/hook/cmake_prefix_path.ps1'
[11.307s] INFO:colcon.colcon_core.shell:Creating environment descriptor '/root/ros2_ws/src/install/visibility_graph_msg/share/visibility_graph_msg/hook/cmake_prefix_path.dsv'
[11.307s] INFO:colcon.colcon_core.shell:Creating environment hook '/root/ros2_ws/src/install/visibility_graph_msg/share/visibility_graph_msg/hook/cmake_prefix_path.sh'
[11.316s] Level 1:colcon.colcon_core.environment:checking '/root/ros2_ws/src/install/visibility_graph_msg/lib'
[11.316s] Level 1:colcon.colcon_core.shell:create_environment_hook('visibility_graph_msg', 'ld_library_path_lib')
[11.317s] INFO:colcon.colcon_core.shell:Creating environment hook '/root/ros2_ws/src/install/visibility_graph_msg/share/visibility_graph_msg/hook/ld_library_path_lib.ps1'
[11.326s] INFO:colcon.colcon_core.shell:Creating environment descriptor '/root/ros2_ws/src/install/visibility_graph_msg/share/visibility_graph_msg/hook/ld_library_path_lib.dsv'
[11.327s] INFO:colcon.colcon_core.shell:Creating environment hook '/root/ros2_ws/src/install/visibility_graph_msg/share/visibility_graph_msg/hook/ld_library_path_lib.sh'
[11.328s] Level 1:colcon.colcon_core.environment:checking '/root/ros2_ws/src/install/visibility_graph_msg/bin'
[11.329s] Level 1:colcon.colcon_core.environment:checking '/root/ros2_ws/src/install/visibility_graph_msg/lib/pkgconfig/visibility_graph_msg.pc'
[11.329s] Level 1:colcon.colcon_core.environment:checking '/root/ros2_ws/src/install/visibility_graph_msg/lib/python3.10/site-packages'
[11.330s] Level 1:colcon.colcon_core.environment:checking '/root/ros2_ws/src/install/visibility_graph_msg/bin'
[11.331s] INFO:colcon.colcon_core.shell:Creating package script '/root/ros2_ws/src/install/visibility_graph_msg/share/visibility_graph_msg/package.ps1'
[11.337s] INFO:colcon.colcon_core.shell:Creating package descriptor '/root/ros2_ws/src/install/visibility_graph_msg/share/visibility_graph_msg/package.dsv'
[11.341s] INFO:colcon.colcon_core.shell:Creating package script '/root/ros2_ws/src/install/visibility_graph_msg/share/visibility_graph_msg/package.sh'
[11.342s] INFO:colcon.colcon_core.shell:Creating package script '/root/ros2_ws/src/install/visibility_graph_msg/share/visibility_graph_msg/package.bash'
[11.343s] INFO:colcon.colcon_core.shell:Creating package script '/root/ros2_ws/src/install/visibility_graph_msg/share/visibility_graph_msg/package.zsh'
[11.344s] Level 1:colcon.colcon_core.environment:create_file_with_runtime_dependencies(/root/ros2_ws/src/install/visibility_graph_msg/share/colcon-core/packages/visibility_graph_msg)
[11.349s] INFO:colcon.colcon_ros.task.ament_cmake.build:Building ROS package in '/root/ros2_ws/src/route_planner/boundary_handler' with build type 'ament_cmake'
[11.349s] INFO:colcon.colcon_cmake.task.cmake.build:Building CMake package in '/root/ros2_ws/src/route_planner/boundary_handler'
[11.350s] INFO:colcon.colcon_core.shell:Skip shell extension 'powershell' for command environment: Not usable outside of PowerShell
[11.350s] DEBUG:colcon.colcon_core.shell:Skip shell extension 'dsv' for command environment
[11.367s] INFO:colcon.colcon_ros.task.ament_cmake.build:Building ROS package in '/root/ros2_ws/src/route_planner/far_planner' with build type 'ament_cmake'
[11.367s] INFO:colcon.colcon_cmake.task.cmake.build:Building CMake package in '/root/ros2_ws/src/route_planner/far_planner'
[11.367s] INFO:colcon.colcon_core.shell:Skip shell extension 'powershell' for command environment: Not usable outside of PowerShell
[11.367s] DEBUG:colcon.colcon_core.shell:Skip shell extension 'dsv' for command environment
[11.402s] INFO:colcon.colcon_ros.task.ament_cmake.build:Building ROS package in '/root/ros2_ws/src/route_planner/graph_decoder' with build type 'ament_cmake'
[11.402s] INFO:colcon.colcon_cmake.task.cmake.build:Building CMake package in '/root/ros2_ws/src/route_planner/graph_decoder'
[11.403s] INFO:colcon.colcon_core.shell:Skip shell extension 'powershell' for command environment: Not usable outside of PowerShell
[11.403s] DEBUG:colcon.colcon_core.shell:Skip shell extension 'dsv' for command environment
[11.435s] DEBUG:colcon.colcon_core.event_handler.log_command:Invoking command in '/root/ros2_ws/src/build/boundary_handler': AMENT_PREFIX_PATH=/root/ros2_ws/src/install/visibility_graph_msg:${AMENT_PREFIX_PATH} CMAKE_PREFIX_PATH=/root/ros2_ws/src/install/visibility_graph_msg:/opt/ros/humble LD_LIBRARY_PATH=/root/ros2_ws/src/install/visibility_graph_msg/lib:${LD_LIBRARY_PATH} PYTHONPATH=/root/ros2_ws/src/install/visibility_graph_msg/local/lib/python3.10/dist-packages:${PYTHONPATH} /usr/bin/cmake /root/ros2_ws/src/route_planner/boundary_handler -DROS_EDITION=ROS2 -DHUMBLE_ROS=humble -DCMAKE_INSTALL_PREFIX=/root/ros2_ws/src/install/boundary_handler
[11.447s] DEBUG:colcon.colcon_core.event_handler.log_command:Invoking command in '/root/ros2_ws/src/build/far_planner': AMENT_PREFIX_PATH=/root/ros2_ws/src/install/visibility_graph_msg:${AMENT_PREFIX_PATH} CMAKE_PREFIX_PATH=/root/ros2_ws/src/install/visibility_graph_msg:/opt/ros/humble LD_LIBRARY_PATH=/root/ros2_ws/src/install/visibility_graph_msg/lib:${LD_LIBRARY_PATH} PYTHONPATH=/root/ros2_ws/src/install/visibility_graph_msg/local/lib/python3.10/dist-packages:${PYTHONPATH} /usr/bin/cmake /root/ros2_ws/src/route_planner/far_planner -DROS_EDITION=ROS2 -DHUMBLE_ROS=humble -DCMAKE_INSTALL_PREFIX=/root/ros2_ws/src/install/far_planner
[11.462s] DEBUG:colcon.colcon_core.event_handler.log_command:Invoking command in '/root/ros2_ws/src/build/graph_decoder': AMENT_PREFIX_PATH=/root/ros2_ws/src/install/visibility_graph_msg:${AMENT_PREFIX_PATH} CMAKE_PREFIX_PATH=/root/ros2_ws/src/install/visibility_graph_msg:/opt/ros/humble LD_LIBRARY_PATH=/root/ros2_ws/src/install/visibility_graph_msg/lib:${LD_LIBRARY_PATH} PYTHONPATH=/root/ros2_ws/src/install/visibility_graph_msg/local/lib/python3.10/dist-packages:${PYTHONPATH} /usr/bin/cmake /root/ros2_ws/src/route_planner/graph_decoder -DROS_EDITION=ROS2 -DHUMBLE_ROS=humble -DCMAKE_INSTALL_PREFIX=/root/ros2_ws/src/install/graph_decoder
[11.598s] Level 1:colcon.colcon_core.environment:create_environment_scripts_only(rviz_2d_overlay_msgs)
[11.599s] Level 1:colcon.colcon_core.environment:checking '/root/ros2_ws/src/install/rviz_2d_overlay_msgs' for CMake module files
[11.616s] Level 1:colcon.colcon_core.environment:checking '/root/ros2_ws/src/install/rviz_2d_overlay_msgs' for CMake config files
[11.617s] Level 1:colcon.colcon_core.shell:create_environment_hook('rviz_2d_overlay_msgs', 'cmake_prefix_path')
[11.617s] INFO:colcon.colcon_core.shell:Creating environment hook '/root/ros2_ws/src/install/rviz_2d_overlay_msgs/share/rviz_2d_overlay_msgs/hook/cmake_prefix_path.ps1'
[11.618s] INFO:colcon.colcon_core.shell:Creating environment descriptor '/root/ros2_ws/src/install/rviz_2d_overlay_msgs/share/rviz_2d_overlay_msgs/hook/cmake_prefix_path.dsv'
[11.611s] DEBUG:colcon.colcon_core.event_handler.log_command:Invoked command in '/root/ros2_ws/src/build/visualization_tools' returned '0': CMAKE_PREFIX_PATH=/opt/ros/humble /usr/bin/cmake /root/ros2_ws/src/base_autonomy/visualization_tools -DROS_EDITION=ROS2 -DHUMBLE_ROS=humble -DCMAKE_INSTALL_PREFIX=/root/ros2_ws/src/install/visualization_tools
[11.619s] DEBUG:colcon.colcon_core.event_handler.log_command:Invoking command in '/root/ros2_ws/src/build/visualization_tools': CMAKE_PREFIX_PATH=/opt/ros/humble /usr/bin/cmake --build /root/ros2_ws/src/build/visualization_tools -- -j24 -l24
[11.623s] DEBUG:colcon.colcon_core.event_handler.log_command:Invoked command in '/root/ros2_ws/src/build/rviz_2d_overlay_msgs' returned '0': CMAKE_PREFIX_PATH=/opt/ros/humble /usr/bin/cmake --install /root/ros2_ws/src/build/rviz_2d_overlay_msgs
[11.631s] INFO:colcon.colcon_core.shell:Creating environment hook '/root/ros2_ws/src/install/rviz_2d_overlay_msgs/share/rviz_2d_overlay_msgs/hook/cmake_prefix_path.sh'
[11.632s] Level 1:colcon.colcon_core.environment:checking '/root/ros2_ws/src/install/rviz_2d_overlay_msgs/lib'
[11.632s] Level 1:colcon.colcon_core.shell:create_environment_hook('rviz_2d_overlay_msgs', 'ld_library_path_lib')
[11.633s] INFO:colcon.colcon_core.shell:Creating environment hook '/root/ros2_ws/src/install/rviz_2d_overlay_msgs/share/rviz_2d_overlay_msgs/hook/ld_library_path_lib.ps1'
[11.633s] INFO:colcon.colcon_core.shell:Creating environment descriptor '/root/ros2_ws/src/install/rviz_2d_overlay_msgs/share/rviz_2d_overlay_msgs/hook/ld_library_path_lib.dsv'
[11.637s] INFO:colcon.colcon_core.shell:Creating environment hook '/root/ros2_ws/src/install/rviz_2d_overlay_msgs/share/rviz_2d_overlay_msgs/hook/ld_library_path_lib.sh'
[11.638s] Level 1:colcon.colcon_core.environment:checking '/root/ros2_ws/src/install/rviz_2d_overlay_msgs/bin'
[11.638s] Level 1:colcon.colcon_core.environment:checking '/root/ros2_ws/src/install/rviz_2d_overlay_msgs/lib/pkgconfig/rviz_2d_overlay_msgs.pc'
[11.639s] Level 1:colcon.colcon_core.environment:checking '/root/ros2_ws/src/install/rviz_2d_overlay_msgs/lib/python3.10/site-packages'
[11.639s] Level 1:colcon.colcon_core.environment:checking '/root/ros2_ws/src/install/rviz_2d_overlay_msgs/bin'
[11.640s] INFO:colcon.colcon_core.shell:Creating package script '/root/ros2_ws/src/install/rviz_2d_overlay_msgs/share/rviz_2d_overlay_msgs/package.ps1'
[11.646s] INFO:colcon.colcon_core.shell:Creating package descriptor '/root/ros2_ws/src/install/rviz_2d_overlay_msgs/share/rviz_2d_overlay_msgs/package.dsv'
[11.647s] INFO:colcon.colcon_core.shell:Creating package script '/root/ros2_ws/src/install/rviz_2d_overlay_msgs/share/rviz_2d_overlay_msgs/package.sh'
[11.648s] INFO:colcon.colcon_core.shell:Creating package script '/root/ros2_ws/src/install/rviz_2d_overlay_msgs/share/rviz_2d_overlay_msgs/package.bash'
[11.648s] INFO:colcon.colcon_core.shell:Creating package script '/root/ros2_ws/src/install/rviz_2d_overlay_msgs/share/rviz_2d_overlay_msgs/package.zsh'
[11.652s] Level 1:colcon.colcon_core.environment:create_file_with_runtime_dependencies(/root/ros2_ws/src/install/rviz_2d_overlay_msgs/share/colcon-core/packages/rviz_2d_overlay_msgs)
[11.653s] Level 1:colcon.colcon_core.environment:create_environment_scripts_only(rviz_2d_overlay_msgs)
[11.654s] Level 1:colcon.colcon_core.environment:checking '/root/ros2_ws/src/install/rviz_2d_overlay_msgs' for CMake module files
[11.655s] Level 1:colcon.colcon_core.environment:checking '/root/ros2_ws/src/install/rviz_2d_overlay_msgs' for CMake config files
[11.663s] Level 1:colcon.colcon_core.shell:create_environment_hook('rviz_2d_overlay_msgs', 'cmake_prefix_path')
[11.664s] INFO:colcon.colcon_core.shell:Creating environment hook '/root/ros2_ws/src/install/rviz_2d_overlay_msgs/share/rviz_2d_overlay_msgs/hook/cmake_prefix_path.ps1'
[11.665s] INFO:colcon.colcon_core.shell:Creating environment descriptor '/root/ros2_ws/src/install/rviz_2d_overlay_msgs/share/rviz_2d_overlay_msgs/hook/cmake_prefix_path.dsv'
[11.665s] INFO:colcon.colcon_core.shell:Creating environment hook '/root/ros2_ws/src/install/rviz_2d_overlay_msgs/share/rviz_2d_overlay_msgs/hook/cmake_prefix_path.sh'
[11.666s] Level 1:colcon.colcon_core.environment:checking '/root/ros2_ws/src/install/rviz_2d_overlay_msgs/lib'
[11.667s] Level 1:colcon.colcon_core.shell:create_environment_hook('rviz_2d_overlay_msgs', 'ld_library_path_lib')
[11.667s] INFO:colcon.colcon_core.shell:Creating environment hook '/root/ros2_ws/src/install/rviz_2d_overlay_msgs/share/rviz_2d_overlay_msgs/hook/ld_library_path_lib.ps1'
[11.668s] INFO:colcon.colcon_core.shell:Creating environment descriptor '/root/ros2_ws/src/install/rviz_2d_overlay_msgs/share/rviz_2d_overlay_msgs/hook/ld_library_path_lib.dsv'
[11.668s] INFO:colcon.colcon_core.shell:Creating environment hook '/root/ros2_ws/src/install/rviz_2d_overlay_msgs/share/rviz_2d_overlay_msgs/hook/ld_library_path_lib.sh'
[11.673s] Level 1:colcon.colcon_core.environment:checking '/root/ros2_ws/src/install/rviz_2d_overlay_msgs/bin'
[11.674s] Level 1:colcon.colcon_core.environment:checking '/root/ros2_ws/src/install/rviz_2d_overlay_msgs/lib/pkgconfig/rviz_2d_overlay_msgs.pc'
[11.674s] Level 1:colcon.colcon_core.environment:checking '/root/ros2_ws/src/install/rviz_2d_overlay_msgs/lib/python3.10/site-packages'
[11.675s] Level 1:colcon.colcon_core.environment:checking '/root/ros2_ws/src/install/rviz_2d_overlay_msgs/bin'
[11.675s] INFO:colcon.colcon_core.shell:Creating package script '/root/ros2_ws/src/install/rviz_2d_overlay_msgs/share/rviz_2d_overlay_msgs/package.ps1'
[11.677s] INFO:colcon.colcon_core.shell:Creating package descriptor '/root/ros2_ws/src/install/rviz_2d_overlay_msgs/share/rviz_2d_overlay_msgs/package.dsv'
[11.681s] INFO:colcon.colcon_core.shell:Creating package script '/root/ros2_ws/src/install/rviz_2d_overlay_msgs/share/rviz_2d_overlay_msgs/package.sh'
[11.682s] INFO:colcon.colcon_core.shell:Creating package script '/root/ros2_ws/src/install/rviz_2d_overlay_msgs/share/rviz_2d_overlay_msgs/package.bash'
[11.687s] INFO:colcon.colcon_core.shell:Creating package script '/root/ros2_ws/src/install/rviz_2d_overlay_msgs/share/rviz_2d_overlay_msgs/package.zsh'
[11.688s] Level 1:colcon.colcon_core.environment:create_file_with_runtime_dependencies(/root/ros2_ws/src/install/rviz_2d_overlay_msgs/share/colcon-core/packages/rviz_2d_overlay_msgs)
[11.689s] INFO:colcon.colcon_ros.task.ament_cmake.build:Building ROS package in '/root/ros2_ws/src/slam/rviz_2d_overlay_plugins/rviz_2d_overlay_plugins' with build type 'ament_cmake'
[11.693s] INFO:colcon.colcon_cmake.task.cmake.build:Building CMake package in '/root/ros2_ws/src/slam/rviz_2d_overlay_plugins/rviz_2d_overlay_plugins'
[11.693s] INFO:colcon.colcon_core.shell:Skip shell extension 'powershell' for command environment: Not usable outside of PowerShell
[11.694s] DEBUG:colcon.colcon_core.shell:Skip shell extension 'dsv' for command environment
[11.742s] DEBUG:colcon.colcon_core.event_handler.log_command:Invoking command in '/root/ros2_ws/src/build/rviz_2d_overlay_plugins': AMENT_PREFIX_PATH=/root/ros2_ws/src/install/rviz_2d_overlay_msgs:${AMENT_PREFIX_PATH} CMAKE_PREFIX_PATH=/root/ros2_ws/src/install/rviz_2d_overlay_msgs:/opt/ros/humble LD_LIBRARY_PATH=/root/ros2_ws/src/install/rviz_2d_overlay_msgs/lib:${LD_LIBRARY_PATH} PYTHONPATH=/root/ros2_ws/src/install/rviz_2d_overlay_msgs/local/lib/python3.10/dist-packages:${PYTHONPATH} /usr/bin/cmake /root/ros2_ws/src/slam/rviz_2d_overlay_plugins/rviz_2d_overlay_plugins -DROS_EDITION=ROS2 -DHUMBLE_ROS=humble -DCMAKE_INSTALL_PREFIX=/root/ros2_ws/src/install/rviz_2d_overlay_plugins
[12.155s] DEBUG:colcon.colcon_core.event_handler.log_command:Invoked command in '/root/ros2_ws/src/build/livox_ros_driver2' returned '0': CMAKE_PREFIX_PATH=/opt/ros/humble /usr/bin/cmake /root/ros2_ws/src/slam/livox_ros_driver2 -DROS_EDITION=ROS2 -DHUMBLE_ROS=humble -DCMAKE_INSTALL_PREFIX=/root/ros2_ws/src/install/livox_ros_driver2
[12.157s] DEBUG:colcon.colcon_core.event_handler.log_command:Invoking command in '/root/ros2_ws/src/build/livox_ros_driver2': CMAKE_PREFIX_PATH=/opt/ros/humble /usr/bin/cmake --build /root/ros2_ws/src/build/livox_ros_driver2 -- -j24 -l24
[12.286s] DEBUG:colcon.colcon_core.event_handler.log_command:Invoked command in '/root/ros2_ws/src/build/terrain_analysis' returned '0': CMAKE_PREFIX_PATH=/opt/ros/humble /usr/bin/cmake /root/ros2_ws/src/base_autonomy/terrain_analysis -DROS_EDITION=ROS2 -DHUMBLE_ROS=humble -DCMAKE_INSTALL_PREFIX=/root/ros2_ws/src/install/terrain_analysis
[12.294s] DEBUG:colcon.colcon_core.event_handler.log_command:Invoking command in '/root/ros2_ws/src/build/terrain_analysis': CMAKE_PREFIX_PATH=/opt/ros/humble /usr/bin/cmake --build /root/ros2_ws/src/build/terrain_analysis -- -j24 -l24
[12.755s] DEBUG:colcon.colcon_core.event_handler.log_command:Invoked command in '/root/ros2_ws/src/build/unitree_api' returned '0': CMAKE_PREFIX_PATH=/opt/ros/humble /usr/bin/cmake --build /root/ros2_ws/src/build/unitree_api -- -j24 -l24
[12.757s] DEBUG:colcon.colcon_core.event_handler.log_command:Invoking command in '/root/ros2_ws/src/build/unitree_api': CMAKE_PREFIX_PATH=/opt/ros/humble /usr/bin/cmake --install /root/ros2_ws/src/build/unitree_api
[13.506s] DEBUG:colcon.colcon_core.event_handler.log_command:Invoked command in '/root/ros2_ws/src/build/super_odometry_msgs' returned '0': CMAKE_PREFIX_PATH=/opt/ros/humble /usr/bin/cmake --build /root/ros2_ws/src/build/super_odometry_msgs -- -j24 -l24
[13.515s] DEBUG:colcon.colcon_core.event_handler.log_command:Invoking command in '/root/ros2_ws/src/build/super_odometry_msgs': CMAKE_PREFIX_PATH=/opt/ros/humble /usr/bin/cmake --install /root/ros2_ws/src/build/super_odometry_msgs
[16.030s] DEBUG:colcon.colcon_core.event_handler.log_command:Invoked command in '/root/ros2_ws/src/build/vehicle_simulator' returned '0': AMENT_PREFIX_PATH=/root/ros2_ws/src/install/ros_tcp_endpoint:${AMENT_PREFIX_PATH} CMAKE_PREFIX_PATH=/opt/ros/humble PYTHONPATH=/root/ros2_ws/src/install/ros_tcp_endpoint/lib/python3.10/site-packages:${PYTHONPATH} /usr/bin/cmake /root/ros2_ws/src/base_autonomy/vehicle_simulator -DROS_EDITION=ROS2 -DHUMBLE_ROS=humble -DCMAKE_INSTALL_PREFIX=/root/ros2_ws/src/install/vehicle_simulator
[16.035s] DEBUG:colcon.colcon_core.event_handler.log_command:Invoking command in '/root/ros2_ws/src/build/vehicle_simulator': AMENT_PREFIX_PATH=/root/ros2_ws/src/install/ros_tcp_endpoint:${AMENT_PREFIX_PATH} CMAKE_PREFIX_PATH=/opt/ros/humble PYTHONPATH=/root/ros2_ws/src/install/ros_tcp_endpoint/lib/python3.10/site-packages:${PYTHONPATH} /usr/bin/cmake --build /root/ros2_ws/src/build/vehicle_simulator -- -j24 -l24
[17.619s] DEBUG:colcon.colcon_core.event_handler.log_command:Invoked command in '/root/ros2_ws/src/build/point_lio_unilidar' returned '0': AMENT_PREFIX_PATH=/root/ros2_ws/src/install/transform_sensors:${AMENT_PREFIX_PATH} CMAKE_PREFIX_PATH=/opt/ros/humble PYTHONPATH=/root/ros2_ws/src/install/transform_sensors/lib/python3.10/site-packages:${PYTHONPATH} /usr/bin/cmake /root/ros2_ws/src/slam/point_lio_unilidar -DROS_EDITION=ROS2 -DHUMBLE_ROS=humble -DCMAKE_INSTALL_PREFIX=/root/ros2_ws/src/install/point_lio_unilidar
[17.623s] DEBUG:colcon.colcon_core.event_handler.log_command:Invoking command in '/root/ros2_ws/src/build/point_lio_unilidar': AMENT_PREFIX_PATH=/root/ros2_ws/src/install/transform_sensors:${AMENT_PREFIX_PATH} CMAKE_PREFIX_PATH=/opt/ros/humble PYTHONPATH=/root/ros2_ws/src/install/transform_sensors/lib/python3.10/site-packages:${PYTHONPATH} /usr/bin/cmake --build /root/ros2_ws/src/build/point_lio_unilidar -- -j24 -l24
[17.660s] DEBUG:colcon.colcon_core.event_handler.log_command:Invoked command in '/root/ros2_ws/src/build/go2_h264_repub' returned '0': CMAKE_PREFIX_PATH=/opt/ros/humble /usr/bin/cmake --build /root/ros2_ws/src/build/go2_h264_repub -- -j24 -l24
[17.671s] DEBUG:colcon.colcon_core.event_handler.log_command:Invoking command in '/root/ros2_ws/src/build/go2_h264_repub': CMAKE_PREFIX_PATH=/opt/ros/humble /usr/bin/cmake --install /root/ros2_ws/src/build/go2_h264_repub
[19.099s] DEBUG:colcon.colcon_core.event_handler.log_command:Invoked command in '/root/ros2_ws/src/build/rviz_2d_overlay_plugins' returned '0': AMENT_PREFIX_PATH=/root/ros2_ws/src/install/rviz_2d_overlay_msgs:${AMENT_PREFIX_PATH} CMAKE_PREFIX_PATH=/root/ros2_ws/src/install/rviz_2d_overlay_msgs:/opt/ros/humble LD_LIBRARY_PATH=/root/ros2_ws/src/install/rviz_2d_overlay_msgs/lib:${LD_LIBRARY_PATH} PYTHONPATH=/root/ros2_ws/src/install/rviz_2d_overlay_msgs/local/lib/python3.10/dist-packages:${PYTHONPATH} /usr/bin/cmake /root/ros2_ws/src/slam/rviz_2d_overlay_plugins/rviz_2d_overlay_plugins -DROS_EDITION=ROS2 -DHUMBLE_ROS=humble -DCMAKE_INSTALL_PREFIX=/root/ros2_ws/src/install/rviz_2d_overlay_plugins
[19.102s] DEBUG:colcon.colcon_core.event_handler.log_command:Invoking command in '/root/ros2_ws/src/build/rviz_2d_overlay_plugins': AMENT_PREFIX_PATH=/root/ros2_ws/src/install/rviz_2d_overlay_msgs:${AMENT_PREFIX_PATH} CMAKE_PREFIX_PATH=/root/ros2_ws/src/install/rviz_2d_overlay_msgs:/opt/ros/humble LD_LIBRARY_PATH=/root/ros2_ws/src/install/rviz_2d_overlay_msgs/lib:${LD_LIBRARY_PATH} PYTHONPATH=/root/ros2_ws/src/install/rviz_2d_overlay_msgs/local/lib/python3.10/dist-packages:${PYTHONPATH} /usr/bin/cmake --build /root/ros2_ws/src/build/rviz_2d_overlay_plugins -- -j24 -l24
[23.196s] DEBUG:colcon.colcon_core.event_handler.log_command:Invoked command in '/root/ros2_ws/src/build/graph_decoder' returned '0': AMENT_PREFIX_PATH=/root/ros2_ws/src/install/visibility_graph_msg:${AMENT_PREFIX_PATH} CMAKE_PREFIX_PATH=/root/ros2_ws/src/install/visibility_graph_msg:/opt/ros/humble LD_LIBRARY_PATH=/root/ros2_ws/src/install/visibility_graph_msg/lib:${LD_LIBRARY_PATH} PYTHONPATH=/root/ros2_ws/src/install/visibility_graph_msg/local/lib/python3.10/dist-packages:${PYTHONPATH} /usr/bin/cmake /root/ros2_ws/src/route_planner/graph_decoder -DROS_EDITION=ROS2 -DHUMBLE_ROS=humble -DCMAKE_INSTALL_PREFIX=/root/ros2_ws/src/install/graph_decoder
[23.198s] DEBUG:colcon.colcon_core.event_handler.log_command:Invoking command in '/root/ros2_ws/src/build/graph_decoder': AMENT_PREFIX_PATH=/root/ros2_ws/src/install/visibility_graph_msg:${AMENT_PREFIX_PATH} CMAKE_PREFIX_PATH=/root/ros2_ws/src/install/visibility_graph_msg:/opt/ros/humble LD_LIBRARY_PATH=/root/ros2_ws/src/install/visibility_graph_msg/lib:${LD_LIBRARY_PATH} PYTHONPATH=/root/ros2_ws/src/install/visibility_graph_msg/local/lib/python3.10/dist-packages:${PYTHONPATH} /usr/bin/cmake --build /root/ros2_ws/src/build/graph_decoder -- -j24 -l24
[23.464s] DEBUG:colcon.colcon_core.event_handler.log_command:Invoked command in '/root/ros2_ws/src/build/far_planner' returned '0': AMENT_PREFIX_PATH=/root/ros2_ws/src/install/visibility_graph_msg:${AMENT_PREFIX_PATH} CMAKE_PREFIX_PATH=/root/ros2_ws/src/install/visibility_graph_msg:/opt/ros/humble LD_LIBRARY_PATH=/root/ros2_ws/src/install/visibility_graph_msg/lib:${LD_LIBRARY_PATH} PYTHONPATH=/root/ros2_ws/src/install/visibility_graph_msg/local/lib/python3.10/dist-packages:${PYTHONPATH} /usr/bin/cmake /root/ros2_ws/src/route_planner/far_planner -DROS_EDITION=ROS2 -DHUMBLE_ROS=humble -DCMAKE_INSTALL_PREFIX=/root/ros2_ws/src/install/far_planner
[23.500s] Level 1:colcon.colcon_core.environment:create_environment_scripts_only(super_odometry_msgs)
[23.500s] Level 1:colcon.colcon_core.environment:checking '/root/ros2_ws/src/install/super_odometry_msgs' for CMake module files
[23.504s] Level 1:colcon.colcon_core.environment:checking '/root/ros2_ws/src/install/super_odometry_msgs' for CMake config files
[23.507s] DEBUG:colcon.colcon_core.event_handler.log_command:Invoking command in '/root/ros2_ws/src/build/far_planner': AMENT_PREFIX_PATH=/root/ros2_ws/src/install/visibility_graph_msg:${AMENT_PREFIX_PATH} CMAKE_PREFIX_PATH=/root/ros2_ws/src/install/visibility_graph_msg:/opt/ros/humble LD_LIBRARY_PATH=/root/ros2_ws/src/install/visibility_graph_msg/lib:${LD_LIBRARY_PATH} PYTHONPATH=/root/ros2_ws/src/install/visibility_graph_msg/local/lib/python3.10/dist-packages:${PYTHONPATH} /usr/bin/cmake --build /root/ros2_ws/src/build/far_planner -- -j24 -l24
[23.522s] Level 1:colcon.colcon_core.shell:create_environment_hook('super_odometry_msgs', 'cmake_prefix_path')
[23.523s] INFO:colcon.colcon_core.shell:Creating environment hook '/root/ros2_ws/src/install/super_odometry_msgs/share/super_odometry_msgs/hook/cmake_prefix_path.ps1'
[23.527s] DEBUG:colcon.colcon_core.event_handler.log_command:Invoked command in '/root/ros2_ws/src/build/super_odometry_msgs' returned '0': CMAKE_PREFIX_PATH=/opt/ros/humble /usr/bin/cmake --install /root/ros2_ws/src/build/super_odometry_msgs
[23.537s] INFO:colcon.colcon_core.shell:Creating environment descriptor '/root/ros2_ws/src/install/super_odometry_msgs/share/super_odometry_msgs/hook/cmake_prefix_path.dsv'
[23.538s] INFO:colcon.colcon_core.shell:Creating environment hook '/root/ros2_ws/src/install/super_odometry_msgs/share/super_odometry_msgs/hook/cmake_prefix_path.sh'
[23.545s] Level 1:colcon.colcon_core.environment:checking '/root/ros2_ws/src/install/super_odometry_msgs/lib'
[23.550s] Level 1:colcon.colcon_core.shell:create_environment_hook('super_odometry_msgs', 'ld_library_path_lib')
[23.552s] INFO:colcon.colcon_core.shell:Creating environment hook '/root/ros2_ws/src/install/super_odometry_msgs/share/super_odometry_msgs/hook/ld_library_path_lib.ps1'
[23.555s] INFO:colcon.colcon_core.shell:Creating environment descriptor '/root/ros2_ws/src/install/super_odometry_msgs/share/super_odometry_msgs/hook/ld_library_path_lib.dsv'
[23.555s] INFO:colcon.colcon_core.shell:Creating environment hook '/root/ros2_ws/src/install/super_odometry_msgs/share/super_odometry_msgs/hook/ld_library_path_lib.sh'
[23.556s] Level 1:colcon.colcon_core.environment:checking '/root/ros2_ws/src/install/super_odometry_msgs/bin'
[23.556s] Level 1:colcon.colcon_core.environment:checking '/root/ros2_ws/src/install/super_odometry_msgs/lib/pkgconfig/super_odometry_msgs.pc'
[23.557s] Level 1:colcon.colcon_core.environment:checking '/root/ros2_ws/src/install/super_odometry_msgs/lib/python3.10/site-packages'
[23.561s] Level 1:colcon.colcon_core.environment:checking '/root/ros2_ws/src/install/super_odometry_msgs/bin'
[23.562s] INFO:colcon.colcon_core.shell:Creating package script '/root/ros2_ws/src/install/super_odometry_msgs/share/super_odometry_msgs/package.ps1'
[23.572s] INFO:colcon.colcon_core.shell:Creating package descriptor '/root/ros2_ws/src/install/super_odometry_msgs/share/super_odometry_msgs/package.dsv'
[23.573s] INFO:colcon.colcon_core.shell:Creating package script '/root/ros2_ws/src/install/super_odometry_msgs/share/super_odometry_msgs/package.sh'
[23.573s] INFO:colcon.colcon_core.shell:Creating package script '/root/ros2_ws/src/install/super_odometry_msgs/share/super_odometry_msgs/package.bash'
[23.577s] INFO:colcon.colcon_core.shell:Creating package script '/root/ros2_ws/src/install/super_odometry_msgs/share/super_odometry_msgs/package.zsh'
[23.578s] Level 1:colcon.colcon_core.environment:create_file_with_runtime_dependencies(/root/ros2_ws/src/install/super_odometry_msgs/share/colcon-core/packages/super_odometry_msgs)
[23.579s] Level 1:colcon.colcon_core.environment:create_environment_scripts_only(super_odometry_msgs)
[23.581s] Level 1:colcon.colcon_core.environment:checking '/root/ros2_ws/src/install/super_odometry_msgs' for CMake module files
[23.582s] Level 1:colcon.colcon_core.environment:checking '/root/ros2_ws/src/install/super_odometry_msgs' for CMake config files
[23.583s] Level 1:colcon.colcon_core.shell:create_environment_hook('super_odometry_msgs', 'cmake_prefix_path')
[23.584s] INFO:colcon.colcon_core.shell:Creating environment hook '/root/ros2_ws/src/install/super_odometry_msgs/share/super_odometry_msgs/hook/cmake_prefix_path.ps1'
[23.585s] INFO:colcon.colcon_core.shell:Creating environment descriptor '/root/ros2_ws/src/install/super_odometry_msgs/share/super_odometry_msgs/hook/cmake_prefix_path.dsv'
[23.590s] INFO:colcon.colcon_core.shell:Creating environment hook '/root/ros2_ws/src/install/super_odometry_msgs/share/super_odometry_msgs/hook/cmake_prefix_path.sh'
[23.592s] Level 1:colcon.colcon_core.environment:checking '/root/ros2_ws/src/install/super_odometry_msgs/lib'
[23.592s] Level 1:colcon.colcon_core.shell:create_environment_hook('super_odometry_msgs', 'ld_library_path_lib')
[23.593s] INFO:colcon.colcon_core.shell:Creating environment hook '/root/ros2_ws/src/install/super_odometry_msgs/share/super_odometry_msgs/hook/ld_library_path_lib.ps1'
[23.596s] INFO:colcon.colcon_core.shell:Creating environment descriptor '/root/ros2_ws/src/install/super_odometry_msgs/share/super_odometry_msgs/hook/ld_library_path_lib.dsv'
[23.597s] INFO:colcon.colcon_core.shell:Creating environment hook '/root/ros2_ws/src/install/super_odometry_msgs/share/super_odometry_msgs/hook/ld_library_path_lib.sh'
[23.597s] Level 1:colcon.colcon_core.environment:checking '/root/ros2_ws/src/install/super_odometry_msgs/bin'
[23.598s] Level 1:colcon.colcon_core.environment:checking '/root/ros2_ws/src/install/super_odometry_msgs/lib/pkgconfig/super_odometry_msgs.pc'
[23.598s] Level 1:colcon.colcon_core.environment:checking '/root/ros2_ws/src/install/super_odometry_msgs/lib/python3.10/site-packages'
[23.599s] Level 1:colcon.colcon_core.environment:checking '/root/ros2_ws/src/install/super_odometry_msgs/bin'
[23.604s] INFO:colcon.colcon_core.shell:Creating package script '/root/ros2_ws/src/install/super_odometry_msgs/share/super_odometry_msgs/package.ps1'
[23.609s] INFO:colcon.colcon_core.shell:Creating package descriptor '/root/ros2_ws/src/install/super_odometry_msgs/share/super_odometry_msgs/package.dsv'
[23.610s] INFO:colcon.colcon_core.shell:Creating package script '/root/ros2_ws/src/install/super_odometry_msgs/share/super_odometry_msgs/package.sh'
[23.611s] INFO:colcon.colcon_core.shell:Creating package script '/root/ros2_ws/src/install/super_odometry_msgs/share/super_odometry_msgs/package.bash'
[23.612s] INFO:colcon.colcon_core.shell:Creating package script '/root/ros2_ws/src/install/super_odometry_msgs/share/super_odometry_msgs/package.zsh'
[23.613s] Level 1:colcon.colcon_core.environment:create_file_with_runtime_dependencies(/root/ros2_ws/src/install/super_odometry_msgs/share/colcon-core/packages/super_odometry_msgs)
[23.618s] Level 1:colcon.colcon_core.environment:create_environment_scripts_only(unitree_api)
[23.619s] Level 1:colcon.colcon_core.environment:checking '/root/ros2_ws/src/install/unitree_api' for CMake module files
[23.620s] Level 1:colcon.colcon_core.environment:checking '/root/ros2_ws/src/install/unitree_api' for CMake config files
[23.621s] DEBUG:colcon.colcon_core.event_handler.log_command:Invoked command in '/root/ros2_ws/src/build/unitree_api' returned '0': CMAKE_PREFIX_PATH=/opt/ros/humble /usr/bin/cmake --install /root/ros2_ws/src/build/unitree_api
[23.621s] Level 1:colcon.colcon_core.shell:create_environment_hook('unitree_api', 'cmake_prefix_path')
[23.622s] INFO:colcon.colcon_core.shell:Creating environment hook '/root/ros2_ws/src/install/unitree_api/share/unitree_api/hook/cmake_prefix_path.ps1'
[23.623s] INFO:colcon.colcon_core.shell:Creating environment descriptor '/root/ros2_ws/src/install/unitree_api/share/unitree_api/hook/cmake_prefix_path.dsv'
[23.623s] INFO:colcon.colcon_core.shell:Creating environment hook '/root/ros2_ws/src/install/unitree_api/share/unitree_api/hook/cmake_prefix_path.sh'
[23.625s] Level 1:colcon.colcon_core.environment:checking '/root/ros2_ws/src/install/unitree_api/lib'
[23.630s] Level 1:colcon.colcon_core.shell:create_environment_hook('unitree_api', 'ld_library_path_lib')
[23.631s] INFO:colcon.colcon_core.shell:Creating environment hook '/root/ros2_ws/src/install/unitree_api/share/unitree_api/hook/ld_library_path_lib.ps1'
[23.634s] INFO:colcon.colcon_core.shell:Creating environment descriptor '/root/ros2_ws/src/install/unitree_api/share/unitree_api/hook/ld_library_path_lib.dsv'
[23.634s] INFO:colcon.colcon_core.shell:Creating environment hook '/root/ros2_ws/src/install/unitree_api/share/unitree_api/hook/ld_library_path_lib.sh'
[23.635s] Level 1:colcon.colcon_core.environment:checking '/root/ros2_ws/src/install/unitree_api/bin'
[23.635s] Level 1:colcon.colcon_core.environment:checking '/root/ros2_ws/src/install/unitree_api/lib/pkgconfig/unitree_api.pc'
[23.636s] Level 1:colcon.colcon_core.environment:checking '/root/ros2_ws/src/install/unitree_api/lib/python3.10/site-packages'
[23.636s] Level 1:colcon.colcon_core.environment:checking '/root/ros2_ws/src/install/unitree_api/bin'
[23.640s] INFO:colcon.colcon_core.shell:Creating package script '/root/ros2_ws/src/install/unitree_api/share/unitree_api/package.ps1'
[23.645s] INFO:colcon.colcon_core.shell:Creating package descriptor '/root/ros2_ws/src/install/unitree_api/share/unitree_api/package.dsv'
[23.646s] INFO:colcon.colcon_core.shell:Creating package script '/root/ros2_ws/src/install/unitree_api/share/unitree_api/package.sh'
[23.647s] INFO:colcon.colcon_core.shell:Creating package script '/root/ros2_ws/src/install/unitree_api/share/unitree_api/package.bash'
[23.648s] INFO:colcon.colcon_core.shell:Creating package script '/root/ros2_ws/src/install/unitree_api/share/unitree_api/package.zsh'
[23.648s] Level 1:colcon.colcon_core.environment:create_file_with_runtime_dependencies(/root/ros2_ws/src/install/unitree_api/share/colcon-core/packages/unitree_api)
[23.654s] Level 1:colcon.colcon_core.environment:create_environment_scripts_only(unitree_api)
[23.654s] Level 1:colcon.colcon_core.environment:checking '/root/ros2_ws/src/install/unitree_api' for CMake module files
[23.655s] Level 1:colcon.colcon_core.environment:checking '/root/ros2_ws/src/install/unitree_api' for CMake config files
[23.660s] Level 1:colcon.colcon_core.shell:create_environment_hook('unitree_api', 'cmake_prefix_path')
[23.660s] INFO:colcon.colcon_core.shell:Creating environment hook '/root/ros2_ws/src/install/unitree_api/share/unitree_api/hook/cmake_prefix_path.ps1'
[23.661s] INFO:colcon.colcon_core.shell:Creating environment descriptor '/root/ros2_ws/src/install/unitree_api/share/unitree_api/hook/cmake_prefix_path.dsv'
[23.666s] INFO:colcon.colcon_core.shell:Creating environment hook '/root/ros2_ws/src/install/unitree_api/share/unitree_api/hook/cmake_prefix_path.sh'
[23.667s] Level 1:colcon.colcon_core.environment:checking '/root/ros2_ws/src/install/unitree_api/lib'
[23.668s] Level 1:colcon.colcon_core.shell:create_environment_hook('unitree_api', 'ld_library_path_lib')
[23.668s] INFO:colcon.colcon_core.shell:Creating environment hook '/root/ros2_ws/src/install/unitree_api/share/unitree_api/hook/ld_library_path_lib.ps1'
[23.673s] INFO:colcon.colcon_core.shell:Creating environment descriptor '/root/ros2_ws/src/install/unitree_api/share/unitree_api/hook/ld_library_path_lib.dsv'
[23.674s] INFO:colcon.colcon_core.shell:Creating environment hook '/root/ros2_ws/src/install/unitree_api/share/unitree_api/hook/ld_library_path_lib.sh'
[23.675s] Level 1:colcon.colcon_core.environment:checking '/root/ros2_ws/src/install/unitree_api/bin'
[23.675s] Level 1:colcon.colcon_core.environment:checking '/root/ros2_ws/src/install/unitree_api/lib/pkgconfig/unitree_api.pc'
[23.675s] Level 1:colcon.colcon_core.environment:checking '/root/ros2_ws/src/install/unitree_api/lib/python3.10/site-packages'
[23.688s] Level 1:colcon.colcon_core.environment:checking '/root/ros2_ws/src/install/unitree_api/bin'
[23.689s] INFO:colcon.colcon_core.shell:Creating package script '/root/ros2_ws/src/install/unitree_api/share/unitree_api/package.ps1'
[23.690s] INFO:colcon.colcon_core.shell:Creating package descriptor '/root/ros2_ws/src/install/unitree_api/share/unitree_api/package.dsv'
[23.692s] INFO:colcon.colcon_core.shell:Creating package script '/root/ros2_ws/src/install/unitree_api/share/unitree_api/package.sh'
[23.692s] INFO:colcon.colcon_core.shell:Creating package script '/root/ros2_ws/src/install/unitree_api/share/unitree_api/package.bash'
[23.693s] INFO:colcon.colcon_core.shell:Creating package script '/root/ros2_ws/src/install/unitree_api/share/unitree_api/package.zsh'
[23.694s] Level 1:colcon.colcon_core.environment:create_file_with_runtime_dependencies(/root/ros2_ws/src/install/unitree_api/share/colcon-core/packages/unitree_api)
[23.754s] DEBUG:colcon.colcon_core.event_handler.log_command:Invoked command in '/root/ros2_ws/src/build/boundary_handler' returned '0': AMENT_PREFIX_PATH=/root/ros2_ws/src/install/visibility_graph_msg:${AMENT_PREFIX_PATH} CMAKE_PREFIX_PATH=/root/ros2_ws/src/install/visibility_graph_msg:/opt/ros/humble LD_LIBRARY_PATH=/root/ros2_ws/src/install/visibility_graph_msg/lib:${LD_LIBRARY_PATH} PYTHONPATH=/root/ros2_ws/src/install/visibility_graph_msg/local/lib/python3.10/dist-packages:${PYTHONPATH} /usr/bin/cmake /root/ros2_ws/src/route_planner/boundary_handler -DROS_EDITION=ROS2 -DHUMBLE_ROS=humble -DCMAKE_INSTALL_PREFIX=/root/ros2_ws/src/install/boundary_handler
[23.760s] Level 1:colcon.colcon_core.environment:create_environment_scripts_only(go2_h264_repub)
[23.761s] Level 1:colcon.colcon_core.environment:checking '/root/ros2_ws/src/install/go2_h264_repub' for CMake module files
[23.763s] DEBUG:colcon.colcon_core.event_handler.log_command:Invoking command in '/root/ros2_ws/src/build/boundary_handler': AMENT_PREFIX_PATH=/root/ros2_ws/src/install/visibility_graph_msg:${AMENT_PREFIX_PATH} CMAKE_PREFIX_PATH=/root/ros2_ws/src/install/visibility_graph_msg:/opt/ros/humble LD_LIBRARY_PATH=/root/ros2_ws/src/install/visibility_graph_msg/lib:${LD_LIBRARY_PATH} PYTHONPATH=/root/ros2_ws/src/install/visibility_graph_msg/local/lib/python3.10/dist-packages:${PYTHONPATH} /usr/bin/cmake --build /root/ros2_ws/src/build/boundary_handler -- -j24 -l24
[23.764s] DEBUG:colcon.colcon_core.event_handler.log_command:Invoked command in '/root/ros2_ws/src/build/go2_h264_repub' returned '0': CMAKE_PREFIX_PATH=/opt/ros/humble /usr/bin/cmake --install /root/ros2_ws/src/build/go2_h264_repub
[23.765s] Level 1:colcon.colcon_core.environment:checking '/root/ros2_ws/src/install/go2_h264_repub' for CMake config files
[23.765s] Level 1:colcon.colcon_core.shell:create_environment_hook('go2_h264_repub', 'cmake_prefix_path')
[23.766s] INFO:colcon.colcon_core.shell:Creating environment hook '/root/ros2_ws/src/install/go2_h264_repub/share/go2_h264_repub/hook/cmake_prefix_path.ps1'
[23.767s] INFO:colcon.colcon_core.shell:Creating environment descriptor '/root/ros2_ws/src/install/go2_h264_repub/share/go2_h264_repub/hook/cmake_prefix_path.dsv'
[23.768s] INFO:colcon.colcon_core.shell:Creating environment hook '/root/ros2_ws/src/install/go2_h264_repub/share/go2_h264_repub/hook/cmake_prefix_path.sh'
[23.778s] Level 1:colcon.colcon_core.environment:checking '/root/ros2_ws/src/install/go2_h264_repub/lib'
[23.778s] Level 1:colcon.colcon_core.environment:checking '/root/ros2_ws/src/install/go2_h264_repub/bin'
[23.779s] Level 1:colcon.colcon_core.environment:checking '/root/ros2_ws/src/install/go2_h264_repub/lib/pkgconfig/go2_h264_repub.pc'
[23.779s] Level 1:colcon.colcon_core.environment:checking '/root/ros2_ws/src/install/go2_h264_repub/lib/python3.10/site-packages'
[23.783s] Level 1:colcon.colcon_core.environment:checking '/root/ros2_ws/src/install/go2_h264_repub/bin'
[23.784s] INFO:colcon.colcon_core.shell:Creating package script '/root/ros2_ws/src/install/go2_h264_repub/share/go2_h264_repub/package.ps1'
[23.785s] INFO:colcon.colcon_core.shell:Creating package descriptor '/root/ros2_ws/src/install/go2_h264_repub/share/go2_h264_repub/package.dsv'
[23.791s] INFO:colcon.colcon_core.shell:Creating package script '/root/ros2_ws/src/install/go2_h264_repub/share/go2_h264_repub/package.sh'
[23.792s] INFO:colcon.colcon_core.shell:Creating package script '/root/ros2_ws/src/install/go2_h264_repub/share/go2_h264_repub/package.bash'
[23.793s] INFO:colcon.colcon_core.shell:Creating package script '/root/ros2_ws/src/install/go2_h264_repub/share/go2_h264_repub/package.zsh'
[23.793s] Level 1:colcon.colcon_core.environment:create_file_with_runtime_dependencies(/root/ros2_ws/src/install/go2_h264_repub/share/colcon-core/packages/go2_h264_repub)
[23.795s] Level 1:colcon.colcon_core.environment:create_environment_scripts_only(go2_h264_repub)
[23.799s] Level 1:colcon.colcon_core.environment:checking '/root/ros2_ws/src/install/go2_h264_repub' for CMake module files
[23.800s] Level 1:colcon.colcon_core.environment:checking '/root/ros2_ws/src/install/go2_h264_repub' for CMake config files
[23.801s] Level 1:colcon.colcon_core.shell:create_environment_hook('go2_h264_repub', 'cmake_prefix_path')
[23.801s] INFO:colcon.colcon_core.shell:Creating environment hook '/root/ros2_ws/src/install/go2_h264_repub/share/go2_h264_repub/hook/cmake_prefix_path.ps1'
[23.806s] INFO:colcon.colcon_core.shell:Creating environment descriptor '/root/ros2_ws/src/install/go2_h264_repub/share/go2_h264_repub/hook/cmake_prefix_path.dsv'
[23.807s] INFO:colcon.colcon_core.shell:Creating environment hook '/root/ros2_ws/src/install/go2_h264_repub/share/go2_h264_repub/hook/cmake_prefix_path.sh'
[23.808s] Level 1:colcon.colcon_core.environment:checking '/root/ros2_ws/src/install/go2_h264_repub/lib'
[23.809s] Level 1:colcon.colcon_core.environment:checking '/root/ros2_ws/src/install/go2_h264_repub/bin'
[23.813s] Level 1:colcon.colcon_core.environment:checking '/root/ros2_ws/src/install/go2_h264_repub/lib/pkgconfig/go2_h264_repub.pc'
[23.813s] Level 1:colcon.colcon_core.environment:checking '/root/ros2_ws/src/install/go2_h264_repub/lib/python3.10/site-packages'
[23.814s] Level 1:colcon.colcon_core.environment:checking '/root/ros2_ws/src/install/go2_h264_repub/bin'
[23.815s] INFO:colcon.colcon_core.shell:Creating package script '/root/ros2_ws/src/install/go2_h264_repub/share/go2_h264_repub/package.ps1'
[23.816s] INFO:colcon.colcon_core.shell:Creating package descriptor '/root/ros2_ws/src/install/go2_h264_repub/share/go2_h264_repub/package.dsv'
[23.817s] INFO:colcon.colcon_core.shell:Creating package script '/root/ros2_ws/src/install/go2_h264_repub/share/go2_h264_repub/package.sh'
[23.818s] INFO:colcon.colcon_core.shell:Creating package script '/root/ros2_ws/src/install/go2_h264_repub/share/go2_h264_repub/package.bash'
[23.819s] INFO:colcon.colcon_core.shell:Creating package script '/root/ros2_ws/src/install/go2_h264_repub/share/go2_h264_repub/package.zsh'
[23.824s] Level 1:colcon.colcon_core.environment:create_file_with_runtime_dependencies(/root/ros2_ws/src/install/go2_h264_repub/share/colcon-core/packages/go2_h264_repub)
[25.255s] DEBUG:colcon.colcon_core.event_handler.log_command:Invoked command in '/root/ros2_ws/src/build/unitree_go' returned '0': CMAKE_PREFIX_PATH=/opt/ros/humble /usr/bin/cmake --build /root/ros2_ws/src/build/unitree_go -- -j24 -l24
[25.255s] DEBUG:colcon.colcon_core.event_handler.log_command:Invoking command in '/root/ros2_ws/src/build/unitree_go': CMAKE_PREFIX_PATH=/opt/ros/humble /usr/bin/cmake --install /root/ros2_ws/src/build/unitree_go
[26.767s] DEBUG:colcon.colcon_core.event_handler.log_command:Invoked command in '/root/ros2_ws/src/build/teleop_rviz_plugin' returned '0': CMAKE_PREFIX_PATH=/opt/ros/humble /usr/bin/cmake --build /root/ros2_ws/src/build/teleop_rviz_plugin -- -j24 -l24
[26.767s] DEBUG:colcon.colcon_core.event_handler.log_command:Invoking command in '/root/ros2_ws/src/build/teleop_rviz_plugin': CMAKE_PREFIX_PATH=/opt/ros/humble /usr/bin/cmake --install /root/ros2_ws/src/build/teleop_rviz_plugin
[28.238s] DEBUG:colcon.colcon_core.event_handler.log_command:Invoked command in '/root/ros2_ws/src/build/teleop_rviz_plugin_plus' returned '0': CMAKE_PREFIX_PATH=/opt/ros/humble /usr/bin/cmake --build /root/ros2_ws/src/build/teleop_rviz_plugin_plus -- -j24 -l24
[28.239s] DEBUG:colcon.colcon_core.event_handler.log_command:Invoking command in '/root/ros2_ws/src/build/teleop_rviz_plugin_plus': CMAKE_PREFIX_PATH=/opt/ros/humble /usr/bin/cmake --install /root/ros2_ws/src/build/teleop_rviz_plugin_plus
[34.675s] DEBUG:colcon.colcon_core.event_handler.log_command:Invoked command in '/root/ros2_ws/src/build/waypoint_rviz_plugin' returned '0': CMAKE_PREFIX_PATH=/opt/ros/humble /usr/bin/cmake --build /root/ros2_ws/src/build/waypoint_rviz_plugin -- -j24 -l24
[34.682s] DEBUG:colcon.colcon_core.event_handler.log_command:Invoking command in '/root/ros2_ws/src/build/waypoint_rviz_plugin': CMAKE_PREFIX_PATH=/opt/ros/humble /usr/bin/cmake --install /root/ros2_ws/src/build/waypoint_rviz_plugin
[35.060s] Level 1:colcon.colcon_core.environment:create_environment_scripts_only(unitree_go)
[35.062s] DEBUG:colcon.colcon_core.event_handler.log_command:Invoked command in '/root/ros2_ws/src/build/unitree_go' returned '0': CMAKE_PREFIX_PATH=/opt/ros/humble /usr/bin/cmake --install /root/ros2_ws/src/build/unitree_go
[35.063s] Level 1:colcon.colcon_core.environment:checking '/root/ros2_ws/src/install/unitree_go' for CMake module files
[35.069s] Level 1:colcon.colcon_core.environment:checking '/root/ros2_ws/src/install/unitree_go' for CMake config files
[35.077s] Level 1:colcon.colcon_core.shell:create_environment_hook('unitree_go', 'cmake_prefix_path')
[35.078s] INFO:colcon.colcon_core.shell:Creating environment hook '/root/ros2_ws/src/install/unitree_go/share/unitree_go/hook/cmake_prefix_path.ps1'
[35.079s] INFO:colcon.colcon_core.shell:Creating environment descriptor '/root/ros2_ws/src/install/unitree_go/share/unitree_go/hook/cmake_prefix_path.dsv'
[35.079s] INFO:colcon.colcon_core.shell:Creating environment hook '/root/ros2_ws/src/install/unitree_go/share/unitree_go/hook/cmake_prefix_path.sh'
[35.082s] Level 1:colcon.colcon_core.environment:checking '/root/ros2_ws/src/install/unitree_go/lib'
[35.083s] Level 1:colcon.colcon_core.shell:create_environment_hook('unitree_go', 'ld_library_path_lib')
[35.089s] INFO:colcon.colcon_core.shell:Creating environment hook '/root/ros2_ws/src/install/unitree_go/share/unitree_go/hook/ld_library_path_lib.ps1'
[35.090s] INFO:colcon.colcon_core.shell:Creating environment descriptor '/root/ros2_ws/src/install/unitree_go/share/unitree_go/hook/ld_library_path_lib.dsv'
[35.091s] INFO:colcon.colcon_core.shell:Creating environment hook '/root/ros2_ws/src/install/unitree_go/share/unitree_go/hook/ld_library_path_lib.sh'
[35.092s] Level 1:colcon.colcon_core.environment:checking '/root/ros2_ws/src/install/unitree_go/bin'
[35.093s] Level 1:colcon.colcon_core.environment:checking '/root/ros2_ws/src/install/unitree_go/lib/pkgconfig/unitree_go.pc'
[35.093s] Level 1:colcon.colcon_core.environment:checking '/root/ros2_ws/src/install/unitree_go/lib/python3.10/site-packages'
[35.094s] Level 1:colcon.colcon_core.environment:checking '/root/ros2_ws/src/install/unitree_go/bin'
[35.095s] INFO:colcon.colcon_core.shell:Creating package script '/root/ros2_ws/src/install/unitree_go/share/unitree_go/package.ps1'
[35.100s] INFO:colcon.colcon_core.shell:Creating package descriptor '/root/ros2_ws/src/install/unitree_go/share/unitree_go/package.dsv'
[35.101s] INFO:colcon.colcon_core.shell:Creating package script '/root/ros2_ws/src/install/unitree_go/share/unitree_go/package.sh'
[35.102s] INFO:colcon.colcon_core.shell:Creating package script '/root/ros2_ws/src/install/unitree_go/share/unitree_go/package.bash'
[35.102s] INFO:colcon.colcon_core.shell:Creating package script '/root/ros2_ws/src/install/unitree_go/share/unitree_go/package.zsh'
[35.107s] Level 1:colcon.colcon_core.environment:create_file_with_runtime_dependencies(/root/ros2_ws/src/install/unitree_go/share/colcon-core/packages/unitree_go)
[35.109s] Level 1:colcon.colcon_core.environment:create_environment_scripts_only(unitree_go)
[35.109s] Level 1:colcon.colcon_core.environment:checking '/root/ros2_ws/src/install/unitree_go' for CMake module files
[35.115s] Level 1:colcon.colcon_core.environment:checking '/root/ros2_ws/src/install/unitree_go' for CMake config files
[35.131s] Level 1:colcon.colcon_core.shell:create_environment_hook('unitree_go', 'cmake_prefix_path')
[35.132s] INFO:colcon.colcon_core.shell:Creating environment hook '/root/ros2_ws/src/install/unitree_go/share/unitree_go/hook/cmake_prefix_path.ps1'
[35.143s] INFO:colcon.colcon_core.shell:Creating environment descriptor '/root/ros2_ws/src/install/unitree_go/share/unitree_go/hook/cmake_prefix_path.dsv'
[35.143s] INFO:colcon.colcon_core.shell:Creating environment hook '/root/ros2_ws/src/install/unitree_go/share/unitree_go/hook/cmake_prefix_path.sh'
[35.154s] Level 1:colcon.colcon_core.environment:checking '/root/ros2_ws/src/install/unitree_go/lib'
[35.154s] Level 1:colcon.colcon_core.shell:create_environment_hook('unitree_go', 'ld_library_path_lib')
[35.158s] INFO:colcon.colcon_core.shell:Creating environment hook '/root/ros2_ws/src/install/unitree_go/share/unitree_go/hook/ld_library_path_lib.ps1'
[35.159s] INFO:colcon.colcon_core.shell:Creating environment descriptor '/root/ros2_ws/src/install/unitree_go/share/unitree_go/hook/ld_library_path_lib.dsv'
[35.160s] INFO:colcon.colcon_core.shell:Creating environment hook '/root/ros2_ws/src/install/unitree_go/share/unitree_go/hook/ld_library_path_lib.sh'
[35.183s] Level 1:colcon.colcon_core.environment:checking '/root/ros2_ws/src/install/unitree_go/bin'
[35.183s] Level 1:colcon.colcon_core.environment:checking '/root/ros2_ws/src/install/unitree_go/lib/pkgconfig/unitree_go.pc'
[35.184s] Level 1:colcon.colcon_core.environment:checking '/root/ros2_ws/src/install/unitree_go/lib/python3.10/site-packages'
[35.184s] Level 1:colcon.colcon_core.environment:checking '/root/ros2_ws/src/install/unitree_go/bin'
[35.194s] INFO:colcon.colcon_core.shell:Creating package script '/root/ros2_ws/src/install/unitree_go/share/unitree_go/package.ps1'
[35.195s] INFO:colcon.colcon_core.shell:Creating package descriptor '/root/ros2_ws/src/install/unitree_go/share/unitree_go/package.dsv'
[35.197s] INFO:colcon.colcon_core.shell:Creating package script '/root/ros2_ws/src/install/unitree_go/share/unitree_go/package.sh'
[35.206s] INFO:colcon.colcon_core.shell:Creating package script '/root/ros2_ws/src/install/unitree_go/share/unitree_go/package.bash'
[35.207s] INFO:colcon.colcon_core.shell:Creating package script '/root/ros2_ws/src/install/unitree_go/share/unitree_go/package.zsh'
[35.208s] Level 1:colcon.colcon_core.environment:create_file_with_runtime_dependencies(/root/ros2_ws/src/install/unitree_go/share/colcon-core/packages/unitree_go)
[35.209s] INFO:colcon.colcon_ros.task.ament_cmake.build:Building ROS package in '/root/ros2_ws/src/utilities/unitree_pkgs/go2_sport_api' with build type 'ament_cmake'
[35.213s] INFO:colcon.colcon_cmake.task.cmake.build:Building CMake package in '/root/ros2_ws/src/utilities/unitree_pkgs/go2_sport_api'
[35.213s] INFO:colcon.colcon_core.shell:Skip shell extension 'powershell' for command environment: Not usable outside of PowerShell
[35.214s] DEBUG:colcon.colcon_core.shell:Skip shell extension 'dsv' for command environment
[35.267s] Level 1:colcon.colcon_core.environment:create_environment_scripts_only(teleop_rviz_plugin)
[35.269s] Level 1:colcon.colcon_core.environment:checking '/root/ros2_ws/src/install/teleop_rviz_plugin' for CMake module files
[35.274s] Level 1:colcon.colcon_core.environment:checking '/root/ros2_ws/src/install/teleop_rviz_plugin' for CMake config files
[35.274s] Level 1:colcon.colcon_core.shell:create_environment_hook('teleop_rviz_plugin', 'cmake_prefix_path')
[35.275s] INFO:colcon.colcon_core.shell:Creating environment hook '/root/ros2_ws/src/install/teleop_rviz_plugin/share/teleop_rviz_plugin/hook/cmake_prefix_path.ps1'
[35.269s] DEBUG:colcon.colcon_core.event_handler.log_command:Invoked command in '/root/ros2_ws/src/build/teleop_rviz_plugin' returned '0': CMAKE_PREFIX_PATH=/opt/ros/humble /usr/bin/cmake --install /root/ros2_ws/src/build/teleop_rviz_plugin
[35.287s] INFO:colcon.colcon_core.shell:Creating environment descriptor '/root/ros2_ws/src/install/teleop_rviz_plugin/share/teleop_rviz_plugin/hook/cmake_prefix_path.dsv'
[35.288s] INFO:colcon.colcon_core.shell:Creating environment hook '/root/ros2_ws/src/install/teleop_rviz_plugin/share/teleop_rviz_plugin/hook/cmake_prefix_path.sh'
[35.289s] Level 1:colcon.colcon_core.environment:checking '/root/ros2_ws/src/install/teleop_rviz_plugin/lib'
[35.290s] Level 1:colcon.colcon_core.environment:checking '/root/ros2_ws/src/install/teleop_rviz_plugin/bin'
[35.290s] Level 1:colcon.colcon_core.environment:checking '/root/ros2_ws/src/install/teleop_rviz_plugin/lib/pkgconfig/teleop_rviz_plugin.pc'
[35.302s] Level 1:colcon.colcon_core.environment:checking '/root/ros2_ws/src/install/teleop_rviz_plugin/lib/python3.10/site-packages'
[35.303s] Level 1:colcon.colcon_core.environment:checking '/root/ros2_ws/src/install/teleop_rviz_plugin/bin'
[35.317s] INFO:colcon.colcon_core.shell:Creating package script '/root/ros2_ws/src/install/teleop_rviz_plugin/share/teleop_rviz_plugin/package.ps1'
[35.318s] INFO:colcon.colcon_core.shell:Creating package descriptor '/root/ros2_ws/src/install/teleop_rviz_plugin/share/teleop_rviz_plugin/package.dsv'
[35.318s] INFO:colcon.colcon_core.shell:Creating package script '/root/ros2_ws/src/install/teleop_rviz_plugin/share/teleop_rviz_plugin/package.sh'
[35.319s] INFO:colcon.colcon_core.shell:Creating package script '/root/ros2_ws/src/install/teleop_rviz_plugin/share/teleop_rviz_plugin/package.bash'
[35.319s] INFO:colcon.colcon_core.shell:Creating package script '/root/ros2_ws/src/install/teleop_rviz_plugin/share/teleop_rviz_plugin/package.zsh'
[35.320s] Level 1:colcon.colcon_core.environment:create_file_with_runtime_dependencies(/root/ros2_ws/src/install/teleop_rviz_plugin/share/colcon-core/packages/teleop_rviz_plugin)
[35.320s] Level 1:colcon.colcon_core.environment:create_environment_scripts_only(teleop_rviz_plugin)
[35.324s] Level 1:colcon.colcon_core.environment:checking '/root/ros2_ws/src/install/teleop_rviz_plugin' for CMake module files
[35.324s] Level 1:colcon.colcon_core.environment:checking '/root/ros2_ws/src/install/teleop_rviz_plugin' for CMake config files
[35.325s] Level 1:colcon.colcon_core.shell:create_environment_hook('teleop_rviz_plugin', 'cmake_prefix_path')
[35.325s] INFO:colcon.colcon_core.shell:Creating environment hook '/root/ros2_ws/src/install/teleop_rviz_plugin/share/teleop_rviz_plugin/hook/cmake_prefix_path.ps1'
[35.325s] INFO:colcon.colcon_core.shell:Creating environment descriptor '/root/ros2_ws/src/install/teleop_rviz_plugin/share/teleop_rviz_plugin/hook/cmake_prefix_path.dsv'
[35.326s] INFO:colcon.colcon_core.shell:Creating environment hook '/root/ros2_ws/src/install/teleop_rviz_plugin/share/teleop_rviz_plugin/hook/cmake_prefix_path.sh'
[35.326s] Level 1:colcon.colcon_core.environment:checking '/root/ros2_ws/src/install/teleop_rviz_plugin/lib'
[35.327s] Level 1:colcon.colcon_core.environment:checking '/root/ros2_ws/src/install/teleop_rviz_plugin/bin'
[35.327s] Level 1:colcon.colcon_core.environment:checking '/root/ros2_ws/src/install/teleop_rviz_plugin/lib/pkgconfig/teleop_rviz_plugin.pc'
[35.327s] Level 1:colcon.colcon_core.environment:checking '/root/ros2_ws/src/install/teleop_rviz_plugin/lib/python3.10/site-packages'
[35.327s] Level 1:colcon.colcon_core.environment:checking '/root/ros2_ws/src/install/teleop_rviz_plugin/bin'
[35.331s] INFO:colcon.colcon_core.shell:Creating package script '/root/ros2_ws/src/install/teleop_rviz_plugin/share/teleop_rviz_plugin/package.ps1'
[35.336s] INFO:colcon.colcon_core.shell:Creating package descriptor '/root/ros2_ws/src/install/teleop_rviz_plugin/share/teleop_rviz_plugin/package.dsv'
[35.336s] INFO:colcon.colcon_core.shell:Creating package script '/root/ros2_ws/src/install/teleop_rviz_plugin/share/teleop_rviz_plugin/package.sh'
[35.337s] INFO:colcon.colcon_core.shell:Creating package script '/root/ros2_ws/src/install/teleop_rviz_plugin/share/teleop_rviz_plugin/package.bash'
[35.337s] INFO:colcon.colcon_core.shell:Creating package script '/root/ros2_ws/src/install/teleop_rviz_plugin/share/teleop_rviz_plugin/package.zsh'
[35.338s] Level 1:colcon.colcon_core.environment:create_file_with_runtime_dependencies(/root/ros2_ws/src/install/teleop_rviz_plugin/share/colcon-core/packages/teleop_rviz_plugin)
[35.338s] Level 1:colcon.colcon_core.environment:create_environment_scripts_only(teleop_rviz_plugin_plus)
[35.338s] Level 1:colcon.colcon_core.environment:checking '/root/ros2_ws/src/install/teleop_rviz_plugin_plus' for CMake module files
[35.340s] DEBUG:colcon.colcon_core.event_handler.log_command:Invoked command in '/root/ros2_ws/src/build/teleop_rviz_plugin_plus' returned '0': CMAKE_PREFIX_PATH=/opt/ros/humble /usr/bin/cmake --install /root/ros2_ws/src/build/teleop_rviz_plugin_plus
[35.342s] Level 1:colcon.colcon_core.environment:checking '/root/ros2_ws/src/install/teleop_rviz_plugin_plus' for CMake config files
[35.342s] Level 1:colcon.colcon_core.shell:create_environment_hook('teleop_rviz_plugin_plus', 'cmake_prefix_path')
[35.343s] INFO:colcon.colcon_core.shell:Creating environment hook '/root/ros2_ws/src/install/teleop_rviz_plugin_plus/share/teleop_rviz_plugin_plus/hook/cmake_prefix_path.ps1'
[35.343s] INFO:colcon.colcon_core.shell:Creating environment descriptor '/root/ros2_ws/src/install/teleop_rviz_plugin_plus/share/teleop_rviz_plugin_plus/hook/cmake_prefix_path.dsv'
[35.344s] INFO:colcon.colcon_core.shell:Creating environment hook '/root/ros2_ws/src/install/teleop_rviz_plugin_plus/share/teleop_rviz_plugin_plus/hook/cmake_prefix_path.sh'
[35.344s] Level 1:colcon.colcon_core.environment:checking '/root/ros2_ws/src/install/teleop_rviz_plugin_plus/lib'
[35.344s] Level 1:colcon.colcon_core.environment:checking '/root/ros2_ws/src/install/teleop_rviz_plugin_plus/bin'
[35.344s] Level 1:colcon.colcon_core.environment:checking '/root/ros2_ws/src/install/teleop_rviz_plugin_plus/lib/pkgconfig/teleop_rviz_plugin_plus.pc'
[35.345s] Level 1:colcon.colcon_core.environment:checking '/root/ros2_ws/src/install/teleop_rviz_plugin_plus/lib/python3.10/site-packages'
[35.345s] Level 1:colcon.colcon_core.environment:checking '/root/ros2_ws/src/install/teleop_rviz_plugin_plus/bin'
[35.346s] INFO:colcon.colcon_core.shell:Creating package script '/root/ros2_ws/src/install/teleop_rviz_plugin_plus/share/teleop_rviz_plugin_plus/package.ps1'
[35.349s] INFO:colcon.colcon_core.shell:Creating package descriptor '/root/ros2_ws/src/install/teleop_rviz_plugin_plus/share/teleop_rviz_plugin_plus/package.dsv'
[35.350s] INFO:colcon.colcon_core.shell:Creating package script '/root/ros2_ws/src/install/teleop_rviz_plugin_plus/share/teleop_rviz_plugin_plus/package.sh'
[35.350s] INFO:colcon.colcon_core.shell:Creating package script '/root/ros2_ws/src/install/teleop_rviz_plugin_plus/share/teleop_rviz_plugin_plus/package.bash'
[35.351s] INFO:colcon.colcon_core.shell:Creating package script '/root/ros2_ws/src/install/teleop_rviz_plugin_plus/share/teleop_rviz_plugin_plus/package.zsh'
[35.351s] Level 1:colcon.colcon_core.environment:create_file_with_runtime_dependencies(/root/ros2_ws/src/install/teleop_rviz_plugin_plus/share/colcon-core/packages/teleop_rviz_plugin_plus)
[35.356s] Level 1:colcon.colcon_core.environment:create_environment_scripts_only(teleop_rviz_plugin_plus)
[35.356s] Level 1:colcon.colcon_core.environment:checking '/root/ros2_ws/src/install/teleop_rviz_plugin_plus' for CMake module files
[35.357s] Level 1:colcon.colcon_core.environment:checking '/root/ros2_ws/src/install/teleop_rviz_plugin_plus' for CMake config files
[35.357s] Level 1:colcon.colcon_core.shell:create_environment_hook('teleop_rviz_plugin_plus', 'cmake_prefix_path')
[35.357s] INFO:colcon.colcon_core.shell:Creating environment hook '/root/ros2_ws/src/install/teleop_rviz_plugin_plus/share/teleop_rviz_plugin_plus/hook/cmake_prefix_path.ps1'
[35.358s] INFO:colcon.colcon_core.shell:Creating environment descriptor '/root/ros2_ws/src/install/teleop_rviz_plugin_plus/share/teleop_rviz_plugin_plus/hook/cmake_prefix_path.dsv'
[35.358s] INFO:colcon.colcon_core.shell:Creating environment hook '/root/ros2_ws/src/install/teleop_rviz_plugin_plus/share/teleop_rviz_plugin_plus/hook/cmake_prefix_path.sh'
[35.362s] Level 1:colcon.colcon_core.environment:checking '/root/ros2_ws/src/install/teleop_rviz_plugin_plus/lib'
[35.362s] Level 1:colcon.colcon_core.environment:checking '/root/ros2_ws/src/install/teleop_rviz_plugin_plus/bin'
[35.362s] Level 1:colcon.colcon_core.environment:checking '/root/ros2_ws/src/install/teleop_rviz_plugin_plus/lib/pkgconfig/teleop_rviz_plugin_plus.pc'
[35.363s] Level 1:colcon.colcon_core.environment:checking '/root/ros2_ws/src/install/teleop_rviz_plugin_plus/lib/python3.10/site-packages'
[35.363s] Level 1:colcon.colcon_core.environment:checking '/root/ros2_ws/src/install/teleop_rviz_plugin_plus/bin'
[35.363s] INFO:colcon.colcon_core.shell:Creating package script '/root/ros2_ws/src/install/teleop_rviz_plugin_plus/share/teleop_rviz_plugin_plus/package.ps1'
[35.364s] INFO:colcon.colcon_core.shell:Creating package descriptor '/root/ros2_ws/src/install/teleop_rviz_plugin_plus/share/teleop_rviz_plugin_plus/package.dsv'
[35.365s] INFO:colcon.colcon_core.shell:Creating package script '/root/ros2_ws/src/install/teleop_rviz_plugin_plus/share/teleop_rviz_plugin_plus/package.sh'
[35.365s] INFO:colcon.colcon_core.shell:Creating package script '/root/ros2_ws/src/install/teleop_rviz_plugin_plus/share/teleop_rviz_plugin_plus/package.bash'
[35.366s] INFO:colcon.colcon_core.shell:Creating package script '/root/ros2_ws/src/install/teleop_rviz_plugin_plus/share/teleop_rviz_plugin_plus/package.zsh'
[35.369s] Level 1:colcon.colcon_core.environment:create_file_with_runtime_dependencies(/root/ros2_ws/src/install/teleop_rviz_plugin_plus/share/colcon-core/packages/teleop_rviz_plugin_plus)
[35.370s] Level 1:colcon.colcon_core.environment:create_environment_scripts_only(waypoint_rviz_plugin)
[35.370s] Level 1:colcon.colcon_core.environment:checking '/root/ros2_ws/src/install/waypoint_rviz_plugin' for CMake module files
[35.371s] Level 1:colcon.colcon_core.environment:checking '/root/ros2_ws/src/install/waypoint_rviz_plugin' for CMake config files
[35.371s] Level 1:colcon.colcon_core.shell:create_environment_hook('waypoint_rviz_plugin', 'cmake_prefix_path')
[35.371s] INFO:colcon.colcon_core.shell:Creating environment hook '/root/ros2_ws/src/install/waypoint_rviz_plugin/share/waypoint_rviz_plugin/hook/cmake_prefix_path.ps1'
[35.372s] DEBUG:colcon.colcon_core.event_handler.log_command:Invoked command in '/root/ros2_ws/src/build/waypoint_rviz_plugin' returned '0': CMAKE_PREFIX_PATH=/opt/ros/humble /usr/bin/cmake --install /root/ros2_ws/src/build/waypoint_rviz_plugin
[35.375s] INFO:colcon.colcon_core.shell:Creating environment descriptor '/root/ros2_ws/src/install/waypoint_rviz_plugin/share/waypoint_rviz_plugin/hook/cmake_prefix_path.dsv'
[35.376s] INFO:colcon.colcon_core.shell:Creating environment hook '/root/ros2_ws/src/install/waypoint_rviz_plugin/share/waypoint_rviz_plugin/hook/cmake_prefix_path.sh'
[35.376s] Level 1:colcon.colcon_core.environment:checking '/root/ros2_ws/src/install/waypoint_rviz_plugin/lib'
[35.376s] Level 1:colcon.colcon_core.environment:checking '/root/ros2_ws/src/install/waypoint_rviz_plugin/bin'
[35.377s] Level 1:colcon.colcon_core.environment:checking '/root/ros2_ws/src/install/waypoint_rviz_plugin/lib/pkgconfig/waypoint_rviz_plugin.pc'
[35.377s] Level 1:colcon.colcon_core.environment:checking '/root/ros2_ws/src/install/waypoint_rviz_plugin/lib/python3.10/site-packages'
[35.377s] Level 1:colcon.colcon_core.environment:checking '/root/ros2_ws/src/install/waypoint_rviz_plugin/bin'
[35.378s] INFO:colcon.colcon_core.shell:Creating package script '/root/ros2_ws/src/install/waypoint_rviz_plugin/share/waypoint_rviz_plugin/package.ps1'
[35.378s] INFO:colcon.colcon_core.shell:Creating package descriptor '/root/ros2_ws/src/install/waypoint_rviz_plugin/share/waypoint_rviz_plugin/package.dsv'
[35.383s] INFO:colcon.colcon_core.shell:Creating package script '/root/ros2_ws/src/install/waypoint_rviz_plugin/share/waypoint_rviz_plugin/package.sh'
[35.384s] INFO:colcon.colcon_core.shell:Creating package script '/root/ros2_ws/src/install/waypoint_rviz_plugin/share/waypoint_rviz_plugin/package.bash'
[35.384s] INFO:colcon.colcon_core.shell:Creating package script '/root/ros2_ws/src/install/waypoint_rviz_plugin/share/waypoint_rviz_plugin/package.zsh'
[35.385s] Level 1:colcon.colcon_core.environment:create_file_with_runtime_dependencies(/root/ros2_ws/src/install/waypoint_rviz_plugin/share/colcon-core/packages/waypoint_rviz_plugin)
[35.386s] Level 1:colcon.colcon_core.environment:create_environment_scripts_only(waypoint_rviz_plugin)
[35.390s] Level 1:colcon.colcon_core.environment:checking '/root/ros2_ws/src/install/waypoint_rviz_plugin' for CMake module files
[35.391s] Level 1:colcon.colcon_core.environment:checking '/root/ros2_ws/src/install/waypoint_rviz_plugin' for CMake config files
[35.391s] Level 1:colcon.colcon_core.shell:create_environment_hook('waypoint_rviz_plugin', 'cmake_prefix_path')
[35.391s] INFO:colcon.colcon_core.shell:Creating environment hook '/root/ros2_ws/src/install/waypoint_rviz_plugin/share/waypoint_rviz_plugin/hook/cmake_prefix_path.ps1'
[35.392s] INFO:colcon.colcon_core.shell:Creating environment descriptor '/root/ros2_ws/src/install/waypoint_rviz_plugin/share/waypoint_rviz_plugin/hook/cmake_prefix_path.dsv'
[35.392s] INFO:colcon.colcon_core.shell:Creating environment hook '/root/ros2_ws/src/install/waypoint_rviz_plugin/share/waypoint_rviz_plugin/hook/cmake_prefix_path.sh'
[35.393s] Level 1:colcon.colcon_core.environment:checking '/root/ros2_ws/src/install/waypoint_rviz_plugin/lib'
[35.393s] Level 1:colcon.colcon_core.environment:checking '/root/ros2_ws/src/install/waypoint_rviz_plugin/bin'
[35.393s] Level 1:colcon.colcon_core.environment:checking '/root/ros2_ws/src/install/waypoint_rviz_plugin/lib/pkgconfig/waypoint_rviz_plugin.pc'
[35.393s] Level 1:colcon.colcon_core.environment:checking '/root/ros2_ws/src/install/waypoint_rviz_plugin/lib/python3.10/site-packages'
[35.398s] Level 1:colcon.colcon_core.environment:checking '/root/ros2_ws/src/install/waypoint_rviz_plugin/bin'
[35.398s] INFO:colcon.colcon_core.shell:Creating package script '/root/ros2_ws/src/install/waypoint_rviz_plugin/share/waypoint_rviz_plugin/package.ps1'
[35.399s] INFO:colcon.colcon_core.shell:Creating package descriptor '/root/ros2_ws/src/install/waypoint_rviz_plugin/share/waypoint_rviz_plugin/package.dsv'
[35.400s] INFO:colcon.colcon_core.shell:Creating package script '/root/ros2_ws/src/install/waypoint_rviz_plugin/share/waypoint_rviz_plugin/package.sh'
[35.400s] INFO:colcon.colcon_core.shell:Creating package script '/root/ros2_ws/src/install/waypoint_rviz_plugin/share/waypoint_rviz_plugin/package.bash'
[35.401s] INFO:colcon.colcon_core.shell:Creating package script '/root/ros2_ws/src/install/waypoint_rviz_plugin/share/waypoint_rviz_plugin/package.zsh'
[35.401s] Level 1:colcon.colcon_core.environment:create_file_with_runtime_dependencies(/root/ros2_ws/src/install/waypoint_rviz_plugin/share/colcon-core/packages/waypoint_rviz_plugin)
[35.416s] DEBUG:colcon.colcon_core.event_handler.log_command:Invoking command in '/root/ros2_ws/src/build/go2_sport_api': AMENT_PREFIX_PATH=/root/ros2_ws/src/install/unitree_go:/root/ros2_ws/src/install/unitree_api:${AMENT_PREFIX_PATH} CMAKE_PREFIX_PATH=/root/ros2_ws/src/install/unitree_go:/root/ros2_ws/src/install/unitree_api:/opt/ros/humble LD_LIBRARY_PATH=/root/ros2_ws/src/install/unitree_go/lib:/root/ros2_ws/src/install/unitree_api/lib:${LD_LIBRARY_PATH} PYTHONPATH=/root/ros2_ws/src/install/unitree_go/local/lib/python3.10/dist-packages:/root/ros2_ws/src/install/unitree_api/local/lib/python3.10/dist-packages:${PYTHONPATH} /usr/bin/cmake /root/ros2_ws/src/utilities/unitree_pkgs/go2_sport_api -DROS_EDITION=ROS2 -DHUMBLE_ROS=humble -DCMAKE_INSTALL_PREFIX=/root/ros2_ws/src/install/go2_sport_api
[35.718s] DEBUG:colcon.colcon_core.event_handler.log_command:Invoked command in '/root/ros2_ws/src/build/waypoint_example' returned '0': CMAKE_PREFIX_PATH=/opt/ros/humble /usr/bin/cmake --build /root/ros2_ws/src/build/waypoint_example -- -j24 -l24
[35.719s] DEBUG:colcon.colcon_core.event_handler.log_command:Invoking command in '/root/ros2_ws/src/build/waypoint_example': CMAKE_PREFIX_PATH=/opt/ros/humble /usr/bin/cmake --install /root/ros2_ws/src/build/waypoint_example
[35.772s] Level 1:colcon.colcon_core.environment:create_environment_scripts_only(waypoint_example)
[35.772s] Level 1:colcon.colcon_core.environment:checking '/root/ros2_ws/src/install/waypoint_example' for CMake module files
[35.773s] DEBUG:colcon.colcon_core.event_handler.log_command:Invoked command in '/root/ros2_ws/src/build/waypoint_example' returned '0': CMAKE_PREFIX_PATH=/opt/ros/humble /usr/bin/cmake --install /root/ros2_ws/src/build/waypoint_example
[35.773s] Level 1:colcon.colcon_core.environment:checking '/root/ros2_ws/src/install/waypoint_example' for CMake config files
[35.774s] Level 1:colcon.colcon_core.shell:create_environment_hook('waypoint_example', 'cmake_prefix_path')
[35.774s] INFO:colcon.colcon_core.shell:Creating environment hook '/root/ros2_ws/src/install/waypoint_example/share/waypoint_example/hook/cmake_prefix_path.ps1'
[35.774s] INFO:colcon.colcon_core.shell:Creating environment descriptor '/root/ros2_ws/src/install/waypoint_example/share/waypoint_example/hook/cmake_prefix_path.dsv'
[35.775s] INFO:colcon.colcon_core.shell:Creating environment hook '/root/ros2_ws/src/install/waypoint_example/share/waypoint_example/hook/cmake_prefix_path.sh'
[35.775s] Level 1:colcon.colcon_core.environment:checking '/root/ros2_ws/src/install/waypoint_example/lib'
[35.776s] Level 1:colcon.colcon_core.environment:checking '/root/ros2_ws/src/install/waypoint_example/bin'
[35.776s] Level 1:colcon.colcon_core.environment:checking '/root/ros2_ws/src/install/waypoint_example/lib/pkgconfig/waypoint_example.pc'
[35.776s] Level 1:colcon.colcon_core.environment:checking '/root/ros2_ws/src/install/waypoint_example/lib/python3.10/site-packages'
[35.776s] Level 1:colcon.colcon_core.environment:checking '/root/ros2_ws/src/install/waypoint_example/bin'
[35.777s] INFO:colcon.colcon_core.shell:Creating package script '/root/ros2_ws/src/install/waypoint_example/share/waypoint_example/package.ps1'
[35.777s] INFO:colcon.colcon_core.shell:Creating package descriptor '/root/ros2_ws/src/install/waypoint_example/share/waypoint_example/package.dsv'
[35.778s] INFO:colcon.colcon_core.shell:Creating package script '/root/ros2_ws/src/install/waypoint_example/share/waypoint_example/package.sh'
[35.778s] INFO:colcon.colcon_core.shell:Creating package script '/root/ros2_ws/src/install/waypoint_example/share/waypoint_example/package.bash'
[35.779s] INFO:colcon.colcon_core.shell:Creating package script '/root/ros2_ws/src/install/waypoint_example/share/waypoint_example/package.zsh'
[35.779s] Level 1:colcon.colcon_core.environment:create_file_with_runtime_dependencies(/root/ros2_ws/src/install/waypoint_example/share/colcon-core/packages/waypoint_example)
[35.779s] Level 1:colcon.colcon_core.environment:create_environment_scripts_only(waypoint_example)
[35.783s] Level 1:colcon.colcon_core.environment:checking '/root/ros2_ws/src/install/waypoint_example' for CMake module files
[35.783s] Level 1:colcon.colcon_core.environment:checking '/root/ros2_ws/src/install/waypoint_example' for CMake config files
[35.784s] Level 1:colcon.colcon_core.shell:create_environment_hook('waypoint_example', 'cmake_prefix_path')
[35.784s] INFO:colcon.colcon_core.shell:Creating environment hook '/root/ros2_ws/src/install/waypoint_example/share/waypoint_example/hook/cmake_prefix_path.ps1'
[35.785s] INFO:colcon.colcon_core.shell:Creating environment descriptor '/root/ros2_ws/src/install/waypoint_example/share/waypoint_example/hook/cmake_prefix_path.dsv'
[35.785s] INFO:colcon.colcon_core.shell:Creating environment hook '/root/ros2_ws/src/install/waypoint_example/share/waypoint_example/hook/cmake_prefix_path.sh'
[35.785s] Level 1:colcon.colcon_core.environment:checking '/root/ros2_ws/src/install/waypoint_example/lib'
[35.786s] Level 1:colcon.colcon_core.environment:checking '/root/ros2_ws/src/install/waypoint_example/bin'
[35.786s] Level 1:colcon.colcon_core.environment:checking '/root/ros2_ws/src/install/waypoint_example/lib/pkgconfig/waypoint_example.pc'
[35.790s] Level 1:colcon.colcon_core.environment:checking '/root/ros2_ws/src/install/waypoint_example/lib/python3.10/site-packages'
[35.791s] Level 1:colcon.colcon_core.environment:checking '/root/ros2_ws/src/install/waypoint_example/bin'
[35.791s] INFO:colcon.colcon_core.shell:Creating package script '/root/ros2_ws/src/install/waypoint_example/share/waypoint_example/package.ps1'
[35.792s] INFO:colcon.colcon_core.shell:Creating package descriptor '/root/ros2_ws/src/install/waypoint_example/share/waypoint_example/package.dsv'
[35.792s] INFO:colcon.colcon_core.shell:Creating package script '/root/ros2_ws/src/install/waypoint_example/share/waypoint_example/package.sh'
[35.797s] INFO:colcon.colcon_core.shell:Creating package script '/root/ros2_ws/src/install/waypoint_example/share/waypoint_example/package.bash'
[35.798s] INFO:colcon.colcon_core.shell:Creating package script '/root/ros2_ws/src/install/waypoint_example/share/waypoint_example/package.zsh'
[35.798s] Level 1:colcon.colcon_core.environment:create_file_with_runtime_dependencies(/root/ros2_ws/src/install/waypoint_example/share/colcon-core/packages/waypoint_example)
[38.065s] DEBUG:colcon.colcon_core.event_handler.log_command:Invoked command in '/root/ros2_ws/src/build/goalpoint_rviz_plugin' returned '0': CMAKE_PREFIX_PATH=/opt/ros/humble /usr/bin/cmake --build /root/ros2_ws/src/build/goalpoint_rviz_plugin -- -j24 -l24
[38.069s] DEBUG:colcon.colcon_core.event_handler.log_command:Invoking command in '/root/ros2_ws/src/build/goalpoint_rviz_plugin': CMAKE_PREFIX_PATH=/opt/ros/humble /usr/bin/cmake --install /root/ros2_ws/src/build/goalpoint_rviz_plugin
[38.110s] Level 1:colcon.colcon_core.environment:create_environment_scripts_only(goalpoint_rviz_plugin)
[38.111s] Level 1:colcon.colcon_core.environment:checking '/root/ros2_ws/src/install/goalpoint_rviz_plugin' for CMake module files
[38.112s] Level 1:colcon.colcon_core.environment:checking '/root/ros2_ws/src/install/goalpoint_rviz_plugin' for CMake config files
[38.113s] Level 1:colcon.colcon_core.shell:create_environment_hook('goalpoint_rviz_plugin', 'cmake_prefix_path')
[38.113s] INFO:colcon.colcon_core.shell:Creating environment hook '/root/ros2_ws/src/install/goalpoint_rviz_plugin/share/goalpoint_rviz_plugin/hook/cmake_prefix_path.ps1'
[38.117s] DEBUG:colcon.colcon_core.event_handler.log_command:Invoked command in '/root/ros2_ws/src/build/goalpoint_rviz_plugin' returned '0': CMAKE_PREFIX_PATH=/opt/ros/humble /usr/bin/cmake --install /root/ros2_ws/src/build/goalpoint_rviz_plugin
[38.119s] INFO:colcon.colcon_core.shell:Creating environment descriptor '/root/ros2_ws/src/install/goalpoint_rviz_plugin/share/goalpoint_rviz_plugin/hook/cmake_prefix_path.dsv'
[38.120s] INFO:colcon.colcon_core.shell:Creating environment hook '/root/ros2_ws/src/install/goalpoint_rviz_plugin/share/goalpoint_rviz_plugin/hook/cmake_prefix_path.sh'
[38.121s] Level 1:colcon.colcon_core.environment:checking '/root/ros2_ws/src/install/goalpoint_rviz_plugin/lib'
[38.121s] Level 1:colcon.colcon_core.environment:checking '/root/ros2_ws/src/install/goalpoint_rviz_plugin/bin'
[38.121s] Level 1:colcon.colcon_core.environment:checking '/root/ros2_ws/src/install/goalpoint_rviz_plugin/lib/pkgconfig/goalpoint_rviz_plugin.pc'
[38.122s] Level 1:colcon.colcon_core.environment:checking '/root/ros2_ws/src/install/goalpoint_rviz_plugin/lib/python3.10/site-packages'
[38.122s] Level 1:colcon.colcon_core.environment:checking '/root/ros2_ws/src/install/goalpoint_rviz_plugin/bin'
[38.123s] INFO:colcon.colcon_core.shell:Creating package script '/root/ros2_ws/src/install/goalpoint_rviz_plugin/share/goalpoint_rviz_plugin/package.ps1'
[38.124s] INFO:colcon.colcon_core.shell:Creating package descriptor '/root/ros2_ws/src/install/goalpoint_rviz_plugin/share/goalpoint_rviz_plugin/package.dsv'
[38.125s] INFO:colcon.colcon_core.shell:Creating package script '/root/ros2_ws/src/install/goalpoint_rviz_plugin/share/goalpoint_rviz_plugin/package.sh'
[38.126s] INFO:colcon.colcon_core.shell:Creating package script '/root/ros2_ws/src/install/goalpoint_rviz_plugin/share/goalpoint_rviz_plugin/package.bash'
[38.126s] INFO:colcon.colcon_core.shell:Creating package script '/root/ros2_ws/src/install/goalpoint_rviz_plugin/share/goalpoint_rviz_plugin/package.zsh'
[38.127s] Level 1:colcon.colcon_core.environment:create_file_with_runtime_dependencies(/root/ros2_ws/src/install/goalpoint_rviz_plugin/share/colcon-core/packages/goalpoint_rviz_plugin)
[38.128s] Level 1:colcon.colcon_core.environment:create_environment_scripts_only(goalpoint_rviz_plugin)
[38.135s] Level 1:colcon.colcon_core.environment:checking '/root/ros2_ws/src/install/goalpoint_rviz_plugin' for CMake module files
[38.136s] Level 1:colcon.colcon_core.environment:checking '/root/ros2_ws/src/install/goalpoint_rviz_plugin' for CMake config files
[38.136s] Level 1:colcon.colcon_core.shell:create_environment_hook('goalpoint_rviz_plugin', 'cmake_prefix_path')
[38.137s] INFO:colcon.colcon_core.shell:Creating environment hook '/root/ros2_ws/src/install/goalpoint_rviz_plugin/share/goalpoint_rviz_plugin/hook/cmake_prefix_path.ps1'
[38.137s] INFO:colcon.colcon_core.shell:Creating environment descriptor '/root/ros2_ws/src/install/goalpoint_rviz_plugin/share/goalpoint_rviz_plugin/hook/cmake_prefix_path.dsv'
[38.138s] INFO:colcon.colcon_core.shell:Creating environment hook '/root/ros2_ws/src/install/goalpoint_rviz_plugin/share/goalpoint_rviz_plugin/hook/cmake_prefix_path.sh'
[38.139s] Level 1:colcon.colcon_core.environment:checking '/root/ros2_ws/src/install/goalpoint_rviz_plugin/lib'
[38.139s] Level 1:colcon.colcon_core.environment:checking '/root/ros2_ws/src/install/goalpoint_rviz_plugin/bin'
[38.139s] Level 1:colcon.colcon_core.environment:checking '/root/ros2_ws/src/install/goalpoint_rviz_plugin/lib/pkgconfig/goalpoint_rviz_plugin.pc'
[38.139s] Level 1:colcon.colcon_core.environment:checking '/root/ros2_ws/src/install/goalpoint_rviz_plugin/lib/python3.10/site-packages'
[38.140s] Level 1:colcon.colcon_core.environment:checking '/root/ros2_ws/src/install/goalpoint_rviz_plugin/bin'
[38.140s] INFO:colcon.colcon_core.shell:Creating package script '/root/ros2_ws/src/install/goalpoint_rviz_plugin/share/goalpoint_rviz_plugin/package.ps1'
[38.145s] INFO:colcon.colcon_core.shell:Creating package descriptor '/root/ros2_ws/src/install/goalpoint_rviz_plugin/share/goalpoint_rviz_plugin/package.dsv'
[38.146s] INFO:colcon.colcon_core.shell:Creating package script '/root/ros2_ws/src/install/goalpoint_rviz_plugin/share/goalpoint_rviz_plugin/package.sh'
[38.147s] INFO:colcon.colcon_core.shell:Creating package script '/root/ros2_ws/src/install/goalpoint_rviz_plugin/share/goalpoint_rviz_plugin/package.bash'
[38.147s] INFO:colcon.colcon_core.shell:Creating package script '/root/ros2_ws/src/install/goalpoint_rviz_plugin/share/goalpoint_rviz_plugin/package.zsh'
[38.152s] Level 1:colcon.colcon_core.environment:create_file_with_runtime_dependencies(/root/ros2_ws/src/install/goalpoint_rviz_plugin/share/colcon-core/packages/goalpoint_rviz_plugin)
[40.680s] DEBUG:colcon.colcon_core.event_handler.log_command:Invoked command in '/root/ros2_ws/src/build/go2_sport_api' returned '0': AMENT_PREFIX_PATH=/root/ros2_ws/src/install/unitree_go:/root/ros2_ws/src/install/unitree_api:${AMENT_PREFIX_PATH} CMAKE_PREFIX_PATH=/root/ros2_ws/src/install/unitree_go:/root/ros2_ws/src/install/unitree_api:/opt/ros/humble LD_LIBRARY_PATH=/root/ros2_ws/src/install/unitree_go/lib:/root/ros2_ws/src/install/unitree_api/lib:${LD_LIBRARY_PATH} PYTHONPATH=/root/ros2_ws/src/install/unitree_go/local/lib/python3.10/dist-packages:/root/ros2_ws/src/install/unitree_api/local/lib/python3.10/dist-packages:${PYTHONPATH} /usr/bin/cmake /root/ros2_ws/src/utilities/unitree_pkgs/go2_sport_api -DROS_EDITION=ROS2 -DHUMBLE_ROS=humble -DCMAKE_INSTALL_PREFIX=/root/ros2_ws/src/install/go2_sport_api
[40.688s] DEBUG:colcon.colcon_core.event_handler.log_command:Invoking command in '/root/ros2_ws/src/build/go2_sport_api': AMENT_PREFIX_PATH=/root/ros2_ws/src/install/unitree_go:/root/ros2_ws/src/install/unitree_api:${AMENT_PREFIX_PATH} CMAKE_PREFIX_PATH=/root/ros2_ws/src/install/unitree_go:/root/ros2_ws/src/install/unitree_api:/opt/ros/humble LD_LIBRARY_PATH=/root/ros2_ws/src/install/unitree_go/lib:/root/ros2_ws/src/install/unitree_api/lib:${LD_LIBRARY_PATH} PYTHONPATH=/root/ros2_ws/src/install/unitree_go/local/lib/python3.10/dist-packages:/root/ros2_ws/src/install/unitree_api/local/lib/python3.10/dist-packages:${PYTHONPATH} /usr/bin/cmake --build /root/ros2_ws/src/build/go2_sport_api -- -j24 -l24
[44.324s] DEBUG:colcon.colcon_core.event_handler.log_command:Invoked command in '/root/ros2_ws/src/build/livox_ros_driver2' returned '0': CMAKE_PREFIX_PATH=/opt/ros/humble /usr/bin/cmake --build /root/ros2_ws/src/build/livox_ros_driver2 -- -j24 -l24
[44.331s] DEBUG:colcon.colcon_core.event_handler.log_command:Invoking command in '/root/ros2_ws/src/build/livox_ros_driver2': CMAKE_PREFIX_PATH=/opt/ros/humble /usr/bin/cmake --install /root/ros2_ws/src/build/livox_ros_driver2
[44.510s] Level 1:colcon.colcon_core.environment:create_environment_scripts_only(livox_ros_driver2)
[44.511s] Level 1:colcon.colcon_core.environment:checking '/root/ros2_ws/src/install/livox_ros_driver2' for CMake module files
[44.512s] DEBUG:colcon.colcon_core.event_handler.log_command:Invoked command in '/root/ros2_ws/src/build/livox_ros_driver2' returned '0': CMAKE_PREFIX_PATH=/opt/ros/humble /usr/bin/cmake --install /root/ros2_ws/src/build/livox_ros_driver2
[44.512s] Level 1:colcon.colcon_core.environment:checking '/root/ros2_ws/src/install/livox_ros_driver2' for CMake config files
[44.513s] Level 1:colcon.colcon_core.shell:create_environment_hook('livox_ros_driver2', 'cmake_prefix_path')
[44.513s] INFO:colcon.colcon_core.shell:Creating environment hook '/root/ros2_ws/src/install/livox_ros_driver2/share/livox_ros_driver2/hook/cmake_prefix_path.ps1'
[44.514s] INFO:colcon.colcon_core.shell:Creating environment descriptor '/root/ros2_ws/src/install/livox_ros_driver2/share/livox_ros_driver2/hook/cmake_prefix_path.dsv'
[44.514s] INFO:colcon.colcon_core.shell:Creating environment hook '/root/ros2_ws/src/install/livox_ros_driver2/share/livox_ros_driver2/hook/cmake_prefix_path.sh'
[44.518s] Level 1:colcon.colcon_core.environment:checking '/root/ros2_ws/src/install/livox_ros_driver2/lib'
[44.518s] Level 1:colcon.colcon_core.shell:create_environment_hook('livox_ros_driver2', 'ld_library_path_lib')
[44.519s] INFO:colcon.colcon_core.shell:Creating environment hook '/root/ros2_ws/src/install/livox_ros_driver2/share/livox_ros_driver2/hook/ld_library_path_lib.ps1'
[44.519s] INFO:colcon.colcon_core.shell:Creating environment descriptor '/root/ros2_ws/src/install/livox_ros_driver2/share/livox_ros_driver2/hook/ld_library_path_lib.dsv'
[44.519s] INFO:colcon.colcon_core.shell:Creating environment hook '/root/ros2_ws/src/install/livox_ros_driver2/share/livox_ros_driver2/hook/ld_library_path_lib.sh'
[44.520s] Level 1:colcon.colcon_core.environment:checking '/root/ros2_ws/src/install/livox_ros_driver2/bin'
[44.520s] Level 1:colcon.colcon_core.environment:checking '/root/ros2_ws/src/install/livox_ros_driver2/lib/pkgconfig/livox_ros_driver2.pc'
[44.520s] Level 1:colcon.colcon_core.environment:checking '/root/ros2_ws/src/install/livox_ros_driver2/lib/python3.10/site-packages'
[44.524s] Level 1:colcon.colcon_core.environment:checking '/root/ros2_ws/src/install/livox_ros_driver2/bin'
[44.524s] INFO:colcon.colcon_core.shell:Creating package script '/root/ros2_ws/src/install/livox_ros_driver2/share/livox_ros_driver2/package.ps1'
[44.529s] INFO:colcon.colcon_core.shell:Creating package descriptor '/root/ros2_ws/src/install/livox_ros_driver2/share/livox_ros_driver2/package.dsv'
[44.530s] INFO:colcon.colcon_core.shell:Creating package script '/root/ros2_ws/src/install/livox_ros_driver2/share/livox_ros_driver2/package.sh'
[44.531s] INFO:colcon.colcon_core.shell:Creating package script '/root/ros2_ws/src/install/livox_ros_driver2/share/livox_ros_driver2/package.bash'
[44.531s] INFO:colcon.colcon_core.shell:Creating package script '/root/ros2_ws/src/install/livox_ros_driver2/share/livox_ros_driver2/package.zsh'
[44.532s] Level 1:colcon.colcon_core.environment:create_file_with_runtime_dependencies(/root/ros2_ws/src/install/livox_ros_driver2/share/colcon-core/packages/livox_ros_driver2)
[44.532s] Level 1:colcon.colcon_core.environment:create_environment_scripts_only(livox_ros_driver2)
[44.536s] Level 1:colcon.colcon_core.environment:checking '/root/ros2_ws/src/install/livox_ros_driver2' for CMake module files
[44.537s] Level 1:colcon.colcon_core.environment:checking '/root/ros2_ws/src/install/livox_ros_driver2' for CMake config files
[44.537s] Level 1:colcon.colcon_core.shell:create_environment_hook('livox_ros_driver2', 'cmake_prefix_path')
[44.538s] INFO:colcon.colcon_core.shell:Creating environment hook '/root/ros2_ws/src/install/livox_ros_driver2/share/livox_ros_driver2/hook/cmake_prefix_path.ps1'
[44.538s] INFO:colcon.colcon_core.shell:Creating environment descriptor '/root/ros2_ws/src/install/livox_ros_driver2/share/livox_ros_driver2/hook/cmake_prefix_path.dsv'
[44.539s] INFO:colcon.colcon_core.shell:Creating environment hook '/root/ros2_ws/src/install/livox_ros_driver2/share/livox_ros_driver2/hook/cmake_prefix_path.sh'
[44.540s] Level 1:colcon.colcon_core.environment:checking '/root/ros2_ws/src/install/livox_ros_driver2/lib'
[44.540s] Level 1:colcon.colcon_core.shell:create_environment_hook('livox_ros_driver2', 'ld_library_path_lib')
[44.544s] INFO:colcon.colcon_core.shell:Creating environment hook '/root/ros2_ws/src/install/livox_ros_driver2/share/livox_ros_driver2/hook/ld_library_path_lib.ps1'
[44.545s] INFO:colcon.colcon_core.shell:Creating environment descriptor '/root/ros2_ws/src/install/livox_ros_driver2/share/livox_ros_driver2/hook/ld_library_path_lib.dsv'
[44.545s] INFO:colcon.colcon_core.shell:Creating environment hook '/root/ros2_ws/src/install/livox_ros_driver2/share/livox_ros_driver2/hook/ld_library_path_lib.sh'
[44.546s] Level 1:colcon.colcon_core.environment:checking '/root/ros2_ws/src/install/livox_ros_driver2/bin'
[44.546s] Level 1:colcon.colcon_core.environment:checking '/root/ros2_ws/src/install/livox_ros_driver2/lib/pkgconfig/livox_ros_driver2.pc'
[44.546s] Level 1:colcon.colcon_core.environment:checking '/root/ros2_ws/src/install/livox_ros_driver2/lib/python3.10/site-packages'
[44.547s] Level 1:colcon.colcon_core.environment:checking '/root/ros2_ws/src/install/livox_ros_driver2/bin'
[44.551s] INFO:colcon.colcon_core.shell:Creating package script '/root/ros2_ws/src/install/livox_ros_driver2/share/livox_ros_driver2/package.ps1'
[44.552s] INFO:colcon.colcon_core.shell:Creating package descriptor '/root/ros2_ws/src/install/livox_ros_driver2/share/livox_ros_driver2/package.dsv'
[44.553s] INFO:colcon.colcon_core.shell:Creating package script '/root/ros2_ws/src/install/livox_ros_driver2/share/livox_ros_driver2/package.sh'
[44.554s] INFO:colcon.colcon_core.shell:Creating package script '/root/ros2_ws/src/install/livox_ros_driver2/share/livox_ros_driver2/package.bash'
[44.554s] INFO:colcon.colcon_core.shell:Creating package script '/root/ros2_ws/src/install/livox_ros_driver2/share/livox_ros_driver2/package.zsh'
[44.555s] Level 1:colcon.colcon_core.environment:create_file_with_runtime_dependencies(/root/ros2_ws/src/install/livox_ros_driver2/share/colcon-core/packages/livox_ros_driver2)
[44.555s] INFO:colcon.colcon_ros.task.ament_cmake.build:Building ROS package in '/root/ros2_ws/src/slam/SuperOdom/super_odometry' with build type 'ament_cmake'
[44.555s] INFO:colcon.colcon_cmake.task.cmake.build:Building CMake package in '/root/ros2_ws/src/slam/SuperOdom/super_odometry'
[44.556s] INFO:colcon.colcon_core.shell:Skip shell extension 'powershell' for command environment: Not usable outside of PowerShell
[44.556s] DEBUG:colcon.colcon_core.shell:Skip shell extension 'dsv' for command environment
[44.598s] DEBUG:colcon.colcon_core.event_handler.log_command:Invoking command in '/root/ros2_ws/src/build/super_odometry': AMENT_PREFIX_PATH=/root/ros2_ws/src/install/super_odometry_msgs:/root/ros2_ws/src/install/livox_ros_driver2:${AMENT_PREFIX_PATH} CMAKE_PREFIX_PATH=/root/ros2_ws/src/install/super_odometry_msgs:/root/ros2_ws/src/install/livox_ros_driver2:/opt/ros/humble LD_LIBRARY_PATH=/root/ros2_ws/src/install/super_odometry_msgs/lib:/root/ros2_ws/src/install/livox_ros_driver2/lib:${LD_LIBRARY_PATH} PYTHONPATH=/root/ros2_ws/src/install/super_odometry_msgs/local/lib/python3.10/dist-packages:/root/ros2_ws/src/install/livox_ros_driver2/local/lib/python3.10/dist-packages:${PYTHONPATH} /usr/bin/cmake /root/ros2_ws/src/slam/SuperOdom/super_odometry -DROS_EDITION=ROS2 -DHUMBLE_ROS=humble -DCMAKE_INSTALL_PREFIX=/root/ros2_ws/src/install/super_odometry
[46.797s] DEBUG:colcon.colcon_core.event_handler.log_command:Invoked command in '/root/ros2_ws/src/build/boundary_handler' returned '0': AMENT_PREFIX_PATH=/root/ros2_ws/src/install/visibility_graph_msg:${AMENT_PREFIX_PATH} CMAKE_PREFIX_PATH=/root/ros2_ws/src/install/visibility_graph_msg:/opt/ros/humble LD_LIBRARY_PATH=/root/ros2_ws/src/install/visibility_graph_msg/lib:${LD_LIBRARY_PATH} PYTHONPATH=/root/ros2_ws/src/install/visibility_graph_msg/local/lib/python3.10/dist-packages:${PYTHONPATH} /usr/bin/cmake --build /root/ros2_ws/src/build/boundary_handler -- -j24 -l24
[46.800s] DEBUG:colcon.colcon_core.event_handler.log_command:Invoking command in '/root/ros2_ws/src/build/boundary_handler': AMENT_PREFIX_PATH=/root/ros2_ws/src/install/visibility_graph_msg:${AMENT_PREFIX_PATH} CMAKE_PREFIX_PATH=/root/ros2_ws/src/install/visibility_graph_msg:/opt/ros/humble LD_LIBRARY_PATH=/root/ros2_ws/src/install/visibility_graph_msg/lib:${LD_LIBRARY_PATH} PYTHONPATH=/root/ros2_ws/src/install/visibility_graph_msg/local/lib/python3.10/dist-packages:${PYTHONPATH} /usr/bin/cmake --install /root/ros2_ws/src/build/boundary_handler
[46.820s] Level 1:colcon.colcon_core.environment:create_environment_scripts_only(boundary_handler)
[46.820s] DEBUG:colcon.colcon_core.event_handler.log_command:Invoked command in '/root/ros2_ws/src/build/boundary_handler' returned '0': AMENT_PREFIX_PATH=/root/ros2_ws/src/install/visibility_graph_msg:${AMENT_PREFIX_PATH} CMAKE_PREFIX_PATH=/root/ros2_ws/src/install/visibility_graph_msg:/opt/ros/humble LD_LIBRARY_PATH=/root/ros2_ws/src/install/visibility_graph_msg/lib:${LD_LIBRARY_PATH} PYTHONPATH=/root/ros2_ws/src/install/visibility_graph_msg/local/lib/python3.10/dist-packages:${PYTHONPATH} /usr/bin/cmake --install /root/ros2_ws/src/build/boundary_handler
[46.821s] Level 1:colcon.colcon_core.environment:checking '/root/ros2_ws/src/install/boundary_handler' for CMake module files
[46.823s] Level 1:colcon.colcon_core.environment:checking '/root/ros2_ws/src/install/boundary_handler' for CMake config files
[46.823s] Level 1:colcon.colcon_core.shell:create_environment_hook('boundary_handler', 'cmake_prefix_path')
[46.824s] INFO:colcon.colcon_core.shell:Creating environment hook '/root/ros2_ws/src/install/boundary_handler/share/boundary_handler/hook/cmake_prefix_path.ps1'
[46.825s] INFO:colcon.colcon_core.shell:Creating environment descriptor '/root/ros2_ws/src/install/boundary_handler/share/boundary_handler/hook/cmake_prefix_path.dsv'
[46.825s] INFO:colcon.colcon_core.shell:Creating environment hook '/root/ros2_ws/src/install/boundary_handler/share/boundary_handler/hook/cmake_prefix_path.sh'
[46.826s] Level 1:colcon.colcon_core.environment:checking '/root/ros2_ws/src/install/boundary_handler/lib'
[46.826s] Level 1:colcon.colcon_core.environment:checking '/root/ros2_ws/src/install/boundary_handler/bin'
[46.827s] Level 1:colcon.colcon_core.environment:checking '/root/ros2_ws/src/install/boundary_handler/lib/pkgconfig/boundary_handler.pc'
[46.827s] Level 1:colcon.colcon_core.environment:checking '/root/ros2_ws/src/install/boundary_handler/lib/python3.10/site-packages'
[46.828s] Level 1:colcon.colcon_core.environment:checking '/root/ros2_ws/src/install/boundary_handler/bin'
[46.828s] INFO:colcon.colcon_core.shell:Creating package script '/root/ros2_ws/src/install/boundary_handler/share/boundary_handler/package.ps1'
[46.829s] INFO:colcon.colcon_core.shell:Creating package descriptor '/root/ros2_ws/src/install/boundary_handler/share/boundary_handler/package.dsv'
[46.830s] INFO:colcon.colcon_core.shell:Creating package script '/root/ros2_ws/src/install/boundary_handler/share/boundary_handler/package.sh'
[46.831s] INFO:colcon.colcon_core.shell:Creating package script '/root/ros2_ws/src/install/boundary_handler/share/boundary_handler/package.bash'
[46.831s] INFO:colcon.colcon_core.shell:Creating package script '/root/ros2_ws/src/install/boundary_handler/share/boundary_handler/package.zsh'
[46.832s] Level 1:colcon.colcon_core.environment:create_file_with_runtime_dependencies(/root/ros2_ws/src/install/boundary_handler/share/colcon-core/packages/boundary_handler)
[46.833s] Level 1:colcon.colcon_core.environment:create_environment_scripts_only(boundary_handler)
[46.833s] Level 1:colcon.colcon_core.environment:checking '/root/ros2_ws/src/install/boundary_handler' for CMake module files
[46.834s] Level 1:colcon.colcon_core.environment:checking '/root/ros2_ws/src/install/boundary_handler' for CMake config files
[46.835s] Level 1:colcon.colcon_core.shell:create_environment_hook('boundary_handler', 'cmake_prefix_path')
[46.835s] INFO:colcon.colcon_core.shell:Creating environment hook '/root/ros2_ws/src/install/boundary_handler/share/boundary_handler/hook/cmake_prefix_path.ps1'
[46.836s] INFO:colcon.colcon_core.shell:Creating environment descriptor '/root/ros2_ws/src/install/boundary_handler/share/boundary_handler/hook/cmake_prefix_path.dsv'
[46.836s] INFO:colcon.colcon_core.shell:Creating environment hook '/root/ros2_ws/src/install/boundary_handler/share/boundary_handler/hook/cmake_prefix_path.sh'
[46.837s] Level 1:colcon.colcon_core.environment:checking '/root/ros2_ws/src/install/boundary_handler/lib'
[46.837s] Level 1:colcon.colcon_core.environment:checking '/root/ros2_ws/src/install/boundary_handler/bin'
[46.838s] Level 1:colcon.colcon_core.environment:checking '/root/ros2_ws/src/install/boundary_handler/lib/pkgconfig/boundary_handler.pc'
[46.838s] Level 1:colcon.colcon_core.environment:checking '/root/ros2_ws/src/install/boundary_handler/lib/python3.10/site-packages'
[46.839s] Level 1:colcon.colcon_core.environment:checking '/root/ros2_ws/src/install/boundary_handler/bin'
[46.839s] INFO:colcon.colcon_core.shell:Creating package script '/root/ros2_ws/src/install/boundary_handler/share/boundary_handler/package.ps1'
[46.841s] INFO:colcon.colcon_core.shell:Creating package descriptor '/root/ros2_ws/src/install/boundary_handler/share/boundary_handler/package.dsv'
[46.842s] INFO:colcon.colcon_core.shell:Creating package script '/root/ros2_ws/src/install/boundary_handler/share/boundary_handler/package.sh'
[46.843s] INFO:colcon.colcon_core.shell:Creating package script '/root/ros2_ws/src/install/boundary_handler/share/boundary_handler/package.bash'
[46.844s] INFO:colcon.colcon_core.shell:Creating package script '/root/ros2_ws/src/install/boundary_handler/share/boundary_handler/package.zsh'
[46.844s] Level 1:colcon.colcon_core.environment:create_file_with_runtime_dependencies(/root/ros2_ws/src/install/boundary_handler/share/colcon-core/packages/boundary_handler)
[50.339s] DEBUG:colcon.colcon_core.event_handler.log_command:Invoked command in '/root/ros2_ws/src/build/rviz_2d_overlay_plugins' returned '0': AMENT_PREFIX_PATH=/root/ros2_ws/src/install/rviz_2d_overlay_msgs:${AMENT_PREFIX_PATH} CMAKE_PREFIX_PATH=/root/ros2_ws/src/install/rviz_2d_overlay_msgs:/opt/ros/humble LD_LIBRARY_PATH=/root/ros2_ws/src/install/rviz_2d_overlay_msgs/lib:${LD_LIBRARY_PATH} PYTHONPATH=/root/ros2_ws/src/install/rviz_2d_overlay_msgs/local/lib/python3.10/dist-packages:${PYTHONPATH} /usr/bin/cmake --build /root/ros2_ws/src/build/rviz_2d_overlay_plugins -- -j24 -l24
[50.341s] DEBUG:colcon.colcon_core.event_handler.log_command:Invoking command in '/root/ros2_ws/src/build/rviz_2d_overlay_plugins': AMENT_PREFIX_PATH=/root/ros2_ws/src/install/rviz_2d_overlay_msgs:${AMENT_PREFIX_PATH} CMAKE_PREFIX_PATH=/root/ros2_ws/src/install/rviz_2d_overlay_msgs:/opt/ros/humble LD_LIBRARY_PATH=/root/ros2_ws/src/install/rviz_2d_overlay_msgs/lib:${LD_LIBRARY_PATH} PYTHONPATH=/root/ros2_ws/src/install/rviz_2d_overlay_msgs/local/lib/python3.10/dist-packages:${PYTHONPATH} /usr/bin/cmake --install /root/ros2_ws/src/build/rviz_2d_overlay_plugins
[50.378s] Level 1:colcon.colcon_core.environment:create_environment_scripts_only(rviz_2d_overlay_plugins)
[50.379s] Level 1:colcon.colcon_core.environment:checking '/root/ros2_ws/src/install/rviz_2d_overlay_plugins' for CMake module files
[50.380s] DEBUG:colcon.colcon_core.event_handler.log_command:Invoked command in '/root/ros2_ws/src/build/rviz_2d_overlay_plugins' returned '0': AMENT_PREFIX_PATH=/root/ros2_ws/src/install/rviz_2d_overlay_msgs:${AMENT_PREFIX_PATH} CMAKE_PREFIX_PATH=/root/ros2_ws/src/install/rviz_2d_overlay_msgs:/opt/ros/humble LD_LIBRARY_PATH=/root/ros2_ws/src/install/rviz_2d_overlay_msgs/lib:${LD_LIBRARY_PATH} PYTHONPATH=/root/ros2_ws/src/install/rviz_2d_overlay_msgs/local/lib/python3.10/dist-packages:${PYTHONPATH} /usr/bin/cmake --install /root/ros2_ws/src/build/rviz_2d_overlay_plugins
[50.380s] Level 1:colcon.colcon_core.environment:checking '/root/ros2_ws/src/install/rviz_2d_overlay_plugins' for CMake config files
[50.381s] Level 1:colcon.colcon_core.shell:create_environment_hook('rviz_2d_overlay_plugins', 'cmake_prefix_path')
[50.381s] INFO:colcon.colcon_core.shell:Creating environment hook '/root/ros2_ws/src/install/rviz_2d_overlay_plugins/share/rviz_2d_overlay_plugins/hook/cmake_prefix_path.ps1'
[50.382s] INFO:colcon.colcon_core.shell:Creating environment descriptor '/root/ros2_ws/src/install/rviz_2d_overlay_plugins/share/rviz_2d_overlay_plugins/hook/cmake_prefix_path.dsv'
[50.382s] INFO:colcon.colcon_core.shell:Creating environment hook '/root/ros2_ws/src/install/rviz_2d_overlay_plugins/share/rviz_2d_overlay_plugins/hook/cmake_prefix_path.sh'
[50.383s] Level 1:colcon.colcon_core.environment:checking '/root/ros2_ws/src/install/rviz_2d_overlay_plugins/lib'
[50.383s] Level 1:colcon.colcon_core.shell:create_environment_hook('rviz_2d_overlay_plugins', 'ld_library_path_lib')
[50.384s] INFO:colcon.colcon_core.shell:Creating environment hook '/root/ros2_ws/src/install/rviz_2d_overlay_plugins/share/rviz_2d_overlay_plugins/hook/ld_library_path_lib.ps1'
[50.384s] INFO:colcon.colcon_core.shell:Creating environment descriptor '/root/ros2_ws/src/install/rviz_2d_overlay_plugins/share/rviz_2d_overlay_plugins/hook/ld_library_path_lib.dsv'
[50.385s] INFO:colcon.colcon_core.shell:Creating environment hook '/root/ros2_ws/src/install/rviz_2d_overlay_plugins/share/rviz_2d_overlay_plugins/hook/ld_library_path_lib.sh'
[50.385s] Level 1:colcon.colcon_core.environment:checking '/root/ros2_ws/src/install/rviz_2d_overlay_plugins/bin'
[50.386s] Level 1:colcon.colcon_core.environment:checking '/root/ros2_ws/src/install/rviz_2d_overlay_plugins/lib/pkgconfig/rviz_2d_overlay_plugins.pc'
[50.386s] Level 1:colcon.colcon_core.environment:checking '/root/ros2_ws/src/install/rviz_2d_overlay_plugins/lib/python3.10/site-packages'
[50.387s] Level 1:colcon.colcon_core.environment:checking '/root/ros2_ws/src/install/rviz_2d_overlay_plugins/bin'
[50.387s] INFO:colcon.colcon_core.shell:Creating package script '/root/ros2_ws/src/install/rviz_2d_overlay_plugins/share/rviz_2d_overlay_plugins/package.ps1'
[50.388s] INFO:colcon.colcon_core.shell:Creating package descriptor '/root/ros2_ws/src/install/rviz_2d_overlay_plugins/share/rviz_2d_overlay_plugins/package.dsv'
[50.389s] INFO:colcon.colcon_core.shell:Creating package script '/root/ros2_ws/src/install/rviz_2d_overlay_plugins/share/rviz_2d_overlay_plugins/package.sh'
[50.389s] INFO:colcon.colcon_core.shell:Creating package script '/root/ros2_ws/src/install/rviz_2d_overlay_plugins/share/rviz_2d_overlay_plugins/package.bash'
[50.390s] INFO:colcon.colcon_core.shell:Creating package script '/root/ros2_ws/src/install/rviz_2d_overlay_plugins/share/rviz_2d_overlay_plugins/package.zsh'
[50.390s] Level 1:colcon.colcon_core.environment:create_file_with_runtime_dependencies(/root/ros2_ws/src/install/rviz_2d_overlay_plugins/share/colcon-core/packages/rviz_2d_overlay_plugins)
[50.391s] Level 1:colcon.colcon_core.environment:create_environment_scripts_only(rviz_2d_overlay_plugins)
[50.391s] Level 1:colcon.colcon_core.environment:checking '/root/ros2_ws/src/install/rviz_2d_overlay_plugins' for CMake module files
[50.392s] Level 1:colcon.colcon_core.environment:checking '/root/ros2_ws/src/install/rviz_2d_overlay_plugins' for CMake config files
[50.393s] Level 1:colcon.colcon_core.shell:create_environment_hook('rviz_2d_overlay_plugins', 'cmake_prefix_path')
[50.393s] INFO:colcon.colcon_core.shell:Creating environment hook '/root/ros2_ws/src/install/rviz_2d_overlay_plugins/share/rviz_2d_overlay_plugins/hook/cmake_prefix_path.ps1'
[50.394s] INFO:colcon.colcon_core.shell:Creating environment descriptor '/root/ros2_ws/src/install/rviz_2d_overlay_plugins/share/rviz_2d_overlay_plugins/hook/cmake_prefix_path.dsv'
[50.394s] INFO:colcon.colcon_core.shell:Creating environment hook '/root/ros2_ws/src/install/rviz_2d_overlay_plugins/share/rviz_2d_overlay_plugins/hook/cmake_prefix_path.sh'
[50.395s] Level 1:colcon.colcon_core.environment:checking '/root/ros2_ws/src/install/rviz_2d_overlay_plugins/lib'
[50.395s] Level 1:colcon.colcon_core.shell:create_environment_hook('rviz_2d_overlay_plugins', 'ld_library_path_lib')
[50.395s] INFO:colcon.colcon_core.shell:Creating environment hook '/root/ros2_ws/src/install/rviz_2d_overlay_plugins/share/rviz_2d_overlay_plugins/hook/ld_library_path_lib.ps1'
[50.396s] INFO:colcon.colcon_core.shell:Creating environment descriptor '/root/ros2_ws/src/install/rviz_2d_overlay_plugins/share/rviz_2d_overlay_plugins/hook/ld_library_path_lib.dsv'
[50.396s] INFO:colcon.colcon_core.shell:Creating environment hook '/root/ros2_ws/src/install/rviz_2d_overlay_plugins/share/rviz_2d_overlay_plugins/hook/ld_library_path_lib.sh'
[50.397s] Level 1:colcon.colcon_core.environment:checking '/root/ros2_ws/src/install/rviz_2d_overlay_plugins/bin'
[50.397s] Level 1:colcon.colcon_core.environment:checking '/root/ros2_ws/src/install/rviz_2d_overlay_plugins/lib/pkgconfig/rviz_2d_overlay_plugins.pc'
[50.397s] Level 1:colcon.colcon_core.environment:checking '/root/ros2_ws/src/install/rviz_2d_overlay_plugins/lib/python3.10/site-packages'
[50.398s] Level 1:colcon.colcon_core.environment:checking '/root/ros2_ws/src/install/rviz_2d_overlay_plugins/bin'
[50.398s] INFO:colcon.colcon_core.shell:Creating package script '/root/ros2_ws/src/install/rviz_2d_overlay_plugins/share/rviz_2d_overlay_plugins/package.ps1'
[50.399s] INFO:colcon.colcon_core.shell:Creating package descriptor '/root/ros2_ws/src/install/rviz_2d_overlay_plugins/share/rviz_2d_overlay_plugins/package.dsv'
[50.400s] INFO:colcon.colcon_core.shell:Creating package script '/root/ros2_ws/src/install/rviz_2d_overlay_plugins/share/rviz_2d_overlay_plugins/package.sh'
[50.401s] INFO:colcon.colcon_core.shell:Creating package script '/root/ros2_ws/src/install/rviz_2d_overlay_plugins/share/rviz_2d_overlay_plugins/package.bash'
[50.401s] INFO:colcon.colcon_core.shell:Creating package script '/root/ros2_ws/src/install/rviz_2d_overlay_plugins/share/rviz_2d_overlay_plugins/package.zsh'
[50.402s] Level 1:colcon.colcon_core.environment:create_file_with_runtime_dependencies(/root/ros2_ws/src/install/rviz_2d_overlay_plugins/share/colcon-core/packages/rviz_2d_overlay_plugins)
[50.685s] DEBUG:colcon.colcon_core.event_handler.log_command:Invoked command in '/root/ros2_ws/src/build/vehicle_simulator' returned '0': AMENT_PREFIX_PATH=/root/ros2_ws/src/install/ros_tcp_endpoint:${AMENT_PREFIX_PATH} CMAKE_PREFIX_PATH=/opt/ros/humble PYTHONPATH=/root/ros2_ws/src/install/ros_tcp_endpoint/lib/python3.10/site-packages:${PYTHONPATH} /usr/bin/cmake --build /root/ros2_ws/src/build/vehicle_simulator -- -j24 -l24
[50.686s] DEBUG:colcon.colcon_core.event_handler.log_command:Invoking command in '/root/ros2_ws/src/build/vehicle_simulator': AMENT_PREFIX_PATH=/root/ros2_ws/src/install/ros_tcp_endpoint:${AMENT_PREFIX_PATH} CMAKE_PREFIX_PATH=/opt/ros/humble PYTHONPATH=/root/ros2_ws/src/install/ros_tcp_endpoint/lib/python3.10/site-packages:${PYTHONPATH} /usr/bin/cmake --install /root/ros2_ws/src/build/vehicle_simulator
[50.715s] Level 1:colcon.colcon_core.environment:create_environment_scripts_only(vehicle_simulator)
[50.715s] DEBUG:colcon.colcon_core.event_handler.log_command:Invoked command in '/root/ros2_ws/src/build/vehicle_simulator' returned '0': AMENT_PREFIX_PATH=/root/ros2_ws/src/install/ros_tcp_endpoint:${AMENT_PREFIX_PATH} CMAKE_PREFIX_PATH=/opt/ros/humble PYTHONPATH=/root/ros2_ws/src/install/ros_tcp_endpoint/lib/python3.10/site-packages:${PYTHONPATH} /usr/bin/cmake --install /root/ros2_ws/src/build/vehicle_simulator
[50.715s] Level 1:colcon.colcon_core.environment:checking '/root/ros2_ws/src/install/vehicle_simulator' for CMake module files
[50.716s] Level 1:colcon.colcon_core.environment:checking '/root/ros2_ws/src/install/vehicle_simulator' for CMake config files
[50.717s] Level 1:colcon.colcon_core.shell:create_environment_hook('vehicle_simulator', 'cmake_prefix_path')
[50.717s] INFO:colcon.colcon_core.shell:Creating environment hook '/root/ros2_ws/src/install/vehicle_simulator/share/vehicle_simulator/hook/cmake_prefix_path.ps1'
[50.718s] INFO:colcon.colcon_core.shell:Creating environment descriptor '/root/ros2_ws/src/install/vehicle_simulator/share/vehicle_simulator/hook/cmake_prefix_path.dsv'
[50.718s] INFO:colcon.colcon_core.shell:Creating environment hook '/root/ros2_ws/src/install/vehicle_simulator/share/vehicle_simulator/hook/cmake_prefix_path.sh'
[50.719s] Level 1:colcon.colcon_core.environment:checking '/root/ros2_ws/src/install/vehicle_simulator/lib'
[50.719s] Level 1:colcon.colcon_core.environment:checking '/root/ros2_ws/src/install/vehicle_simulator/bin'
[50.719s] Level 1:colcon.colcon_core.environment:checking '/root/ros2_ws/src/install/vehicle_simulator/lib/pkgconfig/vehicle_simulator.pc'
[50.720s] Level 1:colcon.colcon_core.environment:checking '/root/ros2_ws/src/install/vehicle_simulator/lib/python3.10/site-packages'
[50.720s] Level 1:colcon.colcon_core.environment:checking '/root/ros2_ws/src/install/vehicle_simulator/bin'
[50.721s] INFO:colcon.colcon_core.shell:Creating package script '/root/ros2_ws/src/install/vehicle_simulator/share/vehicle_simulator/package.ps1'
[50.721s] INFO:colcon.colcon_core.shell:Creating package descriptor '/root/ros2_ws/src/install/vehicle_simulator/share/vehicle_simulator/package.dsv'
[50.722s] INFO:colcon.colcon_core.shell:Creating package script '/root/ros2_ws/src/install/vehicle_simulator/share/vehicle_simulator/package.sh'
[50.722s] INFO:colcon.colcon_core.shell:Creating package script '/root/ros2_ws/src/install/vehicle_simulator/share/vehicle_simulator/package.bash'
[50.723s] INFO:colcon.colcon_core.shell:Creating package script '/root/ros2_ws/src/install/vehicle_simulator/share/vehicle_simulator/package.zsh'
[50.723s] Level 1:colcon.colcon_core.environment:create_file_with_runtime_dependencies(/root/ros2_ws/src/install/vehicle_simulator/share/colcon-core/packages/vehicle_simulator)
[50.724s] Level 1:colcon.colcon_core.environment:create_environment_scripts_only(vehicle_simulator)
[50.725s] Level 1:colcon.colcon_core.environment:checking '/root/ros2_ws/src/install/vehicle_simulator' for CMake module files
[50.726s] Level 1:colcon.colcon_core.environment:checking '/root/ros2_ws/src/install/vehicle_simulator' for CMake config files
[50.727s] Level 1:colcon.colcon_core.shell:create_environment_hook('vehicle_simulator', 'cmake_prefix_path')
[50.727s] INFO:colcon.colcon_core.shell:Creating environment hook '/root/ros2_ws/src/install/vehicle_simulator/share/vehicle_simulator/hook/cmake_prefix_path.ps1'
[50.728s] INFO:colcon.colcon_core.shell:Creating environment descriptor '/root/ros2_ws/src/install/vehicle_simulator/share/vehicle_simulator/hook/cmake_prefix_path.dsv'
[50.728s] INFO:colcon.colcon_core.shell:Creating environment hook '/root/ros2_ws/src/install/vehicle_simulator/share/vehicle_simulator/hook/cmake_prefix_path.sh'
[50.729s] Level 1:colcon.colcon_core.environment:checking '/root/ros2_ws/src/install/vehicle_simulator/lib'
[50.729s] Level 1:colcon.colcon_core.environment:checking '/root/ros2_ws/src/install/vehicle_simulator/bin'
[50.729s] Level 1:colcon.colcon_core.environment:checking '/root/ros2_ws/src/install/vehicle_simulator/lib/pkgconfig/vehicle_simulator.pc'
[50.729s] Level 1:colcon.colcon_core.environment:checking '/root/ros2_ws/src/install/vehicle_simulator/lib/python3.10/site-packages'
[50.730s] Level 1:colcon.colcon_core.environment:checking '/root/ros2_ws/src/install/vehicle_simulator/bin'
[50.730s] INFO:colcon.colcon_core.shell:Creating package script '/root/ros2_ws/src/install/vehicle_simulator/share/vehicle_simulator/package.ps1'
[50.731s] INFO:colcon.colcon_core.shell:Creating package descriptor '/root/ros2_ws/src/install/vehicle_simulator/share/vehicle_simulator/package.dsv'
[50.732s] INFO:colcon.colcon_core.shell:Creating package script '/root/ros2_ws/src/install/vehicle_simulator/share/vehicle_simulator/package.sh'
[50.732s] INFO:colcon.colcon_core.shell:Creating package script '/root/ros2_ws/src/install/vehicle_simulator/share/vehicle_simulator/package.bash'
[50.733s] INFO:colcon.colcon_core.shell:Creating package script '/root/ros2_ws/src/install/vehicle_simulator/share/vehicle_simulator/package.zsh'
[50.733s] Level 1:colcon.colcon_core.environment:create_file_with_runtime_dependencies(/root/ros2_ws/src/install/vehicle_simulator/share/colcon-core/packages/vehicle_simulator)
[50.781s] DEBUG:colcon.colcon_core.event_handler.log_command:Invoked command in '/root/ros2_ws/src/build/super_odometry' returned '0': AMENT_PREFIX_PATH=/root/ros2_ws/src/install/super_odometry_msgs:/root/ros2_ws/src/install/livox_ros_driver2:${AMENT_PREFIX_PATH} CMAKE_PREFIX_PATH=/root/ros2_ws/src/install/super_odometry_msgs:/root/ros2_ws/src/install/livox_ros_driver2:/opt/ros/humble LD_LIBRARY_PATH=/root/ros2_ws/src/install/super_odometry_msgs/lib:/root/ros2_ws/src/install/livox_ros_driver2/lib:${LD_LIBRARY_PATH} PYTHONPATH=/root/ros2_ws/src/install/super_odometry_msgs/local/lib/python3.10/dist-packages:/root/ros2_ws/src/install/livox_ros_driver2/local/lib/python3.10/dist-packages:${PYTHONPATH} /usr/bin/cmake /root/ros2_ws/src/slam/SuperOdom/super_odometry -DROS_EDITION=ROS2 -DHUMBLE_ROS=humble -DCMAKE_INSTALL_PREFIX=/root/ros2_ws/src/install/super_odometry
[50.783s] DEBUG:colcon.colcon_core.event_handler.log_command:Invoking command in '/root/ros2_ws/src/build/super_odometry': AMENT_PREFIX_PATH=/root/ros2_ws/src/install/super_odometry_msgs:/root/ros2_ws/src/install/livox_ros_driver2:${AMENT_PREFIX_PATH} CMAKE_PREFIX_PATH=/root/ros2_ws/src/install/super_odometry_msgs:/root/ros2_ws/src/install/livox_ros_driver2:/opt/ros/humble LD_LIBRARY_PATH=/root/ros2_ws/src/install/super_odometry_msgs/lib:/root/ros2_ws/src/install/livox_ros_driver2/lib:${LD_LIBRARY_PATH} PYTHONPATH=/root/ros2_ws/src/install/super_odometry_msgs/local/lib/python3.10/dist-packages:/root/ros2_ws/src/install/livox_ros_driver2/local/lib/python3.10/dist-packages:${PYTHONPATH} /usr/bin/cmake --build /root/ros2_ws/src/build/super_odometry -- -j24 -l24
[51.638s] DEBUG:colcon.colcon_core.event_handler.log_command:Invoked command in '/root/ros2_ws/src/build/terrain_analysis' returned '0': CMAKE_PREFIX_PATH=/opt/ros/humble /usr/bin/cmake --build /root/ros2_ws/src/build/terrain_analysis -- -j24 -l24
[51.640s] DEBUG:colcon.colcon_core.event_handler.log_command:Invoking command in '/root/ros2_ws/src/build/terrain_analysis': CMAKE_PREFIX_PATH=/opt/ros/humble /usr/bin/cmake --install /root/ros2_ws/src/build/terrain_analysis
[51.671s] Level 1:colcon.colcon_core.environment:create_environment_scripts_only(terrain_analysis)
[51.672s] Level 1:colcon.colcon_core.environment:checking '/root/ros2_ws/src/install/terrain_analysis' for CMake module files
[51.672s] DEBUG:colcon.colcon_core.event_handler.log_command:Invoked command in '/root/ros2_ws/src/build/terrain_analysis' returned '0': CMAKE_PREFIX_PATH=/opt/ros/humble /usr/bin/cmake --install /root/ros2_ws/src/build/terrain_analysis
[51.673s] Level 1:colcon.colcon_core.environment:checking '/root/ros2_ws/src/install/terrain_analysis' for CMake config files
[51.674s] Level 1:colcon.colcon_core.shell:create_environment_hook('terrain_analysis', 'cmake_prefix_path')
[51.674s] INFO:colcon.colcon_core.shell:Creating environment hook '/root/ros2_ws/src/install/terrain_analysis/share/terrain_analysis/hook/cmake_prefix_path.ps1'
[51.675s] INFO:colcon.colcon_core.shell:Creating environment descriptor '/root/ros2_ws/src/install/terrain_analysis/share/terrain_analysis/hook/cmake_prefix_path.dsv'
[51.675s] INFO:colcon.colcon_core.shell:Creating environment hook '/root/ros2_ws/src/install/terrain_analysis/share/terrain_analysis/hook/cmake_prefix_path.sh'
[51.676s] Level 1:colcon.colcon_core.environment:checking '/root/ros2_ws/src/install/terrain_analysis/lib'
[51.676s] Level 1:colcon.colcon_core.environment:checking '/root/ros2_ws/src/install/terrain_analysis/bin'
[51.676s] Level 1:colcon.colcon_core.environment:checking '/root/ros2_ws/src/install/terrain_analysis/lib/pkgconfig/terrain_analysis.pc'
[51.677s] Level 1:colcon.colcon_core.environment:checking '/root/ros2_ws/src/install/terrain_analysis/lib/python3.10/site-packages'
[51.677s] Level 1:colcon.colcon_core.environment:checking '/root/ros2_ws/src/install/terrain_analysis/bin'
[51.678s] INFO:colcon.colcon_core.shell:Creating package script '/root/ros2_ws/src/install/terrain_analysis/share/terrain_analysis/package.ps1'
[51.679s] INFO:colcon.colcon_core.shell:Creating package descriptor '/root/ros2_ws/src/install/terrain_analysis/share/terrain_analysis/package.dsv'
[51.679s] INFO:colcon.colcon_core.shell:Creating package script '/root/ros2_ws/src/install/terrain_analysis/share/terrain_analysis/package.sh'
[51.680s] INFO:colcon.colcon_core.shell:Creating package script '/root/ros2_ws/src/install/terrain_analysis/share/terrain_analysis/package.bash'
[51.681s] INFO:colcon.colcon_core.shell:Creating package script '/root/ros2_ws/src/install/terrain_analysis/share/terrain_analysis/package.zsh'
[51.681s] Level 1:colcon.colcon_core.environment:create_file_with_runtime_dependencies(/root/ros2_ws/src/install/terrain_analysis/share/colcon-core/packages/terrain_analysis)
[51.682s] Level 1:colcon.colcon_core.environment:create_environment_scripts_only(terrain_analysis)
[51.682s] Level 1:colcon.colcon_core.environment:checking '/root/ros2_ws/src/install/terrain_analysis' for CMake module files
[51.683s] Level 1:colcon.colcon_core.environment:checking '/root/ros2_ws/src/install/terrain_analysis' for CMake config files
[51.683s] Level 1:colcon.colcon_core.shell:create_environment_hook('terrain_analysis', 'cmake_prefix_path')
[51.684s] INFO:colcon.colcon_core.shell:Creating environment hook '/root/ros2_ws/src/install/terrain_analysis/share/terrain_analysis/hook/cmake_prefix_path.ps1'
[51.684s] INFO:colcon.colcon_core.shell:Creating environment descriptor '/root/ros2_ws/src/install/terrain_analysis/share/terrain_analysis/hook/cmake_prefix_path.dsv'
[51.685s] INFO:colcon.colcon_core.shell:Creating environment hook '/root/ros2_ws/src/install/terrain_analysis/share/terrain_analysis/hook/cmake_prefix_path.sh'
[51.686s] Level 1:colcon.colcon_core.environment:checking '/root/ros2_ws/src/install/terrain_analysis/lib'
[51.686s] Level 1:colcon.colcon_core.environment:checking '/root/ros2_ws/src/install/terrain_analysis/bin'
[51.686s] Level 1:colcon.colcon_core.environment:checking '/root/ros2_ws/src/install/terrain_analysis/lib/pkgconfig/terrain_analysis.pc'
[51.686s] Level 1:colcon.colcon_core.environment:checking '/root/ros2_ws/src/install/terrain_analysis/lib/python3.10/site-packages'
[51.687s] Level 1:colcon.colcon_core.environment:checking '/root/ros2_ws/src/install/terrain_analysis/bin'
[51.687s] INFO:colcon.colcon_core.shell:Creating package script '/root/ros2_ws/src/install/terrain_analysis/share/terrain_analysis/package.ps1'
[51.688s] INFO:colcon.colcon_core.shell:Creating package descriptor '/root/ros2_ws/src/install/terrain_analysis/share/terrain_analysis/package.dsv'
[51.689s] INFO:colcon.colcon_core.shell:Creating package script '/root/ros2_ws/src/install/terrain_analysis/share/terrain_analysis/package.sh'
[51.690s] INFO:colcon.colcon_core.shell:Creating package script '/root/ros2_ws/src/install/terrain_analysis/share/terrain_analysis/package.bash'
[51.690s] INFO:colcon.colcon_core.shell:Creating package script '/root/ros2_ws/src/install/terrain_analysis/share/terrain_analysis/package.zsh'
[51.691s] Level 1:colcon.colcon_core.environment:create_file_with_runtime_dependencies(/root/ros2_ws/src/install/terrain_analysis/share/colcon-core/packages/terrain_analysis)
[53.199s] DEBUG:colcon.colcon_core.event_handler.log_command:Invoked command in '/root/ros2_ws/src/build/sensor_scan_generation' returned '0': CMAKE_PREFIX_PATH=/opt/ros/humble /usr/bin/cmake --build /root/ros2_ws/src/build/sensor_scan_generation -- -j24 -l24
[53.201s] DEBUG:colcon.colcon_core.event_handler.log_command:Invoking command in '/root/ros2_ws/src/build/sensor_scan_generation': CMAKE_PREFIX_PATH=/opt/ros/humble /usr/bin/cmake --install /root/ros2_ws/src/build/sensor_scan_generation
[53.227s] Level 1:colcon.colcon_core.environment:create_environment_scripts_only(sensor_scan_generation)
[53.227s] DEBUG:colcon.colcon_core.event_handler.log_command:Invoked command in '/root/ros2_ws/src/build/sensor_scan_generation' returned '0': CMAKE_PREFIX_PATH=/opt/ros/humble /usr/bin/cmake --install /root/ros2_ws/src/build/sensor_scan_generation
[53.228s] Level 1:colcon.colcon_core.environment:checking '/root/ros2_ws/src/install/sensor_scan_generation' for CMake module files
[53.229s] Level 1:colcon.colcon_core.environment:checking '/root/ros2_ws/src/install/sensor_scan_generation' for CMake config files
[53.230s] Level 1:colcon.colcon_core.shell:create_environment_hook('sensor_scan_generation', 'cmake_prefix_path')
[53.230s] INFO:colcon.colcon_core.shell:Creating environment hook '/root/ros2_ws/src/install/sensor_scan_generation/share/sensor_scan_generation/hook/cmake_prefix_path.ps1'
[53.231s] INFO:colcon.colcon_core.shell:Creating environment descriptor '/root/ros2_ws/src/install/sensor_scan_generation/share/sensor_scan_generation/hook/cmake_prefix_path.dsv'
[53.231s] INFO:colcon.colcon_core.shell:Creating environment hook '/root/ros2_ws/src/install/sensor_scan_generation/share/sensor_scan_generation/hook/cmake_prefix_path.sh'
[53.232s] Level 1:colcon.colcon_core.environment:checking '/root/ros2_ws/src/install/sensor_scan_generation/lib'
[53.233s] Level 1:colcon.colcon_core.environment:checking '/root/ros2_ws/src/install/sensor_scan_generation/bin'
[53.233s] Level 1:colcon.colcon_core.environment:checking '/root/ros2_ws/src/install/sensor_scan_generation/lib/pkgconfig/sensor_scan_generation.pc'
[53.233s] Level 1:colcon.colcon_core.environment:checking '/root/ros2_ws/src/install/sensor_scan_generation/lib/python3.10/site-packages'
[53.234s] Level 1:colcon.colcon_core.environment:checking '/root/ros2_ws/src/install/sensor_scan_generation/bin'
[53.234s] INFO:colcon.colcon_core.shell:Creating package script '/root/ros2_ws/src/install/sensor_scan_generation/share/sensor_scan_generation/package.ps1'
[53.235s] INFO:colcon.colcon_core.shell:Creating package descriptor '/root/ros2_ws/src/install/sensor_scan_generation/share/sensor_scan_generation/package.dsv'
[53.236s] INFO:colcon.colcon_core.shell:Creating package script '/root/ros2_ws/src/install/sensor_scan_generation/share/sensor_scan_generation/package.sh'
[53.236s] INFO:colcon.colcon_core.shell:Creating package script '/root/ros2_ws/src/install/sensor_scan_generation/share/sensor_scan_generation/package.bash'
[53.237s] INFO:colcon.colcon_core.shell:Creating package script '/root/ros2_ws/src/install/sensor_scan_generation/share/sensor_scan_generation/package.zsh'
[53.237s] Level 1:colcon.colcon_core.environment:create_file_with_runtime_dependencies(/root/ros2_ws/src/install/sensor_scan_generation/share/colcon-core/packages/sensor_scan_generation)
[53.238s] Level 1:colcon.colcon_core.environment:create_environment_scripts_only(sensor_scan_generation)
[53.239s] Level 1:colcon.colcon_core.environment:checking '/root/ros2_ws/src/install/sensor_scan_generation' for CMake module files
[53.240s] Level 1:colcon.colcon_core.environment:checking '/root/ros2_ws/src/install/sensor_scan_generation' for CMake config files
[53.240s] Level 1:colcon.colcon_core.shell:create_environment_hook('sensor_scan_generation', 'cmake_prefix_path')
[53.241s] INFO:colcon.colcon_core.shell:Creating environment hook '/root/ros2_ws/src/install/sensor_scan_generation/share/sensor_scan_generation/hook/cmake_prefix_path.ps1'
[53.241s] INFO:colcon.colcon_core.shell:Creating environment descriptor '/root/ros2_ws/src/install/sensor_scan_generation/share/sensor_scan_generation/hook/cmake_prefix_path.dsv'
[53.242s] INFO:colcon.colcon_core.shell:Creating environment hook '/root/ros2_ws/src/install/sensor_scan_generation/share/sensor_scan_generation/hook/cmake_prefix_path.sh'
[53.243s] Level 1:colcon.colcon_core.environment:checking '/root/ros2_ws/src/install/sensor_scan_generation/lib'
[53.243s] Level 1:colcon.colcon_core.environment:checking '/root/ros2_ws/src/install/sensor_scan_generation/bin'
[53.243s] Level 1:colcon.colcon_core.environment:checking '/root/ros2_ws/src/install/sensor_scan_generation/lib/pkgconfig/sensor_scan_generation.pc'
[53.243s] Level 1:colcon.colcon_core.environment:checking '/root/ros2_ws/src/install/sensor_scan_generation/lib/python3.10/site-packages'
[53.244s] Level 1:colcon.colcon_core.environment:checking '/root/ros2_ws/src/install/sensor_scan_generation/bin'
[53.245s] INFO:colcon.colcon_core.shell:Creating package script '/root/ros2_ws/src/install/sensor_scan_generation/share/sensor_scan_generation/package.ps1'
[53.245s] INFO:colcon.colcon_core.shell:Creating package descriptor '/root/ros2_ws/src/install/sensor_scan_generation/share/sensor_scan_generation/package.dsv'
[53.246s] INFO:colcon.colcon_core.shell:Creating package script '/root/ros2_ws/src/install/sensor_scan_generation/share/sensor_scan_generation/package.sh'
[53.247s] INFO:colcon.colcon_core.shell:Creating package script '/root/ros2_ws/src/install/sensor_scan_generation/share/sensor_scan_generation/package.bash'
[53.249s] INFO:colcon.colcon_core.shell:Creating package script '/root/ros2_ws/src/install/sensor_scan_generation/share/sensor_scan_generation/package.zsh'
[53.250s] Level 1:colcon.colcon_core.environment:create_file_with_runtime_dependencies(/root/ros2_ws/src/install/sensor_scan_generation/share/colcon-core/packages/sensor_scan_generation)
[53.965s] DEBUG:colcon.colcon_core.event_handler.log_command:Invoked command in '/root/ros2_ws/src/build/go2_sport_api' returned '0': AMENT_PREFIX_PATH=/root/ros2_ws/src/install/unitree_go:/root/ros2_ws/src/install/unitree_api:${AMENT_PREFIX_PATH} CMAKE_PREFIX_PATH=/root/ros2_ws/src/install/unitree_go:/root/ros2_ws/src/install/unitree_api:/opt/ros/humble LD_LIBRARY_PATH=/root/ros2_ws/src/install/unitree_go/lib:/root/ros2_ws/src/install/unitree_api/lib:${LD_LIBRARY_PATH} PYTHONPATH=/root/ros2_ws/src/install/unitree_go/local/lib/python3.10/dist-packages:/root/ros2_ws/src/install/unitree_api/local/lib/python3.10/dist-packages:${PYTHONPATH} /usr/bin/cmake --build /root/ros2_ws/src/build/go2_sport_api -- -j24 -l24
[53.969s] DEBUG:colcon.colcon_core.event_handler.log_command:Invoking command in '/root/ros2_ws/src/build/go2_sport_api': AMENT_PREFIX_PATH=/root/ros2_ws/src/install/unitree_go:/root/ros2_ws/src/install/unitree_api:${AMENT_PREFIX_PATH} CMAKE_PREFIX_PATH=/root/ros2_ws/src/install/unitree_go:/root/ros2_ws/src/install/unitree_api:/opt/ros/humble LD_LIBRARY_PATH=/root/ros2_ws/src/install/unitree_go/lib:/root/ros2_ws/src/install/unitree_api/lib:${LD_LIBRARY_PATH} PYTHONPATH=/root/ros2_ws/src/install/unitree_go/local/lib/python3.10/dist-packages:/root/ros2_ws/src/install/unitree_api/local/lib/python3.10/dist-packages:${PYTHONPATH} /usr/bin/cmake --install /root/ros2_ws/src/build/go2_sport_api
[53.995s] Level 1:colcon.colcon_core.environment:create_environment_scripts_only(go2_sport_api)
[53.995s] DEBUG:colcon.colcon_core.event_handler.log_command:Invoked command in '/root/ros2_ws/src/build/go2_sport_api' returned '0': AMENT_PREFIX_PATH=/root/ros2_ws/src/install/unitree_go:/root/ros2_ws/src/install/unitree_api:${AMENT_PREFIX_PATH} CMAKE_PREFIX_PATH=/root/ros2_ws/src/install/unitree_go:/root/ros2_ws/src/install/unitree_api:/opt/ros/humble LD_LIBRARY_PATH=/root/ros2_ws/src/install/unitree_go/lib:/root/ros2_ws/src/install/unitree_api/lib:${LD_LIBRARY_PATH} PYTHONPATH=/root/ros2_ws/src/install/unitree_go/local/lib/python3.10/dist-packages:/root/ros2_ws/src/install/unitree_api/local/lib/python3.10/dist-packages:${PYTHONPATH} /usr/bin/cmake --install /root/ros2_ws/src/build/go2_sport_api
[53.996s] Level 1:colcon.colcon_core.environment:checking '/root/ros2_ws/src/install/go2_sport_api' for CMake module files
[53.997s] Level 1:colcon.colcon_core.environment:checking '/root/ros2_ws/src/install/go2_sport_api' for CMake config files
[53.998s] Level 1:colcon.colcon_core.shell:create_environment_hook('go2_sport_api', 'cmake_prefix_path')
[53.998s] INFO:colcon.colcon_core.shell:Creating environment hook '/root/ros2_ws/src/install/go2_sport_api/share/go2_sport_api/hook/cmake_prefix_path.ps1'
[53.999s] INFO:colcon.colcon_core.shell:Creating environment descriptor '/root/ros2_ws/src/install/go2_sport_api/share/go2_sport_api/hook/cmake_prefix_path.dsv'
[54.000s] INFO:colcon.colcon_core.shell:Creating environment hook '/root/ros2_ws/src/install/go2_sport_api/share/go2_sport_api/hook/cmake_prefix_path.sh'
[54.001s] Level 1:colcon.colcon_core.environment:checking '/root/ros2_ws/src/install/go2_sport_api/lib'
[54.001s] Level 1:colcon.colcon_core.shell:create_environment_hook('go2_sport_api', 'ld_library_path_lib')
[54.001s] INFO:colcon.colcon_core.shell:Creating environment hook '/root/ros2_ws/src/install/go2_sport_api/share/go2_sport_api/hook/ld_library_path_lib.ps1'
[54.002s] INFO:colcon.colcon_core.shell:Creating environment descriptor '/root/ros2_ws/src/install/go2_sport_api/share/go2_sport_api/hook/ld_library_path_lib.dsv'
[54.003s] INFO:colcon.colcon_core.shell:Creating environment hook '/root/ros2_ws/src/install/go2_sport_api/share/go2_sport_api/hook/ld_library_path_lib.sh'
[54.003s] Level 1:colcon.colcon_core.environment:checking '/root/ros2_ws/src/install/go2_sport_api/bin'
[54.003s] Level 1:colcon.colcon_core.environment:checking '/root/ros2_ws/src/install/go2_sport_api/lib/pkgconfig/go2_sport_api.pc'
[54.004s] Level 1:colcon.colcon_core.environment:checking '/root/ros2_ws/src/install/go2_sport_api/lib/python3.10/site-packages'
[54.004s] Level 1:colcon.colcon_core.environment:checking '/root/ros2_ws/src/install/go2_sport_api/bin'
[54.005s] INFO:colcon.colcon_core.shell:Creating package script '/root/ros2_ws/src/install/go2_sport_api/share/go2_sport_api/package.ps1'
[54.006s] INFO:colcon.colcon_core.shell:Creating package descriptor '/root/ros2_ws/src/install/go2_sport_api/share/go2_sport_api/package.dsv'
[54.006s] INFO:colcon.colcon_core.shell:Creating package script '/root/ros2_ws/src/install/go2_sport_api/share/go2_sport_api/package.sh'
[54.007s] INFO:colcon.colcon_core.shell:Creating package script '/root/ros2_ws/src/install/go2_sport_api/share/go2_sport_api/package.bash'
[54.007s] INFO:colcon.colcon_core.shell:Creating package script '/root/ros2_ws/src/install/go2_sport_api/share/go2_sport_api/package.zsh'
[54.008s] Level 1:colcon.colcon_core.environment:create_file_with_runtime_dependencies(/root/ros2_ws/src/install/go2_sport_api/share/colcon-core/packages/go2_sport_api)
[54.009s] Level 1:colcon.colcon_core.environment:create_environment_scripts_only(go2_sport_api)
[54.009s] Level 1:colcon.colcon_core.environment:checking '/root/ros2_ws/src/install/go2_sport_api' for CMake module files
[54.010s] Level 1:colcon.colcon_core.environment:checking '/root/ros2_ws/src/install/go2_sport_api' for CMake config files
[54.011s] Level 1:colcon.colcon_core.shell:create_environment_hook('go2_sport_api', 'cmake_prefix_path')
[54.011s] INFO:colcon.colcon_core.shell:Creating environment hook '/root/ros2_ws/src/install/go2_sport_api/share/go2_sport_api/hook/cmake_prefix_path.ps1'
[54.012s] INFO:colcon.colcon_core.shell:Creating environment descriptor '/root/ros2_ws/src/install/go2_sport_api/share/go2_sport_api/hook/cmake_prefix_path.dsv'
[54.013s] INFO:colcon.colcon_core.shell:Creating environment hook '/root/ros2_ws/src/install/go2_sport_api/share/go2_sport_api/hook/cmake_prefix_path.sh'
[54.014s] Level 1:colcon.colcon_core.environment:checking '/root/ros2_ws/src/install/go2_sport_api/lib'
[54.014s] Level 1:colcon.colcon_core.shell:create_environment_hook('go2_sport_api', 'ld_library_path_lib')
[54.014s] INFO:colcon.colcon_core.shell:Creating environment hook '/root/ros2_ws/src/install/go2_sport_api/share/go2_sport_api/hook/ld_library_path_lib.ps1'
[54.015s] INFO:colcon.colcon_core.shell:Creating environment descriptor '/root/ros2_ws/src/install/go2_sport_api/share/go2_sport_api/hook/ld_library_path_lib.dsv'
[54.016s] INFO:colcon.colcon_core.shell:Creating environment hook '/root/ros2_ws/src/install/go2_sport_api/share/go2_sport_api/hook/ld_library_path_lib.sh'
[54.016s] Level 1:colcon.colcon_core.environment:checking '/root/ros2_ws/src/install/go2_sport_api/bin'
[54.016s] Level 1:colcon.colcon_core.environment:checking '/root/ros2_ws/src/install/go2_sport_api/lib/pkgconfig/go2_sport_api.pc'
[54.017s] Level 1:colcon.colcon_core.environment:checking '/root/ros2_ws/src/install/go2_sport_api/lib/python3.10/site-packages'
[54.017s] Level 1:colcon.colcon_core.environment:checking '/root/ros2_ws/src/install/go2_sport_api/bin'
[54.018s] INFO:colcon.colcon_core.shell:Creating package script '/root/ros2_ws/src/install/go2_sport_api/share/go2_sport_api/package.ps1'
[54.019s] INFO:colcon.colcon_core.shell:Creating package descriptor '/root/ros2_ws/src/install/go2_sport_api/share/go2_sport_api/package.dsv'
[54.020s] INFO:colcon.colcon_core.shell:Creating package script '/root/ros2_ws/src/install/go2_sport_api/share/go2_sport_api/package.sh'
[54.021s] INFO:colcon.colcon_core.shell:Creating package script '/root/ros2_ws/src/install/go2_sport_api/share/go2_sport_api/package.bash'
[54.022s] INFO:colcon.colcon_core.shell:Creating package script '/root/ros2_ws/src/install/go2_sport_api/share/go2_sport_api/package.zsh'
[54.023s] Level 1:colcon.colcon_core.environment:create_file_with_runtime_dependencies(/root/ros2_ws/src/install/go2_sport_api/share/colcon-core/packages/go2_sport_api)
[54.024s] INFO:colcon.colcon_ros.task.ament_cmake.build:Building ROS package in '/root/ros2_ws/src/utilities/calibrate_imu' with build type 'ament_cmake'
[54.024s] INFO:colcon.colcon_cmake.task.cmake.build:Building CMake package in '/root/ros2_ws/src/utilities/calibrate_imu'
[54.025s] INFO:colcon.colcon_core.shell:Skip shell extension 'powershell' for command environment: Not usable outside of PowerShell
[54.025s] DEBUG:colcon.colcon_core.shell:Skip shell extension 'dsv' for command environment
[54.032s] INFO:colcon.colcon_ros.task.ament_cmake.build:Building ROS package in '/root/ros2_ws/src/base_autonomy/local_planner' with build type 'ament_cmake'
[54.032s] INFO:colcon.colcon_cmake.task.cmake.build:Building CMake package in '/root/ros2_ws/src/base_autonomy/local_planner'
[54.033s] INFO:colcon.colcon_core.shell:Skip shell extension 'powershell' for command environment: Not usable outside of PowerShell
[54.033s] DEBUG:colcon.colcon_core.shell:Skip shell extension 'dsv' for command environment
[54.049s] DEBUG:colcon.colcon_core.event_handler.log_command:Invoking command in '/root/ros2_ws/src/build/calibrate_imu': AMENT_PREFIX_PATH=/root/ros2_ws/src/install/go2_sport_api:/root/ros2_ws/src/install/unitree_go:/root/ros2_ws/src/install/unitree_api:${AMENT_PREFIX_PATH} CMAKE_PREFIX_PATH=/root/ros2_ws/src/install/go2_sport_api:/root/ros2_ws/src/install/unitree_go:/root/ros2_ws/src/install/unitree_api:/opt/ros/humble LD_LIBRARY_PATH=/root/ros2_ws/src/install/go2_sport_api/lib:/root/ros2_ws/src/install/unitree_go/lib:/root/ros2_ws/src/install/unitree_api/lib:${LD_LIBRARY_PATH} PYTHONPATH=/root/ros2_ws/src/install/unitree_go/local/lib/python3.10/dist-packages:/root/ros2_ws/src/install/unitree_api/local/lib/python3.10/dist-packages:${PYTHONPATH} /usr/bin/cmake /root/ros2_ws/src/utilities/calibrate_imu -DROS_EDITION=ROS2 -DHUMBLE_ROS=humble -DCMAKE_INSTALL_PREFIX=/root/ros2_ws/src/install/calibrate_imu
[54.059s] DEBUG:colcon.colcon_core.event_handler.log_command:Invoking command in '/root/ros2_ws/src/build/local_planner': AMENT_PREFIX_PATH=/root/ros2_ws/src/install/go2_sport_api:/root/ros2_ws/src/install/unitree_go:/root/ros2_ws/src/install/unitree_api:${AMENT_PREFIX_PATH} CMAKE_PREFIX_PATH=/root/ros2_ws/src/install/go2_sport_api:/root/ros2_ws/src/install/unitree_go:/root/ros2_ws/src/install/unitree_api:/opt/ros/humble LD_LIBRARY_PATH=/root/ros2_ws/src/install/go2_sport_api/lib:/root/ros2_ws/src/install/unitree_go/lib:/root/ros2_ws/src/install/unitree_api/lib:${LD_LIBRARY_PATH} PYTHONPATH=/root/ros2_ws/src/install/unitree_go/local/lib/python3.10/dist-packages:/root/ros2_ws/src/install/unitree_api/local/lib/python3.10/dist-packages:${PYTHONPATH} /usr/bin/cmake /root/ros2_ws/src/base_autonomy/local_planner -DROS_EDITION=ROS2 -DHUMBLE_ROS=humble -DCMAKE_INSTALL_PREFIX=/root/ros2_ws/src/install/local_planner
[54.115s] DEBUG:colcon.colcon_core.event_handler.log_command:Invoked command in '/root/ros2_ws/src/build/terrain_analysis_ext' returned '0': CMAKE_PREFIX_PATH=/opt/ros/humble /usr/bin/cmake --build /root/ros2_ws/src/build/terrain_analysis_ext -- -j24 -l24
[54.116s] DEBUG:colcon.colcon_core.event_handler.log_command:Invoking command in '/root/ros2_ws/src/build/terrain_analysis_ext': CMAKE_PREFIX_PATH=/opt/ros/humble /usr/bin/cmake --install /root/ros2_ws/src/build/terrain_analysis_ext
[54.139s] Level 1:colcon.colcon_core.environment:create_environment_scripts_only(terrain_analysis_ext)
[54.140s] Level 1:colcon.colcon_core.environment:checking '/root/ros2_ws/src/install/terrain_analysis_ext' for CMake module files
[54.140s] DEBUG:colcon.colcon_core.event_handler.log_command:Invoked command in '/root/ros2_ws/src/build/terrain_analysis_ext' returned '0': CMAKE_PREFIX_PATH=/opt/ros/humble /usr/bin/cmake --install /root/ros2_ws/src/build/terrain_analysis_ext
[54.141s] Level 1:colcon.colcon_core.environment:checking '/root/ros2_ws/src/install/terrain_analysis_ext' for CMake config files
[54.141s] Level 1:colcon.colcon_core.shell:create_environment_hook('terrain_analysis_ext', 'cmake_prefix_path')
[54.142s] INFO:colcon.colcon_core.shell:Creating environment hook '/root/ros2_ws/src/install/terrain_analysis_ext/share/terrain_analysis_ext/hook/cmake_prefix_path.ps1'
[54.142s] INFO:colcon.colcon_core.shell:Creating environment descriptor '/root/ros2_ws/src/install/terrain_analysis_ext/share/terrain_analysis_ext/hook/cmake_prefix_path.dsv'
[54.143s] INFO:colcon.colcon_core.shell:Creating environment hook '/root/ros2_ws/src/install/terrain_analysis_ext/share/terrain_analysis_ext/hook/cmake_prefix_path.sh'
[54.144s] Level 1:colcon.colcon_core.environment:checking '/root/ros2_ws/src/install/terrain_analysis_ext/lib'
[54.144s] Level 1:colcon.colcon_core.environment:checking '/root/ros2_ws/src/install/terrain_analysis_ext/bin'
[54.144s] Level 1:colcon.colcon_core.environment:checking '/root/ros2_ws/src/install/terrain_analysis_ext/lib/pkgconfig/terrain_analysis_ext.pc'
[54.144s] Level 1:colcon.colcon_core.environment:checking '/root/ros2_ws/src/install/terrain_analysis_ext/lib/python3.10/site-packages'
[54.145s] Level 1:colcon.colcon_core.environment:checking '/root/ros2_ws/src/install/terrain_analysis_ext/bin'
[54.145s] INFO:colcon.colcon_core.shell:Creating package script '/root/ros2_ws/src/install/terrain_analysis_ext/share/terrain_analysis_ext/package.ps1'
[54.146s] INFO:colcon.colcon_core.shell:Creating package descriptor '/root/ros2_ws/src/install/terrain_analysis_ext/share/terrain_analysis_ext/package.dsv'
[54.146s] INFO:colcon.colcon_core.shell:Creating package script '/root/ros2_ws/src/install/terrain_analysis_ext/share/terrain_analysis_ext/package.sh'
[54.147s] INFO:colcon.colcon_core.shell:Creating package script '/root/ros2_ws/src/install/terrain_analysis_ext/share/terrain_analysis_ext/package.bash'
[54.148s] INFO:colcon.colcon_core.shell:Creating package script '/root/ros2_ws/src/install/terrain_analysis_ext/share/terrain_analysis_ext/package.zsh'
[54.148s] Level 1:colcon.colcon_core.environment:create_file_with_runtime_dependencies(/root/ros2_ws/src/install/terrain_analysis_ext/share/colcon-core/packages/terrain_analysis_ext)
[54.149s] Level 1:colcon.colcon_core.environment:create_environment_scripts_only(terrain_analysis_ext)
[54.149s] Level 1:colcon.colcon_core.environment:checking '/root/ros2_ws/src/install/terrain_analysis_ext' for CMake module files
[54.150s] Level 1:colcon.colcon_core.environment:checking '/root/ros2_ws/src/install/terrain_analysis_ext' for CMake config files
[54.150s] Level 1:colcon.colcon_core.shell:create_environment_hook('terrain_analysis_ext', 'cmake_prefix_path')
[54.151s] INFO:colcon.colcon_core.shell:Creating environment hook '/root/ros2_ws/src/install/terrain_analysis_ext/share/terrain_analysis_ext/hook/cmake_prefix_path.ps1'
[54.151s] INFO:colcon.colcon_core.shell:Creating environment descriptor '/root/ros2_ws/src/install/terrain_analysis_ext/share/terrain_analysis_ext/hook/cmake_prefix_path.dsv'
[54.152s] INFO:colcon.colcon_core.shell:Creating environment hook '/root/ros2_ws/src/install/terrain_analysis_ext/share/terrain_analysis_ext/hook/cmake_prefix_path.sh'
[54.152s] Level 1:colcon.colcon_core.environment:checking '/root/ros2_ws/src/install/terrain_analysis_ext/lib'
[54.153s] Level 1:colcon.colcon_core.environment:checking '/root/ros2_ws/src/install/terrain_analysis_ext/bin'
[54.153s] Level 1:colcon.colcon_core.environment:checking '/root/ros2_ws/src/install/terrain_analysis_ext/lib/pkgconfig/terrain_analysis_ext.pc'
[54.153s] Level 1:colcon.colcon_core.environment:checking '/root/ros2_ws/src/install/terrain_analysis_ext/lib/python3.10/site-packages'
[54.153s] Level 1:colcon.colcon_core.environment:checking '/root/ros2_ws/src/install/terrain_analysis_ext/bin'
[54.154s] INFO:colcon.colcon_core.shell:Creating package script '/root/ros2_ws/src/install/terrain_analysis_ext/share/terrain_analysis_ext/package.ps1'
[54.155s] INFO:colcon.colcon_core.shell:Creating package descriptor '/root/ros2_ws/src/install/terrain_analysis_ext/share/terrain_analysis_ext/package.dsv'
[54.155s] INFO:colcon.colcon_core.shell:Creating package script '/root/ros2_ws/src/install/terrain_analysis_ext/share/terrain_analysis_ext/package.sh'
[54.156s] INFO:colcon.colcon_core.shell:Creating package script '/root/ros2_ws/src/install/terrain_analysis_ext/share/terrain_analysis_ext/package.bash'
[54.156s] INFO:colcon.colcon_core.shell:Creating package script '/root/ros2_ws/src/install/terrain_analysis_ext/share/terrain_analysis_ext/package.zsh'
[54.157s] Level 1:colcon.colcon_core.environment:create_file_with_runtime_dependencies(/root/ros2_ws/src/install/terrain_analysis_ext/share/colcon-core/packages/terrain_analysis_ext)
[55.279s] DEBUG:colcon.colcon_core.event_handler.log_command:Invoked command in '/root/ros2_ws/src/build/visualization_tools' returned '0': CMAKE_PREFIX_PATH=/opt/ros/humble /usr/bin/cmake --build /root/ros2_ws/src/build/visualization_tools -- -j24 -l24
[55.281s] DEBUG:colcon.colcon_core.event_handler.log_command:Invoking command in '/root/ros2_ws/src/build/visualization_tools': CMAKE_PREFIX_PATH=/opt/ros/humble /usr/bin/cmake --install /root/ros2_ws/src/build/visualization_tools
[55.359s] Level 1:colcon.colcon_core.environment:create_environment_scripts_only(visualization_tools)
[55.360s] Level 1:colcon.colcon_core.environment:checking '/root/ros2_ws/src/install/visualization_tools' for CMake module files
[55.360s] DEBUG:colcon.colcon_core.event_handler.log_command:Invoked command in '/root/ros2_ws/src/build/visualization_tools' returned '0': CMAKE_PREFIX_PATH=/opt/ros/humble /usr/bin/cmake --install /root/ros2_ws/src/build/visualization_tools
[55.361s] Level 1:colcon.colcon_core.environment:checking '/root/ros2_ws/src/install/visualization_tools' for CMake config files
[55.361s] Level 1:colcon.colcon_core.shell:create_environment_hook('visualization_tools', 'cmake_prefix_path')
[55.362s] INFO:colcon.colcon_core.shell:Creating environment hook '/root/ros2_ws/src/install/visualization_tools/share/visualization_tools/hook/cmake_prefix_path.ps1'
[55.363s] INFO:colcon.colcon_core.shell:Creating environment descriptor '/root/ros2_ws/src/install/visualization_tools/share/visualization_tools/hook/cmake_prefix_path.dsv'
[55.363s] INFO:colcon.colcon_core.shell:Creating environment hook '/root/ros2_ws/src/install/visualization_tools/share/visualization_tools/hook/cmake_prefix_path.sh'
[55.364s] Level 1:colcon.colcon_core.environment:checking '/root/ros2_ws/src/install/visualization_tools/lib'
[55.364s] Level 1:colcon.colcon_core.environment:checking '/root/ros2_ws/src/install/visualization_tools/bin'
[55.364s] Level 1:colcon.colcon_core.environment:checking '/root/ros2_ws/src/install/visualization_tools/lib/pkgconfig/visualization_tools.pc'
[55.365s] Level 1:colcon.colcon_core.environment:checking '/root/ros2_ws/src/install/visualization_tools/lib/python3.10/site-packages'
[55.365s] Level 1:colcon.colcon_core.environment:checking '/root/ros2_ws/src/install/visualization_tools/bin'
[55.366s] INFO:colcon.colcon_core.shell:Creating package script '/root/ros2_ws/src/install/visualization_tools/share/visualization_tools/package.ps1'
[55.367s] INFO:colcon.colcon_core.shell:Creating package descriptor '/root/ros2_ws/src/install/visualization_tools/share/visualization_tools/package.dsv'
[55.367s] INFO:colcon.colcon_core.shell:Creating package script '/root/ros2_ws/src/install/visualization_tools/share/visualization_tools/package.sh'
[55.368s] INFO:colcon.colcon_core.shell:Creating package script '/root/ros2_ws/src/install/visualization_tools/share/visualization_tools/package.bash'
[55.368s] INFO:colcon.colcon_core.shell:Creating package script '/root/ros2_ws/src/install/visualization_tools/share/visualization_tools/package.zsh'
[55.369s] Level 1:colcon.colcon_core.environment:create_file_with_runtime_dependencies(/root/ros2_ws/src/install/visualization_tools/share/colcon-core/packages/visualization_tools)
[55.370s] Level 1:colcon.colcon_core.environment:create_environment_scripts_only(visualization_tools)
[55.370s] Level 1:colcon.colcon_core.environment:checking '/root/ros2_ws/src/install/visualization_tools' for CMake module files
[55.371s] Level 1:colcon.colcon_core.environment:checking '/root/ros2_ws/src/install/visualization_tools' for CMake config files
[55.371s] Level 1:colcon.colcon_core.shell:create_environment_hook('visualization_tools', 'cmake_prefix_path')
[55.372s] INFO:colcon.colcon_core.shell:Creating environment hook '/root/ros2_ws/src/install/visualization_tools/share/visualization_tools/hook/cmake_prefix_path.ps1'
[55.372s] INFO:colcon.colcon_core.shell:Creating environment descriptor '/root/ros2_ws/src/install/visualization_tools/share/visualization_tools/hook/cmake_prefix_path.dsv'
[55.373s] INFO:colcon.colcon_core.shell:Creating environment hook '/root/ros2_ws/src/install/visualization_tools/share/visualization_tools/hook/cmake_prefix_path.sh'
[55.374s] Level 1:colcon.colcon_core.environment:checking '/root/ros2_ws/src/install/visualization_tools/lib'
[55.374s] Level 1:colcon.colcon_core.environment:checking '/root/ros2_ws/src/install/visualization_tools/bin'
[55.374s] Level 1:colcon.colcon_core.environment:checking '/root/ros2_ws/src/install/visualization_tools/lib/pkgconfig/visualization_tools.pc'
[55.374s] Level 1:colcon.colcon_core.environment:checking '/root/ros2_ws/src/install/visualization_tools/lib/python3.10/site-packages'
[55.375s] Level 1:colcon.colcon_core.environment:checking '/root/ros2_ws/src/install/visualization_tools/bin'
[55.375s] INFO:colcon.colcon_core.shell:Creating package script '/root/ros2_ws/src/install/visualization_tools/share/visualization_tools/package.ps1'
[55.376s] INFO:colcon.colcon_core.shell:Creating package descriptor '/root/ros2_ws/src/install/visualization_tools/share/visualization_tools/package.dsv'
[55.377s] INFO:colcon.colcon_core.shell:Creating package script '/root/ros2_ws/src/install/visualization_tools/share/visualization_tools/package.sh'
[55.378s] INFO:colcon.colcon_core.shell:Creating package script '/root/ros2_ws/src/install/visualization_tools/share/visualization_tools/package.bash'
[55.378s] INFO:colcon.colcon_core.shell:Creating package script '/root/ros2_ws/src/install/visualization_tools/share/visualization_tools/package.zsh'
[55.379s] Level 1:colcon.colcon_core.environment:create_file_with_runtime_dependencies(/root/ros2_ws/src/install/visualization_tools/share/colcon-core/packages/visualization_tools)
[55.827s] DEBUG:colcon.colcon_core.event_handler.log_command:Invoked command in '/root/ros2_ws/src/build/calibrate_imu' returned '0': AMENT_PREFIX_PATH=/root/ros2_ws/src/install/go2_sport_api:/root/ros2_ws/src/install/unitree_go:/root/ros2_ws/src/install/unitree_api:${AMENT_PREFIX_PATH} CMAKE_PREFIX_PATH=/root/ros2_ws/src/install/go2_sport_api:/root/ros2_ws/src/install/unitree_go:/root/ros2_ws/src/install/unitree_api:/opt/ros/humble LD_LIBRARY_PATH=/root/ros2_ws/src/install/go2_sport_api/lib:/root/ros2_ws/src/install/unitree_go/lib:/root/ros2_ws/src/install/unitree_api/lib:${LD_LIBRARY_PATH} PYTHONPATH=/root/ros2_ws/src/install/unitree_go/local/lib/python3.10/dist-packages:/root/ros2_ws/src/install/unitree_api/local/lib/python3.10/dist-packages:${PYTHONPATH} /usr/bin/cmake /root/ros2_ws/src/utilities/calibrate_imu -DROS_EDITION=ROS2 -DHUMBLE_ROS=humble -DCMAKE_INSTALL_PREFIX=/root/ros2_ws/src/install/calibrate_imu
[55.829s] DEBUG:colcon.colcon_core.event_handler.log_command:Invoking command in '/root/ros2_ws/src/build/calibrate_imu': AMENT_PREFIX_PATH=/root/ros2_ws/src/install/go2_sport_api:/root/ros2_ws/src/install/unitree_go:/root/ros2_ws/src/install/unitree_api:${AMENT_PREFIX_PATH} CMAKE_PREFIX_PATH=/root/ros2_ws/src/install/go2_sport_api:/root/ros2_ws/src/install/unitree_go:/root/ros2_ws/src/install/unitree_api:/opt/ros/humble LD_LIBRARY_PATH=/root/ros2_ws/src/install/go2_sport_api/lib:/root/ros2_ws/src/install/unitree_go/lib:/root/ros2_ws/src/install/unitree_api/lib:${LD_LIBRARY_PATH} PYTHONPATH=/root/ros2_ws/src/install/unitree_go/local/lib/python3.10/dist-packages:/root/ros2_ws/src/install/unitree_api/local/lib/python3.10/dist-packages:${PYTHONPATH} /usr/bin/cmake --build /root/ros2_ws/src/build/calibrate_imu -- -j24 -l24
[58.249s] DEBUG:colcon.colcon_core.event_handler.log_command:Invoked command in '/root/ros2_ws/src/build/graph_decoder' returned '0': AMENT_PREFIX_PATH=/root/ros2_ws/src/install/visibility_graph_msg:${AMENT_PREFIX_PATH} CMAKE_PREFIX_PATH=/root/ros2_ws/src/install/visibility_graph_msg:/opt/ros/humble LD_LIBRARY_PATH=/root/ros2_ws/src/install/visibility_graph_msg/lib:${LD_LIBRARY_PATH} PYTHONPATH=/root/ros2_ws/src/install/visibility_graph_msg/local/lib/python3.10/dist-packages:${PYTHONPATH} /usr/bin/cmake --build /root/ros2_ws/src/build/graph_decoder -- -j24 -l24
[58.251s] DEBUG:colcon.colcon_core.event_handler.log_command:Invoking command in '/root/ros2_ws/src/build/graph_decoder': AMENT_PREFIX_PATH=/root/ros2_ws/src/install/visibility_graph_msg:${AMENT_PREFIX_PATH} CMAKE_PREFIX_PATH=/root/ros2_ws/src/install/visibility_graph_msg:/opt/ros/humble LD_LIBRARY_PATH=/root/ros2_ws/src/install/visibility_graph_msg/lib:${LD_LIBRARY_PATH} PYTHONPATH=/root/ros2_ws/src/install/visibility_graph_msg/local/lib/python3.10/dist-packages:${PYTHONPATH} /usr/bin/cmake --install /root/ros2_ws/src/build/graph_decoder
[58.274s] Level 1:colcon.colcon_core.environment:create_environment_scripts_only(graph_decoder)
[58.274s] Level 1:colcon.colcon_core.environment:checking '/root/ros2_ws/src/install/graph_decoder' for CMake module files
[58.275s] DEBUG:colcon.colcon_core.event_handler.log_command:Invoked command in '/root/ros2_ws/src/build/graph_decoder' returned '0': AMENT_PREFIX_PATH=/root/ros2_ws/src/install/visibility_graph_msg:${AMENT_PREFIX_PATH} CMAKE_PREFIX_PATH=/root/ros2_ws/src/install/visibility_graph_msg:/opt/ros/humble LD_LIBRARY_PATH=/root/ros2_ws/src/install/visibility_graph_msg/lib:${LD_LIBRARY_PATH} PYTHONPATH=/root/ros2_ws/src/install/visibility_graph_msg/local/lib/python3.10/dist-packages:${PYTHONPATH} /usr/bin/cmake --install /root/ros2_ws/src/build/graph_decoder
[58.276s] Level 1:colcon.colcon_core.environment:checking '/root/ros2_ws/src/install/graph_decoder' for CMake config files
[58.276s] Level 1:colcon.colcon_core.shell:create_environment_hook('graph_decoder', 'cmake_prefix_path')
[58.277s] INFO:colcon.colcon_core.shell:Creating environment hook '/root/ros2_ws/src/install/graph_decoder/share/graph_decoder/hook/cmake_prefix_path.ps1'
[58.278s] INFO:colcon.colcon_core.shell:Creating environment descriptor '/root/ros2_ws/src/install/graph_decoder/share/graph_decoder/hook/cmake_prefix_path.dsv'
[58.278s] INFO:colcon.colcon_core.shell:Creating environment hook '/root/ros2_ws/src/install/graph_decoder/share/graph_decoder/hook/cmake_prefix_path.sh'
[58.279s] Level 1:colcon.colcon_core.environment:checking '/root/ros2_ws/src/install/graph_decoder/lib'
[58.279s] Level 1:colcon.colcon_core.environment:checking '/root/ros2_ws/src/install/graph_decoder/bin'
[58.279s] Level 1:colcon.colcon_core.environment:checking '/root/ros2_ws/src/install/graph_decoder/lib/pkgconfig/graph_decoder.pc'
[58.280s] Level 1:colcon.colcon_core.environment:checking '/root/ros2_ws/src/install/graph_decoder/lib/python3.10/site-packages'
[58.280s] Level 1:colcon.colcon_core.environment:checking '/root/ros2_ws/src/install/graph_decoder/bin'
[58.281s] INFO:colcon.colcon_core.shell:Creating package script '/root/ros2_ws/src/install/graph_decoder/share/graph_decoder/package.ps1'
[58.282s] INFO:colcon.colcon_core.shell:Creating package descriptor '/root/ros2_ws/src/install/graph_decoder/share/graph_decoder/package.dsv'
[58.282s] INFO:colcon.colcon_core.shell:Creating package script '/root/ros2_ws/src/install/graph_decoder/share/graph_decoder/package.sh'
[58.283s] INFO:colcon.colcon_core.shell:Creating package script '/root/ros2_ws/src/install/graph_decoder/share/graph_decoder/package.bash'
[58.283s] INFO:colcon.colcon_core.shell:Creating package script '/root/ros2_ws/src/install/graph_decoder/share/graph_decoder/package.zsh'
[58.284s] Level 1:colcon.colcon_core.environment:create_file_with_runtime_dependencies(/root/ros2_ws/src/install/graph_decoder/share/colcon-core/packages/graph_decoder)
[58.285s] Level 1:colcon.colcon_core.environment:create_environment_scripts_only(graph_decoder)
[58.285s] Level 1:colcon.colcon_core.environment:checking '/root/ros2_ws/src/install/graph_decoder' for CMake module files
[58.286s] Level 1:colcon.colcon_core.environment:checking '/root/ros2_ws/src/install/graph_decoder' for CMake config files
[58.286s] Level 1:colcon.colcon_core.shell:create_environment_hook('graph_decoder', 'cmake_prefix_path')
[58.287s] INFO:colcon.colcon_core.shell:Creating environment hook '/root/ros2_ws/src/install/graph_decoder/share/graph_decoder/hook/cmake_prefix_path.ps1'
[58.288s] INFO:colcon.colcon_core.shell:Creating environment descriptor '/root/ros2_ws/src/install/graph_decoder/share/graph_decoder/hook/cmake_prefix_path.dsv'
[58.288s] INFO:colcon.colcon_core.shell:Creating environment hook '/root/ros2_ws/src/install/graph_decoder/share/graph_decoder/hook/cmake_prefix_path.sh'
[58.289s] Level 1:colcon.colcon_core.environment:checking '/root/ros2_ws/src/install/graph_decoder/lib'
[58.289s] Level 1:colcon.colcon_core.environment:checking '/root/ros2_ws/src/install/graph_decoder/bin'
[58.289s] Level 1:colcon.colcon_core.environment:checking '/root/ros2_ws/src/install/graph_decoder/lib/pkgconfig/graph_decoder.pc'
[58.290s] Level 1:colcon.colcon_core.environment:checking '/root/ros2_ws/src/install/graph_decoder/lib/python3.10/site-packages'
[58.290s] Level 1:colcon.colcon_core.environment:checking '/root/ros2_ws/src/install/graph_decoder/bin'
[58.291s] INFO:colcon.colcon_core.shell:Creating package script '/root/ros2_ws/src/install/graph_decoder/share/graph_decoder/package.ps1'
[58.291s] INFO:colcon.colcon_core.shell:Creating package descriptor '/root/ros2_ws/src/install/graph_decoder/share/graph_decoder/package.dsv'
[58.292s] INFO:colcon.colcon_core.shell:Creating package script '/root/ros2_ws/src/install/graph_decoder/share/graph_decoder/package.sh'
[58.293s] INFO:colcon.colcon_core.shell:Creating package script '/root/ros2_ws/src/install/graph_decoder/share/graph_decoder/package.bash'
[58.293s] INFO:colcon.colcon_core.shell:Creating package script '/root/ros2_ws/src/install/graph_decoder/share/graph_decoder/package.zsh'
[58.294s] Level 1:colcon.colcon_core.environment:create_file_with_runtime_dependencies(/root/ros2_ws/src/install/graph_decoder/share/colcon-core/packages/graph_decoder)
[58.642s] DEBUG:colcon.colcon_core.event_handler.log_command:Invoked command in '/root/ros2_ws/src/build/local_planner' returned '0': AMENT_PREFIX_PATH=/root/ros2_ws/src/install/go2_sport_api:/root/ros2_ws/src/install/unitree_go:/root/ros2_ws/src/install/unitree_api:${AMENT_PREFIX_PATH} CMAKE_PREFIX_PATH=/root/ros2_ws/src/install/go2_sport_api:/root/ros2_ws/src/install/unitree_go:/root/ros2_ws/src/install/unitree_api:/opt/ros/humble LD_LIBRARY_PATH=/root/ros2_ws/src/install/go2_sport_api/lib:/root/ros2_ws/src/install/unitree_go/lib:/root/ros2_ws/src/install/unitree_api/lib:${LD_LIBRARY_PATH} PYTHONPATH=/root/ros2_ws/src/install/unitree_go/local/lib/python3.10/dist-packages:/root/ros2_ws/src/install/unitree_api/local/lib/python3.10/dist-packages:${PYTHONPATH} /usr/bin/cmake /root/ros2_ws/src/base_autonomy/local_planner -DROS_EDITION=ROS2 -DHUMBLE_ROS=humble -DCMAKE_INSTALL_PREFIX=/root/ros2_ws/src/install/local_planner
[58.642s] DEBUG:colcon.colcon_core.event_handler.log_command:Invoking command in '/root/ros2_ws/src/build/local_planner': AMENT_PREFIX_PATH=/root/ros2_ws/src/install/go2_sport_api:/root/ros2_ws/src/install/unitree_go:/root/ros2_ws/src/install/unitree_api:${AMENT_PREFIX_PATH} CMAKE_PREFIX_PATH=/root/ros2_ws/src/install/go2_sport_api:/root/ros2_ws/src/install/unitree_go:/root/ros2_ws/src/install/unitree_api:/opt/ros/humble LD_LIBRARY_PATH=/root/ros2_ws/src/install/go2_sport_api/lib:/root/ros2_ws/src/install/unitree_go/lib:/root/ros2_ws/src/install/unitree_api/lib:${LD_LIBRARY_PATH} PYTHONPATH=/root/ros2_ws/src/install/unitree_go/local/lib/python3.10/dist-packages:/root/ros2_ws/src/install/unitree_api/local/lib/python3.10/dist-packages:${PYTHONPATH} /usr/bin/cmake --build /root/ros2_ws/src/build/local_planner -- -j24 -l24
[66.418s] DEBUG:colcon.colcon_core.event_handler.log_command:Invoked command in '/root/ros2_ws/src/build/calibrate_imu' returned '0': AMENT_PREFIX_PATH=/root/ros2_ws/src/install/go2_sport_api:/root/ros2_ws/src/install/unitree_go:/root/ros2_ws/src/install/unitree_api:${AMENT_PREFIX_PATH} CMAKE_PREFIX_PATH=/root/ros2_ws/src/install/go2_sport_api:/root/ros2_ws/src/install/unitree_go:/root/ros2_ws/src/install/unitree_api:/opt/ros/humble LD_LIBRARY_PATH=/root/ros2_ws/src/install/go2_sport_api/lib:/root/ros2_ws/src/install/unitree_go/lib:/root/ros2_ws/src/install/unitree_api/lib:${LD_LIBRARY_PATH} PYTHONPATH=/root/ros2_ws/src/install/unitree_go/local/lib/python3.10/dist-packages:/root/ros2_ws/src/install/unitree_api/local/lib/python3.10/dist-packages:${PYTHONPATH} /usr/bin/cmake --build /root/ros2_ws/src/build/calibrate_imu -- -j24 -l24
[66.419s] DEBUG:colcon.colcon_core.event_handler.log_command:Invoking command in '/root/ros2_ws/src/build/calibrate_imu': AMENT_PREFIX_PATH=/root/ros2_ws/src/install/go2_sport_api:/root/ros2_ws/src/install/unitree_go:/root/ros2_ws/src/install/unitree_api:${AMENT_PREFIX_PATH} CMAKE_PREFIX_PATH=/root/ros2_ws/src/install/go2_sport_api:/root/ros2_ws/src/install/unitree_go:/root/ros2_ws/src/install/unitree_api:/opt/ros/humble LD_LIBRARY_PATH=/root/ros2_ws/src/install/go2_sport_api/lib:/root/ros2_ws/src/install/unitree_go/lib:/root/ros2_ws/src/install/unitree_api/lib:${LD_LIBRARY_PATH} PYTHONPATH=/root/ros2_ws/src/install/unitree_go/local/lib/python3.10/dist-packages:/root/ros2_ws/src/install/unitree_api/local/lib/python3.10/dist-packages:${PYTHONPATH} /usr/bin/cmake --install /root/ros2_ws/src/build/calibrate_imu
[66.433s] Level 1:colcon.colcon_core.environment:create_environment_scripts_only(calibrate_imu)
[66.434s] Level 1:colcon.colcon_core.environment:checking '/root/ros2_ws/src/install/calibrate_imu' for CMake module files
[66.434s] DEBUG:colcon.colcon_core.event_handler.log_command:Invoked command in '/root/ros2_ws/src/build/calibrate_imu' returned '0': AMENT_PREFIX_PATH=/root/ros2_ws/src/install/go2_sport_api:/root/ros2_ws/src/install/unitree_go:/root/ros2_ws/src/install/unitree_api:${AMENT_PREFIX_PATH} CMAKE_PREFIX_PATH=/root/ros2_ws/src/install/go2_sport_api:/root/ros2_ws/src/install/unitree_go:/root/ros2_ws/src/install/unitree_api:/opt/ros/humble LD_LIBRARY_PATH=/root/ros2_ws/src/install/go2_sport_api/lib:/root/ros2_ws/src/install/unitree_go/lib:/root/ros2_ws/src/install/unitree_api/lib:${LD_LIBRARY_PATH} PYTHONPATH=/root/ros2_ws/src/install/unitree_go/local/lib/python3.10/dist-packages:/root/ros2_ws/src/install/unitree_api/local/lib/python3.10/dist-packages:${PYTHONPATH} /usr/bin/cmake --install /root/ros2_ws/src/build/calibrate_imu
[66.435s] Level 1:colcon.colcon_core.environment:checking '/root/ros2_ws/src/install/calibrate_imu' for CMake config files
[66.435s] Level 1:colcon.colcon_core.shell:create_environment_hook('calibrate_imu', 'cmake_prefix_path')
[66.435s] INFO:colcon.colcon_core.shell:Creating environment hook '/root/ros2_ws/src/install/calibrate_imu/share/calibrate_imu/hook/cmake_prefix_path.ps1'
[66.436s] INFO:colcon.colcon_core.shell:Creating environment descriptor '/root/ros2_ws/src/install/calibrate_imu/share/calibrate_imu/hook/cmake_prefix_path.dsv'
[66.436s] INFO:colcon.colcon_core.shell:Creating environment hook '/root/ros2_ws/src/install/calibrate_imu/share/calibrate_imu/hook/cmake_prefix_path.sh'
[66.436s] Level 1:colcon.colcon_core.environment:checking '/root/ros2_ws/src/install/calibrate_imu/lib'
[66.437s] Level 1:colcon.colcon_core.environment:checking '/root/ros2_ws/src/install/calibrate_imu/bin'
[66.437s] Level 1:colcon.colcon_core.environment:checking '/root/ros2_ws/src/install/calibrate_imu/lib/pkgconfig/calibrate_imu.pc'
[66.437s] Level 1:colcon.colcon_core.environment:checking '/root/ros2_ws/src/install/calibrate_imu/lib/python3.10/site-packages'
[66.437s] Level 1:colcon.colcon_core.environment:checking '/root/ros2_ws/src/install/calibrate_imu/bin'
[66.437s] INFO:colcon.colcon_core.shell:Creating package script '/root/ros2_ws/src/install/calibrate_imu/share/calibrate_imu/package.ps1'
[66.438s] INFO:colcon.colcon_core.shell:Creating package descriptor '/root/ros2_ws/src/install/calibrate_imu/share/calibrate_imu/package.dsv'
[66.438s] INFO:colcon.colcon_core.shell:Creating package script '/root/ros2_ws/src/install/calibrate_imu/share/calibrate_imu/package.sh'
[66.439s] INFO:colcon.colcon_core.shell:Creating package script '/root/ros2_ws/src/install/calibrate_imu/share/calibrate_imu/package.bash'
[66.439s] INFO:colcon.colcon_core.shell:Creating package script '/root/ros2_ws/src/install/calibrate_imu/share/calibrate_imu/package.zsh'
[66.439s] Level 1:colcon.colcon_core.environment:create_file_with_runtime_dependencies(/root/ros2_ws/src/install/calibrate_imu/share/colcon-core/packages/calibrate_imu)
[66.440s] Level 1:colcon.colcon_core.environment:create_environment_scripts_only(calibrate_imu)
[66.440s] Level 1:colcon.colcon_core.environment:checking '/root/ros2_ws/src/install/calibrate_imu' for CMake module files
[66.440s] Level 1:colcon.colcon_core.environment:checking '/root/ros2_ws/src/install/calibrate_imu' for CMake config files
[66.441s] Level 1:colcon.colcon_core.shell:create_environment_hook('calibrate_imu', 'cmake_prefix_path')
[66.441s] INFO:colcon.colcon_core.shell:Creating environment hook '/root/ros2_ws/src/install/calibrate_imu/share/calibrate_imu/hook/cmake_prefix_path.ps1'
[66.441s] INFO:colcon.colcon_core.shell:Creating environment descriptor '/root/ros2_ws/src/install/calibrate_imu/share/calibrate_imu/hook/cmake_prefix_path.dsv'
[66.442s] INFO:colcon.colcon_core.shell:Creating environment hook '/root/ros2_ws/src/install/calibrate_imu/share/calibrate_imu/hook/cmake_prefix_path.sh'
[66.442s] Level 1:colcon.colcon_core.environment:checking '/root/ros2_ws/src/install/calibrate_imu/lib'
[66.442s] Level 1:colcon.colcon_core.environment:checking '/root/ros2_ws/src/install/calibrate_imu/bin'
[66.442s] Level 1:colcon.colcon_core.environment:checking '/root/ros2_ws/src/install/calibrate_imu/lib/pkgconfig/calibrate_imu.pc'
[66.443s] Level 1:colcon.colcon_core.environment:checking '/root/ros2_ws/src/install/calibrate_imu/lib/python3.10/site-packages'
[66.443s] Level 1:colcon.colcon_core.environment:checking '/root/ros2_ws/src/install/calibrate_imu/bin'
[66.443s] INFO:colcon.colcon_core.shell:Creating package script '/root/ros2_ws/src/install/calibrate_imu/share/calibrate_imu/package.ps1'
[66.444s] INFO:colcon.colcon_core.shell:Creating package descriptor '/root/ros2_ws/src/install/calibrate_imu/share/calibrate_imu/package.dsv'
[66.444s] INFO:colcon.colcon_core.shell:Creating package script '/root/ros2_ws/src/install/calibrate_imu/share/calibrate_imu/package.sh'
[66.445s] INFO:colcon.colcon_core.shell:Creating package script '/root/ros2_ws/src/install/calibrate_imu/share/calibrate_imu/package.bash'
[66.445s] INFO:colcon.colcon_core.shell:Creating package script '/root/ros2_ws/src/install/calibrate_imu/share/calibrate_imu/package.zsh'
[66.445s] Level 1:colcon.colcon_core.environment:create_file_with_runtime_dependencies(/root/ros2_ws/src/install/calibrate_imu/share/colcon-core/packages/calibrate_imu)
[80.417s] DEBUG:colcon.colcon_core.event_handler.log_command:Invoked command in '/root/ros2_ws/src/build/far_planner' returned '0': AMENT_PREFIX_PATH=/root/ros2_ws/src/install/visibility_graph_msg:${AMENT_PREFIX_PATH} CMAKE_PREFIX_PATH=/root/ros2_ws/src/install/visibility_graph_msg:/opt/ros/humble LD_LIBRARY_PATH=/root/ros2_ws/src/install/visibility_graph_msg/lib:${LD_LIBRARY_PATH} PYTHONPATH=/root/ros2_ws/src/install/visibility_graph_msg/local/lib/python3.10/dist-packages:${PYTHONPATH} /usr/bin/cmake --build /root/ros2_ws/src/build/far_planner -- -j24 -l24
[80.419s] DEBUG:colcon.colcon_core.event_handler.log_command:Invoking command in '/root/ros2_ws/src/build/far_planner': AMENT_PREFIX_PATH=/root/ros2_ws/src/install/visibility_graph_msg:${AMENT_PREFIX_PATH} CMAKE_PREFIX_PATH=/root/ros2_ws/src/install/visibility_graph_msg:/opt/ros/humble LD_LIBRARY_PATH=/root/ros2_ws/src/install/visibility_graph_msg/lib:${LD_LIBRARY_PATH} PYTHONPATH=/root/ros2_ws/src/install/visibility_graph_msg/local/lib/python3.10/dist-packages:${PYTHONPATH} /usr/bin/cmake --install /root/ros2_ws/src/build/far_planner
[80.432s] Level 1:colcon.colcon_core.environment:create_environment_scripts_only(far_planner)
[80.432s] DEBUG:colcon.colcon_core.event_handler.log_command:Invoked command in '/root/ros2_ws/src/build/far_planner' returned '0': AMENT_PREFIX_PATH=/root/ros2_ws/src/install/visibility_graph_msg:${AMENT_PREFIX_PATH} CMAKE_PREFIX_PATH=/root/ros2_ws/src/install/visibility_graph_msg:/opt/ros/humble LD_LIBRARY_PATH=/root/ros2_ws/src/install/visibility_graph_msg/lib:${LD_LIBRARY_PATH} PYTHONPATH=/root/ros2_ws/src/install/visibility_graph_msg/local/lib/python3.10/dist-packages:${PYTHONPATH} /usr/bin/cmake --install /root/ros2_ws/src/build/far_planner
[80.432s] Level 1:colcon.colcon_core.environment:checking '/root/ros2_ws/src/install/far_planner' for CMake module files
[80.433s] Level 1:colcon.colcon_core.environment:checking '/root/ros2_ws/src/install/far_planner' for CMake config files
[80.433s] Level 1:colcon.colcon_core.shell:create_environment_hook('far_planner', 'cmake_prefix_path')
[80.434s] INFO:colcon.colcon_core.shell:Creating environment hook '/root/ros2_ws/src/install/far_planner/share/far_planner/hook/cmake_prefix_path.ps1'
[80.434s] INFO:colcon.colcon_core.shell:Creating environment descriptor '/root/ros2_ws/src/install/far_planner/share/far_planner/hook/cmake_prefix_path.dsv'
[80.434s] INFO:colcon.colcon_core.shell:Creating environment hook '/root/ros2_ws/src/install/far_planner/share/far_planner/hook/cmake_prefix_path.sh'
[80.435s] Level 1:colcon.colcon_core.environment:checking '/root/ros2_ws/src/install/far_planner/lib'
[80.435s] Level 1:colcon.colcon_core.environment:checking '/root/ros2_ws/src/install/far_planner/bin'
[80.435s] Level 1:colcon.colcon_core.environment:checking '/root/ros2_ws/src/install/far_planner/lib/pkgconfig/far_planner.pc'
[80.435s] Level 1:colcon.colcon_core.environment:checking '/root/ros2_ws/src/install/far_planner/lib/python3.10/site-packages'
[80.435s] Level 1:colcon.colcon_core.environment:checking '/root/ros2_ws/src/install/far_planner/bin'
[80.436s] INFO:colcon.colcon_core.shell:Creating package script '/root/ros2_ws/src/install/far_planner/share/far_planner/package.ps1'
[80.436s] INFO:colcon.colcon_core.shell:Creating package descriptor '/root/ros2_ws/src/install/far_planner/share/far_planner/package.dsv'
[80.436s] INFO:colcon.colcon_core.shell:Creating package script '/root/ros2_ws/src/install/far_planner/share/far_planner/package.sh'
[80.437s] INFO:colcon.colcon_core.shell:Creating package script '/root/ros2_ws/src/install/far_planner/share/far_planner/package.bash'
[80.437s] INFO:colcon.colcon_core.shell:Creating package script '/root/ros2_ws/src/install/far_planner/share/far_planner/package.zsh'
[80.437s] Level 1:colcon.colcon_core.environment:create_file_with_runtime_dependencies(/root/ros2_ws/src/install/far_planner/share/colcon-core/packages/far_planner)
[80.438s] Level 1:colcon.colcon_core.environment:create_environment_scripts_only(far_planner)
[80.438s] Level 1:colcon.colcon_core.environment:checking '/root/ros2_ws/src/install/far_planner' for CMake module files
[80.438s] Level 1:colcon.colcon_core.environment:checking '/root/ros2_ws/src/install/far_planner' for CMake config files
[80.439s] Level 1:colcon.colcon_core.shell:create_environment_hook('far_planner', 'cmake_prefix_path')
[80.439s] INFO:colcon.colcon_core.shell:Creating environment hook '/root/ros2_ws/src/install/far_planner/share/far_planner/hook/cmake_prefix_path.ps1'
[80.439s] INFO:colcon.colcon_core.shell:Creating environment descriptor '/root/ros2_ws/src/install/far_planner/share/far_planner/hook/cmake_prefix_path.dsv'
[80.440s] INFO:colcon.colcon_core.shell:Creating environment hook '/root/ros2_ws/src/install/far_planner/share/far_planner/hook/cmake_prefix_path.sh'
[80.440s] Level 1:colcon.colcon_core.environment:checking '/root/ros2_ws/src/install/far_planner/lib'
[80.440s] Level 1:colcon.colcon_core.environment:checking '/root/ros2_ws/src/install/far_planner/bin'
[80.440s] Level 1:colcon.colcon_core.environment:checking '/root/ros2_ws/src/install/far_planner/lib/pkgconfig/far_planner.pc'
[80.441s] Level 1:colcon.colcon_core.environment:checking '/root/ros2_ws/src/install/far_planner/lib/python3.10/site-packages'
[80.441s] Level 1:colcon.colcon_core.environment:checking '/root/ros2_ws/src/install/far_planner/bin'
[80.441s] INFO:colcon.colcon_core.shell:Creating package script '/root/ros2_ws/src/install/far_planner/share/far_planner/package.ps1'
[80.441s] INFO:colcon.colcon_core.shell:Creating package descriptor '/root/ros2_ws/src/install/far_planner/share/far_planner/package.dsv'
[80.442s] INFO:colcon.colcon_core.shell:Creating package script '/root/ros2_ws/src/install/far_planner/share/far_planner/package.sh'
[80.442s] INFO:colcon.colcon_core.shell:Creating package script '/root/ros2_ws/src/install/far_planner/share/far_planner/package.bash'
[80.442s] INFO:colcon.colcon_core.shell:Creating package script '/root/ros2_ws/src/install/far_planner/share/far_planner/package.zsh'
[80.443s] Level 1:colcon.colcon_core.environment:create_file_with_runtime_dependencies(/root/ros2_ws/src/install/far_planner/share/colcon-core/packages/far_planner)
[82.481s] DEBUG:colcon.colcon_core.event_handler.log_command:Invoked command in '/root/ros2_ws/src/build/point_lio_unilidar' returned '0': AMENT_PREFIX_PATH=/root/ros2_ws/src/install/transform_sensors:${AMENT_PREFIX_PATH} CMAKE_PREFIX_PATH=/opt/ros/humble PYTHONPATH=/root/ros2_ws/src/install/transform_sensors/lib/python3.10/site-packages:${PYTHONPATH} /usr/bin/cmake --build /root/ros2_ws/src/build/point_lio_unilidar -- -j24 -l24
[82.482s] DEBUG:colcon.colcon_core.event_handler.log_command:Invoking command in '/root/ros2_ws/src/build/point_lio_unilidar': AMENT_PREFIX_PATH=/root/ros2_ws/src/install/transform_sensors:${AMENT_PREFIX_PATH} CMAKE_PREFIX_PATH=/opt/ros/humble PYTHONPATH=/root/ros2_ws/src/install/transform_sensors/lib/python3.10/site-packages:${PYTHONPATH} /usr/bin/cmake --install /root/ros2_ws/src/build/point_lio_unilidar
[82.495s] Level 1:colcon.colcon_core.environment:create_environment_scripts_only(point_lio_unilidar)
[82.496s] Level 1:colcon.colcon_core.environment:checking '/root/ros2_ws/src/install/point_lio_unilidar' for CMake module files
[82.496s] Level 1:colcon.colcon_core.environment:checking '/root/ros2_ws/src/install/point_lio_unilidar' for CMake config files
[82.497s] DEBUG:colcon.colcon_core.event_handler.log_command:Invoked command in '/root/ros2_ws/src/build/point_lio_unilidar' returned '0': AMENT_PREFIX_PATH=/root/ros2_ws/src/install/transform_sensors:${AMENT_PREFIX_PATH} CMAKE_PREFIX_PATH=/opt/ros/humble PYTHONPATH=/root/ros2_ws/src/install/transform_sensors/lib/python3.10/site-packages:${PYTHONPATH} /usr/bin/cmake --install /root/ros2_ws/src/build/point_lio_unilidar
[82.497s] Level 1:colcon.colcon_core.shell:create_environment_hook('point_lio_unilidar', 'cmake_prefix_path')
[82.497s] INFO:colcon.colcon_core.shell:Creating environment hook '/root/ros2_ws/src/install/point_lio_unilidar/share/point_lio_unilidar/hook/cmake_prefix_path.ps1'
[82.497s] INFO:colcon.colcon_core.shell:Creating environment descriptor '/root/ros2_ws/src/install/point_lio_unilidar/share/point_lio_unilidar/hook/cmake_prefix_path.dsv'
[82.497s] INFO:colcon.colcon_core.shell:Creating environment hook '/root/ros2_ws/src/install/point_lio_unilidar/share/point_lio_unilidar/hook/cmake_prefix_path.sh'
[82.498s] Level 1:colcon.colcon_core.environment:checking '/root/ros2_ws/src/install/point_lio_unilidar/lib'
[82.498s] Level 1:colcon.colcon_core.environment:checking '/root/ros2_ws/src/install/point_lio_unilidar/bin'
[82.498s] Level 1:colcon.colcon_core.environment:checking '/root/ros2_ws/src/install/point_lio_unilidar/lib/pkgconfig/point_lio_unilidar.pc'
[82.498s] Level 1:colcon.colcon_core.environment:checking '/root/ros2_ws/src/install/point_lio_unilidar/lib/python3.10/site-packages'
[82.498s] Level 1:colcon.colcon_core.environment:checking '/root/ros2_ws/src/install/point_lio_unilidar/bin'
[82.499s] INFO:colcon.colcon_core.shell:Creating package script '/root/ros2_ws/src/install/point_lio_unilidar/share/point_lio_unilidar/package.ps1'
[82.499s] INFO:colcon.colcon_core.shell:Creating package descriptor '/root/ros2_ws/src/install/point_lio_unilidar/share/point_lio_unilidar/package.dsv'
[82.499s] INFO:colcon.colcon_core.shell:Creating package script '/root/ros2_ws/src/install/point_lio_unilidar/share/point_lio_unilidar/package.sh'
[82.499s] INFO:colcon.colcon_core.shell:Creating package script '/root/ros2_ws/src/install/point_lio_unilidar/share/point_lio_unilidar/package.bash'
[82.500s] INFO:colcon.colcon_core.shell:Creating package script '/root/ros2_ws/src/install/point_lio_unilidar/share/point_lio_unilidar/package.zsh'
[82.500s] Level 1:colcon.colcon_core.environment:create_file_with_runtime_dependencies(/root/ros2_ws/src/install/point_lio_unilidar/share/colcon-core/packages/point_lio_unilidar)
[82.500s] Level 1:colcon.colcon_core.environment:create_environment_scripts_only(point_lio_unilidar)
[82.500s] Level 1:colcon.colcon_core.environment:checking '/root/ros2_ws/src/install/point_lio_unilidar' for CMake module files
[82.501s] Level 1:colcon.colcon_core.environment:checking '/root/ros2_ws/src/install/point_lio_unilidar' for CMake config files
[82.501s] Level 1:colcon.colcon_core.shell:create_environment_hook('point_lio_unilidar', 'cmake_prefix_path')
[82.501s] INFO:colcon.colcon_core.shell:Creating environment hook '/root/ros2_ws/src/install/point_lio_unilidar/share/point_lio_unilidar/hook/cmake_prefix_path.ps1'
[82.501s] INFO:colcon.colcon_core.shell:Creating environment descriptor '/root/ros2_ws/src/install/point_lio_unilidar/share/point_lio_unilidar/hook/cmake_prefix_path.dsv'
[82.502s] INFO:colcon.colcon_core.shell:Creating environment hook '/root/ros2_ws/src/install/point_lio_unilidar/share/point_lio_unilidar/hook/cmake_prefix_path.sh'
[82.502s] Level 1:colcon.colcon_core.environment:checking '/root/ros2_ws/src/install/point_lio_unilidar/lib'
[82.502s] Level 1:colcon.colcon_core.environment:checking '/root/ros2_ws/src/install/point_lio_unilidar/bin'
[82.502s] Level 1:colcon.colcon_core.environment:checking '/root/ros2_ws/src/install/point_lio_unilidar/lib/pkgconfig/point_lio_unilidar.pc'
[82.502s] Level 1:colcon.colcon_core.environment:checking '/root/ros2_ws/src/install/point_lio_unilidar/lib/python3.10/site-packages'
[82.502s] Level 1:colcon.colcon_core.environment:checking '/root/ros2_ws/src/install/point_lio_unilidar/bin'
[82.503s] INFO:colcon.colcon_core.shell:Creating package script '/root/ros2_ws/src/install/point_lio_unilidar/share/point_lio_unilidar/package.ps1'
[82.503s] INFO:colcon.colcon_core.shell:Creating package descriptor '/root/ros2_ws/src/install/point_lio_unilidar/share/point_lio_unilidar/package.dsv'
[82.503s] INFO:colcon.colcon_core.shell:Creating package script '/root/ros2_ws/src/install/point_lio_unilidar/share/point_lio_unilidar/package.sh'
[82.504s] INFO:colcon.colcon_core.shell:Creating package script '/root/ros2_ws/src/install/point_lio_unilidar/share/point_lio_unilidar/package.bash'
[82.504s] INFO:colcon.colcon_core.shell:Creating package script '/root/ros2_ws/src/install/point_lio_unilidar/share/point_lio_unilidar/package.zsh'
[82.504s] Level 1:colcon.colcon_core.environment:create_file_with_runtime_dependencies(/root/ros2_ws/src/install/point_lio_unilidar/share/colcon-core/packages/point_lio_unilidar)
[84.032s] DEBUG:colcon.colcon_core.event_handler.log_command:Invoked command in '/root/ros2_ws/src/build/local_planner' returned '0': AMENT_PREFIX_PATH=/root/ros2_ws/src/install/go2_sport_api:/root/ros2_ws/src/install/unitree_go:/root/ros2_ws/src/install/unitree_api:${AMENT_PREFIX_PATH} CMAKE_PREFIX_PATH=/root/ros2_ws/src/install/go2_sport_api:/root/ros2_ws/src/install/unitree_go:/root/ros2_ws/src/install/unitree_api:/opt/ros/humble LD_LIBRARY_PATH=/root/ros2_ws/src/install/go2_sport_api/lib:/root/ros2_ws/src/install/unitree_go/lib:/root/ros2_ws/src/install/unitree_api/lib:${LD_LIBRARY_PATH} PYTHONPATH=/root/ros2_ws/src/install/unitree_go/local/lib/python3.10/dist-packages:/root/ros2_ws/src/install/unitree_api/local/lib/python3.10/dist-packages:${PYTHONPATH} /usr/bin/cmake --build /root/ros2_ws/src/build/local_planner -- -j24 -l24
[84.033s] DEBUG:colcon.colcon_core.event_handler.log_command:Invoking command in '/root/ros2_ws/src/build/local_planner': AMENT_PREFIX_PATH=/root/ros2_ws/src/install/go2_sport_api:/root/ros2_ws/src/install/unitree_go:/root/ros2_ws/src/install/unitree_api:${AMENT_PREFIX_PATH} CMAKE_PREFIX_PATH=/root/ros2_ws/src/install/go2_sport_api:/root/ros2_ws/src/install/unitree_go:/root/ros2_ws/src/install/unitree_api:/opt/ros/humble LD_LIBRARY_PATH=/root/ros2_ws/src/install/go2_sport_api/lib:/root/ros2_ws/src/install/unitree_go/lib:/root/ros2_ws/src/install/unitree_api/lib:${LD_LIBRARY_PATH} PYTHONPATH=/root/ros2_ws/src/install/unitree_go/local/lib/python3.10/dist-packages:/root/ros2_ws/src/install/unitree_api/local/lib/python3.10/dist-packages:${PYTHONPATH} /usr/bin/cmake --install /root/ros2_ws/src/build/local_planner
[84.068s] Level 1:colcon.colcon_core.environment:create_environment_scripts_only(local_planner)
[84.069s] Level 1:colcon.colcon_core.environment:checking '/root/ros2_ws/src/install/local_planner' for CMake module files
[84.069s] DEBUG:colcon.colcon_core.event_handler.log_command:Invoked command in '/root/ros2_ws/src/build/local_planner' returned '0': AMENT_PREFIX_PATH=/root/ros2_ws/src/install/go2_sport_api:/root/ros2_ws/src/install/unitree_go:/root/ros2_ws/src/install/unitree_api:${AMENT_PREFIX_PATH} CMAKE_PREFIX_PATH=/root/ros2_ws/src/install/go2_sport_api:/root/ros2_ws/src/install/unitree_go:/root/ros2_ws/src/install/unitree_api:/opt/ros/humble LD_LIBRARY_PATH=/root/ros2_ws/src/install/go2_sport_api/lib:/root/ros2_ws/src/install/unitree_go/lib:/root/ros2_ws/src/install/unitree_api/lib:${LD_LIBRARY_PATH} PYTHONPATH=/root/ros2_ws/src/install/unitree_go/local/lib/python3.10/dist-packages:/root/ros2_ws/src/install/unitree_api/local/lib/python3.10/dist-packages:${PYTHONPATH} /usr/bin/cmake --install /root/ros2_ws/src/build/local_planner
[84.069s] Level 1:colcon.colcon_core.environment:checking '/root/ros2_ws/src/install/local_planner' for CMake config files
[84.069s] Level 1:colcon.colcon_core.shell:create_environment_hook('local_planner', 'cmake_prefix_path')
[84.070s] INFO:colcon.colcon_core.shell:Creating environment hook '/root/ros2_ws/src/install/local_planner/share/local_planner/hook/cmake_prefix_path.ps1'
[84.070s] INFO:colcon.colcon_core.shell:Creating environment descriptor '/root/ros2_ws/src/install/local_planner/share/local_planner/hook/cmake_prefix_path.dsv'
[84.070s] INFO:colcon.colcon_core.shell:Creating environment hook '/root/ros2_ws/src/install/local_planner/share/local_planner/hook/cmake_prefix_path.sh'
[84.070s] Level 1:colcon.colcon_core.environment:checking '/root/ros2_ws/src/install/local_planner/lib'
[84.070s] Level 1:colcon.colcon_core.environment:checking '/root/ros2_ws/src/install/local_planner/bin'
[84.070s] Level 1:colcon.colcon_core.environment:checking '/root/ros2_ws/src/install/local_planner/lib/pkgconfig/local_planner.pc'
[84.071s] Level 1:colcon.colcon_core.environment:checking '/root/ros2_ws/src/install/local_planner/lib/python3.10/site-packages'
[84.071s] Level 1:colcon.colcon_core.environment:checking '/root/ros2_ws/src/install/local_planner/bin'
[84.071s] INFO:colcon.colcon_core.shell:Creating package script '/root/ros2_ws/src/install/local_planner/share/local_planner/package.ps1'
[84.071s] INFO:colcon.colcon_core.shell:Creating package descriptor '/root/ros2_ws/src/install/local_planner/share/local_planner/package.dsv'
[84.071s] INFO:colcon.colcon_core.shell:Creating package script '/root/ros2_ws/src/install/local_planner/share/local_planner/package.sh'
[84.072s] INFO:colcon.colcon_core.shell:Creating package script '/root/ros2_ws/src/install/local_planner/share/local_planner/package.bash'
[84.072s] INFO:colcon.colcon_core.shell:Creating package script '/root/ros2_ws/src/install/local_planner/share/local_planner/package.zsh'
[84.072s] Level 1:colcon.colcon_core.environment:create_file_with_runtime_dependencies(/root/ros2_ws/src/install/local_planner/share/colcon-core/packages/local_planner)
[84.072s] Level 1:colcon.colcon_core.environment:create_environment_scripts_only(local_planner)
[84.073s] Level 1:colcon.colcon_core.environment:checking '/root/ros2_ws/src/install/local_planner' for CMake module files
[84.073s] Level 1:colcon.colcon_core.environment:checking '/root/ros2_ws/src/install/local_planner' for CMake config files
[84.073s] Level 1:colcon.colcon_core.shell:create_environment_hook('local_planner', 'cmake_prefix_path')
[84.073s] INFO:colcon.colcon_core.shell:Creating environment hook '/root/ros2_ws/src/install/local_planner/share/local_planner/hook/cmake_prefix_path.ps1'
[84.073s] INFO:colcon.colcon_core.shell:Creating environment descriptor '/root/ros2_ws/src/install/local_planner/share/local_planner/hook/cmake_prefix_path.dsv'
[84.074s] INFO:colcon.colcon_core.shell:Creating environment hook '/root/ros2_ws/src/install/local_planner/share/local_planner/hook/cmake_prefix_path.sh'
[84.074s] Level 1:colcon.colcon_core.environment:checking '/root/ros2_ws/src/install/local_planner/lib'
[84.074s] Level 1:colcon.colcon_core.environment:checking '/root/ros2_ws/src/install/local_planner/bin'
[84.074s] Level 1:colcon.colcon_core.environment:checking '/root/ros2_ws/src/install/local_planner/lib/pkgconfig/local_planner.pc'
[84.074s] Level 1:colcon.colcon_core.environment:checking '/root/ros2_ws/src/install/local_planner/lib/python3.10/site-packages'
[84.074s] Level 1:colcon.colcon_core.environment:checking '/root/ros2_ws/src/install/local_planner/bin'
[84.075s] INFO:colcon.colcon_core.shell:Creating package script '/root/ros2_ws/src/install/local_planner/share/local_planner/package.ps1'
[84.075s] INFO:colcon.colcon_core.shell:Creating package descriptor '/root/ros2_ws/src/install/local_planner/share/local_planner/package.dsv'
[84.075s] INFO:colcon.colcon_core.shell:Creating package script '/root/ros2_ws/src/install/local_planner/share/local_planner/package.sh'
[84.075s] INFO:colcon.colcon_core.shell:Creating package script '/root/ros2_ws/src/install/local_planner/share/local_planner/package.bash'
[84.076s] INFO:colcon.colcon_core.shell:Creating package script '/root/ros2_ws/src/install/local_planner/share/local_planner/package.zsh'
[84.076s] Level 1:colcon.colcon_core.environment:create_file_with_runtime_dependencies(/root/ros2_ws/src/install/local_planner/share/colcon-core/packages/local_planner)
[107.938s] DEBUG:colcon.colcon_core.event_handler.log_command:Invoked command in '/root/ros2_ws/src/build/super_odometry' returned '0': AMENT_PREFIX_PATH=/root/ros2_ws/src/install/super_odometry_msgs:/root/ros2_ws/src/install/livox_ros_driver2:${AMENT_PREFIX_PATH} CMAKE_PREFIX_PATH=/root/ros2_ws/src/install/super_odometry_msgs:/root/ros2_ws/src/install/livox_ros_driver2:/opt/ros/humble LD_LIBRARY_PATH=/root/ros2_ws/src/install/super_odometry_msgs/lib:/root/ros2_ws/src/install/livox_ros_driver2/lib:${LD_LIBRARY_PATH} PYTHONPATH=/root/ros2_ws/src/install/super_odometry_msgs/local/lib/python3.10/dist-packages:/root/ros2_ws/src/install/livox_ros_driver2/local/lib/python3.10/dist-packages:${PYTHONPATH} /usr/bin/cmake --build /root/ros2_ws/src/build/super_odometry -- -j24 -l24
[107.938s] DEBUG:colcon.colcon_core.event_handler.log_command:Invoking command in '/root/ros2_ws/src/build/super_odometry': AMENT_PREFIX_PATH=/root/ros2_ws/src/install/super_odometry_msgs:/root/ros2_ws/src/install/livox_ros_driver2:${AMENT_PREFIX_PATH} CMAKE_PREFIX_PATH=/root/ros2_ws/src/install/super_odometry_msgs:/root/ros2_ws/src/install/livox_ros_driver2:/opt/ros/humble LD_LIBRARY_PATH=/root/ros2_ws/src/install/super_odometry_msgs/lib:/root/ros2_ws/src/install/livox_ros_driver2/lib:${LD_LIBRARY_PATH} PYTHONPATH=/root/ros2_ws/src/install/super_odometry_msgs/local/lib/python3.10/dist-packages:/root/ros2_ws/src/install/livox_ros_driver2/local/lib/python3.10/dist-packages:${PYTHONPATH} /usr/bin/cmake --install /root/ros2_ws/src/build/super_odometry
[108.009s] Level 1:colcon.colcon_core.environment:create_environment_scripts_only(super_odometry)
[108.009s] Level 1:colcon.colcon_core.environment:checking '/root/ros2_ws/src/install/super_odometry' for CMake module files
[108.010s] DEBUG:colcon.colcon_core.event_handler.log_command:Invoked command in '/root/ros2_ws/src/build/super_odometry' returned '0': AMENT_PREFIX_PATH=/root/ros2_ws/src/install/super_odometry_msgs:/root/ros2_ws/src/install/livox_ros_driver2:${AMENT_PREFIX_PATH} CMAKE_PREFIX_PATH=/root/ros2_ws/src/install/super_odometry_msgs:/root/ros2_ws/src/install/livox_ros_driver2:/opt/ros/humble LD_LIBRARY_PATH=/root/ros2_ws/src/install/super_odometry_msgs/lib:/root/ros2_ws/src/install/livox_ros_driver2/lib:${LD_LIBRARY_PATH} PYTHONPATH=/root/ros2_ws/src/install/super_odometry_msgs/local/lib/python3.10/dist-packages:/root/ros2_ws/src/install/livox_ros_driver2/local/lib/python3.10/dist-packages:${PYTHONPATH} /usr/bin/cmake --install /root/ros2_ws/src/build/super_odometry
[108.010s] Level 1:colcon.colcon_core.environment:checking '/root/ros2_ws/src/install/super_odometry' for CMake config files
[108.010s] Level 1:colcon.colcon_core.shell:create_environment_hook('super_odometry', 'cmake_prefix_path')
[108.010s] INFO:colcon.colcon_core.shell:Creating environment hook '/root/ros2_ws/src/install/super_odometry/share/super_odometry/hook/cmake_prefix_path.ps1'
[108.010s] INFO:colcon.colcon_core.shell:Creating environment descriptor '/root/ros2_ws/src/install/super_odometry/share/super_odometry/hook/cmake_prefix_path.dsv'
[108.010s] INFO:colcon.colcon_core.shell:Creating environment hook '/root/ros2_ws/src/install/super_odometry/share/super_odometry/hook/cmake_prefix_path.sh'
[108.011s] Level 1:colcon.colcon_core.environment:checking '/root/ros2_ws/src/install/super_odometry/lib'
[108.011s] Level 1:colcon.colcon_core.shell:create_environment_hook('super_odometry', 'ld_library_path_lib')
[108.011s] INFO:colcon.colcon_core.shell:Creating environment hook '/root/ros2_ws/src/install/super_odometry/share/super_odometry/hook/ld_library_path_lib.ps1'
[108.011s] INFO:colcon.colcon_core.shell:Creating environment descriptor '/root/ros2_ws/src/install/super_odometry/share/super_odometry/hook/ld_library_path_lib.dsv'
[108.011s] INFO:colcon.colcon_core.shell:Creating environment hook '/root/ros2_ws/src/install/super_odometry/share/super_odometry/hook/ld_library_path_lib.sh'
[108.011s] Level 1:colcon.colcon_core.environment:checking '/root/ros2_ws/src/install/super_odometry/bin'
[108.011s] Level 1:colcon.colcon_core.environment:checking '/root/ros2_ws/src/install/super_odometry/lib/pkgconfig/super_odometry.pc'
[108.011s] Level 1:colcon.colcon_core.environment:checking '/root/ros2_ws/src/install/super_odometry/lib/python3.10/site-packages'
[108.011s] Level 1:colcon.colcon_core.environment:checking '/root/ros2_ws/src/install/super_odometry/bin'
[108.011s] INFO:colcon.colcon_core.shell:Creating package script '/root/ros2_ws/src/install/super_odometry/share/super_odometry/package.ps1'
[108.012s] INFO:colcon.colcon_core.shell:Creating package descriptor '/root/ros2_ws/src/install/super_odometry/share/super_odometry/package.dsv'
[108.012s] INFO:colcon.colcon_core.shell:Creating package script '/root/ros2_ws/src/install/super_odometry/share/super_odometry/package.sh'
[108.012s] INFO:colcon.colcon_core.shell:Creating package script '/root/ros2_ws/src/install/super_odometry/share/super_odometry/package.bash'
[108.012s] INFO:colcon.colcon_core.shell:Creating package script '/root/ros2_ws/src/install/super_odometry/share/super_odometry/package.zsh'
[108.012s] Level 1:colcon.colcon_core.environment:create_file_with_runtime_dependencies(/root/ros2_ws/src/install/super_odometry/share/colcon-core/packages/super_odometry)
[108.013s] Level 1:colcon.colcon_core.environment:create_environment_scripts_only(super_odometry)
[108.013s] Level 1:colcon.colcon_core.environment:checking '/root/ros2_ws/src/install/super_odometry' for CMake module files
[108.013s] Level 1:colcon.colcon_core.environment:checking '/root/ros2_ws/src/install/super_odometry' for CMake config files
[108.013s] Level 1:colcon.colcon_core.shell:create_environment_hook('super_odometry', 'cmake_prefix_path')
[108.013s] INFO:colcon.colcon_core.shell:Creating environment hook '/root/ros2_ws/src/install/super_odometry/share/super_odometry/hook/cmake_prefix_path.ps1'
[108.013s] INFO:colcon.colcon_core.shell:Creating environment descriptor '/root/ros2_ws/src/install/super_odometry/share/super_odometry/hook/cmake_prefix_path.dsv'
[108.013s] INFO:colcon.colcon_core.shell:Creating environment hook '/root/ros2_ws/src/install/super_odometry/share/super_odometry/hook/cmake_prefix_path.sh'
[108.013s] Level 1:colcon.colcon_core.environment:checking '/root/ros2_ws/src/install/super_odometry/lib'
[108.013s] Level 1:colcon.colcon_core.shell:create_environment_hook('super_odometry', 'ld_library_path_lib')
[108.014s] INFO:colcon.colcon_core.shell:Creating environment hook '/root/ros2_ws/src/install/super_odometry/share/super_odometry/hook/ld_library_path_lib.ps1'
[108.014s] INFO:colcon.colcon_core.shell:Creating environment descriptor '/root/ros2_ws/src/install/super_odometry/share/super_odometry/hook/ld_library_path_lib.dsv'
[108.014s] INFO:colcon.colcon_core.shell:Creating environment hook '/root/ros2_ws/src/install/super_odometry/share/super_odometry/hook/ld_library_path_lib.sh'
[108.014s] Level 1:colcon.colcon_core.environment:checking '/root/ros2_ws/src/install/super_odometry/bin'
[108.014s] Level 1:colcon.colcon_core.environment:checking '/root/ros2_ws/src/install/super_odometry/lib/pkgconfig/super_odometry.pc'
[108.014s] Level 1:colcon.colcon_core.environment:checking '/root/ros2_ws/src/install/super_odometry/lib/python3.10/site-packages'
[108.014s] Level 1:colcon.colcon_core.environment:checking '/root/ros2_ws/src/install/super_odometry/bin'
[108.014s] INFO:colcon.colcon_core.shell:Creating package script '/root/ros2_ws/src/install/super_odometry/share/super_odometry/package.ps1'
[108.015s] INFO:colcon.colcon_core.shell:Creating package descriptor '/root/ros2_ws/src/install/super_odometry/share/super_odometry/package.dsv'
[108.015s] INFO:colcon.colcon_core.shell:Creating package script '/root/ros2_ws/src/install/super_odometry/share/super_odometry/package.sh'
[108.015s] INFO:colcon.colcon_core.shell:Creating package script '/root/ros2_ws/src/install/super_odometry/share/super_odometry/package.bash'
[108.015s] INFO:colcon.colcon_core.shell:Creating package script '/root/ros2_ws/src/install/super_odometry/share/super_odometry/package.zsh'
[108.015s] Level 1:colcon.colcon_core.environment:create_file_with_runtime_dependencies(/root/ros2_ws/src/install/super_odometry/share/colcon-core/packages/super_odometry)
[108.015s] DEBUG:colcon.colcon_parallel_executor.executor.parallel:closing loop
[108.015s] DEBUG:colcon.colcon_parallel_executor.executor.parallel:loop closed
[108.015s] DEBUG:colcon.colcon_parallel_executor.executor.parallel:run_until_complete finished with '0'
[108.015s] DEBUG:colcon.colcon_core.event_reactor:joining thread
[108.019s] INFO:colcon.colcon_core.plugin_system:Skipping extension 'colcon_notification.desktop_notification.notify_send': Could not find 'notify-send'
[108.019s] INFO:colcon.colcon_core.plugin_system:Skipping extension 'colcon_notification.desktop_notification.terminal_notifier': Not used on non-Darwin systems
[108.019s] INFO:colcon.colcon_core.plugin_system:Skipping extension 'colcon_notification.desktop_notification.win32': Not used on non-Windows systems
[108.019s] INFO:colcon.colcon_notification.desktop_notification:Sending desktop notification using 'notify2'
[108.021s] DEBUG:colcon.colcon_notification.desktop_notification.notify2:Failed to initialize notify2: org.freedesktop.DBus.Error.Spawn.ExecFailed: /usr/bin/dbus-launch terminated abnormally without any error message
[108.021s] DEBUG:colcon.colcon_core.event_reactor:joined thread
[108.022s] INFO:colcon.colcon_core.shell:Creating prefix script '/root/ros2_ws/src/install/local_setup.ps1'
[108.022s] INFO:colcon.colcon_core.shell:Creating prefix util module '/root/ros2_ws/src/install/_local_setup_util_ps1.py'
[108.022s] INFO:colcon.colcon_core.shell:Creating prefix chain script '/root/ros2_ws/src/install/setup.ps1'
[108.023s] INFO:colcon.colcon_core.shell:Creating prefix script '/root/ros2_ws/src/install/local_setup.sh'
[108.023s] INFO:colcon.colcon_core.shell:Creating prefix util module '/root/ros2_ws/src/install/_local_setup_util_sh.py'
[108.023s] INFO:colcon.colcon_core.shell:Creating prefix chain script '/root/ros2_ws/src/install/setup.sh'
[108.024s] INFO:colcon.colcon_core.shell:Creating prefix script '/root/ros2_ws/src/install/local_setup.bash'
[108.024s] INFO:colcon.colcon_core.shell:Creating prefix chain script '/root/ros2_ws/src/install/setup.bash'
[108.024s] INFO:colcon.colcon_core.shell:Creating prefix script '/root/ros2_ws/src/install/local_setup.zsh'
[108.024s] INFO:colcon.colcon_core.shell:Creating prefix chain script '/root/ros2_ws/src/install/setup.zsh'
