[0.051s] DEBUG:colcon:Command line arguments: ['/usr/bin/colcon', 'build']
[0.051s] DEBUG:colcon:Parsed command line arguments: Namespace(log_base=None, log_level=None, verb_name='build', build_base='build', install_base='install', merge_install=False, symlink_install=False, test_result_base=None, continue_on_error=False, executor='parallel', parallel_workers=24, event_handlers=None, ignore_user_meta=False, metas=['./colcon.meta'], base_paths=['.'], packages_ignore=None, packages_ignore_regex=None, paths=None, packages_up_to=None, packages_up_to_regex=None, packages_above=None, packages_above_and_dependencies=None, packages_above_depth=None, packages_select_by_dep=None, packages_skip_by_dep=None, packages_skip_up_to=None, packages_select_build_failed=False, packages_skip_build_finished=False, packages_select_test_failures=False, packages_skip_test_passed=False, packages_select=None, packages_skip=None, packages_select_regex=None, packages_skip_regex=None, packages_start=None, packages_end=None, cmake_args=None, cmake_target=None, cmake_target_skip_unavailable=False, cmake_clean_cache=False, cmake_clean_first=False, cmake_force_configure=False, ament_cmake_args=None, catkin_cmake_args=None, catkin_skip_building_tests=False, mixin_files=None, mixin=None, verb_parser=<colcon_mixin.mixin.mixin_argument.MixinArgumentDecorator object at 0x739effd2fcd0>, verb_extension=<colcon_core.verb.build.BuildVerb object at 0x739effd2f640>, main=<bound method BuildVerb.main of <colcon_core.verb.build.BuildVerb object at 0x739effd2f640>>, mixin_verb=('build',))
[0.115s] Level 1:colcon.colcon_core.package_discovery:discover_packages(colcon_meta) check parameters
[0.115s] INFO:colcon.colcon_metadata.package_discovery.colcon_meta:Using configuration from '/root/.colcon/metadata/default/Gazebo.meta'
[0.115s] INFO:colcon.colcon_metadata.package_discovery.colcon_meta:Using configuration from '/root/.colcon/metadata/default/fastdds.meta'
[0.115s] INFO:colcon.colcon_metadata.package_discovery.colcon_meta:Using configuration from '/root/.colcon/metadata/default/fastrtps.meta'
[0.115s] Level 1:colcon.colcon_core.package_discovery:discover_packages(recursive) check parameters
[0.115s] Level 1:colcon.colcon_core.package_discovery:discover_packages(ignore) check parameters
[0.115s] Level 1:colcon.colcon_core.package_discovery:discover_packages(path) check parameters
[0.115s] Level 1:colcon.colcon_core.package_discovery:discover_packages(colcon_meta) discover
[0.115s] Level 1:colcon.colcon_core.package_discovery:discover_packages(recursive) discover
[0.115s] INFO:colcon.colcon_core.package_discovery:Crawling recursively for packages in '/root/ros2_ws/src'
[0.115s] Level 1:colcon.colcon_core.package_identification:_identify(.) by extensions ['ignore', 'ignore_ament_install']
[0.115s] Level 1:colcon.colcon_core.package_identification:_identify(.) by extension 'ignore'
[0.115s] Level 1:colcon.colcon_core.package_identification:_identify(.) by extension 'ignore_ament_install'
[0.115s] Level 1:colcon.colcon_core.package_identification:_identify(.) by extensions ['colcon_pkg']
[0.116s] Level 1:colcon.colcon_core.package_identification:_identify(.) by extension 'colcon_pkg'
[0.116s] Level 1:colcon.colcon_core.package_identification:_identify(.) by extensions ['colcon_meta']
[0.116s] Level 1:colcon.colcon_core.package_identification:_identify(.) by extension 'colcon_meta'
[0.116s] Level 1:colcon.colcon_core.package_identification:_identify(.) by extensions ['ros']
[0.116s] Level 1:colcon.colcon_core.package_identification:_identify(.) by extension 'ros'
[0.120s] Level 1:colcon.colcon_core.package_identification:_identify(.) by extensions ['cmake', 'python']
[0.120s] Level 1:colcon.colcon_core.package_identification:_identify(.) by extension 'cmake'
[0.120s] Level 1:colcon.colcon_core.package_identification:_identify(.) by extension 'python'
[0.120s] Level 1:colcon.colcon_core.package_identification:_identify(.) by extensions ['python_setup_py']
[0.120s] Level 1:colcon.colcon_core.package_identification:_identify(.) by extension 'python_setup_py'
[0.120s] Level 1:colcon.colcon_core.package_identification:_identify(base_autonomy) by extensions ['ignore', 'ignore_ament_install']
[0.120s] Level 1:colcon.colcon_core.package_identification:_identify(base_autonomy) by extension 'ignore'
[0.120s] Level 1:colcon.colcon_core.package_identification:_identify(base_autonomy) by extension 'ignore_ament_install'
[0.121s] Level 1:colcon.colcon_core.package_identification:_identify(base_autonomy) by extensions ['colcon_pkg']
[0.121s] Level 1:colcon.colcon_core.package_identification:_identify(base_autonomy) by extension 'colcon_pkg'
[0.121s] Level 1:colcon.colcon_core.package_identification:_identify(base_autonomy) by extensions ['colcon_meta']
[0.121s] Level 1:colcon.colcon_core.package_identification:_identify(base_autonomy) by extension 'colcon_meta'
[0.121s] Level 1:colcon.colcon_core.package_identification:_identify(base_autonomy) by extensions ['ros']
[0.121s] Level 1:colcon.colcon_core.package_identification:_identify(base_autonomy) by extension 'ros'
[0.121s] Level 1:colcon.colcon_core.package_identification:_identify(base_autonomy) by extensions ['cmake', 'python']
[0.121s] Level 1:colcon.colcon_core.package_identification:_identify(base_autonomy) by extension 'cmake'
[0.121s] Level 1:colcon.colcon_core.package_identification:_identify(base_autonomy) by extension 'python'
[0.121s] Level 1:colcon.colcon_core.package_identification:_identify(base_autonomy) by extensions ['python_setup_py']
[0.121s] Level 1:colcon.colcon_core.package_identification:_identify(base_autonomy) by extension 'python_setup_py'
[0.121s] Level 1:colcon.colcon_core.package_identification:_identify(base_autonomy/local_planner) by extensions ['ignore', 'ignore_ament_install']
[0.121s] Level 1:colcon.colcon_core.package_identification:_identify(base_autonomy/local_planner) by extension 'ignore'
[0.121s] Level 1:colcon.colcon_core.package_identification:_identify(base_autonomy/local_planner) by extension 'ignore_ament_install'
[0.121s] Level 1:colcon.colcon_core.package_identification:_identify(base_autonomy/local_planner) by extensions ['colcon_pkg']
[0.121s] Level 1:colcon.colcon_core.package_identification:_identify(base_autonomy/local_planner) by extension 'colcon_pkg'
[0.121s] Level 1:colcon.colcon_core.package_identification:_identify(base_autonomy/local_planner) by extensions ['colcon_meta']
[0.121s] Level 1:colcon.colcon_core.package_identification:_identify(base_autonomy/local_planner) by extension 'colcon_meta'
[0.121s] Level 1:colcon.colcon_core.package_identification:_identify(base_autonomy/local_planner) by extensions ['ros']
[0.121s] Level 1:colcon.colcon_core.package_identification:_identify(base_autonomy/local_planner) by extension 'ros'
[0.122s] DEBUG:colcon.colcon_core.package_identification:Package 'base_autonomy/local_planner' with type 'ros.ament_cmake' and name 'local_planner'
[0.122s] Level 1:colcon.colcon_core.package_identification:_identify(base_autonomy/sensor_scan_generation) by extensions ['ignore', 'ignore_ament_install']
[0.122s] Level 1:colcon.colcon_core.package_identification:_identify(base_autonomy/sensor_scan_generation) by extension 'ignore'
[0.122s] Level 1:colcon.colcon_core.package_identification:_identify(base_autonomy/sensor_scan_generation) by extension 'ignore_ament_install'
[0.122s] Level 1:colcon.colcon_core.package_identification:_identify(base_autonomy/sensor_scan_generation) by extensions ['colcon_pkg']
[0.122s] Level 1:colcon.colcon_core.package_identification:_identify(base_autonomy/sensor_scan_generation) by extension 'colcon_pkg'
[0.122s] Level 1:colcon.colcon_core.package_identification:_identify(base_autonomy/sensor_scan_generation) by extensions ['colcon_meta']
[0.122s] Level 1:colcon.colcon_core.package_identification:_identify(base_autonomy/sensor_scan_generation) by extension 'colcon_meta'
[0.122s] Level 1:colcon.colcon_core.package_identification:_identify(base_autonomy/sensor_scan_generation) by extensions ['ros']
[0.122s] Level 1:colcon.colcon_core.package_identification:_identify(base_autonomy/sensor_scan_generation) by extension 'ros'
[0.123s] DEBUG:colcon.colcon_core.package_identification:Package 'base_autonomy/sensor_scan_generation' with type 'ros.ament_cmake' and name 'sensor_scan_generation'
[0.123s] Level 1:colcon.colcon_core.package_identification:_identify(base_autonomy/terrain_analysis) by extensions ['ignore', 'ignore_ament_install']
[0.123s] Level 1:colcon.colcon_core.package_identification:_identify(base_autonomy/terrain_analysis) by extension 'ignore'
[0.123s] Level 1:colcon.colcon_core.package_identification:_identify(base_autonomy/terrain_analysis) by extension 'ignore_ament_install'
[0.123s] Level 1:colcon.colcon_core.package_identification:_identify(base_autonomy/terrain_analysis) by extensions ['colcon_pkg']
[0.123s] Level 1:colcon.colcon_core.package_identification:_identify(base_autonomy/terrain_analysis) by extension 'colcon_pkg'
[0.123s] Level 1:colcon.colcon_core.package_identification:_identify(base_autonomy/terrain_analysis) by extensions ['colcon_meta']
[0.123s] Level 1:colcon.colcon_core.package_identification:_identify(base_autonomy/terrain_analysis) by extension 'colcon_meta'
[0.123s] Level 1:colcon.colcon_core.package_identification:_identify(base_autonomy/terrain_analysis) by extensions ['ros']
[0.123s] Level 1:colcon.colcon_core.package_identification:_identify(base_autonomy/terrain_analysis) by extension 'ros'
[0.123s] DEBUG:colcon.colcon_core.package_identification:Package 'base_autonomy/terrain_analysis' with type 'ros.ament_cmake' and name 'terrain_analysis'
[0.123s] Level 1:colcon.colcon_core.package_identification:_identify(base_autonomy/terrain_analysis_ext) by extensions ['ignore', 'ignore_ament_install']
[0.123s] Level 1:colcon.colcon_core.package_identification:_identify(base_autonomy/terrain_analysis_ext) by extension 'ignore'
[0.123s] Level 1:colcon.colcon_core.package_identification:_identify(base_autonomy/terrain_analysis_ext) by extension 'ignore_ament_install'
[0.123s] Level 1:colcon.colcon_core.package_identification:_identify(base_autonomy/terrain_analysis_ext) by extensions ['colcon_pkg']
[0.124s] Level 1:colcon.colcon_core.package_identification:_identify(base_autonomy/terrain_analysis_ext) by extension 'colcon_pkg'
[0.124s] Level 1:colcon.colcon_core.package_identification:_identify(base_autonomy/terrain_analysis_ext) by extensions ['colcon_meta']
[0.124s] Level 1:colcon.colcon_core.package_identification:_identify(base_autonomy/terrain_analysis_ext) by extension 'colcon_meta'
[0.124s] Level 1:colcon.colcon_core.package_identification:_identify(base_autonomy/terrain_analysis_ext) by extensions ['ros']
[0.124s] Level 1:colcon.colcon_core.package_identification:_identify(base_autonomy/terrain_analysis_ext) by extension 'ros'
[0.124s] DEBUG:colcon.colcon_core.package_identification:Package 'base_autonomy/terrain_analysis_ext' with type 'ros.ament_cmake' and name 'terrain_analysis_ext'
[0.124s] Level 1:colcon.colcon_core.package_identification:_identify(base_autonomy/vehicle_simulator) by extensions ['ignore', 'ignore_ament_install']
[0.124s] Level 1:colcon.colcon_core.package_identification:_identify(base_autonomy/vehicle_simulator) by extension 'ignore'
[0.124s] Level 1:colcon.colcon_core.package_identification:_identify(base_autonomy/vehicle_simulator) by extension 'ignore_ament_install'
[0.124s] Level 1:colcon.colcon_core.package_identification:_identify(base_autonomy/vehicle_simulator) by extensions ['colcon_pkg']
[0.124s] Level 1:colcon.colcon_core.package_identification:_identify(base_autonomy/vehicle_simulator) by extension 'colcon_pkg'
[0.124s] Level 1:colcon.colcon_core.package_identification:_identify(base_autonomy/vehicle_simulator) by extensions ['colcon_meta']
[0.124s] Level 1:colcon.colcon_core.package_identification:_identify(base_autonomy/vehicle_simulator) by extension 'colcon_meta'
[0.124s] Level 1:colcon.colcon_core.package_identification:_identify(base_autonomy/vehicle_simulator) by extensions ['ros']
[0.124s] Level 1:colcon.colcon_core.package_identification:_identify(base_autonomy/vehicle_simulator) by extension 'ros'
[0.125s] DEBUG:colcon.colcon_core.package_identification:Package 'base_autonomy/vehicle_simulator' with type 'ros.ament_cmake' and name 'vehicle_simulator'
[0.125s] Level 1:colcon.colcon_core.package_identification:_identify(base_autonomy/visualization_tools) by extensions ['ignore', 'ignore_ament_install']
[0.125s] Level 1:colcon.colcon_core.package_identification:_identify(base_autonomy/visualization_tools) by extension 'ignore'
[0.125s] Level 1:colcon.colcon_core.package_identification:_identify(base_autonomy/visualization_tools) by extension 'ignore_ament_install'
[0.125s] Level 1:colcon.colcon_core.package_identification:_identify(base_autonomy/visualization_tools) by extensions ['colcon_pkg']
[0.125s] Level 1:colcon.colcon_core.package_identification:_identify(base_autonomy/visualization_tools) by extension 'colcon_pkg'
[0.125s] Level 1:colcon.colcon_core.package_identification:_identify(base_autonomy/visualization_tools) by extensions ['colcon_meta']
[0.125s] Level 1:colcon.colcon_core.package_identification:_identify(base_autonomy/visualization_tools) by extension 'colcon_meta'
[0.125s] Level 1:colcon.colcon_core.package_identification:_identify(base_autonomy/visualization_tools) by extensions ['ros']
[0.125s] Level 1:colcon.colcon_core.package_identification:_identify(base_autonomy/visualization_tools) by extension 'ros'
[0.125s] DEBUG:colcon.colcon_core.package_identification:Package 'base_autonomy/visualization_tools' with type 'ros.ament_cmake' and name 'visualization_tools'
[0.125s] Level 1:colcon.colcon_core.package_identification:_identify(base_autonomy/waypoint_example) by extensions ['ignore', 'ignore_ament_install']
[0.125s] Level 1:colcon.colcon_core.package_identification:_identify(base_autonomy/waypoint_example) by extension 'ignore'
[0.126s] Level 1:colcon.colcon_core.package_identification:_identify(base_autonomy/waypoint_example) by extension 'ignore_ament_install'
[0.126s] Level 1:colcon.colcon_core.package_identification:_identify(base_autonomy/waypoint_example) by extensions ['colcon_pkg']
[0.126s] Level 1:colcon.colcon_core.package_identification:_identify(base_autonomy/waypoint_example) by extension 'colcon_pkg'
[0.126s] Level 1:colcon.colcon_core.package_identification:_identify(base_autonomy/waypoint_example) by extensions ['colcon_meta']
[0.126s] Level 1:colcon.colcon_core.package_identification:_identify(base_autonomy/waypoint_example) by extension 'colcon_meta'
[0.126s] Level 1:colcon.colcon_core.package_identification:_identify(base_autonomy/waypoint_example) by extensions ['ros']
[0.126s] Level 1:colcon.colcon_core.package_identification:_identify(base_autonomy/waypoint_example) by extension 'ros'
[0.126s] DEBUG:colcon.colcon_core.package_identification:Package 'base_autonomy/waypoint_example' with type 'ros.ament_cmake' and name 'waypoint_example'
[0.126s] Level 1:colcon.colcon_core.package_identification:_identify(build) by extensions ['ignore', 'ignore_ament_install']
[0.126s] Level 1:colcon.colcon_core.package_identification:_identify(build) by extension 'ignore'
[0.126s] Level 1:colcon.colcon_core.package_identification:_identify(build) ignored
[0.126s] Level 1:colcon.colcon_core.package_identification:_identify(install) by extensions ['ignore', 'ignore_ament_install']
[0.126s] Level 1:colcon.colcon_core.package_identification:_identify(install) by extension 'ignore'
[0.126s] Level 1:colcon.colcon_core.package_identification:_identify(install) ignored
[0.126s] Level 1:colcon.colcon_core.package_identification:_identify(log) by extensions ['ignore', 'ignore_ament_install']
[0.126s] Level 1:colcon.colcon_core.package_identification:_identify(log) by extension 'ignore'
[0.126s] Level 1:colcon.colcon_core.package_identification:_identify(log) ignored
[0.126s] Level 1:colcon.colcon_core.package_identification:_identify(route_planner) by extensions ['ignore', 'ignore_ament_install']
[0.126s] Level 1:colcon.colcon_core.package_identification:_identify(route_planner) by extension 'ignore'
[0.126s] Level 1:colcon.colcon_core.package_identification:_identify(route_planner) by extension 'ignore_ament_install'
[0.126s] Level 1:colcon.colcon_core.package_identification:_identify(route_planner) by extensions ['colcon_pkg']
[0.127s] Level 1:colcon.colcon_core.package_identification:_identify(route_planner) by extension 'colcon_pkg'
[0.127s] Level 1:colcon.colcon_core.package_identification:_identify(route_planner) by extensions ['colcon_meta']
[0.127s] Level 1:colcon.colcon_core.package_identification:_identify(route_planner) by extension 'colcon_meta'
[0.127s] Level 1:colcon.colcon_core.package_identification:_identify(route_planner) by extensions ['ros']
[0.127s] Level 1:colcon.colcon_core.package_identification:_identify(route_planner) by extension 'ros'
[0.127s] Level 1:colcon.colcon_core.package_identification:_identify(route_planner) by extensions ['cmake', 'python']
[0.127s] Level 1:colcon.colcon_core.package_identification:_identify(route_planner) by extension 'cmake'
[0.127s] Level 1:colcon.colcon_core.package_identification:_identify(route_planner) by extension 'python'
[0.127s] Level 1:colcon.colcon_core.package_identification:_identify(route_planner) by extensions ['python_setup_py']
[0.127s] Level 1:colcon.colcon_core.package_identification:_identify(route_planner) by extension 'python_setup_py'
[0.127s] Level 1:colcon.colcon_core.package_identification:_identify(route_planner/boundary_handler) by extensions ['ignore', 'ignore_ament_install']
[0.127s] Level 1:colcon.colcon_core.package_identification:_identify(route_planner/boundary_handler) by extension 'ignore'
[0.127s] Level 1:colcon.colcon_core.package_identification:_identify(route_planner/boundary_handler) by extension 'ignore_ament_install'
[0.127s] Level 1:colcon.colcon_core.package_identification:_identify(route_planner/boundary_handler) by extensions ['colcon_pkg']
[0.127s] Level 1:colcon.colcon_core.package_identification:_identify(route_planner/boundary_handler) by extension 'colcon_pkg'
[0.127s] Level 1:colcon.colcon_core.package_identification:_identify(route_planner/boundary_handler) by extensions ['colcon_meta']
[0.127s] Level 1:colcon.colcon_core.package_identification:_identify(route_planner/boundary_handler) by extension 'colcon_meta'
[0.127s] Level 1:colcon.colcon_core.package_identification:_identify(route_planner/boundary_handler) by extensions ['ros']
[0.127s] Level 1:colcon.colcon_core.package_identification:_identify(route_planner/boundary_handler) by extension 'ros'
[0.127s] DEBUG:colcon.colcon_core.package_identification:Package 'route_planner/boundary_handler' with type 'ros.ament_cmake' and name 'boundary_handler'
[0.127s] Level 1:colcon.colcon_core.package_identification:_identify(route_planner/far_planner) by extensions ['ignore', 'ignore_ament_install']
[0.127s] Level 1:colcon.colcon_core.package_identification:_identify(route_planner/far_planner) by extension 'ignore'
[0.127s] Level 1:colcon.colcon_core.package_identification:_identify(route_planner/far_planner) by extension 'ignore_ament_install'
[0.127s] Level 1:colcon.colcon_core.package_identification:_identify(route_planner/far_planner) by extensions ['colcon_pkg']
[0.127s] Level 1:colcon.colcon_core.package_identification:_identify(route_planner/far_planner) by extension 'colcon_pkg'
[0.127s] Level 1:colcon.colcon_core.package_identification:_identify(route_planner/far_planner) by extensions ['colcon_meta']
[0.127s] Level 1:colcon.colcon_core.package_identification:_identify(route_planner/far_planner) by extension 'colcon_meta'
[0.127s] Level 1:colcon.colcon_core.package_identification:_identify(route_planner/far_planner) by extensions ['ros']
[0.127s] Level 1:colcon.colcon_core.package_identification:_identify(route_planner/far_planner) by extension 'ros'
[0.128s] DEBUG:colcon.colcon_core.package_identification:Package 'route_planner/far_planner' with type 'ros.ament_cmake' and name 'far_planner'
[0.128s] Level 1:colcon.colcon_core.package_identification:_identify(route_planner/graph_decoder) by extensions ['ignore', 'ignore_ament_install']
[0.128s] Level 1:colcon.colcon_core.package_identification:_identify(route_planner/graph_decoder) by extension 'ignore'
[0.128s] Level 1:colcon.colcon_core.package_identification:_identify(route_planner/graph_decoder) by extension 'ignore_ament_install'
[0.129s] Level 1:colcon.colcon_core.package_identification:_identify(route_planner/graph_decoder) by extensions ['colcon_pkg']
[0.129s] Level 1:colcon.colcon_core.package_identification:_identify(route_planner/graph_decoder) by extension 'colcon_pkg'
[0.129s] Level 1:colcon.colcon_core.package_identification:_identify(route_planner/graph_decoder) by extensions ['colcon_meta']
[0.129s] Level 1:colcon.colcon_core.package_identification:_identify(route_planner/graph_decoder) by extension 'colcon_meta'
[0.129s] Level 1:colcon.colcon_core.package_identification:_identify(route_planner/graph_decoder) by extensions ['ros']
[0.129s] Level 1:colcon.colcon_core.package_identification:_identify(route_planner/graph_decoder) by extension 'ros'
[0.129s] DEBUG:colcon.colcon_core.package_identification:Package 'route_planner/graph_decoder' with type 'ros.ament_cmake' and name 'graph_decoder'
[0.129s] Level 1:colcon.colcon_core.package_identification:_identify(route_planner/visibility_graph_msg) by extensions ['ignore', 'ignore_ament_install']
[0.129s] Level 1:colcon.colcon_core.package_identification:_identify(route_planner/visibility_graph_msg) by extension 'ignore'
[0.129s] Level 1:colcon.colcon_core.package_identification:_identify(route_planner/visibility_graph_msg) by extension 'ignore_ament_install'
[0.129s] Level 1:colcon.colcon_core.package_identification:_identify(route_planner/visibility_graph_msg) by extensions ['colcon_pkg']
[0.129s] Level 1:colcon.colcon_core.package_identification:_identify(route_planner/visibility_graph_msg) by extension 'colcon_pkg'
[0.129s] Level 1:colcon.colcon_core.package_identification:_identify(route_planner/visibility_graph_msg) by extensions ['colcon_meta']
[0.129s] Level 1:colcon.colcon_core.package_identification:_identify(route_planner/visibility_graph_msg) by extension 'colcon_meta'
[0.129s] Level 1:colcon.colcon_core.package_identification:_identify(route_planner/visibility_graph_msg) by extensions ['ros']
[0.129s] Level 1:colcon.colcon_core.package_identification:_identify(route_planner/visibility_graph_msg) by extension 'ros'
[0.130s] DEBUG:colcon.colcon_core.package_identification:Package 'route_planner/visibility_graph_msg' with type 'ros.ament_cmake' and name 'visibility_graph_msg'
[0.130s] Level 1:colcon.colcon_core.package_identification:_identify(slam) by extensions ['ignore', 'ignore_ament_install']
[0.130s] Level 1:colcon.colcon_core.package_identification:_identify(slam) by extension 'ignore'
[0.130s] Level 1:colcon.colcon_core.package_identification:_identify(slam) by extension 'ignore_ament_install'
[0.130s] Level 1:colcon.colcon_core.package_identification:_identify(slam) by extensions ['colcon_pkg']
[0.130s] Level 1:colcon.colcon_core.package_identification:_identify(slam) by extension 'colcon_pkg'
[0.130s] Level 1:colcon.colcon_core.package_identification:_identify(slam) by extensions ['colcon_meta']
[0.130s] Level 1:colcon.colcon_core.package_identification:_identify(slam) by extension 'colcon_meta'
[0.130s] Level 1:colcon.colcon_core.package_identification:_identify(slam) by extensions ['ros']
[0.130s] Level 1:colcon.colcon_core.package_identification:_identify(slam) by extension 'ros'
[0.130s] Level 1:colcon.colcon_core.package_identification:_identify(slam) by extensions ['cmake', 'python']
[0.130s] Level 1:colcon.colcon_core.package_identification:_identify(slam) by extension 'cmake'
[0.130s] Level 1:colcon.colcon_core.package_identification:_identify(slam) by extension 'python'
[0.130s] Level 1:colcon.colcon_core.package_identification:_identify(slam) by extensions ['python_setup_py']
[0.130s] Level 1:colcon.colcon_core.package_identification:_identify(slam) by extension 'python_setup_py'
[0.130s] Level 1:colcon.colcon_core.package_identification:_identify(slam/SuperOdom) by extensions ['ignore', 'ignore_ament_install']
[0.130s] Level 1:colcon.colcon_core.package_identification:_identify(slam/SuperOdom) by extension 'ignore'
[0.130s] Level 1:colcon.colcon_core.package_identification:_identify(slam/SuperOdom) by extension 'ignore_ament_install'
[0.130s] Level 1:colcon.colcon_core.package_identification:_identify(slam/SuperOdom) by extensions ['colcon_pkg']
[0.130s] Level 1:colcon.colcon_core.package_identification:_identify(slam/SuperOdom) by extension 'colcon_pkg'
[0.130s] Level 1:colcon.colcon_core.package_identification:_identify(slam/SuperOdom) by extensions ['colcon_meta']
[0.130s] Level 1:colcon.colcon_core.package_identification:_identify(slam/SuperOdom) by extension 'colcon_meta'
[0.130s] Level 1:colcon.colcon_core.package_identification:_identify(slam/SuperOdom) by extensions ['ros']
[0.130s] Level 1:colcon.colcon_core.package_identification:_identify(slam/SuperOdom) by extension 'ros'
[0.130s] Level 1:colcon.colcon_core.package_identification:_identify(slam/SuperOdom) by extensions ['cmake', 'python']
[0.130s] Level 1:colcon.colcon_core.package_identification:_identify(slam/SuperOdom) by extension 'cmake'
[0.130s] Level 1:colcon.colcon_core.package_identification:_identify(slam/SuperOdom) by extension 'python'
[0.130s] Level 1:colcon.colcon_core.package_identification:_identify(slam/SuperOdom) by extensions ['python_setup_py']
[0.130s] Level 1:colcon.colcon_core.package_identification:_identify(slam/SuperOdom) by extension 'python_setup_py'
[0.130s] Level 1:colcon.colcon_core.package_identification:_identify(slam/SuperOdom/doc) by extensions ['ignore', 'ignore_ament_install']
[0.130s] Level 1:colcon.colcon_core.package_identification:_identify(slam/SuperOdom/doc) by extension 'ignore'
[0.130s] Level 1:colcon.colcon_core.package_identification:_identify(slam/SuperOdom/doc) by extension 'ignore_ament_install'
[0.130s] Level 1:colcon.colcon_core.package_identification:_identify(slam/SuperOdom/doc) by extensions ['colcon_pkg']
[0.130s] Level 1:colcon.colcon_core.package_identification:_identify(slam/SuperOdom/doc) by extension 'colcon_pkg'
[0.130s] Level 1:colcon.colcon_core.package_identification:_identify(slam/SuperOdom/doc) by extensions ['colcon_meta']
[0.130s] Level 1:colcon.colcon_core.package_identification:_identify(slam/SuperOdom/doc) by extension 'colcon_meta'
[0.130s] Level 1:colcon.colcon_core.package_identification:_identify(slam/SuperOdom/doc) by extensions ['ros']
[0.130s] Level 1:colcon.colcon_core.package_identification:_identify(slam/SuperOdom/doc) by extension 'ros'
[0.130s] Level 1:colcon.colcon_core.package_identification:_identify(slam/SuperOdom/doc) by extensions ['cmake', 'python']
[0.130s] Level 1:colcon.colcon_core.package_identification:_identify(slam/SuperOdom/doc) by extension 'cmake'
[0.130s] Level 1:colcon.colcon_core.package_identification:_identify(slam/SuperOdom/doc) by extension 'python'
[0.130s] Level 1:colcon.colcon_core.package_identification:_identify(slam/SuperOdom/doc) by extensions ['python_setup_py']
[0.130s] Level 1:colcon.colcon_core.package_identification:_identify(slam/SuperOdom/doc) by extension 'python_setup_py'
[0.130s] Level 1:colcon.colcon_core.package_identification:_identify(slam/SuperOdom/ros2_humble_docker) by extensions ['ignore', 'ignore_ament_install']
[0.130s] Level 1:colcon.colcon_core.package_identification:_identify(slam/SuperOdom/ros2_humble_docker) by extension 'ignore'
[0.130s] Level 1:colcon.colcon_core.package_identification:_identify(slam/SuperOdom/ros2_humble_docker) by extension 'ignore_ament_install'
[0.131s] Level 1:colcon.colcon_core.package_identification:_identify(slam/SuperOdom/ros2_humble_docker) by extensions ['colcon_pkg']
[0.131s] Level 1:colcon.colcon_core.package_identification:_identify(slam/SuperOdom/ros2_humble_docker) by extension 'colcon_pkg'
[0.131s] Level 1:colcon.colcon_core.package_identification:_identify(slam/SuperOdom/ros2_humble_docker) by extensions ['colcon_meta']
[0.131s] Level 1:colcon.colcon_core.package_identification:_identify(slam/SuperOdom/ros2_humble_docker) by extension 'colcon_meta'
[0.131s] Level 1:colcon.colcon_core.package_identification:_identify(slam/SuperOdom/ros2_humble_docker) by extensions ['ros']
[0.131s] Level 1:colcon.colcon_core.package_identification:_identify(slam/SuperOdom/ros2_humble_docker) by extension 'ros'
[0.131s] Level 1:colcon.colcon_core.package_identification:_identify(slam/SuperOdom/ros2_humble_docker) by extensions ['cmake', 'python']
[0.131s] Level 1:colcon.colcon_core.package_identification:_identify(slam/SuperOdom/ros2_humble_docker) by extension 'cmake'
[0.131s] Level 1:colcon.colcon_core.package_identification:_identify(slam/SuperOdom/ros2_humble_docker) by extension 'python'
[0.131s] Level 1:colcon.colcon_core.package_identification:_identify(slam/SuperOdom/ros2_humble_docker) by extensions ['python_setup_py']
[0.131s] Level 1:colcon.colcon_core.package_identification:_identify(slam/SuperOdom/ros2_humble_docker) by extension 'python_setup_py'
[0.131s] Level 1:colcon.colcon_core.package_identification:_identify(slam/SuperOdom/script) by extensions ['ignore', 'ignore_ament_install']
[0.131s] Level 1:colcon.colcon_core.package_identification:_identify(slam/SuperOdom/script) by extension 'ignore'
[0.131s] Level 1:colcon.colcon_core.package_identification:_identify(slam/SuperOdom/script) by extension 'ignore_ament_install'
[0.131s] Level 1:colcon.colcon_core.package_identification:_identify(slam/SuperOdom/script) by extensions ['colcon_pkg']
[0.131s] Level 1:colcon.colcon_core.package_identification:_identify(slam/SuperOdom/script) by extension 'colcon_pkg'
[0.131s] Level 1:colcon.colcon_core.package_identification:_identify(slam/SuperOdom/script) by extensions ['colcon_meta']
[0.131s] Level 1:colcon.colcon_core.package_identification:_identify(slam/SuperOdom/script) by extension 'colcon_meta'
[0.131s] Level 1:colcon.colcon_core.package_identification:_identify(slam/SuperOdom/script) by extensions ['ros']
[0.131s] Level 1:colcon.colcon_core.package_identification:_identify(slam/SuperOdom/script) by extension 'ros'
[0.131s] Level 1:colcon.colcon_core.package_identification:_identify(slam/SuperOdom/script) by extensions ['cmake', 'python']
[0.131s] Level 1:colcon.colcon_core.package_identification:_identify(slam/SuperOdom/script) by extension 'cmake'
[0.131s] Level 1:colcon.colcon_core.package_identification:_identify(slam/SuperOdom/script) by extension 'python'
[0.131s] Level 1:colcon.colcon_core.package_identification:_identify(slam/SuperOdom/script) by extensions ['python_setup_py']
[0.131s] Level 1:colcon.colcon_core.package_identification:_identify(slam/SuperOdom/script) by extension 'python_setup_py'
[0.131s] Level 1:colcon.colcon_core.package_identification:_identify(slam/SuperOdom/script/visualizers) by extensions ['ignore', 'ignore_ament_install']
[0.131s] Level 1:colcon.colcon_core.package_identification:_identify(slam/SuperOdom/script/visualizers) by extension 'ignore'
[0.131s] Level 1:colcon.colcon_core.package_identification:_identify(slam/SuperOdom/script/visualizers) by extension 'ignore_ament_install'
[0.131s] Level 1:colcon.colcon_core.package_identification:_identify(slam/SuperOdom/script/visualizers) by extensions ['colcon_pkg']
[0.131s] Level 1:colcon.colcon_core.package_identification:_identify(slam/SuperOdom/script/visualizers) by extension 'colcon_pkg'
[0.131s] Level 1:colcon.colcon_core.package_identification:_identify(slam/SuperOdom/script/visualizers) by extensions ['colcon_meta']
[0.131s] Level 1:colcon.colcon_core.package_identification:_identify(slam/SuperOdom/script/visualizers) by extension 'colcon_meta'
[0.131s] Level 1:colcon.colcon_core.package_identification:_identify(slam/SuperOdom/script/visualizers) by extensions ['ros']
[0.131s] Level 1:colcon.colcon_core.package_identification:_identify(slam/SuperOdom/script/visualizers) by extension 'ros'
[0.131s] Level 1:colcon.colcon_core.package_identification:_identify(slam/SuperOdom/script/visualizers) by extensions ['cmake', 'python']
[0.131s] Level 1:colcon.colcon_core.package_identification:_identify(slam/SuperOdom/script/visualizers) by extension 'cmake'
[0.131s] Level 1:colcon.colcon_core.package_identification:_identify(slam/SuperOdom/script/visualizers) by extension 'python'
[0.131s] Level 1:colcon.colcon_core.package_identification:_identify(slam/SuperOdom/script/visualizers) by extensions ['python_setup_py']
[0.131s] Level 1:colcon.colcon_core.package_identification:_identify(slam/SuperOdom/script/visualizers) by extension 'python_setup_py'
[0.131s] Level 1:colcon.colcon_core.package_identification:_identify(slam/SuperOdom/super_odometry) by extensions ['ignore', 'ignore_ament_install']
[0.131s] Level 1:colcon.colcon_core.package_identification:_identify(slam/SuperOdom/super_odometry) by extension 'ignore'
[0.131s] Level 1:colcon.colcon_core.package_identification:_identify(slam/SuperOdom/super_odometry) by extension 'ignore_ament_install'
[0.131s] Level 1:colcon.colcon_core.package_identification:_identify(slam/SuperOdom/super_odometry) by extensions ['colcon_pkg']
[0.131s] Level 1:colcon.colcon_core.package_identification:_identify(slam/SuperOdom/super_odometry) by extension 'colcon_pkg'
[0.131s] Level 1:colcon.colcon_core.package_identification:_identify(slam/SuperOdom/super_odometry) by extensions ['colcon_meta']
[0.131s] Level 1:colcon.colcon_core.package_identification:_identify(slam/SuperOdom/super_odometry) by extension 'colcon_meta'
[0.131s] Level 1:colcon.colcon_core.package_identification:_identify(slam/SuperOdom/super_odometry) by extensions ['ros']
[0.131s] Level 1:colcon.colcon_core.package_identification:_identify(slam/SuperOdom/super_odometry) by extension 'ros'
[0.136s] DEBUG:colcon.colcon_core.package_identification:Package 'slam/SuperOdom/super_odometry' with type 'ros.ament_cmake' and name 'super_odometry'
[0.136s] Level 1:colcon.colcon_core.package_identification:_identify(slam/SuperOdom/super_odometry_msgs) by extensions ['ignore', 'ignore_ament_install']
[0.136s] Level 1:colcon.colcon_core.package_identification:_identify(slam/SuperOdom/super_odometry_msgs) by extension 'ignore'
[0.136s] Level 1:colcon.colcon_core.package_identification:_identify(slam/SuperOdom/super_odometry_msgs) by extension 'ignore_ament_install'
[0.136s] Level 1:colcon.colcon_core.package_identification:_identify(slam/SuperOdom/super_odometry_msgs) by extensions ['colcon_pkg']
[0.136s] Level 1:colcon.colcon_core.package_identification:_identify(slam/SuperOdom/super_odometry_msgs) by extension 'colcon_pkg'
[0.136s] Level 1:colcon.colcon_core.package_identification:_identify(slam/SuperOdom/super_odometry_msgs) by extensions ['colcon_meta']
[0.137s] Level 1:colcon.colcon_core.package_identification:_identify(slam/SuperOdom/super_odometry_msgs) by extension 'colcon_meta'
[0.137s] Level 1:colcon.colcon_core.package_identification:_identify(slam/SuperOdom/super_odometry_msgs) by extensions ['ros']
[0.137s] Level 1:colcon.colcon_core.package_identification:_identify(slam/SuperOdom/super_odometry_msgs) by extension 'ros'
[0.137s] DEBUG:colcon.colcon_core.package_identification:Package 'slam/SuperOdom/super_odometry_msgs' with type 'ros.ament_cmake' and name 'super_odometry_msgs'
[0.137s] Level 1:colcon.colcon_core.package_identification:_identify(slam/livox_ros_driver2) by extensions ['ignore', 'ignore_ament_install']
[0.137s] Level 1:colcon.colcon_core.package_identification:_identify(slam/livox_ros_driver2) by extension 'ignore'
[0.137s] Level 1:colcon.colcon_core.package_identification:_identify(slam/livox_ros_driver2) by extension 'ignore_ament_install'
[0.137s] Level 1:colcon.colcon_core.package_identification:_identify(slam/livox_ros_driver2) by extensions ['colcon_pkg']
[0.137s] Level 1:colcon.colcon_core.package_identification:_identify(slam/livox_ros_driver2) by extension 'colcon_pkg'
[0.137s] Level 1:colcon.colcon_core.package_identification:_identify(slam/livox_ros_driver2) by extensions ['colcon_meta']
[0.137s] Level 1:colcon.colcon_core.package_identification:_identify(slam/livox_ros_driver2) by extension 'colcon_meta'
[0.137s] Level 1:colcon.colcon_core.package_identification:_identify(slam/livox_ros_driver2) by extensions ['ros']
[0.137s] Level 1:colcon.colcon_core.package_identification:_identify(slam/livox_ros_driver2) by extension 'ros'
[0.137s] DEBUG:colcon.colcon_core.package_identification:Package 'slam/livox_ros_driver2' with type 'ros.ament_cmake' and name 'livox_ros_driver2'
[0.137s] Level 1:colcon.colcon_core.package_identification:_identify(slam/point_lio_unilidar) by extensions ['ignore', 'ignore_ament_install']
[0.138s] Level 1:colcon.colcon_core.package_identification:_identify(slam/point_lio_unilidar) by extension 'ignore'
[0.138s] Level 1:colcon.colcon_core.package_identification:_identify(slam/point_lio_unilidar) by extension 'ignore_ament_install'
[0.138s] Level 1:colcon.colcon_core.package_identification:_identify(slam/point_lio_unilidar) by extensions ['colcon_pkg']
[0.138s] Level 1:colcon.colcon_core.package_identification:_identify(slam/point_lio_unilidar) by extension 'colcon_pkg'
[0.138s] Level 1:colcon.colcon_core.package_identification:_identify(slam/point_lio_unilidar) by extensions ['colcon_meta']
[0.138s] Level 1:colcon.colcon_core.package_identification:_identify(slam/point_lio_unilidar) by extension 'colcon_meta'
[0.138s] Level 1:colcon.colcon_core.package_identification:_identify(slam/point_lio_unilidar) by extensions ['ros']
[0.138s] Level 1:colcon.colcon_core.package_identification:_identify(slam/point_lio_unilidar) by extension 'ros'
[0.138s] DEBUG:colcon.colcon_core.package_identification:Package 'slam/point_lio_unilidar' with type 'ros.ament_cmake' and name 'point_lio_unilidar'
[0.138s] Level 1:colcon.colcon_core.package_identification:_identify(slam/rviz_2d_overlay_plugins) by extensions ['ignore', 'ignore_ament_install']
[0.138s] Level 1:colcon.colcon_core.package_identification:_identify(slam/rviz_2d_overlay_plugins) by extension 'ignore'
[0.138s] Level 1:colcon.colcon_core.package_identification:_identify(slam/rviz_2d_overlay_plugins) by extension 'ignore_ament_install'
[0.138s] Level 1:colcon.colcon_core.package_identification:_identify(slam/rviz_2d_overlay_plugins) by extensions ['colcon_pkg']
[0.138s] Level 1:colcon.colcon_core.package_identification:_identify(slam/rviz_2d_overlay_plugins) by extension 'colcon_pkg'
[0.138s] Level 1:colcon.colcon_core.package_identification:_identify(slam/rviz_2d_overlay_plugins) by extensions ['colcon_meta']
[0.138s] Level 1:colcon.colcon_core.package_identification:_identify(slam/rviz_2d_overlay_plugins) by extension 'colcon_meta'
[0.138s] Level 1:colcon.colcon_core.package_identification:_identify(slam/rviz_2d_overlay_plugins) by extensions ['ros']
[0.138s] Level 1:colcon.colcon_core.package_identification:_identify(slam/rviz_2d_overlay_plugins) by extension 'ros'
[0.138s] Level 1:colcon.colcon_core.package_identification:_identify(slam/rviz_2d_overlay_plugins) by extensions ['cmake', 'python']
[0.138s] Level 1:colcon.colcon_core.package_identification:_identify(slam/rviz_2d_overlay_plugins) by extension 'cmake'
[0.138s] Level 1:colcon.colcon_core.package_identification:_identify(slam/rviz_2d_overlay_plugins) by extension 'python'
[0.138s] Level 1:colcon.colcon_core.package_identification:_identify(slam/rviz_2d_overlay_plugins) by extensions ['python_setup_py']
[0.138s] Level 1:colcon.colcon_core.package_identification:_identify(slam/rviz_2d_overlay_plugins) by extension 'python_setup_py'
[0.138s] Level 1:colcon.colcon_core.package_identification:_identify(slam/rviz_2d_overlay_plugins/rviz_2d_overlay_msgs) by extensions ['ignore', 'ignore_ament_install']
[0.138s] Level 1:colcon.colcon_core.package_identification:_identify(slam/rviz_2d_overlay_plugins/rviz_2d_overlay_msgs) by extension 'ignore'
[0.138s] Level 1:colcon.colcon_core.package_identification:_identify(slam/rviz_2d_overlay_plugins/rviz_2d_overlay_msgs) by extension 'ignore_ament_install'
[0.138s] Level 1:colcon.colcon_core.package_identification:_identify(slam/rviz_2d_overlay_plugins/rviz_2d_overlay_msgs) by extensions ['colcon_pkg']
[0.138s] Level 1:colcon.colcon_core.package_identification:_identify(slam/rviz_2d_overlay_plugins/rviz_2d_overlay_msgs) by extension 'colcon_pkg'
[0.138s] Level 1:colcon.colcon_core.package_identification:_identify(slam/rviz_2d_overlay_plugins/rviz_2d_overlay_msgs) by extensions ['colcon_meta']
[0.138s] Level 1:colcon.colcon_core.package_identification:_identify(slam/rviz_2d_overlay_plugins/rviz_2d_overlay_msgs) by extension 'colcon_meta'
[0.138s] Level 1:colcon.colcon_core.package_identification:_identify(slam/rviz_2d_overlay_plugins/rviz_2d_overlay_msgs) by extensions ['ros']
[0.138s] Level 1:colcon.colcon_core.package_identification:_identify(slam/rviz_2d_overlay_plugins/rviz_2d_overlay_msgs) by extension 'ros'
[0.139s] DEBUG:colcon.colcon_core.package_identification:Package 'slam/rviz_2d_overlay_plugins/rviz_2d_overlay_msgs' with type 'ros.ament_cmake' and name 'rviz_2d_overlay_msgs'
[0.139s] Level 1:colcon.colcon_core.package_identification:_identify(slam/rviz_2d_overlay_plugins/rviz_2d_overlay_plugins) by extensions ['ignore', 'ignore_ament_install']
[0.139s] Level 1:colcon.colcon_core.package_identification:_identify(slam/rviz_2d_overlay_plugins/rviz_2d_overlay_plugins) by extension 'ignore'
[0.139s] Level 1:colcon.colcon_core.package_identification:_identify(slam/rviz_2d_overlay_plugins/rviz_2d_overlay_plugins) by extension 'ignore_ament_install'
[0.139s] Level 1:colcon.colcon_core.package_identification:_identify(slam/rviz_2d_overlay_plugins/rviz_2d_overlay_plugins) by extensions ['colcon_pkg']
[0.139s] Level 1:colcon.colcon_core.package_identification:_identify(slam/rviz_2d_overlay_plugins/rviz_2d_overlay_plugins) by extension 'colcon_pkg'
[0.139s] Level 1:colcon.colcon_core.package_identification:_identify(slam/rviz_2d_overlay_plugins/rviz_2d_overlay_plugins) by extensions ['colcon_meta']
[0.139s] Level 1:colcon.colcon_core.package_identification:_identify(slam/rviz_2d_overlay_plugins/rviz_2d_overlay_plugins) by extension 'colcon_meta'
[0.139s] Level 1:colcon.colcon_core.package_identification:_identify(slam/rviz_2d_overlay_plugins/rviz_2d_overlay_plugins) by extensions ['ros']
[0.139s] Level 1:colcon.colcon_core.package_identification:_identify(slam/rviz_2d_overlay_plugins/rviz_2d_overlay_plugins) by extension 'ros'
[0.139s] DEBUG:colcon.colcon_core.package_identification:Package 'slam/rviz_2d_overlay_plugins/rviz_2d_overlay_plugins' with type 'ros.ament_cmake' and name 'rviz_2d_overlay_plugins'
[0.139s] Level 1:colcon.colcon_core.package_identification:_identify(utilities) by extensions ['ignore', 'ignore_ament_install']
[0.139s] Level 1:colcon.colcon_core.package_identification:_identify(utilities) by extension 'ignore'
[0.139s] Level 1:colcon.colcon_core.package_identification:_identify(utilities) by extension 'ignore_ament_install'
[0.139s] Level 1:colcon.colcon_core.package_identification:_identify(utilities) by extensions ['colcon_pkg']
[0.139s] Level 1:colcon.colcon_core.package_identification:_identify(utilities) by extension 'colcon_pkg'
[0.139s] Level 1:colcon.colcon_core.package_identification:_identify(utilities) by extensions ['colcon_meta']
[0.139s] Level 1:colcon.colcon_core.package_identification:_identify(utilities) by extension 'colcon_meta'
[0.139s] Level 1:colcon.colcon_core.package_identification:_identify(utilities) by extensions ['ros']
[0.139s] Level 1:colcon.colcon_core.package_identification:_identify(utilities) by extension 'ros'
[0.139s] Level 1:colcon.colcon_core.package_identification:_identify(utilities) by extensions ['cmake', 'python']
[0.139s] Level 1:colcon.colcon_core.package_identification:_identify(utilities) by extension 'cmake'
[0.139s] Level 1:colcon.colcon_core.package_identification:_identify(utilities) by extension 'python'
[0.139s] Level 1:colcon.colcon_core.package_identification:_identify(utilities) by extensions ['python_setup_py']
[0.139s] Level 1:colcon.colcon_core.package_identification:_identify(utilities) by extension 'python_setup_py'
[0.139s] Level 1:colcon.colcon_core.package_identification:_identify(utilities/ROS-TCP-Endpoint) by extensions ['ignore', 'ignore_ament_install']
[0.139s] Level 1:colcon.colcon_core.package_identification:_identify(utilities/ROS-TCP-Endpoint) by extension 'ignore'
[0.139s] Level 1:colcon.colcon_core.package_identification:_identify(utilities/ROS-TCP-Endpoint) by extension 'ignore_ament_install'
[0.139s] Level 1:colcon.colcon_core.package_identification:_identify(utilities/ROS-TCP-Endpoint) by extensions ['colcon_pkg']
[0.139s] Level 1:colcon.colcon_core.package_identification:_identify(utilities/ROS-TCP-Endpoint) by extension 'colcon_pkg'
[0.139s] Level 1:colcon.colcon_core.package_identification:_identify(utilities/ROS-TCP-Endpoint) by extensions ['colcon_meta']
[0.139s] Level 1:colcon.colcon_core.package_identification:_identify(utilities/ROS-TCP-Endpoint) by extension 'colcon_meta'
[0.140s] Level 1:colcon.colcon_core.package_identification:_identify(utilities/ROS-TCP-Endpoint) by extensions ['ros']
[0.140s] Level 1:colcon.colcon_core.package_identification:_identify(utilities/ROS-TCP-Endpoint) by extension 'ros'
[0.140s] DEBUG:colcon.colcon_core.package_identification:Package 'utilities/ROS-TCP-Endpoint' with type 'ros.ament_python' and name 'ros_tcp_endpoint'
[0.140s] Level 1:colcon.colcon_core.package_identification:_identify(utilities/calibrate_imu) by extensions ['ignore', 'ignore_ament_install']
[0.140s] Level 1:colcon.colcon_core.package_identification:_identify(utilities/calibrate_imu) by extension 'ignore'
[0.140s] Level 1:colcon.colcon_core.package_identification:_identify(utilities/calibrate_imu) by extension 'ignore_ament_install'
[0.140s] Level 1:colcon.colcon_core.package_identification:_identify(utilities/calibrate_imu) by extensions ['colcon_pkg']
[0.140s] Level 1:colcon.colcon_core.package_identification:_identify(utilities/calibrate_imu) by extension 'colcon_pkg'
[0.140s] Level 1:colcon.colcon_core.package_identification:_identify(utilities/calibrate_imu) by extensions ['colcon_meta']
[0.140s] Level 1:colcon.colcon_core.package_identification:_identify(utilities/calibrate_imu) by extension 'colcon_meta'
[0.140s] Level 1:colcon.colcon_core.package_identification:_identify(utilities/calibrate_imu) by extensions ['ros']
[0.140s] Level 1:colcon.colcon_core.package_identification:_identify(utilities/calibrate_imu) by extension 'ros'
[0.140s] DEBUG:colcon.colcon_core.package_identification:Package 'utilities/calibrate_imu' with type 'ros.ament_cmake' and name 'calibrate_imu'
[0.140s] Level 1:colcon.colcon_core.package_identification:_identify(utilities/goalpoint_rviz_plugin) by extensions ['ignore', 'ignore_ament_install']
[0.140s] Level 1:colcon.colcon_core.package_identification:_identify(utilities/goalpoint_rviz_plugin) by extension 'ignore'
[0.140s] Level 1:colcon.colcon_core.package_identification:_identify(utilities/goalpoint_rviz_plugin) by extension 'ignore_ament_install'
[0.140s] Level 1:colcon.colcon_core.package_identification:_identify(utilities/goalpoint_rviz_plugin) by extensions ['colcon_pkg']
[0.140s] Level 1:colcon.colcon_core.package_identification:_identify(utilities/goalpoint_rviz_plugin) by extension 'colcon_pkg'
[0.140s] Level 1:colcon.colcon_core.package_identification:_identify(utilities/goalpoint_rviz_plugin) by extensions ['colcon_meta']
[0.140s] Level 1:colcon.colcon_core.package_identification:_identify(utilities/goalpoint_rviz_plugin) by extension 'colcon_meta'
[0.140s] Level 1:colcon.colcon_core.package_identification:_identify(utilities/goalpoint_rviz_plugin) by extensions ['ros']
[0.140s] Level 1:colcon.colcon_core.package_identification:_identify(utilities/goalpoint_rviz_plugin) by extension 'ros'
[0.141s] DEBUG:colcon.colcon_core.package_identification:Package 'utilities/goalpoint_rviz_plugin' with type 'ros.ament_cmake' and name 'goalpoint_rviz_plugin'
[0.141s] Level 1:colcon.colcon_core.package_identification:_identify(utilities/teleop_rviz_plugin) by extensions ['ignore', 'ignore_ament_install']
[0.141s] Level 1:colcon.colcon_core.package_identification:_identify(utilities/teleop_rviz_plugin) by extension 'ignore'
[0.141s] Level 1:colcon.colcon_core.package_identification:_identify(utilities/teleop_rviz_plugin) by extension 'ignore_ament_install'
[0.141s] Level 1:colcon.colcon_core.package_identification:_identify(utilities/teleop_rviz_plugin) by extensions ['colcon_pkg']
[0.141s] Level 1:colcon.colcon_core.package_identification:_identify(utilities/teleop_rviz_plugin) by extension 'colcon_pkg'
[0.141s] Level 1:colcon.colcon_core.package_identification:_identify(utilities/teleop_rviz_plugin) by extensions ['colcon_meta']
[0.141s] Level 1:colcon.colcon_core.package_identification:_identify(utilities/teleop_rviz_plugin) by extension 'colcon_meta'
[0.141s] Level 1:colcon.colcon_core.package_identification:_identify(utilities/teleop_rviz_plugin) by extensions ['ros']
[0.141s] Level 1:colcon.colcon_core.package_identification:_identify(utilities/teleop_rviz_plugin) by extension 'ros'
[0.142s] DEBUG:colcon.colcon_core.package_identification:Package 'utilities/teleop_rviz_plugin' with type 'ros.ament_cmake' and name 'teleop_rviz_plugin'
[0.142s] Level 1:colcon.colcon_core.package_identification:_identify(utilities/teleop_rviz_plugin_plus) by extensions ['ignore', 'ignore_ament_install']
[0.142s] Level 1:colcon.colcon_core.package_identification:_identify(utilities/teleop_rviz_plugin_plus) by extension 'ignore'
[0.142s] Level 1:colcon.colcon_core.package_identification:_identify(utilities/teleop_rviz_plugin_plus) by extension 'ignore_ament_install'
[0.142s] Level 1:colcon.colcon_core.package_identification:_identify(utilities/teleop_rviz_plugin_plus) by extensions ['colcon_pkg']
[0.142s] Level 1:colcon.colcon_core.package_identification:_identify(utilities/teleop_rviz_plugin_plus) by extension 'colcon_pkg'
[0.142s] Level 1:colcon.colcon_core.package_identification:_identify(utilities/teleop_rviz_plugin_plus) by extensions ['colcon_meta']
[0.142s] Level 1:colcon.colcon_core.package_identification:_identify(utilities/teleop_rviz_plugin_plus) by extension 'colcon_meta'
[0.142s] Level 1:colcon.colcon_core.package_identification:_identify(utilities/teleop_rviz_plugin_plus) by extensions ['ros']
[0.142s] Level 1:colcon.colcon_core.package_identification:_identify(utilities/teleop_rviz_plugin_plus) by extension 'ros'
[0.143s] DEBUG:colcon.colcon_core.package_identification:Package 'utilities/teleop_rviz_plugin_plus' with type 'ros.ament_cmake' and name 'teleop_rviz_plugin_plus'
[0.143s] Level 1:colcon.colcon_core.package_identification:_identify(utilities/transform_sensors) by extensions ['ignore', 'ignore_ament_install']
[0.143s] Level 1:colcon.colcon_core.package_identification:_identify(utilities/transform_sensors) by extension 'ignore'
[0.143s] Level 1:colcon.colcon_core.package_identification:_identify(utilities/transform_sensors) by extension 'ignore_ament_install'
[0.143s] Level 1:colcon.colcon_core.package_identification:_identify(utilities/transform_sensors) by extensions ['colcon_pkg']
[0.143s] Level 1:colcon.colcon_core.package_identification:_identify(utilities/transform_sensors) by extension 'colcon_pkg'
[0.143s] Level 1:colcon.colcon_core.package_identification:_identify(utilities/transform_sensors) by extensions ['colcon_meta']
[0.143s] Level 1:colcon.colcon_core.package_identification:_identify(utilities/transform_sensors) by extension 'colcon_meta'
[0.143s] Level 1:colcon.colcon_core.package_identification:_identify(utilities/transform_sensors) by extensions ['ros']
[0.143s] Level 1:colcon.colcon_core.package_identification:_identify(utilities/transform_sensors) by extension 'ros'
[0.143s] DEBUG:colcon.colcon_core.package_identification:Package 'utilities/transform_sensors' with type 'ros.ament_python' and name 'transform_sensors'
[0.143s] Level 1:colcon.colcon_core.package_identification:_identify(utilities/unitree_pkgs) by extensions ['ignore', 'ignore_ament_install']
[0.143s] Level 1:colcon.colcon_core.package_identification:_identify(utilities/unitree_pkgs) by extension 'ignore'
[0.143s] Level 1:colcon.colcon_core.package_identification:_identify(utilities/unitree_pkgs) by extension 'ignore_ament_install'
[0.143s] Level 1:colcon.colcon_core.package_identification:_identify(utilities/unitree_pkgs) by extensions ['colcon_pkg']
[0.143s] Level 1:colcon.colcon_core.package_identification:_identify(utilities/unitree_pkgs) by extension 'colcon_pkg'
[0.143s] Level 1:colcon.colcon_core.package_identification:_identify(utilities/unitree_pkgs) by extensions ['colcon_meta']
[0.143s] Level 1:colcon.colcon_core.package_identification:_identify(utilities/unitree_pkgs) by extension 'colcon_meta'
[0.143s] Level 1:colcon.colcon_core.package_identification:_identify(utilities/unitree_pkgs) by extensions ['ros']
[0.143s] Level 1:colcon.colcon_core.package_identification:_identify(utilities/unitree_pkgs) by extension 'ros'
[0.143s] Level 1:colcon.colcon_core.package_identification:_identify(utilities/unitree_pkgs) by extensions ['cmake', 'python']
[0.143s] Level 1:colcon.colcon_core.package_identification:_identify(utilities/unitree_pkgs) by extension 'cmake'
[0.143s] Level 1:colcon.colcon_core.package_identification:_identify(utilities/unitree_pkgs) by extension 'python'
[0.143s] Level 1:colcon.colcon_core.package_identification:_identify(utilities/unitree_pkgs) by extensions ['python_setup_py']
[0.143s] Level 1:colcon.colcon_core.package_identification:_identify(utilities/unitree_pkgs) by extension 'python_setup_py'
[0.143s] Level 1:colcon.colcon_core.package_identification:_identify(utilities/unitree_pkgs/go2_h264_repub) by extensions ['ignore', 'ignore_ament_install']
[0.143s] Level 1:colcon.colcon_core.package_identification:_identify(utilities/unitree_pkgs/go2_h264_repub) by extension 'ignore'
[0.143s] Level 1:colcon.colcon_core.package_identification:_identify(utilities/unitree_pkgs/go2_h264_repub) by extension 'ignore_ament_install'
[0.143s] Level 1:colcon.colcon_core.package_identification:_identify(utilities/unitree_pkgs/go2_h264_repub) by extensions ['colcon_pkg']
[0.143s] Level 1:colcon.colcon_core.package_identification:_identify(utilities/unitree_pkgs/go2_h264_repub) by extension 'colcon_pkg'
[0.143s] Level 1:colcon.colcon_core.package_identification:_identify(utilities/unitree_pkgs/go2_h264_repub) by extensions ['colcon_meta']
[0.143s] Level 1:colcon.colcon_core.package_identification:_identify(utilities/unitree_pkgs/go2_h264_repub) by extension 'colcon_meta'
[0.143s] Level 1:colcon.colcon_core.package_identification:_identify(utilities/unitree_pkgs/go2_h264_repub) by extensions ['ros']
[0.143s] Level 1:colcon.colcon_core.package_identification:_identify(utilities/unitree_pkgs/go2_h264_repub) by extension 'ros'
[0.144s] DEBUG:colcon.colcon_core.package_identification:Package 'utilities/unitree_pkgs/go2_h264_repub' with type 'ros.ament_cmake' and name 'go2_h264_repub'
[0.144s] Level 1:colcon.colcon_core.package_identification:_identify(utilities/unitree_pkgs/go2_sport_api) by extensions ['ignore', 'ignore_ament_install']
[0.144s] Level 1:colcon.colcon_core.package_identification:_identify(utilities/unitree_pkgs/go2_sport_api) by extension 'ignore'
[0.144s] Level 1:colcon.colcon_core.package_identification:_identify(utilities/unitree_pkgs/go2_sport_api) by extension 'ignore_ament_install'
[0.144s] Level 1:colcon.colcon_core.package_identification:_identify(utilities/unitree_pkgs/go2_sport_api) by extensions ['colcon_pkg']
[0.144s] Level 1:colcon.colcon_core.package_identification:_identify(utilities/unitree_pkgs/go2_sport_api) by extension 'colcon_pkg'
[0.144s] Level 1:colcon.colcon_core.package_identification:_identify(utilities/unitree_pkgs/go2_sport_api) by extensions ['colcon_meta']
[0.144s] Level 1:colcon.colcon_core.package_identification:_identify(utilities/unitree_pkgs/go2_sport_api) by extension 'colcon_meta'
[0.144s] Level 1:colcon.colcon_core.package_identification:_identify(utilities/unitree_pkgs/go2_sport_api) by extensions ['ros']
[0.144s] Level 1:colcon.colcon_core.package_identification:_identify(utilities/unitree_pkgs/go2_sport_api) by extension 'ros'
[0.144s] DEBUG:colcon.colcon_core.package_identification:Package 'utilities/unitree_pkgs/go2_sport_api' with type 'ros.ament_cmake' and name 'go2_sport_api'
[0.144s] Level 1:colcon.colcon_core.package_identification:_identify(utilities/unitree_pkgs/unitree_api) by extensions ['ignore', 'ignore_ament_install']
[0.144s] Level 1:colcon.colcon_core.package_identification:_identify(utilities/unitree_pkgs/unitree_api) by extension 'ignore'
[0.144s] Level 1:colcon.colcon_core.package_identification:_identify(utilities/unitree_pkgs/unitree_api) by extension 'ignore_ament_install'
[0.144s] Level 1:colcon.colcon_core.package_identification:_identify(utilities/unitree_pkgs/unitree_api) by extensions ['colcon_pkg']
[0.144s] Level 1:colcon.colcon_core.package_identification:_identify(utilities/unitree_pkgs/unitree_api) by extension 'colcon_pkg'
[0.144s] Level 1:colcon.colcon_core.package_identification:_identify(utilities/unitree_pkgs/unitree_api) by extensions ['colcon_meta']
[0.144s] Level 1:colcon.colcon_core.package_identification:_identify(utilities/unitree_pkgs/unitree_api) by extension 'colcon_meta'
[0.144s] Level 1:colcon.colcon_core.package_identification:_identify(utilities/unitree_pkgs/unitree_api) by extensions ['ros']
[0.144s] Level 1:colcon.colcon_core.package_identification:_identify(utilities/unitree_pkgs/unitree_api) by extension 'ros'
[0.145s] DEBUG:colcon.colcon_core.package_identification:Package 'utilities/unitree_pkgs/unitree_api' with type 'ros.ament_cmake' and name 'unitree_api'
[0.145s] Level 1:colcon.colcon_core.package_identification:_identify(utilities/unitree_pkgs/unitree_go) by extensions ['ignore', 'ignore_ament_install']
[0.145s] Level 1:colcon.colcon_core.package_identification:_identify(utilities/unitree_pkgs/unitree_go) by extension 'ignore'
[0.145s] Level 1:colcon.colcon_core.package_identification:_identify(utilities/unitree_pkgs/unitree_go) by extension 'ignore_ament_install'
[0.145s] Level 1:colcon.colcon_core.package_identification:_identify(utilities/unitree_pkgs/unitree_go) by extensions ['colcon_pkg']
[0.145s] Level 1:colcon.colcon_core.package_identification:_identify(utilities/unitree_pkgs/unitree_go) by extension 'colcon_pkg'
[0.145s] Level 1:colcon.colcon_core.package_identification:_identify(utilities/unitree_pkgs/unitree_go) by extensions ['colcon_meta']
[0.145s] Level 1:colcon.colcon_core.package_identification:_identify(utilities/unitree_pkgs/unitree_go) by extension 'colcon_meta'
[0.145s] Level 1:colcon.colcon_core.package_identification:_identify(utilities/unitree_pkgs/unitree_go) by extensions ['ros']
[0.145s] Level 1:colcon.colcon_core.package_identification:_identify(utilities/unitree_pkgs/unitree_go) by extension 'ros'
[0.145s] DEBUG:colcon.colcon_core.package_identification:Package 'utilities/unitree_pkgs/unitree_go' with type 'ros.ament_cmake' and name 'unitree_go'
[0.145s] Level 1:colcon.colcon_core.package_identification:_identify(utilities/waypoint_rviz_plugin) by extensions ['ignore', 'ignore_ament_install']
[0.145s] Level 1:colcon.colcon_core.package_identification:_identify(utilities/waypoint_rviz_plugin) by extension 'ignore'
[0.145s] Level 1:colcon.colcon_core.package_identification:_identify(utilities/waypoint_rviz_plugin) by extension 'ignore_ament_install'
[0.145s] Level 1:colcon.colcon_core.package_identification:_identify(utilities/waypoint_rviz_plugin) by extensions ['colcon_pkg']
[0.145s] Level 1:colcon.colcon_core.package_identification:_identify(utilities/waypoint_rviz_plugin) by extension 'colcon_pkg'
[0.145s] Level 1:colcon.colcon_core.package_identification:_identify(utilities/waypoint_rviz_plugin) by extensions ['colcon_meta']
[0.145s] Level 1:colcon.colcon_core.package_identification:_identify(utilities/waypoint_rviz_plugin) by extension 'colcon_meta'
[0.145s] Level 1:colcon.colcon_core.package_identification:_identify(utilities/waypoint_rviz_plugin) by extensions ['ros']
[0.145s] Level 1:colcon.colcon_core.package_identification:_identify(utilities/waypoint_rviz_plugin) by extension 'ros'
[0.146s] DEBUG:colcon.colcon_core.package_identification:Package 'utilities/waypoint_rviz_plugin' with type 'ros.ament_cmake' and name 'waypoint_rviz_plugin'
[0.146s] Level 1:colcon.colcon_core.package_discovery:discover_packages(recursive) using defaults
[0.146s] Level 1:colcon.colcon_core.package_discovery:discover_packages(ignore) discover
[0.146s] Level 1:colcon.colcon_core.package_discovery:discover_packages(ignore) using defaults
[0.146s] Level 1:colcon.colcon_core.package_discovery:discover_packages(path) discover
[0.146s] Level 1:colcon.colcon_core.package_discovery:discover_packages(path) using defaults
[0.157s] Level 5:colcon.colcon_core.verb:set package 'go2_h264_repub' build argument 'cmake_args' from command line to 'None'
[0.157s] Level 5:colcon.colcon_core.verb:set package 'go2_h264_repub' build argument 'cmake_target' from command line to 'None'
[0.157s] Level 5:colcon.colcon_core.verb:set package 'go2_h264_repub' build argument 'cmake_target_skip_unavailable' from command line to 'False'
[0.157s] Level 5:colcon.colcon_core.verb:set package 'go2_h264_repub' build argument 'cmake_clean_cache' from command line to 'False'
[0.157s] Level 5:colcon.colcon_core.verb:set package 'go2_h264_repub' build argument 'cmake_clean_first' from command line to 'False'
[0.157s] Level 5:colcon.colcon_core.verb:set package 'go2_h264_repub' build argument 'cmake_force_configure' from command line to 'False'
[0.157s] Level 5:colcon.colcon_core.verb:set package 'go2_h264_repub' build argument 'ament_cmake_args' from command line to 'None'
[0.157s] Level 5:colcon.colcon_core.verb:set package 'go2_h264_repub' build argument 'catkin_cmake_args' from command line to 'None'
[0.157s] Level 5:colcon.colcon_core.verb:set package 'go2_h264_repub' build argument 'catkin_skip_building_tests' from command line to 'False'
[0.157s] DEBUG:colcon.colcon_core.verb:Building package 'go2_h264_repub' with the following arguments: {'ament_cmake_args': None, 'build_base': '/root/ros2_ws/src/build/go2_h264_repub', 'catkin_cmake_args': None, 'catkin_skip_building_tests': False, 'cmake_args': None, 'cmake_clean_cache': False, 'cmake_clean_first': False, 'cmake_force_configure': False, 'cmake_target': None, 'cmake_target_skip_unavailable': False, 'install_base': '/root/ros2_ws/src/install/go2_h264_repub', 'merge_install': False, 'path': '/root/ros2_ws/src/utilities/unitree_pkgs/go2_h264_repub', 'symlink_install': False, 'test_result_base': None}
[0.157s] Level 5:colcon.colcon_core.verb:set package 'goalpoint_rviz_plugin' build argument 'cmake_args' from command line to 'None'
[0.157s] Level 5:colcon.colcon_core.verb:set package 'goalpoint_rviz_plugin' build argument 'cmake_target' from command line to 'None'
[0.157s] Level 5:colcon.colcon_core.verb:set package 'goalpoint_rviz_plugin' build argument 'cmake_target_skip_unavailable' from command line to 'False'
[0.157s] Level 5:colcon.colcon_core.verb:set package 'goalpoint_rviz_plugin' build argument 'cmake_clean_cache' from command line to 'False'
[0.157s] Level 5:colcon.colcon_core.verb:set package 'goalpoint_rviz_plugin' build argument 'cmake_clean_first' from command line to 'False'
[0.157s] Level 5:colcon.colcon_core.verb:set package 'goalpoint_rviz_plugin' build argument 'cmake_force_configure' from command line to 'False'
[0.157s] Level 5:colcon.colcon_core.verb:set package 'goalpoint_rviz_plugin' build argument 'ament_cmake_args' from command line to 'None'
[0.157s] Level 5:colcon.colcon_core.verb:set package 'goalpoint_rviz_plugin' build argument 'catkin_cmake_args' from command line to 'None'
[0.157s] Level 5:colcon.colcon_core.verb:set package 'goalpoint_rviz_plugin' build argument 'catkin_skip_building_tests' from command line to 'False'
[0.157s] DEBUG:colcon.colcon_core.verb:Building package 'goalpoint_rviz_plugin' with the following arguments: {'ament_cmake_args': None, 'build_base': '/root/ros2_ws/src/build/goalpoint_rviz_plugin', 'catkin_cmake_args': None, 'catkin_skip_building_tests': False, 'cmake_args': None, 'cmake_clean_cache': False, 'cmake_clean_first': False, 'cmake_force_configure': False, 'cmake_target': None, 'cmake_target_skip_unavailable': False, 'install_base': '/root/ros2_ws/src/install/goalpoint_rviz_plugin', 'merge_install': False, 'path': '/root/ros2_ws/src/utilities/goalpoint_rviz_plugin', 'symlink_install': False, 'test_result_base': None}
[0.157s] Level 5:colcon.colcon_core.verb:set package 'livox_ros_driver2' build argument 'cmake_args' from command line to 'None'
[0.157s] Level 5:colcon.colcon_core.verb:set package 'livox_ros_driver2' build argument 'cmake_target' from command line to 'None'
[0.157s] Level 5:colcon.colcon_core.verb:set package 'livox_ros_driver2' build argument 'cmake_target_skip_unavailable' from command line to 'False'
[0.157s] Level 5:colcon.colcon_core.verb:set package 'livox_ros_driver2' build argument 'cmake_clean_cache' from command line to 'False'
[0.157s] Level 5:colcon.colcon_core.verb:set package 'livox_ros_driver2' build argument 'cmake_clean_first' from command line to 'False'
[0.157s] Level 5:colcon.colcon_core.verb:set package 'livox_ros_driver2' build argument 'cmake_force_configure' from command line to 'False'
[0.157s] Level 5:colcon.colcon_core.verb:set package 'livox_ros_driver2' build argument 'ament_cmake_args' from command line to 'None'
[0.157s] Level 5:colcon.colcon_core.verb:set package 'livox_ros_driver2' build argument 'catkin_cmake_args' from command line to 'None'
[0.157s] Level 5:colcon.colcon_core.verb:set package 'livox_ros_driver2' build argument 'catkin_skip_building_tests' from command line to 'False'
[0.157s] DEBUG:colcon.colcon_core.verb:Building package 'livox_ros_driver2' with the following arguments: {'ament_cmake_args': None, 'build_base': '/root/ros2_ws/src/build/livox_ros_driver2', 'catkin_cmake_args': None, 'catkin_skip_building_tests': False, 'cmake_args': None, 'cmake_clean_cache': False, 'cmake_clean_first': False, 'cmake_force_configure': False, 'cmake_target': None, 'cmake_target_skip_unavailable': False, 'install_base': '/root/ros2_ws/src/install/livox_ros_driver2', 'merge_install': False, 'path': '/root/ros2_ws/src/slam/livox_ros_driver2', 'symlink_install': False, 'test_result_base': None}
[0.157s] Level 5:colcon.colcon_core.verb:set package 'ros_tcp_endpoint' build argument 'cmake_args' from command line to 'None'
[0.157s] Level 5:colcon.colcon_core.verb:set package 'ros_tcp_endpoint' build argument 'cmake_target' from command line to 'None'
[0.157s] Level 5:colcon.colcon_core.verb:set package 'ros_tcp_endpoint' build argument 'cmake_target_skip_unavailable' from command line to 'False'
[0.157s] Level 5:colcon.colcon_core.verb:set package 'ros_tcp_endpoint' build argument 'cmake_clean_cache' from command line to 'False'
[0.157s] Level 5:colcon.colcon_core.verb:set package 'ros_tcp_endpoint' build argument 'cmake_clean_first' from command line to 'False'
[0.157s] Level 5:colcon.colcon_core.verb:set package 'ros_tcp_endpoint' build argument 'cmake_force_configure' from command line to 'False'
[0.157s] Level 5:colcon.colcon_core.verb:set package 'ros_tcp_endpoint' build argument 'ament_cmake_args' from command line to 'None'
[0.158s] Level 5:colcon.colcon_core.verb:set package 'ros_tcp_endpoint' build argument 'catkin_cmake_args' from command line to 'None'
[0.158s] Level 5:colcon.colcon_core.verb:set package 'ros_tcp_endpoint' build argument 'catkin_skip_building_tests' from command line to 'False'
[0.158s] DEBUG:colcon.colcon_core.verb:Building package 'ros_tcp_endpoint' with the following arguments: {'ament_cmake_args': None, 'build_base': '/root/ros2_ws/src/build/ros_tcp_endpoint', 'catkin_cmake_args': None, 'catkin_skip_building_tests': False, 'cmake_args': None, 'cmake_clean_cache': False, 'cmake_clean_first': False, 'cmake_force_configure': False, 'cmake_target': None, 'cmake_target_skip_unavailable': False, 'install_base': '/root/ros2_ws/src/install/ros_tcp_endpoint', 'merge_install': False, 'path': '/root/ros2_ws/src/utilities/ROS-TCP-Endpoint', 'symlink_install': False, 'test_result_base': None}
[0.158s] Level 5:colcon.colcon_core.verb:set package 'rviz_2d_overlay_msgs' build argument 'cmake_args' from command line to 'None'
[0.158s] Level 5:colcon.colcon_core.verb:set package 'rviz_2d_overlay_msgs' build argument 'cmake_target' from command line to 'None'
[0.158s] Level 5:colcon.colcon_core.verb:set package 'rviz_2d_overlay_msgs' build argument 'cmake_target_skip_unavailable' from command line to 'False'
[0.158s] Level 5:colcon.colcon_core.verb:set package 'rviz_2d_overlay_msgs' build argument 'cmake_clean_cache' from command line to 'False'
[0.158s] Level 5:colcon.colcon_core.verb:set package 'rviz_2d_overlay_msgs' build argument 'cmake_clean_first' from command line to 'False'
[0.158s] Level 5:colcon.colcon_core.verb:set package 'rviz_2d_overlay_msgs' build argument 'cmake_force_configure' from command line to 'False'
[0.158s] Level 5:colcon.colcon_core.verb:set package 'rviz_2d_overlay_msgs' build argument 'ament_cmake_args' from command line to 'None'
[0.158s] Level 5:colcon.colcon_core.verb:set package 'rviz_2d_overlay_msgs' build argument 'catkin_cmake_args' from command line to 'None'
[0.158s] Level 5:colcon.colcon_core.verb:set package 'rviz_2d_overlay_msgs' build argument 'catkin_skip_building_tests' from command line to 'False'
[0.158s] DEBUG:colcon.colcon_core.verb:Building package 'rviz_2d_overlay_msgs' with the following arguments: {'ament_cmake_args': None, 'build_base': '/root/ros2_ws/src/build/rviz_2d_overlay_msgs', 'catkin_cmake_args': None, 'catkin_skip_building_tests': False, 'cmake_args': None, 'cmake_clean_cache': False, 'cmake_clean_first': False, 'cmake_force_configure': False, 'cmake_target': None, 'cmake_target_skip_unavailable': False, 'install_base': '/root/ros2_ws/src/install/rviz_2d_overlay_msgs', 'merge_install': False, 'path': '/root/ros2_ws/src/slam/rviz_2d_overlay_plugins/rviz_2d_overlay_msgs', 'symlink_install': False, 'test_result_base': None}
[0.158s] Level 5:colcon.colcon_core.verb:set package 'sensor_scan_generation' build argument 'cmake_args' from command line to 'None'
[0.158s] Level 5:colcon.colcon_core.verb:set package 'sensor_scan_generation' build argument 'cmake_target' from command line to 'None'
[0.158s] Level 5:colcon.colcon_core.verb:set package 'sensor_scan_generation' build argument 'cmake_target_skip_unavailable' from command line to 'False'
[0.158s] Level 5:colcon.colcon_core.verb:set package 'sensor_scan_generation' build argument 'cmake_clean_cache' from command line to 'False'
[0.158s] Level 5:colcon.colcon_core.verb:set package 'sensor_scan_generation' build argument 'cmake_clean_first' from command line to 'False'
[0.158s] Level 5:colcon.colcon_core.verb:set package 'sensor_scan_generation' build argument 'cmake_force_configure' from command line to 'False'
[0.158s] Level 5:colcon.colcon_core.verb:set package 'sensor_scan_generation' build argument 'ament_cmake_args' from command line to 'None'
[0.158s] Level 5:colcon.colcon_core.verb:set package 'sensor_scan_generation' build argument 'catkin_cmake_args' from command line to 'None'
[0.158s] Level 5:colcon.colcon_core.verb:set package 'sensor_scan_generation' build argument 'catkin_skip_building_tests' from command line to 'False'
[0.158s] DEBUG:colcon.colcon_core.verb:Building package 'sensor_scan_generation' with the following arguments: {'ament_cmake_args': None, 'build_base': '/root/ros2_ws/src/build/sensor_scan_generation', 'catkin_cmake_args': None, 'catkin_skip_building_tests': False, 'cmake_args': None, 'cmake_clean_cache': False, 'cmake_clean_first': False, 'cmake_force_configure': False, 'cmake_target': None, 'cmake_target_skip_unavailable': False, 'install_base': '/root/ros2_ws/src/install/sensor_scan_generation', 'merge_install': False, 'path': '/root/ros2_ws/src/base_autonomy/sensor_scan_generation', 'symlink_install': False, 'test_result_base': None}
[0.158s] Level 5:colcon.colcon_core.verb:set package 'super_odometry_msgs' build argument 'cmake_args' from command line to 'None'
[0.158s] Level 5:colcon.colcon_core.verb:set package 'super_odometry_msgs' build argument 'cmake_target' from command line to 'None'
[0.158s] Level 5:colcon.colcon_core.verb:set package 'super_odometry_msgs' build argument 'cmake_target_skip_unavailable' from command line to 'False'
[0.158s] Level 5:colcon.colcon_core.verb:set package 'super_odometry_msgs' build argument 'cmake_clean_cache' from command line to 'False'
[0.158s] Level 5:colcon.colcon_core.verb:set package 'super_odometry_msgs' build argument 'cmake_clean_first' from command line to 'False'
[0.158s] Level 5:colcon.colcon_core.verb:set package 'super_odometry_msgs' build argument 'cmake_force_configure' from command line to 'False'
[0.158s] Level 5:colcon.colcon_core.verb:set package 'super_odometry_msgs' build argument 'ament_cmake_args' from command line to 'None'
[0.158s] Level 5:colcon.colcon_core.verb:set package 'super_odometry_msgs' build argument 'catkin_cmake_args' from command line to 'None'
[0.158s] Level 5:colcon.colcon_core.verb:set package 'super_odometry_msgs' build argument 'catkin_skip_building_tests' from command line to 'False'
[0.158s] DEBUG:colcon.colcon_core.verb:Building package 'super_odometry_msgs' with the following arguments: {'ament_cmake_args': None, 'build_base': '/root/ros2_ws/src/build/super_odometry_msgs', 'catkin_cmake_args': None, 'catkin_skip_building_tests': False, 'cmake_args': None, 'cmake_clean_cache': False, 'cmake_clean_first': False, 'cmake_force_configure': False, 'cmake_target': None, 'cmake_target_skip_unavailable': False, 'install_base': '/root/ros2_ws/src/install/super_odometry_msgs', 'merge_install': False, 'path': '/root/ros2_ws/src/slam/SuperOdom/super_odometry_msgs', 'symlink_install': False, 'test_result_base': None}
[0.158s] Level 5:colcon.colcon_core.verb:set package 'teleop_rviz_plugin' build argument 'cmake_args' from command line to 'None'
[0.158s] Level 5:colcon.colcon_core.verb:set package 'teleop_rviz_plugin' build argument 'cmake_target' from command line to 'None'
[0.158s] Level 5:colcon.colcon_core.verb:set package 'teleop_rviz_plugin' build argument 'cmake_target_skip_unavailable' from command line to 'False'
[0.158s] Level 5:colcon.colcon_core.verb:set package 'teleop_rviz_plugin' build argument 'cmake_clean_cache' from command line to 'False'
[0.158s] Level 5:colcon.colcon_core.verb:set package 'teleop_rviz_plugin' build argument 'cmake_clean_first' from command line to 'False'
[0.158s] Level 5:colcon.colcon_core.verb:set package 'teleop_rviz_plugin' build argument 'cmake_force_configure' from command line to 'False'
[0.158s] Level 5:colcon.colcon_core.verb:set package 'teleop_rviz_plugin' build argument 'ament_cmake_args' from command line to 'None'
[0.158s] Level 5:colcon.colcon_core.verb:set package 'teleop_rviz_plugin' build argument 'catkin_cmake_args' from command line to 'None'
[0.158s] Level 5:colcon.colcon_core.verb:set package 'teleop_rviz_plugin' build argument 'catkin_skip_building_tests' from command line to 'False'
[0.158s] DEBUG:colcon.colcon_core.verb:Building package 'teleop_rviz_plugin' with the following arguments: {'ament_cmake_args': None, 'build_base': '/root/ros2_ws/src/build/teleop_rviz_plugin', 'catkin_cmake_args': None, 'catkin_skip_building_tests': False, 'cmake_args': None, 'cmake_clean_cache': False, 'cmake_clean_first': False, 'cmake_force_configure': False, 'cmake_target': None, 'cmake_target_skip_unavailable': False, 'install_base': '/root/ros2_ws/src/install/teleop_rviz_plugin', 'merge_install': False, 'path': '/root/ros2_ws/src/utilities/teleop_rviz_plugin', 'symlink_install': False, 'test_result_base': None}
[0.158s] Level 5:colcon.colcon_core.verb:set package 'teleop_rviz_plugin_plus' build argument 'cmake_args' from command line to 'None'
[0.158s] Level 5:colcon.colcon_core.verb:set package 'teleop_rviz_plugin_plus' build argument 'cmake_target' from command line to 'None'
[0.158s] Level 5:colcon.colcon_core.verb:set package 'teleop_rviz_plugin_plus' build argument 'cmake_target_skip_unavailable' from command line to 'False'
[0.158s] Level 5:colcon.colcon_core.verb:set package 'teleop_rviz_plugin_plus' build argument 'cmake_clean_cache' from command line to 'False'
[0.158s] Level 5:colcon.colcon_core.verb:set package 'teleop_rviz_plugin_plus' build argument 'cmake_clean_first' from command line to 'False'
[0.158s] Level 5:colcon.colcon_core.verb:set package 'teleop_rviz_plugin_plus' build argument 'cmake_force_configure' from command line to 'False'
[0.158s] Level 5:colcon.colcon_core.verb:set package 'teleop_rviz_plugin_plus' build argument 'ament_cmake_args' from command line to 'None'
[0.158s] Level 5:colcon.colcon_core.verb:set package 'teleop_rviz_plugin_plus' build argument 'catkin_cmake_args' from command line to 'None'
[0.158s] Level 5:colcon.colcon_core.verb:set package 'teleop_rviz_plugin_plus' build argument 'catkin_skip_building_tests' from command line to 'False'
[0.158s] DEBUG:colcon.colcon_core.verb:Building package 'teleop_rviz_plugin_plus' with the following arguments: {'ament_cmake_args': None, 'build_base': '/root/ros2_ws/src/build/teleop_rviz_plugin_plus', 'catkin_cmake_args': None, 'catkin_skip_building_tests': False, 'cmake_args': None, 'cmake_clean_cache': False, 'cmake_clean_first': False, 'cmake_force_configure': False, 'cmake_target': None, 'cmake_target_skip_unavailable': False, 'install_base': '/root/ros2_ws/src/install/teleop_rviz_plugin_plus', 'merge_install': False, 'path': '/root/ros2_ws/src/utilities/teleop_rviz_plugin_plus', 'symlink_install': False, 'test_result_base': None}
[0.159s] Level 5:colcon.colcon_core.verb:set package 'terrain_analysis' build argument 'cmake_args' from command line to 'None'
[0.159s] Level 5:colcon.colcon_core.verb:set package 'terrain_analysis' build argument 'cmake_target' from command line to 'None'
[0.159s] Level 5:colcon.colcon_core.verb:set package 'terrain_analysis' build argument 'cmake_target_skip_unavailable' from command line to 'False'
[0.159s] Level 5:colcon.colcon_core.verb:set package 'terrain_analysis' build argument 'cmake_clean_cache' from command line to 'False'
[0.159s] Level 5:colcon.colcon_core.verb:set package 'terrain_analysis' build argument 'cmake_clean_first' from command line to 'False'
[0.159s] Level 5:colcon.colcon_core.verb:set package 'terrain_analysis' build argument 'cmake_force_configure' from command line to 'False'
[0.159s] Level 5:colcon.colcon_core.verb:set package 'terrain_analysis' build argument 'ament_cmake_args' from command line to 'None'
[0.159s] Level 5:colcon.colcon_core.verb:set package 'terrain_analysis' build argument 'catkin_cmake_args' from command line to 'None'
[0.159s] Level 5:colcon.colcon_core.verb:set package 'terrain_analysis' build argument 'catkin_skip_building_tests' from command line to 'False'
[0.159s] DEBUG:colcon.colcon_core.verb:Building package 'terrain_analysis' with the following arguments: {'ament_cmake_args': None, 'build_base': '/root/ros2_ws/src/build/terrain_analysis', 'catkin_cmake_args': None, 'catkin_skip_building_tests': False, 'cmake_args': None, 'cmake_clean_cache': False, 'cmake_clean_first': False, 'cmake_force_configure': False, 'cmake_target': None, 'cmake_target_skip_unavailable': False, 'install_base': '/root/ros2_ws/src/install/terrain_analysis', 'merge_install': False, 'path': '/root/ros2_ws/src/base_autonomy/terrain_analysis', 'symlink_install': False, 'test_result_base': None}
[0.159s] Level 5:colcon.colcon_core.verb:set package 'terrain_analysis_ext' build argument 'cmake_args' from command line to 'None'
[0.159s] Level 5:colcon.colcon_core.verb:set package 'terrain_analysis_ext' build argument 'cmake_target' from command line to 'None'
[0.159s] Level 5:colcon.colcon_core.verb:set package 'terrain_analysis_ext' build argument 'cmake_target_skip_unavailable' from command line to 'False'
[0.159s] Level 5:colcon.colcon_core.verb:set package 'terrain_analysis_ext' build argument 'cmake_clean_cache' from command line to 'False'
[0.159s] Level 5:colcon.colcon_core.verb:set package 'terrain_analysis_ext' build argument 'cmake_clean_first' from command line to 'False'
[0.159s] Level 5:colcon.colcon_core.verb:set package 'terrain_analysis_ext' build argument 'cmake_force_configure' from command line to 'False'
[0.159s] Level 5:colcon.colcon_core.verb:set package 'terrain_analysis_ext' build argument 'ament_cmake_args' from command line to 'None'
[0.159s] Level 5:colcon.colcon_core.verb:set package 'terrain_analysis_ext' build argument 'catkin_cmake_args' from command line to 'None'
[0.159s] Level 5:colcon.colcon_core.verb:set package 'terrain_analysis_ext' build argument 'catkin_skip_building_tests' from command line to 'False'
[0.159s] DEBUG:colcon.colcon_core.verb:Building package 'terrain_analysis_ext' with the following arguments: {'ament_cmake_args': None, 'build_base': '/root/ros2_ws/src/build/terrain_analysis_ext', 'catkin_cmake_args': None, 'catkin_skip_building_tests': False, 'cmake_args': None, 'cmake_clean_cache': False, 'cmake_clean_first': False, 'cmake_force_configure': False, 'cmake_target': None, 'cmake_target_skip_unavailable': False, 'install_base': '/root/ros2_ws/src/install/terrain_analysis_ext', 'merge_install': False, 'path': '/root/ros2_ws/src/base_autonomy/terrain_analysis_ext', 'symlink_install': False, 'test_result_base': None}
[0.159s] Level 5:colcon.colcon_core.verb:set package 'transform_sensors' build argument 'cmake_args' from command line to 'None'
[0.159s] Level 5:colcon.colcon_core.verb:set package 'transform_sensors' build argument 'cmake_target' from command line to 'None'
[0.159s] Level 5:colcon.colcon_core.verb:set package 'transform_sensors' build argument 'cmake_target_skip_unavailable' from command line to 'False'
[0.159s] Level 5:colcon.colcon_core.verb:set package 'transform_sensors' build argument 'cmake_clean_cache' from command line to 'False'
[0.159s] Level 5:colcon.colcon_core.verb:set package 'transform_sensors' build argument 'cmake_clean_first' from command line to 'False'
[0.159s] Level 5:colcon.colcon_core.verb:set package 'transform_sensors' build argument 'cmake_force_configure' from command line to 'False'
[0.159s] Level 5:colcon.colcon_core.verb:set package 'transform_sensors' build argument 'ament_cmake_args' from command line to 'None'
[0.159s] Level 5:colcon.colcon_core.verb:set package 'transform_sensors' build argument 'catkin_cmake_args' from command line to 'None'
[0.159s] Level 5:colcon.colcon_core.verb:set package 'transform_sensors' build argument 'catkin_skip_building_tests' from command line to 'False'
[0.159s] DEBUG:colcon.colcon_core.verb:Building package 'transform_sensors' with the following arguments: {'ament_cmake_args': None, 'build_base': '/root/ros2_ws/src/build/transform_sensors', 'catkin_cmake_args': None, 'catkin_skip_building_tests': False, 'cmake_args': None, 'cmake_clean_cache': False, 'cmake_clean_first': False, 'cmake_force_configure': False, 'cmake_target': None, 'cmake_target_skip_unavailable': False, 'install_base': '/root/ros2_ws/src/install/transform_sensors', 'merge_install': False, 'path': '/root/ros2_ws/src/utilities/transform_sensors', 'symlink_install': False, 'test_result_base': None}
[0.159s] Level 5:colcon.colcon_core.verb:set package 'unitree_api' build argument 'cmake_args' from command line to 'None'
[0.159s] Level 5:colcon.colcon_core.verb:set package 'unitree_api' build argument 'cmake_target' from command line to 'None'
[0.159s] Level 5:colcon.colcon_core.verb:set package 'unitree_api' build argument 'cmake_target_skip_unavailable' from command line to 'False'
[0.159s] Level 5:colcon.colcon_core.verb:set package 'unitree_api' build argument 'cmake_clean_cache' from command line to 'False'
[0.159s] Level 5:colcon.colcon_core.verb:set package 'unitree_api' build argument 'cmake_clean_first' from command line to 'False'
[0.159s] Level 5:colcon.colcon_core.verb:set package 'unitree_api' build argument 'cmake_force_configure' from command line to 'False'
[0.159s] Level 5:colcon.colcon_core.verb:set package 'unitree_api' build argument 'ament_cmake_args' from command line to 'None'
[0.159s] Level 5:colcon.colcon_core.verb:set package 'unitree_api' build argument 'catkin_cmake_args' from command line to 'None'
[0.159s] Level 5:colcon.colcon_core.verb:set package 'unitree_api' build argument 'catkin_skip_building_tests' from command line to 'False'
[0.159s] DEBUG:colcon.colcon_core.verb:Building package 'unitree_api' with the following arguments: {'ament_cmake_args': None, 'build_base': '/root/ros2_ws/src/build/unitree_api', 'catkin_cmake_args': None, 'catkin_skip_building_tests': False, 'cmake_args': None, 'cmake_clean_cache': False, 'cmake_clean_first': False, 'cmake_force_configure': False, 'cmake_target': None, 'cmake_target_skip_unavailable': False, 'install_base': '/root/ros2_ws/src/install/unitree_api', 'merge_install': False, 'path': '/root/ros2_ws/src/utilities/unitree_pkgs/unitree_api', 'symlink_install': False, 'test_result_base': None}
[0.159s] Level 5:colcon.colcon_core.verb:set package 'unitree_go' build argument 'cmake_args' from command line to 'None'
[0.159s] Level 5:colcon.colcon_core.verb:set package 'unitree_go' build argument 'cmake_target' from command line to 'None'
[0.159s] Level 5:colcon.colcon_core.verb:set package 'unitree_go' build argument 'cmake_target_skip_unavailable' from command line to 'False'
[0.159s] Level 5:colcon.colcon_core.verb:set package 'unitree_go' build argument 'cmake_clean_cache' from command line to 'False'
[0.159s] Level 5:colcon.colcon_core.verb:set package 'unitree_go' build argument 'cmake_clean_first' from command line to 'False'
[0.159s] Level 5:colcon.colcon_core.verb:set package 'unitree_go' build argument 'cmake_force_configure' from command line to 'False'
[0.159s] Level 5:colcon.colcon_core.verb:set package 'unitree_go' build argument 'ament_cmake_args' from command line to 'None'
[0.159s] Level 5:colcon.colcon_core.verb:set package 'unitree_go' build argument 'catkin_cmake_args' from command line to 'None'
[0.159s] Level 5:colcon.colcon_core.verb:set package 'unitree_go' build argument 'catkin_skip_building_tests' from command line to 'False'
[0.159s] DEBUG:colcon.colcon_core.verb:Building package 'unitree_go' with the following arguments: {'ament_cmake_args': None, 'build_base': '/root/ros2_ws/src/build/unitree_go', 'catkin_cmake_args': None, 'catkin_skip_building_tests': False, 'cmake_args': None, 'cmake_clean_cache': False, 'cmake_clean_first': False, 'cmake_force_configure': False, 'cmake_target': None, 'cmake_target_skip_unavailable': False, 'install_base': '/root/ros2_ws/src/install/unitree_go', 'merge_install': False, 'path': '/root/ros2_ws/src/utilities/unitree_pkgs/unitree_go', 'symlink_install': False, 'test_result_base': None}
[0.160s] Level 5:colcon.colcon_core.verb:set package 'visibility_graph_msg' build argument 'cmake_args' from command line to 'None'
[0.160s] Level 5:colcon.colcon_core.verb:set package 'visibility_graph_msg' build argument 'cmake_target' from command line to 'None'
[0.160s] Level 5:colcon.colcon_core.verb:set package 'visibility_graph_msg' build argument 'cmake_target_skip_unavailable' from command line to 'False'
[0.160s] Level 5:colcon.colcon_core.verb:set package 'visibility_graph_msg' build argument 'cmake_clean_cache' from command line to 'False'
[0.160s] Level 5:colcon.colcon_core.verb:set package 'visibility_graph_msg' build argument 'cmake_clean_first' from command line to 'False'
[0.160s] Level 5:colcon.colcon_core.verb:set package 'visibility_graph_msg' build argument 'cmake_force_configure' from command line to 'False'
[0.160s] Level 5:colcon.colcon_core.verb:set package 'visibility_graph_msg' build argument 'ament_cmake_args' from command line to 'None'
[0.160s] Level 5:colcon.colcon_core.verb:set package 'visibility_graph_msg' build argument 'catkin_cmake_args' from command line to 'None'
[0.160s] Level 5:colcon.colcon_core.verb:set package 'visibility_graph_msg' build argument 'catkin_skip_building_tests' from command line to 'False'
[0.160s] DEBUG:colcon.colcon_core.verb:Building package 'visibility_graph_msg' with the following arguments: {'ament_cmake_args': None, 'build_base': '/root/ros2_ws/src/build/visibility_graph_msg', 'catkin_cmake_args': None, 'catkin_skip_building_tests': False, 'cmake_args': None, 'cmake_clean_cache': False, 'cmake_clean_first': False, 'cmake_force_configure': False, 'cmake_target': None, 'cmake_target_skip_unavailable': False, 'install_base': '/root/ros2_ws/src/install/visibility_graph_msg', 'merge_install': False, 'path': '/root/ros2_ws/src/route_planner/visibility_graph_msg', 'symlink_install': False, 'test_result_base': None}
[0.160s] Level 5:colcon.colcon_core.verb:set package 'visualization_tools' build argument 'cmake_args' from command line to 'None'
[0.160s] Level 5:colcon.colcon_core.verb:set package 'visualization_tools' build argument 'cmake_target' from command line to 'None'
[0.160s] Level 5:colcon.colcon_core.verb:set package 'visualization_tools' build argument 'cmake_target_skip_unavailable' from command line to 'False'
[0.160s] Level 5:colcon.colcon_core.verb:set package 'visualization_tools' build argument 'cmake_clean_cache' from command line to 'False'
[0.160s] Level 5:colcon.colcon_core.verb:set package 'visualization_tools' build argument 'cmake_clean_first' from command line to 'False'
[0.160s] Level 5:colcon.colcon_core.verb:set package 'visualization_tools' build argument 'cmake_force_configure' from command line to 'False'
[0.160s] Level 5:colcon.colcon_core.verb:set package 'visualization_tools' build argument 'ament_cmake_args' from command line to 'None'
[0.160s] Level 5:colcon.colcon_core.verb:set package 'visualization_tools' build argument 'catkin_cmake_args' from command line to 'None'
[0.160s] Level 5:colcon.colcon_core.verb:set package 'visualization_tools' build argument 'catkin_skip_building_tests' from command line to 'False'
[0.160s] DEBUG:colcon.colcon_core.verb:Building package 'visualization_tools' with the following arguments: {'ament_cmake_args': None, 'build_base': '/root/ros2_ws/src/build/visualization_tools', 'catkin_cmake_args': None, 'catkin_skip_building_tests': False, 'cmake_args': None, 'cmake_clean_cache': False, 'cmake_clean_first': False, 'cmake_force_configure': False, 'cmake_target': None, 'cmake_target_skip_unavailable': False, 'install_base': '/root/ros2_ws/src/install/visualization_tools', 'merge_install': False, 'path': '/root/ros2_ws/src/base_autonomy/visualization_tools', 'symlink_install': False, 'test_result_base': None}
[0.160s] Level 5:colcon.colcon_core.verb:set package 'waypoint_example' build argument 'cmake_args' from command line to 'None'
[0.160s] Level 5:colcon.colcon_core.verb:set package 'waypoint_example' build argument 'cmake_target' from command line to 'None'
[0.160s] Level 5:colcon.colcon_core.verb:set package 'waypoint_example' build argument 'cmake_target_skip_unavailable' from command line to 'False'
[0.160s] Level 5:colcon.colcon_core.verb:set package 'waypoint_example' build argument 'cmake_clean_cache' from command line to 'False'
[0.160s] Level 5:colcon.colcon_core.verb:set package 'waypoint_example' build argument 'cmake_clean_first' from command line to 'False'
[0.160s] Level 5:colcon.colcon_core.verb:set package 'waypoint_example' build argument 'cmake_force_configure' from command line to 'False'
[0.160s] Level 5:colcon.colcon_core.verb:set package 'waypoint_example' build argument 'ament_cmake_args' from command line to 'None'
[0.160s] Level 5:colcon.colcon_core.verb:set package 'waypoint_example' build argument 'catkin_cmake_args' from command line to 'None'
[0.160s] Level 5:colcon.colcon_core.verb:set package 'waypoint_example' build argument 'catkin_skip_building_tests' from command line to 'False'
[0.160s] DEBUG:colcon.colcon_core.verb:Building package 'waypoint_example' with the following arguments: {'ament_cmake_args': None, 'build_base': '/root/ros2_ws/src/build/waypoint_example', 'catkin_cmake_args': None, 'catkin_skip_building_tests': False, 'cmake_args': None, 'cmake_clean_cache': False, 'cmake_clean_first': False, 'cmake_force_configure': False, 'cmake_target': None, 'cmake_target_skip_unavailable': False, 'install_base': '/root/ros2_ws/src/install/waypoint_example', 'merge_install': False, 'path': '/root/ros2_ws/src/base_autonomy/waypoint_example', 'symlink_install': False, 'test_result_base': None}
[0.160s] Level 5:colcon.colcon_core.verb:set package 'waypoint_rviz_plugin' build argument 'cmake_args' from command line to 'None'
[0.160s] Level 5:colcon.colcon_core.verb:set package 'waypoint_rviz_plugin' build argument 'cmake_target' from command line to 'None'
[0.160s] Level 5:colcon.colcon_core.verb:set package 'waypoint_rviz_plugin' build argument 'cmake_target_skip_unavailable' from command line to 'False'
[0.160s] Level 5:colcon.colcon_core.verb:set package 'waypoint_rviz_plugin' build argument 'cmake_clean_cache' from command line to 'False'
[0.160s] Level 5:colcon.colcon_core.verb:set package 'waypoint_rviz_plugin' build argument 'cmake_clean_first' from command line to 'False'
[0.160s] Level 5:colcon.colcon_core.verb:set package 'waypoint_rviz_plugin' build argument 'cmake_force_configure' from command line to 'False'
[0.160s] Level 5:colcon.colcon_core.verb:set package 'waypoint_rviz_plugin' build argument 'ament_cmake_args' from command line to 'None'
[0.160s] Level 5:colcon.colcon_core.verb:set package 'waypoint_rviz_plugin' build argument 'catkin_cmake_args' from command line to 'None'
[0.160s] Level 5:colcon.colcon_core.verb:set package 'waypoint_rviz_plugin' build argument 'catkin_skip_building_tests' from command line to 'False'
[0.160s] DEBUG:colcon.colcon_core.verb:Building package 'waypoint_rviz_plugin' with the following arguments: {'ament_cmake_args': None, 'build_base': '/root/ros2_ws/src/build/waypoint_rviz_plugin', 'catkin_cmake_args': None, 'catkin_skip_building_tests': False, 'cmake_args': None, 'cmake_clean_cache': False, 'cmake_clean_first': False, 'cmake_force_configure': False, 'cmake_target': None, 'cmake_target_skip_unavailable': False, 'install_base': '/root/ros2_ws/src/install/waypoint_rviz_plugin', 'merge_install': False, 'path': '/root/ros2_ws/src/utilities/waypoint_rviz_plugin', 'symlink_install': False, 'test_result_base': None}
[0.160s] Level 5:colcon.colcon_core.verb:set package 'boundary_handler' build argument 'cmake_args' from command line to 'None'
[0.160s] Level 5:colcon.colcon_core.verb:set package 'boundary_handler' build argument 'cmake_target' from command line to 'None'
[0.160s] Level 5:colcon.colcon_core.verb:set package 'boundary_handler' build argument 'cmake_target_skip_unavailable' from command line to 'False'
[0.160s] Level 5:colcon.colcon_core.verb:set package 'boundary_handler' build argument 'cmake_clean_cache' from command line to 'False'
[0.160s] Level 5:colcon.colcon_core.verb:set package 'boundary_handler' build argument 'cmake_clean_first' from command line to 'False'
[0.160s] Level 5:colcon.colcon_core.verb:set package 'boundary_handler' build argument 'cmake_force_configure' from command line to 'False'
[0.160s] Level 5:colcon.colcon_core.verb:set package 'boundary_handler' build argument 'ament_cmake_args' from command line to 'None'
[0.160s] Level 5:colcon.colcon_core.verb:set package 'boundary_handler' build argument 'catkin_cmake_args' from command line to 'None'
[0.160s] Level 5:colcon.colcon_core.verb:set package 'boundary_handler' build argument 'catkin_skip_building_tests' from command line to 'False'
[0.160s] DEBUG:colcon.colcon_core.verb:Building package 'boundary_handler' with the following arguments: {'ament_cmake_args': None, 'build_base': '/root/ros2_ws/src/build/boundary_handler', 'catkin_cmake_args': None, 'catkin_skip_building_tests': False, 'cmake_args': None, 'cmake_clean_cache': False, 'cmake_clean_first': False, 'cmake_force_configure': False, 'cmake_target': None, 'cmake_target_skip_unavailable': False, 'install_base': '/root/ros2_ws/src/install/boundary_handler', 'merge_install': False, 'path': '/root/ros2_ws/src/route_planner/boundary_handler', 'symlink_install': False, 'test_result_base': None}
[0.161s] Level 5:colcon.colcon_core.verb:set package 'far_planner' build argument 'cmake_args' from command line to 'None'
[0.161s] Level 5:colcon.colcon_core.verb:set package 'far_planner' build argument 'cmake_target' from command line to 'None'
[0.161s] Level 5:colcon.colcon_core.verb:set package 'far_planner' build argument 'cmake_target_skip_unavailable' from command line to 'False'
[0.161s] Level 5:colcon.colcon_core.verb:set package 'far_planner' build argument 'cmake_clean_cache' from command line to 'False'
[0.161s] Level 5:colcon.colcon_core.verb:set package 'far_planner' build argument 'cmake_clean_first' from command line to 'False'
[0.161s] Level 5:colcon.colcon_core.verb:set package 'far_planner' build argument 'cmake_force_configure' from command line to 'False'
[0.161s] Level 5:colcon.colcon_core.verb:set package 'far_planner' build argument 'ament_cmake_args' from command line to 'None'
[0.161s] Level 5:colcon.colcon_core.verb:set package 'far_planner' build argument 'catkin_cmake_args' from command line to 'None'
[0.161s] Level 5:colcon.colcon_core.verb:set package 'far_planner' build argument 'catkin_skip_building_tests' from command line to 'False'
[0.161s] DEBUG:colcon.colcon_core.verb:Building package 'far_planner' with the following arguments: {'ament_cmake_args': None, 'build_base': '/root/ros2_ws/src/build/far_planner', 'catkin_cmake_args': None, 'catkin_skip_building_tests': False, 'cmake_args': None, 'cmake_clean_cache': False, 'cmake_clean_first': False, 'cmake_force_configure': False, 'cmake_target': None, 'cmake_target_skip_unavailable': False, 'install_base': '/root/ros2_ws/src/install/far_planner', 'merge_install': False, 'path': '/root/ros2_ws/src/route_planner/far_planner', 'symlink_install': False, 'test_result_base': None}
[0.161s] Level 5:colcon.colcon_core.verb:set package 'go2_sport_api' build argument 'cmake_args' from command line to 'None'
[0.161s] Level 5:colcon.colcon_core.verb:set package 'go2_sport_api' build argument 'cmake_target' from command line to 'None'
[0.161s] Level 5:colcon.colcon_core.verb:set package 'go2_sport_api' build argument 'cmake_target_skip_unavailable' from command line to 'False'
[0.161s] Level 5:colcon.colcon_core.verb:set package 'go2_sport_api' build argument 'cmake_clean_cache' from command line to 'False'
[0.161s] Level 5:colcon.colcon_core.verb:set package 'go2_sport_api' build argument 'cmake_clean_first' from command line to 'False'
[0.161s] Level 5:colcon.colcon_core.verb:set package 'go2_sport_api' build argument 'cmake_force_configure' from command line to 'False'
[0.161s] Level 5:colcon.colcon_core.verb:set package 'go2_sport_api' build argument 'ament_cmake_args' from command line to 'None'
[0.161s] Level 5:colcon.colcon_core.verb:set package 'go2_sport_api' build argument 'catkin_cmake_args' from command line to 'None'
[0.161s] Level 5:colcon.colcon_core.verb:set package 'go2_sport_api' build argument 'catkin_skip_building_tests' from command line to 'False'
[0.161s] DEBUG:colcon.colcon_core.verb:Building package 'go2_sport_api' with the following arguments: {'ament_cmake_args': None, 'build_base': '/root/ros2_ws/src/build/go2_sport_api', 'catkin_cmake_args': None, 'catkin_skip_building_tests': False, 'cmake_args': None, 'cmake_clean_cache': False, 'cmake_clean_first': False, 'cmake_force_configure': False, 'cmake_target': None, 'cmake_target_skip_unavailable': False, 'install_base': '/root/ros2_ws/src/install/go2_sport_api', 'merge_install': False, 'path': '/root/ros2_ws/src/utilities/unitree_pkgs/go2_sport_api', 'symlink_install': False, 'test_result_base': None}
[0.161s] Level 5:colcon.colcon_core.verb:set package 'graph_decoder' build argument 'cmake_args' from command line to 'None'
[0.161s] Level 5:colcon.colcon_core.verb:set package 'graph_decoder' build argument 'cmake_target' from command line to 'None'
[0.161s] Level 5:colcon.colcon_core.verb:set package 'graph_decoder' build argument 'cmake_target_skip_unavailable' from command line to 'False'
[0.161s] Level 5:colcon.colcon_core.verb:set package 'graph_decoder' build argument 'cmake_clean_cache' from command line to 'False'
[0.161s] Level 5:colcon.colcon_core.verb:set package 'graph_decoder' build argument 'cmake_clean_first' from command line to 'False'
[0.161s] Level 5:colcon.colcon_core.verb:set package 'graph_decoder' build argument 'cmake_force_configure' from command line to 'False'
[0.161s] Level 5:colcon.colcon_core.verb:set package 'graph_decoder' build argument 'ament_cmake_args' from command line to 'None'
[0.161s] Level 5:colcon.colcon_core.verb:set package 'graph_decoder' build argument 'catkin_cmake_args' from command line to 'None'
[0.161s] Level 5:colcon.colcon_core.verb:set package 'graph_decoder' build argument 'catkin_skip_building_tests' from command line to 'False'
[0.161s] DEBUG:colcon.colcon_core.verb:Building package 'graph_decoder' with the following arguments: {'ament_cmake_args': None, 'build_base': '/root/ros2_ws/src/build/graph_decoder', 'catkin_cmake_args': None, 'catkin_skip_building_tests': False, 'cmake_args': None, 'cmake_clean_cache': False, 'cmake_clean_first': False, 'cmake_force_configure': False, 'cmake_target': None, 'cmake_target_skip_unavailable': False, 'install_base': '/root/ros2_ws/src/install/graph_decoder', 'merge_install': False, 'path': '/root/ros2_ws/src/route_planner/graph_decoder', 'symlink_install': False, 'test_result_base': None}
[0.161s] Level 5:colcon.colcon_core.verb:set package 'point_lio_unilidar' build argument 'cmake_args' from command line to 'None'
[0.161s] Level 5:colcon.colcon_core.verb:set package 'point_lio_unilidar' build argument 'cmake_target' from command line to 'None'
[0.161s] Level 5:colcon.colcon_core.verb:set package 'point_lio_unilidar' build argument 'cmake_target_skip_unavailable' from command line to 'False'
[0.161s] Level 5:colcon.colcon_core.verb:set package 'point_lio_unilidar' build argument 'cmake_clean_cache' from command line to 'False'
[0.161s] Level 5:colcon.colcon_core.verb:set package 'point_lio_unilidar' build argument 'cmake_clean_first' from command line to 'False'
[0.161s] Level 5:colcon.colcon_core.verb:set package 'point_lio_unilidar' build argument 'cmake_force_configure' from command line to 'False'
[0.161s] Level 5:colcon.colcon_core.verb:set package 'point_lio_unilidar' build argument 'ament_cmake_args' from command line to 'None'
[0.161s] Level 5:colcon.colcon_core.verb:set package 'point_lio_unilidar' build argument 'catkin_cmake_args' from command line to 'None'
[0.161s] Level 5:colcon.colcon_core.verb:set package 'point_lio_unilidar' build argument 'catkin_skip_building_tests' from command line to 'False'
[0.161s] DEBUG:colcon.colcon_core.verb:Building package 'point_lio_unilidar' with the following arguments: {'ament_cmake_args': None, 'build_base': '/root/ros2_ws/src/build/point_lio_unilidar', 'catkin_cmake_args': None, 'catkin_skip_building_tests': False, 'cmake_args': None, 'cmake_clean_cache': False, 'cmake_clean_first': False, 'cmake_force_configure': False, 'cmake_target': None, 'cmake_target_skip_unavailable': False, 'install_base': '/root/ros2_ws/src/install/point_lio_unilidar', 'merge_install': False, 'path': '/root/ros2_ws/src/slam/point_lio_unilidar', 'symlink_install': False, 'test_result_base': None}
[0.161s] Level 5:colcon.colcon_core.verb:set package 'rviz_2d_overlay_plugins' build argument 'cmake_args' from command line to 'None'
[0.161s] Level 5:colcon.colcon_core.verb:set package 'rviz_2d_overlay_plugins' build argument 'cmake_target' from command line to 'None'
[0.161s] Level 5:colcon.colcon_core.verb:set package 'rviz_2d_overlay_plugins' build argument 'cmake_target_skip_unavailable' from command line to 'False'
[0.161s] Level 5:colcon.colcon_core.verb:set package 'rviz_2d_overlay_plugins' build argument 'cmake_clean_cache' from command line to 'False'
[0.161s] Level 5:colcon.colcon_core.verb:set package 'rviz_2d_overlay_plugins' build argument 'cmake_clean_first' from command line to 'False'
[0.161s] Level 5:colcon.colcon_core.verb:set package 'rviz_2d_overlay_plugins' build argument 'cmake_force_configure' from command line to 'False'
[0.161s] Level 5:colcon.colcon_core.verb:set package 'rviz_2d_overlay_plugins' build argument 'ament_cmake_args' from command line to 'None'
[0.161s] Level 5:colcon.colcon_core.verb:set package 'rviz_2d_overlay_plugins' build argument 'catkin_cmake_args' from command line to 'None'
[0.161s] Level 5:colcon.colcon_core.verb:set package 'rviz_2d_overlay_plugins' build argument 'catkin_skip_building_tests' from command line to 'False'
[0.161s] DEBUG:colcon.colcon_core.verb:Building package 'rviz_2d_overlay_plugins' with the following arguments: {'ament_cmake_args': None, 'build_base': '/root/ros2_ws/src/build/rviz_2d_overlay_plugins', 'catkin_cmake_args': None, 'catkin_skip_building_tests': False, 'cmake_args': None, 'cmake_clean_cache': False, 'cmake_clean_first': False, 'cmake_force_configure': False, 'cmake_target': None, 'cmake_target_skip_unavailable': False, 'install_base': '/root/ros2_ws/src/install/rviz_2d_overlay_plugins', 'merge_install': False, 'path': '/root/ros2_ws/src/slam/rviz_2d_overlay_plugins/rviz_2d_overlay_plugins', 'symlink_install': False, 'test_result_base': None}
[0.162s] Level 5:colcon.colcon_core.verb:set package 'super_odometry' build argument 'cmake_args' from command line to 'None'
[0.162s] Level 5:colcon.colcon_core.verb:set package 'super_odometry' build argument 'cmake_target' from command line to 'None'
[0.162s] Level 5:colcon.colcon_core.verb:set package 'super_odometry' build argument 'cmake_target_skip_unavailable' from command line to 'False'
[0.162s] Level 5:colcon.colcon_core.verb:set package 'super_odometry' build argument 'cmake_clean_cache' from command line to 'False'
[0.162s] Level 5:colcon.colcon_core.verb:set package 'super_odometry' build argument 'cmake_clean_first' from command line to 'False'
[0.162s] Level 5:colcon.colcon_core.verb:set package 'super_odometry' build argument 'cmake_force_configure' from command line to 'False'
[0.162s] Level 5:colcon.colcon_core.verb:set package 'super_odometry' build argument 'ament_cmake_args' from command line to 'None'
[0.162s] Level 5:colcon.colcon_core.verb:set package 'super_odometry' build argument 'catkin_cmake_args' from command line to 'None'
[0.162s] Level 5:colcon.colcon_core.verb:set package 'super_odometry' build argument 'catkin_skip_building_tests' from command line to 'False'
[0.162s] DEBUG:colcon.colcon_core.verb:Building package 'super_odometry' with the following arguments: {'ament_cmake_args': None, 'build_base': '/root/ros2_ws/src/build/super_odometry', 'catkin_cmake_args': None, 'catkin_skip_building_tests': False, 'cmake_args': None, 'cmake_clean_cache': False, 'cmake_clean_first': False, 'cmake_force_configure': False, 'cmake_target': None, 'cmake_target_skip_unavailable': False, 'install_base': '/root/ros2_ws/src/install/super_odometry', 'merge_install': False, 'path': '/root/ros2_ws/src/slam/SuperOdom/super_odometry', 'symlink_install': False, 'test_result_base': None}
[0.162s] Level 5:colcon.colcon_core.verb:set package 'vehicle_simulator' build argument 'cmake_args' from command line to 'None'
[0.162s] Level 5:colcon.colcon_core.verb:set package 'vehicle_simulator' build argument 'cmake_target' from command line to 'None'
[0.162s] Level 5:colcon.colcon_core.verb:set package 'vehicle_simulator' build argument 'cmake_target_skip_unavailable' from command line to 'False'
[0.162s] Level 5:colcon.colcon_core.verb:set package 'vehicle_simulator' build argument 'cmake_clean_cache' from command line to 'False'
[0.162s] Level 5:colcon.colcon_core.verb:set package 'vehicle_simulator' build argument 'cmake_clean_first' from command line to 'False'
[0.162s] Level 5:colcon.colcon_core.verb:set package 'vehicle_simulator' build argument 'cmake_force_configure' from command line to 'False'
[0.162s] Level 5:colcon.colcon_core.verb:set package 'vehicle_simulator' build argument 'ament_cmake_args' from command line to 'None'
[0.162s] Level 5:colcon.colcon_core.verb:set package 'vehicle_simulator' build argument 'catkin_cmake_args' from command line to 'None'
[0.162s] Level 5:colcon.colcon_core.verb:set package 'vehicle_simulator' build argument 'catkin_skip_building_tests' from command line to 'False'
[0.162s] DEBUG:colcon.colcon_core.verb:Building package 'vehicle_simulator' with the following arguments: {'ament_cmake_args': None, 'build_base': '/root/ros2_ws/src/build/vehicle_simulator', 'catkin_cmake_args': None, 'catkin_skip_building_tests': False, 'cmake_args': None, 'cmake_clean_cache': False, 'cmake_clean_first': False, 'cmake_force_configure': False, 'cmake_target': None, 'cmake_target_skip_unavailable': False, 'install_base': '/root/ros2_ws/src/install/vehicle_simulator', 'merge_install': False, 'path': '/root/ros2_ws/src/base_autonomy/vehicle_simulator', 'symlink_install': False, 'test_result_base': None}
[0.162s] Level 5:colcon.colcon_core.verb:set package 'calibrate_imu' build argument 'cmake_args' from command line to 'None'
[0.162s] Level 5:colcon.colcon_core.verb:set package 'calibrate_imu' build argument 'cmake_target' from command line to 'None'
[0.162s] Level 5:colcon.colcon_core.verb:set package 'calibrate_imu' build argument 'cmake_target_skip_unavailable' from command line to 'False'
[0.162s] Level 5:colcon.colcon_core.verb:set package 'calibrate_imu' build argument 'cmake_clean_cache' from command line to 'False'
[0.162s] Level 5:colcon.colcon_core.verb:set package 'calibrate_imu' build argument 'cmake_clean_first' from command line to 'False'
[0.162s] Level 5:colcon.colcon_core.verb:set package 'calibrate_imu' build argument 'cmake_force_configure' from command line to 'False'
[0.162s] Level 5:colcon.colcon_core.verb:set package 'calibrate_imu' build argument 'ament_cmake_args' from command line to 'None'
[0.162s] Level 5:colcon.colcon_core.verb:set package 'calibrate_imu' build argument 'catkin_cmake_args' from command line to 'None'
[0.162s] Level 5:colcon.colcon_core.verb:set package 'calibrate_imu' build argument 'catkin_skip_building_tests' from command line to 'False'
[0.162s] DEBUG:colcon.colcon_core.verb:Building package 'calibrate_imu' with the following arguments: {'ament_cmake_args': None, 'build_base': '/root/ros2_ws/src/build/calibrate_imu', 'catkin_cmake_args': None, 'catkin_skip_building_tests': False, 'cmake_args': None, 'cmake_clean_cache': False, 'cmake_clean_first': False, 'cmake_force_configure': False, 'cmake_target': None, 'cmake_target_skip_unavailable': False, 'install_base': '/root/ros2_ws/src/install/calibrate_imu', 'merge_install': False, 'path': '/root/ros2_ws/src/utilities/calibrate_imu', 'symlink_install': False, 'test_result_base': None}
[0.162s] Level 5:colcon.colcon_core.verb:set package 'local_planner' build argument 'cmake_args' from command line to 'None'
[0.162s] Level 5:colcon.colcon_core.verb:set package 'local_planner' build argument 'cmake_target' from command line to 'None'
[0.162s] Level 5:colcon.colcon_core.verb:set package 'local_planner' build argument 'cmake_target_skip_unavailable' from command line to 'False'
[0.162s] Level 5:colcon.colcon_core.verb:set package 'local_planner' build argument 'cmake_clean_cache' from command line to 'False'
[0.162s] Level 5:colcon.colcon_core.verb:set package 'local_planner' build argument 'cmake_clean_first' from command line to 'False'
[0.162s] Level 5:colcon.colcon_core.verb:set package 'local_planner' build argument 'cmake_force_configure' from command line to 'False'
[0.162s] Level 5:colcon.colcon_core.verb:set package 'local_planner' build argument 'ament_cmake_args' from command line to 'None'
[0.162s] Level 5:colcon.colcon_core.verb:set package 'local_planner' build argument 'catkin_cmake_args' from command line to 'None'
[0.162s] Level 5:colcon.colcon_core.verb:set package 'local_planner' build argument 'catkin_skip_building_tests' from command line to 'False'
[0.162s] DEBUG:colcon.colcon_core.verb:Building package 'local_planner' with the following arguments: {'ament_cmake_args': None, 'build_base': '/root/ros2_ws/src/build/local_planner', 'catkin_cmake_args': None, 'catkin_skip_building_tests': False, 'cmake_args': None, 'cmake_clean_cache': False, 'cmake_clean_first': False, 'cmake_force_configure': False, 'cmake_target': None, 'cmake_target_skip_unavailable': False, 'install_base': '/root/ros2_ws/src/install/local_planner', 'merge_install': False, 'path': '/root/ros2_ws/src/base_autonomy/local_planner', 'symlink_install': False, 'test_result_base': None}
[0.162s] INFO:colcon.colcon_core.executor:Executing jobs using 'parallel' executor
[0.163s] DEBUG:colcon.colcon_parallel_executor.executor.parallel:run_until_complete
[0.163s] INFO:colcon.colcon_ros.task.ament_cmake.build:Building ROS package in '/root/ros2_ws/src/utilities/unitree_pkgs/unitree_api' with build type 'ament_cmake'
[0.163s] INFO:colcon.colcon_cmake.task.cmake.build:Building CMake package in '/root/ros2_ws/src/utilities/unitree_pkgs/unitree_api'
[0.164s] INFO:colcon.colcon_core.plugin_system:Skipping extension 'colcon_core.shell.bat': Not used on non-Windows systems
[0.164s] INFO:colcon.colcon_core.shell:Skip shell extension 'powershell' for command environment: Not usable outside of PowerShell
[0.164s] DEBUG:colcon.colcon_core.shell:Skip shell extension 'dsv' for command environment
[0.168s] INFO:colcon.colcon_ros.task.ament_cmake.build:Building ROS package in '/root/ros2_ws/src/utilities/unitree_pkgs/unitree_go' with build type 'ament_cmake'
[0.168s] INFO:colcon.colcon_cmake.task.cmake.build:Building CMake package in '/root/ros2_ws/src/utilities/unitree_pkgs/unitree_go'
[0.168s] INFO:colcon.colcon_core.shell:Skip shell extension 'powershell' for command environment: Not usable outside of PowerShell
[0.168s] DEBUG:colcon.colcon_core.shell:Skip shell extension 'dsv' for command environment
[0.170s] INFO:colcon.colcon_ros.task.ament_cmake.build:Building ROS package in '/root/ros2_ws/src/route_planner/visibility_graph_msg' with build type 'ament_cmake'
[0.170s] INFO:colcon.colcon_cmake.task.cmake.build:Building CMake package in '/root/ros2_ws/src/route_planner/visibility_graph_msg'
[0.170s] INFO:colcon.colcon_core.shell:Skip shell extension 'powershell' for command environment: Not usable outside of PowerShell
[0.170s] DEBUG:colcon.colcon_core.shell:Skip shell extension 'dsv' for command environment
[0.172s] INFO:colcon.colcon_ros.task.ament_cmake.build:Building ROS package in '/root/ros2_ws/src/slam/livox_ros_driver2' with build type 'ament_cmake'
[0.172s] INFO:colcon.colcon_cmake.task.cmake.build:Building CMake package in '/root/ros2_ws/src/slam/livox_ros_driver2'
[0.173s] INFO:colcon.colcon_core.shell:Skip shell extension 'powershell' for command environment: Not usable outside of PowerShell
[0.173s] DEBUG:colcon.colcon_core.shell:Skip shell extension 'dsv' for command environment
[0.175s] INFO:colcon.colcon_ros.task.ament_python.build:Building ROS package in '/root/ros2_ws/src/utilities/ROS-TCP-Endpoint' with build type 'ament_python'
[0.175s] Level 1:colcon.colcon_core.shell:create_environment_hook('ros_tcp_endpoint', 'ament_prefix_path')
[0.175s] INFO:colcon.colcon_core.shell:Creating environment hook '/root/ros2_ws/src/install/ros_tcp_endpoint/share/ros_tcp_endpoint/hook/ament_prefix_path.ps1'
[0.175s] INFO:colcon.colcon_core.shell:Creating environment descriptor '/root/ros2_ws/src/install/ros_tcp_endpoint/share/ros_tcp_endpoint/hook/ament_prefix_path.dsv'
[0.175s] INFO:colcon.colcon_core.shell:Creating environment hook '/root/ros2_ws/src/install/ros_tcp_endpoint/share/ros_tcp_endpoint/hook/ament_prefix_path.sh'
[0.176s] INFO:colcon.colcon_core.shell:Skip shell extension 'powershell' for command environment: Not usable outside of PowerShell
[0.176s] DEBUG:colcon.colcon_core.shell:Skip shell extension 'dsv' for command environment
[0.178s] INFO:colcon.colcon_ros.task.ament_cmake.build:Building ROS package in '/root/ros2_ws/src/slam/rviz_2d_overlay_plugins/rviz_2d_overlay_msgs' with build type 'ament_cmake'
[0.178s] INFO:colcon.colcon_cmake.task.cmake.build:Building CMake package in '/root/ros2_ws/src/slam/rviz_2d_overlay_plugins/rviz_2d_overlay_msgs'
[0.178s] INFO:colcon.colcon_core.shell:Skip shell extension 'powershell' for command environment: Not usable outside of PowerShell
[0.178s] DEBUG:colcon.colcon_core.shell:Skip shell extension 'dsv' for command environment
[0.180s] INFO:colcon.colcon_ros.task.ament_cmake.build:Building ROS package in '/root/ros2_ws/src/slam/SuperOdom/super_odometry_msgs' with build type 'ament_cmake'
[0.180s] INFO:colcon.colcon_cmake.task.cmake.build:Building CMake package in '/root/ros2_ws/src/slam/SuperOdom/super_odometry_msgs'
[0.180s] INFO:colcon.colcon_core.shell:Skip shell extension 'powershell' for command environment: Not usable outside of PowerShell
[0.181s] DEBUG:colcon.colcon_core.shell:Skip shell extension 'dsv' for command environment
[0.183s] INFO:colcon.colcon_ros.task.ament_python.build:Building ROS package in '/root/ros2_ws/src/utilities/transform_sensors' with build type 'ament_python'
[0.183s] Level 1:colcon.colcon_core.shell:create_environment_hook('transform_sensors', 'ament_prefix_path')
[0.183s] INFO:colcon.colcon_core.shell:Creating environment hook '/root/ros2_ws/src/install/transform_sensors/share/transform_sensors/hook/ament_prefix_path.ps1'
[0.183s] INFO:colcon.colcon_core.shell:Creating environment descriptor '/root/ros2_ws/src/install/transform_sensors/share/transform_sensors/hook/ament_prefix_path.dsv'
[0.184s] INFO:colcon.colcon_core.shell:Creating environment hook '/root/ros2_ws/src/install/transform_sensors/share/transform_sensors/hook/ament_prefix_path.sh'
[0.184s] INFO:colcon.colcon_core.shell:Skip shell extension 'powershell' for command environment: Not usable outside of PowerShell
[0.184s] DEBUG:colcon.colcon_core.shell:Skip shell extension 'dsv' for command environment
[0.186s] INFO:colcon.colcon_ros.task.ament_cmake.build:Building ROS package in '/root/ros2_ws/src/utilities/unitree_pkgs/go2_h264_repub' with build type 'ament_cmake'
[0.187s] INFO:colcon.colcon_cmake.task.cmake.build:Building CMake package in '/root/ros2_ws/src/utilities/unitree_pkgs/go2_h264_repub'
[0.187s] INFO:colcon.colcon_core.shell:Skip shell extension 'powershell' for command environment: Not usable outside of PowerShell
[0.187s] DEBUG:colcon.colcon_core.shell:Skip shell extension 'dsv' for command environment
[0.188s] INFO:colcon.colcon_ros.task.ament_cmake.build:Building ROS package in '/root/ros2_ws/src/utilities/goalpoint_rviz_plugin' with build type 'ament_cmake'
[0.188s] INFO:colcon.colcon_cmake.task.cmake.build:Building CMake package in '/root/ros2_ws/src/utilities/goalpoint_rviz_plugin'
[0.189s] INFO:colcon.colcon_core.shell:Skip shell extension 'powershell' for command environment: Not usable outside of PowerShell
[0.189s] DEBUG:colcon.colcon_core.shell:Skip shell extension 'dsv' for command environment
[0.191s] INFO:colcon.colcon_ros.task.ament_cmake.build:Building ROS package in '/root/ros2_ws/src/base_autonomy/sensor_scan_generation' with build type 'ament_cmake'
[0.192s] INFO:colcon.colcon_cmake.task.cmake.build:Building CMake package in '/root/ros2_ws/src/base_autonomy/sensor_scan_generation'
[0.192s] INFO:colcon.colcon_core.shell:Skip shell extension 'powershell' for command environment: Not usable outside of PowerShell
[0.192s] DEBUG:colcon.colcon_core.shell:Skip shell extension 'dsv' for command environment
[0.195s] INFO:colcon.colcon_ros.task.ament_cmake.build:Building ROS package in '/root/ros2_ws/src/utilities/teleop_rviz_plugin' with build type 'ament_cmake'
[0.195s] INFO:colcon.colcon_cmake.task.cmake.build:Building CMake package in '/root/ros2_ws/src/utilities/teleop_rviz_plugin'
[0.195s] INFO:colcon.colcon_core.shell:Skip shell extension 'powershell' for command environment: Not usable outside of PowerShell
[0.195s] DEBUG:colcon.colcon_core.shell:Skip shell extension 'dsv' for command environment
[0.197s] INFO:colcon.colcon_ros.task.ament_cmake.build:Building ROS package in '/root/ros2_ws/src/utilities/teleop_rviz_plugin_plus' with build type 'ament_cmake'
[0.197s] INFO:colcon.colcon_cmake.task.cmake.build:Building CMake package in '/root/ros2_ws/src/utilities/teleop_rviz_plugin_plus'
[0.198s] INFO:colcon.colcon_core.shell:Skip shell extension 'powershell' for command environment: Not usable outside of PowerShell
[0.198s] DEBUG:colcon.colcon_core.shell:Skip shell extension 'dsv' for command environment
[0.200s] INFO:colcon.colcon_ros.task.ament_cmake.build:Building ROS package in '/root/ros2_ws/src/base_autonomy/terrain_analysis' with build type 'ament_cmake'
[0.200s] INFO:colcon.colcon_cmake.task.cmake.build:Building CMake package in '/root/ros2_ws/src/base_autonomy/terrain_analysis'
[0.201s] INFO:colcon.colcon_core.shell:Skip shell extension 'powershell' for command environment: Not usable outside of PowerShell
[0.201s] DEBUG:colcon.colcon_core.shell:Skip shell extension 'dsv' for command environment
[0.203s] INFO:colcon.colcon_ros.task.ament_cmake.build:Building ROS package in '/root/ros2_ws/src/base_autonomy/terrain_analysis_ext' with build type 'ament_cmake'
[0.203s] INFO:colcon.colcon_cmake.task.cmake.build:Building CMake package in '/root/ros2_ws/src/base_autonomy/terrain_analysis_ext'
[0.203s] INFO:colcon.colcon_core.shell:Skip shell extension 'powershell' for command environment: Not usable outside of PowerShell
[0.203s] DEBUG:colcon.colcon_core.shell:Skip shell extension 'dsv' for command environment
[0.206s] INFO:colcon.colcon_ros.task.ament_cmake.build:Building ROS package in '/root/ros2_ws/src/base_autonomy/visualization_tools' with build type 'ament_cmake'
[0.206s] INFO:colcon.colcon_cmake.task.cmake.build:Building CMake package in '/root/ros2_ws/src/base_autonomy/visualization_tools'
[0.206s] INFO:colcon.colcon_core.shell:Skip shell extension 'powershell' for command environment: Not usable outside of PowerShell
[0.206s] DEBUG:colcon.colcon_core.shell:Skip shell extension 'dsv' for command environment
[0.209s] INFO:colcon.colcon_ros.task.ament_cmake.build:Building ROS package in '/root/ros2_ws/src/base_autonomy/waypoint_example' with build type 'ament_cmake'
[0.209s] INFO:colcon.colcon_cmake.task.cmake.build:Building CMake package in '/root/ros2_ws/src/base_autonomy/waypoint_example'
[0.209s] INFO:colcon.colcon_core.shell:Skip shell extension 'powershell' for command environment: Not usable outside of PowerShell
[0.209s] DEBUG:colcon.colcon_core.shell:Skip shell extension 'dsv' for command environment
[0.211s] INFO:colcon.colcon_ros.task.ament_cmake.build:Building ROS package in '/root/ros2_ws/src/utilities/waypoint_rviz_plugin' with build type 'ament_cmake'
[0.211s] INFO:colcon.colcon_cmake.task.cmake.build:Building CMake package in '/root/ros2_ws/src/utilities/waypoint_rviz_plugin'
[0.212s] INFO:colcon.colcon_core.shell:Skip shell extension 'powershell' for command environment: Not usable outside of PowerShell
[0.212s] DEBUG:colcon.colcon_core.shell:Skip shell extension 'dsv' for command environment
[0.217s] DEBUG:colcon.colcon_core.event_handler.log_command:Invoking command in '/root/ros2_ws/src/build/unitree_api': CMAKE_PREFIX_PATH=${CMAKE_PREFIX_PATH}:/root/ros2_ws/src/install/transform_sensors:/root/ros2_ws/src/install/ros_tcp_endpoint:/opt/ros/humble /usr/bin/cmake /root/ros2_ws/src/utilities/unitree_pkgs/unitree_api -DCMAKE_INSTALL_PREFIX=/root/ros2_ws/src/install/unitree_api
[0.220s] DEBUG:colcon.colcon_core.event_handler.log_command:Invoking command in '/root/ros2_ws/src/build/unitree_go': CMAKE_PREFIX_PATH=${CMAKE_PREFIX_PATH}:/root/ros2_ws/src/install/transform_sensors:/root/ros2_ws/src/install/ros_tcp_endpoint:/opt/ros/humble /usr/bin/cmake /root/ros2_ws/src/utilities/unitree_pkgs/unitree_go -DCMAKE_INSTALL_PREFIX=/root/ros2_ws/src/install/unitree_go
[0.221s] DEBUG:colcon.colcon_core.event_handler.log_command:Invoking command in '/root/ros2_ws/src/build/visibility_graph_msg': CMAKE_PREFIX_PATH=${CMAKE_PREFIX_PATH}:/root/ros2_ws/src/install/transform_sensors:/root/ros2_ws/src/install/ros_tcp_endpoint:/opt/ros/humble /usr/bin/cmake /root/ros2_ws/src/route_planner/visibility_graph_msg -DCMAKE_INSTALL_PREFIX=/root/ros2_ws/src/install/visibility_graph_msg
[0.224s] DEBUG:colcon.colcon_core.event_handler.log_command:Invoking command in '/root/ros2_ws/src/build/livox_ros_driver2': CMAKE_PREFIX_PATH=${CMAKE_PREFIX_PATH}:/root/ros2_ws/src/install/transform_sensors:/root/ros2_ws/src/install/ros_tcp_endpoint:/opt/ros/humble /usr/bin/cmake /root/ros2_ws/src/slam/livox_ros_driver2 -DCMAKE_INSTALL_PREFIX=/root/ros2_ws/src/install/livox_ros_driver2
[0.415s] INFO:colcon.colcon_core.task.python.build:Building Python package in '/root/ros2_ws/src/utilities/ROS-TCP-Endpoint'
[0.415s] INFO:colcon.colcon_core.shell:Skip shell extension 'powershell' for command environment: Not usable outside of PowerShell
[0.415s] DEBUG:colcon.colcon_core.shell:Skip shell extension 'dsv' for command environment
[0.424s] DEBUG:colcon.colcon_core.event_handler.log_command:Invoking command in '/root/ros2_ws/src/build/rviz_2d_overlay_msgs': CMAKE_PREFIX_PATH=${CMAKE_PREFIX_PATH}:/root/ros2_ws/src/install/transform_sensors:/root/ros2_ws/src/install/ros_tcp_endpoint:/opt/ros/humble /usr/bin/cmake /root/ros2_ws/src/slam/rviz_2d_overlay_plugins/rviz_2d_overlay_msgs -DCMAKE_INSTALL_PREFIX=/root/ros2_ws/src/install/rviz_2d_overlay_msgs
[0.425s] DEBUG:colcon.colcon_core.event_handler.log_command:Invoking command in '/root/ros2_ws/src/build/super_odometry_msgs': CMAKE_PREFIX_PATH=${CMAKE_PREFIX_PATH}:/root/ros2_ws/src/install/transform_sensors:/root/ros2_ws/src/install/ros_tcp_endpoint:/opt/ros/humble /usr/bin/cmake /root/ros2_ws/src/slam/SuperOdom/super_odometry_msgs -DCMAKE_INSTALL_PREFIX=/root/ros2_ws/src/install/super_odometry_msgs
[0.637s] INFO:colcon.colcon_core.task.python.build:Building Python package in '/root/ros2_ws/src/utilities/transform_sensors'
[0.637s] INFO:colcon.colcon_core.shell:Skip shell extension 'powershell' for command environment: Not usable outside of PowerShell
[0.638s] DEBUG:colcon.colcon_core.shell:Skip shell extension 'dsv' for command environment
[0.645s] DEBUG:colcon.colcon_core.event_handler.log_command:Invoking command in '/root/ros2_ws/src/build/go2_h264_repub': CMAKE_PREFIX_PATH=${CMAKE_PREFIX_PATH}:/root/ros2_ws/src/install/transform_sensors:/root/ros2_ws/src/install/ros_tcp_endpoint:/opt/ros/humble /usr/bin/cmake /root/ros2_ws/src/utilities/unitree_pkgs/go2_h264_repub -DCMAKE_INSTALL_PREFIX=/root/ros2_ws/src/install/go2_h264_repub
[0.648s] DEBUG:colcon.colcon_core.event_handler.log_command:Invoking command in '/root/ros2_ws/src/build/goalpoint_rviz_plugin': CMAKE_PREFIX_PATH=${CMAKE_PREFIX_PATH}:/root/ros2_ws/src/install/transform_sensors:/root/ros2_ws/src/install/ros_tcp_endpoint:/opt/ros/humble /usr/bin/cmake /root/ros2_ws/src/utilities/goalpoint_rviz_plugin -DCMAKE_INSTALL_PREFIX=/root/ros2_ws/src/install/goalpoint_rviz_plugin
[0.654s] DEBUG:colcon.colcon_core.event_handler.log_command:Invoking command in '/root/ros2_ws/src/build/sensor_scan_generation': CMAKE_PREFIX_PATH=${CMAKE_PREFIX_PATH}:/root/ros2_ws/src/install/transform_sensors:/root/ros2_ws/src/install/ros_tcp_endpoint:/opt/ros/humble /usr/bin/cmake /root/ros2_ws/src/base_autonomy/sensor_scan_generation -DCMAKE_INSTALL_PREFIX=/root/ros2_ws/src/install/sensor_scan_generation
[0.655s] DEBUG:colcon.colcon_core.event_handler.log_command:Invoking command in '/root/ros2_ws/src/build/teleop_rviz_plugin': CMAKE_PREFIX_PATH=${CMAKE_PREFIX_PATH}:/root/ros2_ws/src/install/transform_sensors:/root/ros2_ws/src/install/ros_tcp_endpoint:/opt/ros/humble /usr/bin/cmake /root/ros2_ws/src/utilities/teleop_rviz_plugin -DCMAKE_INSTALL_PREFIX=/root/ros2_ws/src/install/teleop_rviz_plugin
[0.658s] DEBUG:colcon.colcon_core.event_handler.log_command:Invoking command in '/root/ros2_ws/src/build/teleop_rviz_plugin_plus': CMAKE_PREFIX_PATH=${CMAKE_PREFIX_PATH}:/root/ros2_ws/src/install/transform_sensors:/root/ros2_ws/src/install/ros_tcp_endpoint:/opt/ros/humble /usr/bin/cmake /root/ros2_ws/src/utilities/teleop_rviz_plugin_plus -DCMAKE_INSTALL_PREFIX=/root/ros2_ws/src/install/teleop_rviz_plugin_plus
[0.663s] DEBUG:colcon.colcon_core.event_handler.log_command:Invoking command in '/root/ros2_ws/src/build/terrain_analysis': CMAKE_PREFIX_PATH=${CMAKE_PREFIX_PATH}:/root/ros2_ws/src/install/transform_sensors:/root/ros2_ws/src/install/ros_tcp_endpoint:/opt/ros/humble /usr/bin/cmake /root/ros2_ws/src/base_autonomy/terrain_analysis -DCMAKE_INSTALL_PREFIX=/root/ros2_ws/src/install/terrain_analysis
[0.664s] DEBUG:colcon.colcon_core.event_handler.log_command:Invoking command in '/root/ros2_ws/src/build/terrain_analysis_ext': CMAKE_PREFIX_PATH=${CMAKE_PREFIX_PATH}:/root/ros2_ws/src/install/transform_sensors:/root/ros2_ws/src/install/ros_tcp_endpoint:/opt/ros/humble /usr/bin/cmake /root/ros2_ws/src/base_autonomy/terrain_analysis_ext -DCMAKE_INSTALL_PREFIX=/root/ros2_ws/src/install/terrain_analysis_ext
[0.667s] DEBUG:colcon.colcon_core.event_handler.log_command:Invoking command in '/root/ros2_ws/src/build/visualization_tools': CMAKE_PREFIX_PATH=${CMAKE_PREFIX_PATH}:/root/ros2_ws/src/install/transform_sensors:/root/ros2_ws/src/install/ros_tcp_endpoint:/opt/ros/humble /usr/bin/cmake /root/ros2_ws/src/base_autonomy/visualization_tools -DCMAKE_INSTALL_PREFIX=/root/ros2_ws/src/install/visualization_tools
[0.672s] DEBUG:colcon.colcon_core.event_handler.log_command:Invoking command in '/root/ros2_ws/src/build/waypoint_example': CMAKE_PREFIX_PATH=${CMAKE_PREFIX_PATH}:/root/ros2_ws/src/install/transform_sensors:/root/ros2_ws/src/install/ros_tcp_endpoint:/opt/ros/humble /usr/bin/cmake /root/ros2_ws/src/base_autonomy/waypoint_example -DCMAKE_INSTALL_PREFIX=/root/ros2_ws/src/install/waypoint_example
[0.675s] DEBUG:colcon.colcon_core.event_handler.log_command:Invoking command in '/root/ros2_ws/src/build/waypoint_rviz_plugin': CMAKE_PREFIX_PATH=${CMAKE_PREFIX_PATH}:/root/ros2_ws/src/install/transform_sensors:/root/ros2_ws/src/install/ros_tcp_endpoint:/opt/ros/humble /usr/bin/cmake /root/ros2_ws/src/utilities/waypoint_rviz_plugin -DCMAKE_INSTALL_PREFIX=/root/ros2_ws/src/install/waypoint_rviz_plugin
[1.173s] DEBUG:colcon.colcon_core.event_handler.log_command:Invoking command in '/root/ros2_ws/src/utilities/transform_sensors': PYTHONPATH=/root/ros2_ws/src/build/transform_sensors/prefix_override:/usr/lib/python3/dist-packages/colcon_core/task/python/colcon_distutils_commands:/root/ros2_ws/src/install/transform_sensors/lib/python3.10/site-packages:${PYTHONPATH} /usr/bin/python3 -W ignore:setup.py install is deprecated -W ignore:easy_install command is deprecated setup.py egg_info --egg-base ../../build/transform_sensors build --build-base /root/ros2_ws/src/build/transform_sensors/build install --record /root/ros2_ws/src/build/transform_sensors/install.log --install-scripts $base/lib/transform_sensors --single-version-externally-managed install_data
[1.194s] DEBUG:colcon.colcon_core.event_handler.log_command:Invoking command in '/root/ros2_ws/src/utilities/ROS-TCP-Endpoint': PYTHONPATH=/root/ros2_ws/src/build/ros_tcp_endpoint/prefix_override:/usr/lib/python3/dist-packages/colcon_core/task/python/colcon_distutils_commands:/root/ros2_ws/src/install/ros_tcp_endpoint/lib/python3.10/site-packages:${PYTHONPATH} /usr/bin/python3 -W ignore:setup.py install is deprecated -W ignore:easy_install command is deprecated setup.py egg_info --egg-base ../../build/ros_tcp_endpoint build --build-base /root/ros2_ws/src/build/ros_tcp_endpoint/build install --record /root/ros2_ws/src/build/ros_tcp_endpoint/install.log --install-scripts $base/lib/ros_tcp_endpoint --single-version-externally-managed install_data
[1.534s] DEBUG:colcon.colcon_core.event_handler.log_command:Invoked command in '/root/ros2_ws/src/build/go2_h264_repub' returned '0': CMAKE_PREFIX_PATH=${CMAKE_PREFIX_PATH}:/root/ros2_ws/src/install/transform_sensors:/root/ros2_ws/src/install/ros_tcp_endpoint:/opt/ros/humble /usr/bin/cmake /root/ros2_ws/src/utilities/unitree_pkgs/go2_h264_repub -DCMAKE_INSTALL_PREFIX=/root/ros2_ws/src/install/go2_h264_repub
[1.534s] DEBUG:colcon.colcon_core.event_handler.log_command:Invoking command in '/root/ros2_ws/src/build/go2_h264_repub': CMAKE_PREFIX_PATH=${CMAKE_PREFIX_PATH}:/root/ros2_ws/src/install/transform_sensors:/root/ros2_ws/src/install/ros_tcp_endpoint:/opt/ros/humble /usr/bin/cmake --build /root/ros2_ws/src/build/go2_h264_repub -- -j24 -l24
[1.699s] DEBUG:colcon.colcon_core.event_handler.log_command:Invoked command in '/root/ros2_ws/src/build/goalpoint_rviz_plugin' returned '0': CMAKE_PREFIX_PATH=${CMAKE_PREFIX_PATH}:/root/ros2_ws/src/install/transform_sensors:/root/ros2_ws/src/install/ros_tcp_endpoint:/opt/ros/humble /usr/bin/cmake /root/ros2_ws/src/utilities/goalpoint_rviz_plugin -DCMAKE_INSTALL_PREFIX=/root/ros2_ws/src/install/goalpoint_rviz_plugin
[1.699s] DEBUG:colcon.colcon_core.event_handler.log_command:Invoking command in '/root/ros2_ws/src/build/goalpoint_rviz_plugin': CMAKE_PREFIX_PATH=${CMAKE_PREFIX_PATH}:/root/ros2_ws/src/install/transform_sensors:/root/ros2_ws/src/install/ros_tcp_endpoint:/opt/ros/humble /usr/bin/cmake --build /root/ros2_ws/src/build/goalpoint_rviz_plugin -- -j24 -l24
[1.811s] DEBUG:colcon.colcon_core.event_handler.log_command:Invoked command in '/root/ros2_ws/src/build/teleop_rviz_plugin_plus' returned '0': CMAKE_PREFIX_PATH=${CMAKE_PREFIX_PATH}:/root/ros2_ws/src/install/transform_sensors:/root/ros2_ws/src/install/ros_tcp_endpoint:/opt/ros/humble /usr/bin/cmake /root/ros2_ws/src/utilities/teleop_rviz_plugin_plus -DCMAKE_INSTALL_PREFIX=/root/ros2_ws/src/install/teleop_rviz_plugin_plus
[1.811s] DEBUG:colcon.colcon_core.event_handler.log_command:Invoking command in '/root/ros2_ws/src/build/teleop_rviz_plugin_plus': CMAKE_PREFIX_PATH=${CMAKE_PREFIX_PATH}:/root/ros2_ws/src/install/transform_sensors:/root/ros2_ws/src/install/ros_tcp_endpoint:/opt/ros/humble /usr/bin/cmake --build /root/ros2_ws/src/build/teleop_rviz_plugin_plus -- -j24 -l24
[1.856s] DEBUG:colcon.colcon_core.event_handler.log_command:Invoked command in '/root/ros2_ws/src/build/teleop_rviz_plugin' returned '0': CMAKE_PREFIX_PATH=${CMAKE_PREFIX_PATH}:/root/ros2_ws/src/install/transform_sensors:/root/ros2_ws/src/install/ros_tcp_endpoint:/opt/ros/humble /usr/bin/cmake /root/ros2_ws/src/utilities/teleop_rviz_plugin -DCMAKE_INSTALL_PREFIX=/root/ros2_ws/src/install/teleop_rviz_plugin
[1.858s] DEBUG:colcon.colcon_core.event_handler.log_command:Invoking command in '/root/ros2_ws/src/build/teleop_rviz_plugin': CMAKE_PREFIX_PATH=${CMAKE_PREFIX_PATH}:/root/ros2_ws/src/install/transform_sensors:/root/ros2_ws/src/install/ros_tcp_endpoint:/opt/ros/humble /usr/bin/cmake --build /root/ros2_ws/src/build/teleop_rviz_plugin -- -j24 -l24
[1.861s] DEBUG:colcon.colcon_core.event_handler.log_command:Invoked command in '/root/ros2_ws/src/utilities/ROS-TCP-Endpoint' returned '0': PYTHONPATH=/root/ros2_ws/src/build/ros_tcp_endpoint/prefix_override:/usr/lib/python3/dist-packages/colcon_core/task/python/colcon_distutils_commands:/root/ros2_ws/src/install/ros_tcp_endpoint/lib/python3.10/site-packages:${PYTHONPATH} /usr/bin/python3 -W ignore:setup.py install is deprecated -W ignore:easy_install command is deprecated setup.py egg_info --egg-base ../../build/ros_tcp_endpoint build --build-base /root/ros2_ws/src/build/ros_tcp_endpoint/build install --record /root/ros2_ws/src/build/ros_tcp_endpoint/install.log --install-scripts $base/lib/ros_tcp_endpoint --single-version-externally-managed install_data
[1.867s] Level 1:colcon.colcon_core.environment:checking '/root/ros2_ws/src/install/ros_tcp_endpoint' for CMake module files
[1.867s] Level 1:colcon.colcon_core.environment:checking '/root/ros2_ws/src/install/ros_tcp_endpoint' for CMake config files
[1.872s] Level 1:colcon.colcon_core.environment:checking '/root/ros2_ws/src/install/ros_tcp_endpoint/lib'
[1.873s] Level 1:colcon.colcon_core.environment:checking '/root/ros2_ws/src/install/ros_tcp_endpoint/bin'
[1.873s] Level 1:colcon.colcon_core.environment:checking '/root/ros2_ws/src/install/ros_tcp_endpoint/lib/pkgconfig/ros_tcp_endpoint.pc'
[1.873s] Level 1:colcon.colcon_core.environment:checking '/root/ros2_ws/src/install/ros_tcp_endpoint/lib/python3.10/site-packages'
[1.873s] Level 1:colcon.colcon_core.shell:create_environment_hook('ros_tcp_endpoint', 'pythonpath')
[1.873s] INFO:colcon.colcon_core.shell:Creating environment hook '/root/ros2_ws/src/install/ros_tcp_endpoint/share/ros_tcp_endpoint/hook/pythonpath.ps1'
[1.874s] INFO:colcon.colcon_core.shell:Creating environment descriptor '/root/ros2_ws/src/install/ros_tcp_endpoint/share/ros_tcp_endpoint/hook/pythonpath.dsv'
[1.874s] INFO:colcon.colcon_core.shell:Creating environment hook '/root/ros2_ws/src/install/ros_tcp_endpoint/share/ros_tcp_endpoint/hook/pythonpath.sh'
[1.880s] Level 1:colcon.colcon_core.environment:checking '/root/ros2_ws/src/install/ros_tcp_endpoint/bin'
[1.880s] Level 1:colcon.colcon_core.environment:create_environment_scripts_only(ros_tcp_endpoint)
[1.882s] INFO:colcon.colcon_core.shell:Creating package script '/root/ros2_ws/src/install/ros_tcp_endpoint/share/ros_tcp_endpoint/package.ps1'
[1.883s] INFO:colcon.colcon_core.shell:Creating package descriptor '/root/ros2_ws/src/install/ros_tcp_endpoint/share/ros_tcp_endpoint/package.dsv'
[1.884s] INFO:colcon.colcon_core.shell:Creating package script '/root/ros2_ws/src/install/ros_tcp_endpoint/share/ros_tcp_endpoint/package.sh'
[1.884s] INFO:colcon.colcon_core.shell:Creating package script '/root/ros2_ws/src/install/ros_tcp_endpoint/share/ros_tcp_endpoint/package.bash'
[1.889s] INFO:colcon.colcon_core.shell:Creating package script '/root/ros2_ws/src/install/ros_tcp_endpoint/share/ros_tcp_endpoint/package.zsh'
[1.891s] Level 1:colcon.colcon_core.environment:create_file_with_runtime_dependencies(/root/ros2_ws/src/install/ros_tcp_endpoint/share/colcon-core/packages/ros_tcp_endpoint)
[1.892s] DEBUG:colcon.colcon_core.event_handler.log_command:Invoked command in '/root/ros2_ws/src/build/go2_h264_repub' returned '0': CMAKE_PREFIX_PATH=${CMAKE_PREFIX_PATH}:/root/ros2_ws/src/install/transform_sensors:/root/ros2_ws/src/install/ros_tcp_endpoint:/opt/ros/humble /usr/bin/cmake --build /root/ros2_ws/src/build/go2_h264_repub -- -j24 -l24
[1.911s] DEBUG:colcon.colcon_core.event_handler.log_command:Invoking command in '/root/ros2_ws/src/build/go2_h264_repub': CMAKE_PREFIX_PATH=${CMAKE_PREFIX_PATH}:/root/ros2_ws/src/install/transform_sensors:/root/ros2_ws/src/install/ros_tcp_endpoint:/opt/ros/humble /usr/bin/cmake --install /root/ros2_ws/src/build/go2_h264_repub
[1.912s] INFO:colcon.colcon_ros.task.ament_cmake.build:Building ROS package in '/root/ros2_ws/src/base_autonomy/vehicle_simulator' with build type 'ament_cmake'
[1.913s] INFO:colcon.colcon_cmake.task.cmake.build:Building CMake package in '/root/ros2_ws/src/base_autonomy/vehicle_simulator'
[1.913s] INFO:colcon.colcon_core.shell:Skip shell extension 'powershell' for command environment: Not usable outside of PowerShell
[1.913s] DEBUG:colcon.colcon_core.shell:Skip shell extension 'dsv' for command environment
[1.921s] Level 1:colcon.colcon_core.environment:checking '/root/ros2_ws/src/install/transform_sensors' for CMake module files
[1.922s] Level 1:colcon.colcon_core.environment:checking '/root/ros2_ws/src/install/transform_sensors' for CMake config files
[1.922s] DEBUG:colcon.colcon_core.event_handler.log_command:Invoked command in '/root/ros2_ws/src/utilities/transform_sensors' returned '0': PYTHONPATH=/root/ros2_ws/src/build/transform_sensors/prefix_override:/usr/lib/python3/dist-packages/colcon_core/task/python/colcon_distutils_commands:/root/ros2_ws/src/install/transform_sensors/lib/python3.10/site-packages:${PYTHONPATH} /usr/bin/python3 -W ignore:setup.py install is deprecated -W ignore:easy_install command is deprecated setup.py egg_info --egg-base ../../build/transform_sensors build --build-base /root/ros2_ws/src/build/transform_sensors/build install --record /root/ros2_ws/src/build/transform_sensors/install.log --install-scripts $base/lib/transform_sensors --single-version-externally-managed install_data
[1.923s] Level 1:colcon.colcon_core.environment:checking '/root/ros2_ws/src/install/transform_sensors/lib'
[1.923s] Level 1:colcon.colcon_core.environment:checking '/root/ros2_ws/src/install/transform_sensors/bin'
[1.923s] Level 1:colcon.colcon_core.environment:checking '/root/ros2_ws/src/install/transform_sensors/lib/pkgconfig/transform_sensors.pc'
[1.923s] Level 1:colcon.colcon_core.environment:checking '/root/ros2_ws/src/install/transform_sensors/lib/python3.10/site-packages'
[1.924s] Level 1:colcon.colcon_core.shell:create_environment_hook('transform_sensors', 'pythonpath')
[1.924s] INFO:colcon.colcon_core.shell:Creating environment hook '/root/ros2_ws/src/install/transform_sensors/share/transform_sensors/hook/pythonpath.ps1'
[1.925s] INFO:colcon.colcon_core.shell:Creating environment descriptor '/root/ros2_ws/src/install/transform_sensors/share/transform_sensors/hook/pythonpath.dsv'
[1.925s] INFO:colcon.colcon_core.shell:Creating environment hook '/root/ros2_ws/src/install/transform_sensors/share/transform_sensors/hook/pythonpath.sh'
[1.927s] Level 1:colcon.colcon_core.environment:checking '/root/ros2_ws/src/install/transform_sensors/bin'
[1.927s] Level 1:colcon.colcon_core.environment:create_environment_scripts_only(transform_sensors)
[1.927s] INFO:colcon.colcon_core.shell:Creating package script '/root/ros2_ws/src/install/transform_sensors/share/transform_sensors/package.ps1'
[1.929s] INFO:colcon.colcon_core.shell:Creating package descriptor '/root/ros2_ws/src/install/transform_sensors/share/transform_sensors/package.dsv'
[1.929s] INFO:colcon.colcon_core.shell:Creating package script '/root/ros2_ws/src/install/transform_sensors/share/transform_sensors/package.sh'
[1.930s] INFO:colcon.colcon_core.shell:Creating package script '/root/ros2_ws/src/install/transform_sensors/share/transform_sensors/package.bash'
[1.931s] INFO:colcon.colcon_core.shell:Creating package script '/root/ros2_ws/src/install/transform_sensors/share/transform_sensors/package.zsh'
[1.931s] Level 1:colcon.colcon_core.environment:create_file_with_runtime_dependencies(/root/ros2_ws/src/install/transform_sensors/share/colcon-core/packages/transform_sensors)
[1.932s] INFO:colcon.colcon_ros.task.ament_cmake.build:Building ROS package in '/root/ros2_ws/src/slam/point_lio_unilidar' with build type 'ament_cmake'
[1.932s] INFO:colcon.colcon_cmake.task.cmake.build:Building CMake package in '/root/ros2_ws/src/slam/point_lio_unilidar'
[1.933s] INFO:colcon.colcon_core.shell:Skip shell extension 'powershell' for command environment: Not usable outside of PowerShell
[1.933s] DEBUG:colcon.colcon_core.shell:Skip shell extension 'dsv' for command environment
[1.947s] DEBUG:colcon.colcon_core.event_handler.log_command:Invoking command in '/root/ros2_ws/src/build/vehicle_simulator': AMENT_PREFIX_PATH=/root/ros2_ws/src/install/ros_tcp_endpoint:/root/ros2_ws/src/install/waypoint_rviz_plugin:/root/ros2_ws/src/install/waypoint_example:/root/ros2_ws/src/install/visualization_tools:/root/ros2_ws/src/install/graph_decoder:/root/ros2_ws/src/install/far_planner:/root/ros2_ws/src/install/boundary_handler:/root/ros2_ws/src/install/visibility_graph_msg:/root/ros2_ws/src/install/vehicle_simulator:/root/ros2_ws/src/install/local_planner:/root/ros2_ws/src/install/calibrate_imu:/root/ros2_ws/src/install/go2_sport_api:/root/ros2_ws/src/install/unitree_go:/root/ros2_ws/src/install/unitree_api:/root/ros2_ws/src/install/point_lio_unilidar:/root/ros2_ws/src/install/transform_sensors:/root/ros2_ws/src/install/terrain_analysis_ext:/root/ros2_ws/src/install/terrain_analysis:/root/ros2_ws/src/install/teleop_rviz_plugin_plus:/root/ros2_ws/src/install/teleop_rviz_plugin:/root/ros2_ws/src/install/super_odometry:/root/ros2_ws/src/install/super_odometry_msgs:/root/ros2_ws/src/install/sensor_scan_generation:/root/ros2_ws/src/install/rviz_2d_overlay_plugins:/root/ros2_ws/src/install/rviz_2d_overlay_msgs:/root/ros2_ws/src/install/livox_ros_driver2:/root/ros2_ws/src/install/goalpoint_rviz_plugin:/root/ros2_ws/src/install/go2_h264_repub:/opt/ros/humble CMAKE_PREFIX_PATH=${CMAKE_PREFIX_PATH}:/root/ros2_ws/src/install/transform_sensors:/root/ros2_ws/src/install/ros_tcp_endpoint:/opt/ros/humble PYTHONPATH=/root/ros2_ws/src/install/ros_tcp_endpoint/lib/python3.10/site-packages:/root/ros2_ws/src/install/visualization_tools/local/lib/python3.10/dist-packages:/root/ros2_ws/src/install/visibility_graph_msg/local/lib/python3.10/dist-packages:/root/ros2_ws/src/install/unitree_go/local/lib/python3.10/dist-packages:/root/ros2_ws/src/install/unitree_api/local/lib/python3.10/dist-packages:/root/ros2_ws/src/install/transform_sensors/lib/python3.10/site-packages:/root/ros2_ws/src/install/super_odometry_msgs/local/lib/python3.10/dist-packages:/root/ros2_ws/src/install/rviz_2d_overlay_msgs/local/lib/python3.10/dist-packages:/root/ros2_ws/src/install/livox_ros_driver2/local/lib/python3.10/dist-packages:/opt/ros/humble/lib/python3.10/site-packages:/opt/ros/humble/local/lib/python3.10/dist-packages /usr/bin/cmake --build /root/ros2_ws/src/build/vehicle_simulator -- -j24 -l24
[1.954s] DEBUG:colcon.colcon_core.event_handler.log_command:Invoking command in '/root/ros2_ws/src/build/point_lio_unilidar': AMENT_PREFIX_PATH=/root/ros2_ws/src/install/transform_sensors:/root/ros2_ws/src/install/waypoint_rviz_plugin:/root/ros2_ws/src/install/waypoint_example:/root/ros2_ws/src/install/visualization_tools:/root/ros2_ws/src/install/graph_decoder:/root/ros2_ws/src/install/far_planner:/root/ros2_ws/src/install/boundary_handler:/root/ros2_ws/src/install/visibility_graph_msg:/root/ros2_ws/src/install/vehicle_simulator:/root/ros2_ws/src/install/local_planner:/root/ros2_ws/src/install/calibrate_imu:/root/ros2_ws/src/install/go2_sport_api:/root/ros2_ws/src/install/unitree_go:/root/ros2_ws/src/install/unitree_api:/root/ros2_ws/src/install/point_lio_unilidar:/root/ros2_ws/src/install/terrain_analysis_ext:/root/ros2_ws/src/install/terrain_analysis:/root/ros2_ws/src/install/teleop_rviz_plugin_plus:/root/ros2_ws/src/install/teleop_rviz_plugin:/root/ros2_ws/src/install/super_odometry:/root/ros2_ws/src/install/super_odometry_msgs:/root/ros2_ws/src/install/sensor_scan_generation:/root/ros2_ws/src/install/rviz_2d_overlay_plugins:/root/ros2_ws/src/install/rviz_2d_overlay_msgs:/root/ros2_ws/src/install/ros_tcp_endpoint:/root/ros2_ws/src/install/livox_ros_driver2:/root/ros2_ws/src/install/goalpoint_rviz_plugin:/root/ros2_ws/src/install/go2_h264_repub:/opt/ros/humble CMAKE_PREFIX_PATH=${CMAKE_PREFIX_PATH}:/root/ros2_ws/src/install/transform_sensors:/root/ros2_ws/src/install/ros_tcp_endpoint:/opt/ros/humble PYTHONPATH=/root/ros2_ws/src/install/transform_sensors/lib/python3.10/site-packages:/root/ros2_ws/src/install/visualization_tools/local/lib/python3.10/dist-packages:/root/ros2_ws/src/install/visibility_graph_msg/local/lib/python3.10/dist-packages:/root/ros2_ws/src/install/unitree_go/local/lib/python3.10/dist-packages:/root/ros2_ws/src/install/unitree_api/local/lib/python3.10/dist-packages:/root/ros2_ws/src/install/super_odometry_msgs/local/lib/python3.10/dist-packages:/root/ros2_ws/src/install/rviz_2d_overlay_msgs/local/lib/python3.10/dist-packages:/root/ros2_ws/src/install/ros_tcp_endpoint/lib/python3.10/site-packages:/root/ros2_ws/src/install/livox_ros_driver2/local/lib/python3.10/dist-packages:/opt/ros/humble/lib/python3.10/site-packages:/opt/ros/humble/local/lib/python3.10/dist-packages /usr/bin/cmake /root/ros2_ws/src/slam/point_lio_unilidar -DCMAKE_INSTALL_PREFIX=/root/ros2_ws/src/install/point_lio_unilidar
[1.957s] DEBUG:colcon.colcon_core.event_handler.log_command:Invoked command in '/root/ros2_ws/src/build/goalpoint_rviz_plugin' returned '0': CMAKE_PREFIX_PATH=${CMAKE_PREFIX_PATH}:/root/ros2_ws/src/install/transform_sensors:/root/ros2_ws/src/install/ros_tcp_endpoint:/opt/ros/humble /usr/bin/cmake --build /root/ros2_ws/src/build/goalpoint_rviz_plugin -- -j24 -l24
[1.963s] DEBUG:colcon.colcon_core.event_handler.log_command:Invoking command in '/root/ros2_ws/src/build/goalpoint_rviz_plugin': CMAKE_PREFIX_PATH=${CMAKE_PREFIX_PATH}:/root/ros2_ws/src/install/transform_sensors:/root/ros2_ws/src/install/ros_tcp_endpoint:/opt/ros/humble /usr/bin/cmake --install /root/ros2_ws/src/build/goalpoint_rviz_plugin
[2.077s] DEBUG:colcon.colcon_core.event_handler.log_command:Invoked command in '/root/ros2_ws/src/build/visibility_graph_msg' returned '0': CMAKE_PREFIX_PATH=${CMAKE_PREFIX_PATH}:/root/ros2_ws/src/install/transform_sensors:/root/ros2_ws/src/install/ros_tcp_endpoint:/opt/ros/humble /usr/bin/cmake /root/ros2_ws/src/route_planner/visibility_graph_msg -DCMAKE_INSTALL_PREFIX=/root/ros2_ws/src/install/visibility_graph_msg
[2.084s] Level 1:colcon.colcon_core.environment:create_environment_scripts_only(go2_h264_repub)
[2.085s] Level 1:colcon.colcon_core.environment:checking '/root/ros2_ws/src/install/go2_h264_repub' for CMake module files
[2.085s] DEBUG:colcon.colcon_core.event_handler.log_command:Invoking command in '/root/ros2_ws/src/build/visibility_graph_msg': CMAKE_PREFIX_PATH=${CMAKE_PREFIX_PATH}:/root/ros2_ws/src/install/transform_sensors:/root/ros2_ws/src/install/ros_tcp_endpoint:/opt/ros/humble /usr/bin/cmake --build /root/ros2_ws/src/build/visibility_graph_msg -- -j24 -l24
[2.086s] DEBUG:colcon.colcon_core.event_handler.log_command:Invoked command in '/root/ros2_ws/src/build/go2_h264_repub' returned '0': CMAKE_PREFIX_PATH=${CMAKE_PREFIX_PATH}:/root/ros2_ws/src/install/transform_sensors:/root/ros2_ws/src/install/ros_tcp_endpoint:/opt/ros/humble /usr/bin/cmake --install /root/ros2_ws/src/build/go2_h264_repub
[2.087s] Level 1:colcon.colcon_core.environment:checking '/root/ros2_ws/src/install/go2_h264_repub' for CMake config files
[2.087s] Level 1:colcon.colcon_core.shell:create_environment_hook('go2_h264_repub', 'cmake_prefix_path')
[2.088s] INFO:colcon.colcon_core.shell:Creating environment hook '/root/ros2_ws/src/install/go2_h264_repub/share/go2_h264_repub/hook/cmake_prefix_path.ps1'
[2.088s] INFO:colcon.colcon_core.shell:Creating environment descriptor '/root/ros2_ws/src/install/go2_h264_repub/share/go2_h264_repub/hook/cmake_prefix_path.dsv'
[2.092s] INFO:colcon.colcon_core.shell:Creating environment hook '/root/ros2_ws/src/install/go2_h264_repub/share/go2_h264_repub/hook/cmake_prefix_path.sh'
[2.100s] Level 1:colcon.colcon_core.environment:checking '/root/ros2_ws/src/install/go2_h264_repub/lib'
[2.101s] Level 1:colcon.colcon_core.environment:checking '/root/ros2_ws/src/install/go2_h264_repub/bin'
[2.101s] Level 1:colcon.colcon_core.environment:checking '/root/ros2_ws/src/install/go2_h264_repub/lib/pkgconfig/go2_h264_repub.pc'
[2.101s] Level 1:colcon.colcon_core.environment:checking '/root/ros2_ws/src/install/go2_h264_repub/lib/python3.10/site-packages'
[2.102s] Level 1:colcon.colcon_core.environment:checking '/root/ros2_ws/src/install/go2_h264_repub/bin'
[2.102s] INFO:colcon.colcon_core.shell:Creating package script '/root/ros2_ws/src/install/go2_h264_repub/share/go2_h264_repub/package.ps1'
[2.103s] INFO:colcon.colcon_core.shell:Creating package descriptor '/root/ros2_ws/src/install/go2_h264_repub/share/go2_h264_repub/package.dsv'
[2.104s] INFO:colcon.colcon_core.shell:Creating package script '/root/ros2_ws/src/install/go2_h264_repub/share/go2_h264_repub/package.sh'
[2.105s] INFO:colcon.colcon_core.shell:Creating package script '/root/ros2_ws/src/install/go2_h264_repub/share/go2_h264_repub/package.bash'
[2.112s] INFO:colcon.colcon_core.shell:Creating package script '/root/ros2_ws/src/install/go2_h264_repub/share/go2_h264_repub/package.zsh'
[2.113s] Level 1:colcon.colcon_core.environment:create_file_with_runtime_dependencies(/root/ros2_ws/src/install/go2_h264_repub/share/colcon-core/packages/go2_h264_repub)
[2.114s] Level 1:colcon.colcon_core.environment:create_environment_scripts_only(go2_h264_repub)
[2.115s] Level 1:colcon.colcon_core.environment:checking '/root/ros2_ws/src/install/go2_h264_repub' for CMake module files
[2.115s] Level 1:colcon.colcon_core.environment:checking '/root/ros2_ws/src/install/go2_h264_repub' for CMake config files
[2.116s] Level 1:colcon.colcon_core.shell:create_environment_hook('go2_h264_repub', 'cmake_prefix_path')
[2.116s] INFO:colcon.colcon_core.shell:Creating environment hook '/root/ros2_ws/src/install/go2_h264_repub/share/go2_h264_repub/hook/cmake_prefix_path.ps1'
[2.117s] INFO:colcon.colcon_core.shell:Creating environment descriptor '/root/ros2_ws/src/install/go2_h264_repub/share/go2_h264_repub/hook/cmake_prefix_path.dsv'
[2.117s] INFO:colcon.colcon_core.shell:Creating environment hook '/root/ros2_ws/src/install/go2_h264_repub/share/go2_h264_repub/hook/cmake_prefix_path.sh'
[2.118s] Level 1:colcon.colcon_core.environment:checking '/root/ros2_ws/src/install/go2_h264_repub/lib'
[2.118s] Level 1:colcon.colcon_core.environment:checking '/root/ros2_ws/src/install/go2_h264_repub/bin'
[2.118s] Level 1:colcon.colcon_core.environment:checking '/root/ros2_ws/src/install/go2_h264_repub/lib/pkgconfig/go2_h264_repub.pc'
[2.119s] Level 1:colcon.colcon_core.environment:checking '/root/ros2_ws/src/install/go2_h264_repub/lib/python3.10/site-packages'
[2.119s] Level 1:colcon.colcon_core.environment:checking '/root/ros2_ws/src/install/go2_h264_repub/bin'
[2.120s] INFO:colcon.colcon_core.shell:Creating package script '/root/ros2_ws/src/install/go2_h264_repub/share/go2_h264_repub/package.ps1'
[2.120s] INFO:colcon.colcon_core.shell:Creating package descriptor '/root/ros2_ws/src/install/go2_h264_repub/share/go2_h264_repub/package.dsv'
[2.121s] INFO:colcon.colcon_core.shell:Creating package script '/root/ros2_ws/src/install/go2_h264_repub/share/go2_h264_repub/package.sh'
[2.122s] INFO:colcon.colcon_core.shell:Creating package script '/root/ros2_ws/src/install/go2_h264_repub/share/go2_h264_repub/package.bash'
[2.123s] INFO:colcon.colcon_core.shell:Creating package script '/root/ros2_ws/src/install/go2_h264_repub/share/go2_h264_repub/package.zsh'
[2.123s] Level 1:colcon.colcon_core.environment:create_file_with_runtime_dependencies(/root/ros2_ws/src/install/go2_h264_repub/share/colcon-core/packages/go2_h264_repub)
[2.127s] DEBUG:colcon.colcon_core.event_handler.log_command:Invoked command in '/root/ros2_ws/src/build/teleop_rviz_plugin_plus' returned '0': CMAKE_PREFIX_PATH=${CMAKE_PREFIX_PATH}:/root/ros2_ws/src/install/transform_sensors:/root/ros2_ws/src/install/ros_tcp_endpoint:/opt/ros/humble /usr/bin/cmake --build /root/ros2_ws/src/build/teleop_rviz_plugin_plus -- -j24 -l24
[2.135s] DEBUG:colcon.colcon_core.event_handler.log_command:Invoking command in '/root/ros2_ws/src/build/teleop_rviz_plugin_plus': CMAKE_PREFIX_PATH=${CMAKE_PREFIX_PATH}:/root/ros2_ws/src/install/transform_sensors:/root/ros2_ws/src/install/ros_tcp_endpoint:/opt/ros/humble /usr/bin/cmake --install /root/ros2_ws/src/build/teleop_rviz_plugin_plus
[2.138s] DEBUG:colcon.colcon_core.event_handler.log_command:Invoked command in '/root/ros2_ws/src/build/teleop_rviz_plugin' returned '0': CMAKE_PREFIX_PATH=${CMAKE_PREFIX_PATH}:/root/ros2_ws/src/install/transform_sensors:/root/ros2_ws/src/install/ros_tcp_endpoint:/opt/ros/humble /usr/bin/cmake --build /root/ros2_ws/src/build/teleop_rviz_plugin -- -j24 -l24
[2.138s] DEBUG:colcon.colcon_core.event_handler.log_command:Invoking command in '/root/ros2_ws/src/build/teleop_rviz_plugin': CMAKE_PREFIX_PATH=${CMAKE_PREFIX_PATH}:/root/ros2_ws/src/install/transform_sensors:/root/ros2_ws/src/install/ros_tcp_endpoint:/opt/ros/humble /usr/bin/cmake --install /root/ros2_ws/src/build/teleop_rviz_plugin
[2.146s] Level 1:colcon.colcon_core.environment:create_environment_scripts_only(goalpoint_rviz_plugin)
[2.146s] DEBUG:colcon.colcon_core.event_handler.log_command:Invoked command in '/root/ros2_ws/src/build/waypoint_rviz_plugin' returned '0': CMAKE_PREFIX_PATH=${CMAKE_PREFIX_PATH}:/root/ros2_ws/src/install/transform_sensors:/root/ros2_ws/src/install/ros_tcp_endpoint:/opt/ros/humble /usr/bin/cmake /root/ros2_ws/src/utilities/waypoint_rviz_plugin -DCMAKE_INSTALL_PREFIX=/root/ros2_ws/src/install/waypoint_rviz_plugin
[2.147s] Level 1:colcon.colcon_core.environment:checking '/root/ros2_ws/src/install/goalpoint_rviz_plugin' for CMake module files
[2.148s] DEBUG:colcon.colcon_core.event_handler.log_command:Invoking command in '/root/ros2_ws/src/build/waypoint_rviz_plugin': CMAKE_PREFIX_PATH=${CMAKE_PREFIX_PATH}:/root/ros2_ws/src/install/transform_sensors:/root/ros2_ws/src/install/ros_tcp_endpoint:/opt/ros/humble /usr/bin/cmake --build /root/ros2_ws/src/build/waypoint_rviz_plugin -- -j24 -l24
[2.149s] DEBUG:colcon.colcon_core.event_handler.log_command:Invoked command in '/root/ros2_ws/src/build/vehicle_simulator' returned '0': AMENT_PREFIX_PATH=/root/ros2_ws/src/install/ros_tcp_endpoint:/root/ros2_ws/src/install/waypoint_rviz_plugin:/root/ros2_ws/src/install/waypoint_example:/root/ros2_ws/src/install/visualization_tools:/root/ros2_ws/src/install/graph_decoder:/root/ros2_ws/src/install/far_planner:/root/ros2_ws/src/install/boundary_handler:/root/ros2_ws/src/install/visibility_graph_msg:/root/ros2_ws/src/install/vehicle_simulator:/root/ros2_ws/src/install/local_planner:/root/ros2_ws/src/install/calibrate_imu:/root/ros2_ws/src/install/go2_sport_api:/root/ros2_ws/src/install/unitree_go:/root/ros2_ws/src/install/unitree_api:/root/ros2_ws/src/install/point_lio_unilidar:/root/ros2_ws/src/install/transform_sensors:/root/ros2_ws/src/install/terrain_analysis_ext:/root/ros2_ws/src/install/terrain_analysis:/root/ros2_ws/src/install/teleop_rviz_plugin_plus:/root/ros2_ws/src/install/teleop_rviz_plugin:/root/ros2_ws/src/install/super_odometry:/root/ros2_ws/src/install/super_odometry_msgs:/root/ros2_ws/src/install/sensor_scan_generation:/root/ros2_ws/src/install/rviz_2d_overlay_plugins:/root/ros2_ws/src/install/rviz_2d_overlay_msgs:/root/ros2_ws/src/install/livox_ros_driver2:/root/ros2_ws/src/install/goalpoint_rviz_plugin:/root/ros2_ws/src/install/go2_h264_repub:/opt/ros/humble CMAKE_PREFIX_PATH=${CMAKE_PREFIX_PATH}:/root/ros2_ws/src/install/transform_sensors:/root/ros2_ws/src/install/ros_tcp_endpoint:/opt/ros/humble PYTHONPATH=/root/ros2_ws/src/install/ros_tcp_endpoint/lib/python3.10/site-packages:/root/ros2_ws/src/install/visualization_tools/local/lib/python3.10/dist-packages:/root/ros2_ws/src/install/visibility_graph_msg/local/lib/python3.10/dist-packages:/root/ros2_ws/src/install/unitree_go/local/lib/python3.10/dist-packages:/root/ros2_ws/src/install/unitree_api/local/lib/python3.10/dist-packages:/root/ros2_ws/src/install/transform_sensors/lib/python3.10/site-packages:/root/ros2_ws/src/install/super_odometry_msgs/local/lib/python3.10/dist-packages:/root/ros2_ws/src/install/rviz_2d_overlay_msgs/local/lib/python3.10/dist-packages:/root/ros2_ws/src/install/livox_ros_driver2/local/lib/python3.10/dist-packages:/opt/ros/humble/lib/python3.10/site-packages:/opt/ros/humble/local/lib/python3.10/dist-packages /usr/bin/cmake --build /root/ros2_ws/src/build/vehicle_simulator -- -j24 -l24
[2.149s] Level 1:colcon.colcon_core.environment:checking '/root/ros2_ws/src/install/goalpoint_rviz_plugin' for CMake config files
[2.150s] Level 1:colcon.colcon_core.shell:create_environment_hook('goalpoint_rviz_plugin', 'cmake_prefix_path')
[2.149s] DEBUG:colcon.colcon_core.event_handler.log_command:Invoking command in '/root/ros2_ws/src/build/vehicle_simulator': AMENT_PREFIX_PATH=/root/ros2_ws/src/install/ros_tcp_endpoint:/root/ros2_ws/src/install/waypoint_rviz_plugin:/root/ros2_ws/src/install/waypoint_example:/root/ros2_ws/src/install/visualization_tools:/root/ros2_ws/src/install/graph_decoder:/root/ros2_ws/src/install/far_planner:/root/ros2_ws/src/install/boundary_handler:/root/ros2_ws/src/install/visibility_graph_msg:/root/ros2_ws/src/install/vehicle_simulator:/root/ros2_ws/src/install/local_planner:/root/ros2_ws/src/install/calibrate_imu:/root/ros2_ws/src/install/go2_sport_api:/root/ros2_ws/src/install/unitree_go:/root/ros2_ws/src/install/unitree_api:/root/ros2_ws/src/install/point_lio_unilidar:/root/ros2_ws/src/install/transform_sensors:/root/ros2_ws/src/install/terrain_analysis_ext:/root/ros2_ws/src/install/terrain_analysis:/root/ros2_ws/src/install/teleop_rviz_plugin_plus:/root/ros2_ws/src/install/teleop_rviz_plugin:/root/ros2_ws/src/install/super_odometry:/root/ros2_ws/src/install/super_odometry_msgs:/root/ros2_ws/src/install/sensor_scan_generation:/root/ros2_ws/src/install/rviz_2d_overlay_plugins:/root/ros2_ws/src/install/rviz_2d_overlay_msgs:/root/ros2_ws/src/install/livox_ros_driver2:/root/ros2_ws/src/install/goalpoint_rviz_plugin:/root/ros2_ws/src/install/go2_h264_repub:/opt/ros/humble CMAKE_PREFIX_PATH=${CMAKE_PREFIX_PATH}:/root/ros2_ws/src/install/transform_sensors:/root/ros2_ws/src/install/ros_tcp_endpoint:/opt/ros/humble PYTHONPATH=/root/ros2_ws/src/install/ros_tcp_endpoint/lib/python3.10/site-packages:/root/ros2_ws/src/install/visualization_tools/local/lib/python3.10/dist-packages:/root/ros2_ws/src/install/visibility_graph_msg/local/lib/python3.10/dist-packages:/root/ros2_ws/src/install/unitree_go/local/lib/python3.10/dist-packages:/root/ros2_ws/src/install/unitree_api/local/lib/python3.10/dist-packages:/root/ros2_ws/src/install/transform_sensors/lib/python3.10/site-packages:/root/ros2_ws/src/install/super_odometry_msgs/local/lib/python3.10/dist-packages:/root/ros2_ws/src/install/rviz_2d_overlay_msgs/local/lib/python3.10/dist-packages:/root/ros2_ws/src/install/livox_ros_driver2/local/lib/python3.10/dist-packages:/opt/ros/humble/lib/python3.10/site-packages:/opt/ros/humble/local/lib/python3.10/dist-packages /usr/bin/cmake --install /root/ros2_ws/src/build/vehicle_simulator
[2.150s] INFO:colcon.colcon_core.shell:Creating environment hook '/root/ros2_ws/src/install/goalpoint_rviz_plugin/share/goalpoint_rviz_plugin/hook/cmake_prefix_path.ps1'
[2.151s] DEBUG:colcon.colcon_core.event_handler.log_command:Invoked command in '/root/ros2_ws/src/build/goalpoint_rviz_plugin' returned '0': CMAKE_PREFIX_PATH=${CMAKE_PREFIX_PATH}:/root/ros2_ws/src/install/transform_sensors:/root/ros2_ws/src/install/ros_tcp_endpoint:/opt/ros/humble /usr/bin/cmake --install /root/ros2_ws/src/build/goalpoint_rviz_plugin
[2.152s] INFO:colcon.colcon_core.shell:Creating environment descriptor '/root/ros2_ws/src/install/goalpoint_rviz_plugin/share/goalpoint_rviz_plugin/hook/cmake_prefix_path.dsv'
[2.152s] INFO:colcon.colcon_core.shell:Creating environment hook '/root/ros2_ws/src/install/goalpoint_rviz_plugin/share/goalpoint_rviz_plugin/hook/cmake_prefix_path.sh'
[2.153s] Level 1:colcon.colcon_core.environment:checking '/root/ros2_ws/src/install/goalpoint_rviz_plugin/lib'
[2.153s] Level 1:colcon.colcon_core.environment:checking '/root/ros2_ws/src/install/goalpoint_rviz_plugin/bin'
[2.153s] Level 1:colcon.colcon_core.environment:checking '/root/ros2_ws/src/install/goalpoint_rviz_plugin/lib/pkgconfig/goalpoint_rviz_plugin.pc'
[2.156s] Level 1:colcon.colcon_core.environment:checking '/root/ros2_ws/src/install/goalpoint_rviz_plugin/lib/python3.10/site-packages'
[2.160s] Level 1:colcon.colcon_core.environment:checking '/root/ros2_ws/src/install/goalpoint_rviz_plugin/bin'
[2.161s] INFO:colcon.colcon_core.shell:Creating package script '/root/ros2_ws/src/install/goalpoint_rviz_plugin/share/goalpoint_rviz_plugin/package.ps1'
[2.164s] INFO:colcon.colcon_core.shell:Creating package descriptor '/root/ros2_ws/src/install/goalpoint_rviz_plugin/share/goalpoint_rviz_plugin/package.dsv'
[2.168s] INFO:colcon.colcon_core.shell:Creating package script '/root/ros2_ws/src/install/goalpoint_rviz_plugin/share/goalpoint_rviz_plugin/package.sh'
[2.169s] INFO:colcon.colcon_core.shell:Creating package script '/root/ros2_ws/src/install/goalpoint_rviz_plugin/share/goalpoint_rviz_plugin/package.bash'
[2.170s] INFO:colcon.colcon_core.shell:Creating package script '/root/ros2_ws/src/install/goalpoint_rviz_plugin/share/goalpoint_rviz_plugin/package.zsh'
[2.171s] Level 1:colcon.colcon_core.environment:create_file_with_runtime_dependencies(/root/ros2_ws/src/install/goalpoint_rviz_plugin/share/colcon-core/packages/goalpoint_rviz_plugin)
[2.173s] Level 1:colcon.colcon_core.environment:create_environment_scripts_only(goalpoint_rviz_plugin)
[2.177s] Level 1:colcon.colcon_core.environment:checking '/root/ros2_ws/src/install/goalpoint_rviz_plugin' for CMake module files
[2.177s] Level 1:colcon.colcon_core.environment:checking '/root/ros2_ws/src/install/goalpoint_rviz_plugin' for CMake config files
[2.178s] Level 1:colcon.colcon_core.shell:create_environment_hook('goalpoint_rviz_plugin', 'cmake_prefix_path')
[2.178s] INFO:colcon.colcon_core.shell:Creating environment hook '/root/ros2_ws/src/install/goalpoint_rviz_plugin/share/goalpoint_rviz_plugin/hook/cmake_prefix_path.ps1'
[2.179s] INFO:colcon.colcon_core.shell:Creating environment descriptor '/root/ros2_ws/src/install/goalpoint_rviz_plugin/share/goalpoint_rviz_plugin/hook/cmake_prefix_path.dsv'
[2.182s] INFO:colcon.colcon_core.shell:Creating environment hook '/root/ros2_ws/src/install/goalpoint_rviz_plugin/share/goalpoint_rviz_plugin/hook/cmake_prefix_path.sh'
[2.183s] Level 1:colcon.colcon_core.environment:checking '/root/ros2_ws/src/install/goalpoint_rviz_plugin/lib'
[2.184s] Level 1:colcon.colcon_core.environment:checking '/root/ros2_ws/src/install/goalpoint_rviz_plugin/bin'
[2.184s] Level 1:colcon.colcon_core.environment:checking '/root/ros2_ws/src/install/goalpoint_rviz_plugin/lib/pkgconfig/goalpoint_rviz_plugin.pc'
[2.184s] Level 1:colcon.colcon_core.environment:checking '/root/ros2_ws/src/install/goalpoint_rviz_plugin/lib/python3.10/site-packages'
[2.184s] Level 1:colcon.colcon_core.environment:checking '/root/ros2_ws/src/install/goalpoint_rviz_plugin/bin'
[2.185s] INFO:colcon.colcon_core.shell:Creating package script '/root/ros2_ws/src/install/goalpoint_rviz_plugin/share/goalpoint_rviz_plugin/package.ps1'
[2.185s] INFO:colcon.colcon_core.shell:Creating package descriptor '/root/ros2_ws/src/install/goalpoint_rviz_plugin/share/goalpoint_rviz_plugin/package.dsv'
[2.186s] INFO:colcon.colcon_core.shell:Creating package script '/root/ros2_ws/src/install/goalpoint_rviz_plugin/share/goalpoint_rviz_plugin/package.sh'
[2.190s] INFO:colcon.colcon_core.shell:Creating package script '/root/ros2_ws/src/install/goalpoint_rviz_plugin/share/goalpoint_rviz_plugin/package.bash'
[2.191s] INFO:colcon.colcon_core.shell:Creating package script '/root/ros2_ws/src/install/goalpoint_rviz_plugin/share/goalpoint_rviz_plugin/package.zsh'
[2.191s] Level 1:colcon.colcon_core.environment:create_file_with_runtime_dependencies(/root/ros2_ws/src/install/goalpoint_rviz_plugin/share/colcon-core/packages/goalpoint_rviz_plugin)
[2.197s] Level 1:colcon.colcon_core.environment:create_environment_scripts_only(teleop_rviz_plugin_plus)
[2.197s] Level 1:colcon.colcon_core.environment:checking '/root/ros2_ws/src/install/teleop_rviz_plugin_plus' for CMake module files
[2.201s] Level 1:colcon.colcon_core.environment:checking '/root/ros2_ws/src/install/teleop_rviz_plugin_plus' for CMake config files
[2.203s] Level 1:colcon.colcon_core.shell:create_environment_hook('teleop_rviz_plugin_plus', 'cmake_prefix_path')
[2.203s] INFO:colcon.colcon_core.shell:Creating environment hook '/root/ros2_ws/src/install/teleop_rviz_plugin_plus/share/teleop_rviz_plugin_plus/hook/cmake_prefix_path.ps1'
[2.206s] INFO:colcon.colcon_core.shell:Creating environment descriptor '/root/ros2_ws/src/install/teleop_rviz_plugin_plus/share/teleop_rviz_plugin_plus/hook/cmake_prefix_path.dsv'
[2.206s] INFO:colcon.colcon_core.shell:Creating environment hook '/root/ros2_ws/src/install/teleop_rviz_plugin_plus/share/teleop_rviz_plugin_plus/hook/cmake_prefix_path.sh'
[2.207s] Level 1:colcon.colcon_core.environment:checking '/root/ros2_ws/src/install/teleop_rviz_plugin_plus/lib'
[2.207s] Level 1:colcon.colcon_core.environment:checking '/root/ros2_ws/src/install/teleop_rviz_plugin_plus/bin'
[2.207s] Level 1:colcon.colcon_core.environment:checking '/root/ros2_ws/src/install/teleop_rviz_plugin_plus/lib/pkgconfig/teleop_rviz_plugin_plus.pc'
[2.207s] Level 1:colcon.colcon_core.environment:checking '/root/ros2_ws/src/install/teleop_rviz_plugin_plus/lib/python3.10/site-packages'
[2.208s] Level 1:colcon.colcon_core.environment:checking '/root/ros2_ws/src/install/teleop_rviz_plugin_plus/bin'
[2.208s] INFO:colcon.colcon_core.shell:Creating package script '/root/ros2_ws/src/install/teleop_rviz_plugin_plus/share/teleop_rviz_plugin_plus/package.ps1'
[2.210s] DEBUG:colcon.colcon_core.event_handler.log_command:Invoked command in '/root/ros2_ws/src/build/teleop_rviz_plugin_plus' returned '0': CMAKE_PREFIX_PATH=${CMAKE_PREFIX_PATH}:/root/ros2_ws/src/install/transform_sensors:/root/ros2_ws/src/install/ros_tcp_endpoint:/opt/ros/humble /usr/bin/cmake --install /root/ros2_ws/src/build/teleop_rviz_plugin_plus
[2.212s] INFO:colcon.colcon_core.shell:Creating package descriptor '/root/ros2_ws/src/install/teleop_rviz_plugin_plus/share/teleop_rviz_plugin_plus/package.dsv'
[2.216s] INFO:colcon.colcon_core.shell:Creating package script '/root/ros2_ws/src/install/teleop_rviz_plugin_plus/share/teleop_rviz_plugin_plus/package.sh'
[2.217s] INFO:colcon.colcon_core.shell:Creating package script '/root/ros2_ws/src/install/teleop_rviz_plugin_plus/share/teleop_rviz_plugin_plus/package.bash'
[2.217s] INFO:colcon.colcon_core.shell:Creating package script '/root/ros2_ws/src/install/teleop_rviz_plugin_plus/share/teleop_rviz_plugin_plus/package.zsh'
[2.218s] Level 1:colcon.colcon_core.environment:create_file_with_runtime_dependencies(/root/ros2_ws/src/install/teleop_rviz_plugin_plus/share/colcon-core/packages/teleop_rviz_plugin_plus)
[2.218s] Level 1:colcon.colcon_core.environment:create_environment_scripts_only(teleop_rviz_plugin_plus)
[2.224s] Level 1:colcon.colcon_core.environment:checking '/root/ros2_ws/src/install/teleop_rviz_plugin_plus' for CMake module files
[2.229s] Level 1:colcon.colcon_core.environment:checking '/root/ros2_ws/src/install/teleop_rviz_plugin_plus' for CMake config files
[2.230s] Level 1:colcon.colcon_core.shell:create_environment_hook('teleop_rviz_plugin_plus', 'cmake_prefix_path')
[2.230s] INFO:colcon.colcon_core.shell:Creating environment hook '/root/ros2_ws/src/install/teleop_rviz_plugin_plus/share/teleop_rviz_plugin_plus/hook/cmake_prefix_path.ps1'
[2.230s] INFO:colcon.colcon_core.shell:Creating environment descriptor '/root/ros2_ws/src/install/teleop_rviz_plugin_plus/share/teleop_rviz_plugin_plus/hook/cmake_prefix_path.dsv'
[2.231s] INFO:colcon.colcon_core.shell:Creating environment hook '/root/ros2_ws/src/install/teleop_rviz_plugin_plus/share/teleop_rviz_plugin_plus/hook/cmake_prefix_path.sh'
[2.232s] Level 1:colcon.colcon_core.environment:checking '/root/ros2_ws/src/install/teleop_rviz_plugin_plus/lib'
[2.232s] Level 1:colcon.colcon_core.environment:checking '/root/ros2_ws/src/install/teleop_rviz_plugin_plus/bin'
[2.233s] Level 1:colcon.colcon_core.environment:checking '/root/ros2_ws/src/install/teleop_rviz_plugin_plus/lib/pkgconfig/teleop_rviz_plugin_plus.pc'
[2.233s] Level 1:colcon.colcon_core.environment:checking '/root/ros2_ws/src/install/teleop_rviz_plugin_plus/lib/python3.10/site-packages'
[2.235s] Level 1:colcon.colcon_core.environment:checking '/root/ros2_ws/src/install/teleop_rviz_plugin_plus/bin'
[2.235s] INFO:colcon.colcon_core.shell:Creating package script '/root/ros2_ws/src/install/teleop_rviz_plugin_plus/share/teleop_rviz_plugin_plus/package.ps1'
[2.238s] INFO:colcon.colcon_core.shell:Creating package descriptor '/root/ros2_ws/src/install/teleop_rviz_plugin_plus/share/teleop_rviz_plugin_plus/package.dsv'
[2.239s] INFO:colcon.colcon_core.shell:Creating package script '/root/ros2_ws/src/install/teleop_rviz_plugin_plus/share/teleop_rviz_plugin_plus/package.sh'
[2.239s] INFO:colcon.colcon_core.shell:Creating package script '/root/ros2_ws/src/install/teleop_rviz_plugin_plus/share/teleop_rviz_plugin_plus/package.bash'
[2.239s] INFO:colcon.colcon_core.shell:Creating package script '/root/ros2_ws/src/install/teleop_rviz_plugin_plus/share/teleop_rviz_plugin_plus/package.zsh'
[2.240s] Level 1:colcon.colcon_core.environment:create_file_with_runtime_dependencies(/root/ros2_ws/src/install/teleop_rviz_plugin_plus/share/colcon-core/packages/teleop_rviz_plugin_plus)
[2.240s] Level 1:colcon.colcon_core.environment:create_environment_scripts_only(teleop_rviz_plugin)
[2.241s] DEBUG:colcon.colcon_core.event_handler.log_command:Invoked command in '/root/ros2_ws/src/build/teleop_rviz_plugin' returned '0': CMAKE_PREFIX_PATH=${CMAKE_PREFIX_PATH}:/root/ros2_ws/src/install/transform_sensors:/root/ros2_ws/src/install/ros_tcp_endpoint:/opt/ros/humble /usr/bin/cmake --install /root/ros2_ws/src/build/teleop_rviz_plugin
[2.244s] Level 1:colcon.colcon_core.environment:checking '/root/ros2_ws/src/install/teleop_rviz_plugin' for CMake module files
[2.246s] Level 1:colcon.colcon_core.environment:checking '/root/ros2_ws/src/install/teleop_rviz_plugin' for CMake config files
[2.246s] Level 1:colcon.colcon_core.shell:create_environment_hook('teleop_rviz_plugin', 'cmake_prefix_path')
[2.247s] INFO:colcon.colcon_core.shell:Creating environment hook '/root/ros2_ws/src/install/teleop_rviz_plugin/share/teleop_rviz_plugin/hook/cmake_prefix_path.ps1'
[2.247s] INFO:colcon.colcon_core.shell:Creating environment descriptor '/root/ros2_ws/src/install/teleop_rviz_plugin/share/teleop_rviz_plugin/hook/cmake_prefix_path.dsv'
[2.248s] INFO:colcon.colcon_core.shell:Creating environment hook '/root/ros2_ws/src/install/teleop_rviz_plugin/share/teleop_rviz_plugin/hook/cmake_prefix_path.sh'
[2.249s] Level 1:colcon.colcon_core.environment:checking '/root/ros2_ws/src/install/teleop_rviz_plugin/lib'
[2.249s] Level 1:colcon.colcon_core.environment:checking '/root/ros2_ws/src/install/teleop_rviz_plugin/bin'
[2.249s] Level 1:colcon.colcon_core.environment:checking '/root/ros2_ws/src/install/teleop_rviz_plugin/lib/pkgconfig/teleop_rviz_plugin.pc'
[2.249s] Level 1:colcon.colcon_core.environment:checking '/root/ros2_ws/src/install/teleop_rviz_plugin/lib/python3.10/site-packages'
[2.250s] Level 1:colcon.colcon_core.environment:checking '/root/ros2_ws/src/install/teleop_rviz_plugin/bin'
[2.250s] INFO:colcon.colcon_core.shell:Creating package script '/root/ros2_ws/src/install/teleop_rviz_plugin/share/teleop_rviz_plugin/package.ps1'
[2.251s] INFO:colcon.colcon_core.shell:Creating package descriptor '/root/ros2_ws/src/install/teleop_rviz_plugin/share/teleop_rviz_plugin/package.dsv'
[2.252s] INFO:colcon.colcon_core.shell:Creating package script '/root/ros2_ws/src/install/teleop_rviz_plugin/share/teleop_rviz_plugin/package.sh'
[2.252s] INFO:colcon.colcon_core.shell:Creating package script '/root/ros2_ws/src/install/teleop_rviz_plugin/share/teleop_rviz_plugin/package.bash'
[2.253s] INFO:colcon.colcon_core.shell:Creating package script '/root/ros2_ws/src/install/teleop_rviz_plugin/share/teleop_rviz_plugin/package.zsh'
[2.253s] Level 1:colcon.colcon_core.environment:create_file_with_runtime_dependencies(/root/ros2_ws/src/install/teleop_rviz_plugin/share/colcon-core/packages/teleop_rviz_plugin)
[2.254s] Level 1:colcon.colcon_core.environment:create_environment_scripts_only(teleop_rviz_plugin)
[2.255s] Level 1:colcon.colcon_core.environment:checking '/root/ros2_ws/src/install/teleop_rviz_plugin' for CMake module files
[2.255s] Level 1:colcon.colcon_core.environment:checking '/root/ros2_ws/src/install/teleop_rviz_plugin' for CMake config files
[2.256s] Level 1:colcon.colcon_core.shell:create_environment_hook('teleop_rviz_plugin', 'cmake_prefix_path')
[2.256s] INFO:colcon.colcon_core.shell:Creating environment hook '/root/ros2_ws/src/install/teleop_rviz_plugin/share/teleop_rviz_plugin/hook/cmake_prefix_path.ps1'
[2.257s] INFO:colcon.colcon_core.shell:Creating environment descriptor '/root/ros2_ws/src/install/teleop_rviz_plugin/share/teleop_rviz_plugin/hook/cmake_prefix_path.dsv'
[2.257s] INFO:colcon.colcon_core.shell:Creating environment hook '/root/ros2_ws/src/install/teleop_rviz_plugin/share/teleop_rviz_plugin/hook/cmake_prefix_path.sh'
[2.258s] Level 1:colcon.colcon_core.environment:checking '/root/ros2_ws/src/install/teleop_rviz_plugin/lib'
[2.258s] Level 1:colcon.colcon_core.environment:checking '/root/ros2_ws/src/install/teleop_rviz_plugin/bin'
[2.258s] Level 1:colcon.colcon_core.environment:checking '/root/ros2_ws/src/install/teleop_rviz_plugin/lib/pkgconfig/teleop_rviz_plugin.pc'
[2.259s] Level 1:colcon.colcon_core.environment:checking '/root/ros2_ws/src/install/teleop_rviz_plugin/lib/python3.10/site-packages'
[2.259s] Level 1:colcon.colcon_core.environment:checking '/root/ros2_ws/src/install/teleop_rviz_plugin/bin'
[2.260s] INFO:colcon.colcon_core.shell:Creating package script '/root/ros2_ws/src/install/teleop_rviz_plugin/share/teleop_rviz_plugin/package.ps1'
[2.270s] INFO:colcon.colcon_core.shell:Creating package descriptor '/root/ros2_ws/src/install/teleop_rviz_plugin/share/teleop_rviz_plugin/package.dsv'
[2.274s] INFO:colcon.colcon_core.shell:Creating package script '/root/ros2_ws/src/install/teleop_rviz_plugin/share/teleop_rviz_plugin/package.sh'
[2.276s] INFO:colcon.colcon_core.shell:Creating package script '/root/ros2_ws/src/install/teleop_rviz_plugin/share/teleop_rviz_plugin/package.bash'
[2.277s] INFO:colcon.colcon_core.shell:Creating package script '/root/ros2_ws/src/install/teleop_rviz_plugin/share/teleop_rviz_plugin/package.zsh'
[2.281s] Level 1:colcon.colcon_core.environment:create_file_with_runtime_dependencies(/root/ros2_ws/src/install/teleop_rviz_plugin/share/colcon-core/packages/teleop_rviz_plugin)
[2.284s] Level 1:colcon.colcon_core.environment:create_environment_scripts_only(vehicle_simulator)
[2.285s] Level 1:colcon.colcon_core.environment:checking '/root/ros2_ws/src/install/vehicle_simulator' for CMake module files
[2.286s] DEBUG:colcon.colcon_core.event_handler.log_command:Invoked command in '/root/ros2_ws/src/build/vehicle_simulator' returned '0': AMENT_PREFIX_PATH=/root/ros2_ws/src/install/ros_tcp_endpoint:/root/ros2_ws/src/install/waypoint_rviz_plugin:/root/ros2_ws/src/install/waypoint_example:/root/ros2_ws/src/install/visualization_tools:/root/ros2_ws/src/install/graph_decoder:/root/ros2_ws/src/install/far_planner:/root/ros2_ws/src/install/boundary_handler:/root/ros2_ws/src/install/visibility_graph_msg:/root/ros2_ws/src/install/vehicle_simulator:/root/ros2_ws/src/install/local_planner:/root/ros2_ws/src/install/calibrate_imu:/root/ros2_ws/src/install/go2_sport_api:/root/ros2_ws/src/install/unitree_go:/root/ros2_ws/src/install/unitree_api:/root/ros2_ws/src/install/point_lio_unilidar:/root/ros2_ws/src/install/transform_sensors:/root/ros2_ws/src/install/terrain_analysis_ext:/root/ros2_ws/src/install/terrain_analysis:/root/ros2_ws/src/install/teleop_rviz_plugin_plus:/root/ros2_ws/src/install/teleop_rviz_plugin:/root/ros2_ws/src/install/super_odometry:/root/ros2_ws/src/install/super_odometry_msgs:/root/ros2_ws/src/install/sensor_scan_generation:/root/ros2_ws/src/install/rviz_2d_overlay_plugins:/root/ros2_ws/src/install/rviz_2d_overlay_msgs:/root/ros2_ws/src/install/livox_ros_driver2:/root/ros2_ws/src/install/goalpoint_rviz_plugin:/root/ros2_ws/src/install/go2_h264_repub:/opt/ros/humble CMAKE_PREFIX_PATH=${CMAKE_PREFIX_PATH}:/root/ros2_ws/src/install/transform_sensors:/root/ros2_ws/src/install/ros_tcp_endpoint:/opt/ros/humble PYTHONPATH=/root/ros2_ws/src/install/ros_tcp_endpoint/lib/python3.10/site-packages:/root/ros2_ws/src/install/visualization_tools/local/lib/python3.10/dist-packages:/root/ros2_ws/src/install/visibility_graph_msg/local/lib/python3.10/dist-packages:/root/ros2_ws/src/install/unitree_go/local/lib/python3.10/dist-packages:/root/ros2_ws/src/install/unitree_api/local/lib/python3.10/dist-packages:/root/ros2_ws/src/install/transform_sensors/lib/python3.10/site-packages:/root/ros2_ws/src/install/super_odometry_msgs/local/lib/python3.10/dist-packages:/root/ros2_ws/src/install/rviz_2d_overlay_msgs/local/lib/python3.10/dist-packages:/root/ros2_ws/src/install/livox_ros_driver2/local/lib/python3.10/dist-packages:/opt/ros/humble/lib/python3.10/site-packages:/opt/ros/humble/local/lib/python3.10/dist-packages /usr/bin/cmake --install /root/ros2_ws/src/build/vehicle_simulator
[2.287s] Level 1:colcon.colcon_core.environment:checking '/root/ros2_ws/src/install/vehicle_simulator' for CMake config files
[2.287s] Level 1:colcon.colcon_core.shell:create_environment_hook('vehicle_simulator', 'cmake_prefix_path')
[2.287s] INFO:colcon.colcon_core.shell:Creating environment hook '/root/ros2_ws/src/install/vehicle_simulator/share/vehicle_simulator/hook/cmake_prefix_path.ps1'
[2.288s] INFO:colcon.colcon_core.shell:Creating environment descriptor '/root/ros2_ws/src/install/vehicle_simulator/share/vehicle_simulator/hook/cmake_prefix_path.dsv'
[2.289s] INFO:colcon.colcon_core.shell:Creating environment hook '/root/ros2_ws/src/install/vehicle_simulator/share/vehicle_simulator/hook/cmake_prefix_path.sh'
[2.289s] Level 1:colcon.colcon_core.environment:checking '/root/ros2_ws/src/install/vehicle_simulator/lib'
[2.289s] Level 1:colcon.colcon_core.environment:checking '/root/ros2_ws/src/install/vehicle_simulator/bin'
[2.290s] Level 1:colcon.colcon_core.environment:checking '/root/ros2_ws/src/install/vehicle_simulator/lib/pkgconfig/vehicle_simulator.pc'
[2.293s] Level 1:colcon.colcon_core.environment:checking '/root/ros2_ws/src/install/vehicle_simulator/lib/python3.10/site-packages'
[2.294s] Level 1:colcon.colcon_core.environment:checking '/root/ros2_ws/src/install/vehicle_simulator/bin'
[2.297s] INFO:colcon.colcon_core.shell:Creating package script '/root/ros2_ws/src/install/vehicle_simulator/share/vehicle_simulator/package.ps1'
[2.298s] INFO:colcon.colcon_core.shell:Creating package descriptor '/root/ros2_ws/src/install/vehicle_simulator/share/vehicle_simulator/package.dsv'
[2.298s] INFO:colcon.colcon_core.shell:Creating package script '/root/ros2_ws/src/install/vehicle_simulator/share/vehicle_simulator/package.sh'
[2.299s] INFO:colcon.colcon_core.shell:Creating package script '/root/ros2_ws/src/install/vehicle_simulator/share/vehicle_simulator/package.bash'
[2.300s] INFO:colcon.colcon_core.shell:Creating package script '/root/ros2_ws/src/install/vehicle_simulator/share/vehicle_simulator/package.zsh'
[2.300s] Level 1:colcon.colcon_core.environment:create_file_with_runtime_dependencies(/root/ros2_ws/src/install/vehicle_simulator/share/colcon-core/packages/vehicle_simulator)
[2.301s] Level 1:colcon.colcon_core.environment:create_environment_scripts_only(vehicle_simulator)
[2.302s] Level 1:colcon.colcon_core.environment:checking '/root/ros2_ws/src/install/vehicle_simulator' for CMake module files
[2.302s] Level 1:colcon.colcon_core.environment:checking '/root/ros2_ws/src/install/vehicle_simulator' for CMake config files
[2.303s] Level 1:colcon.colcon_core.shell:create_environment_hook('vehicle_simulator', 'cmake_prefix_path')
[2.303s] INFO:colcon.colcon_core.shell:Creating environment hook '/root/ros2_ws/src/install/vehicle_simulator/share/vehicle_simulator/hook/cmake_prefix_path.ps1'
[2.304s] INFO:colcon.colcon_core.shell:Creating environment descriptor '/root/ros2_ws/src/install/vehicle_simulator/share/vehicle_simulator/hook/cmake_prefix_path.dsv'
[2.304s] INFO:colcon.colcon_core.shell:Creating environment hook '/root/ros2_ws/src/install/vehicle_simulator/share/vehicle_simulator/hook/cmake_prefix_path.sh'
[2.305s] Level 1:colcon.colcon_core.environment:checking '/root/ros2_ws/src/install/vehicle_simulator/lib'
[2.305s] Level 1:colcon.colcon_core.environment:checking '/root/ros2_ws/src/install/vehicle_simulator/bin'
[2.306s] Level 1:colcon.colcon_core.environment:checking '/root/ros2_ws/src/install/vehicle_simulator/lib/pkgconfig/vehicle_simulator.pc'
[2.306s] Level 1:colcon.colcon_core.environment:checking '/root/ros2_ws/src/install/vehicle_simulator/lib/python3.10/site-packages'
[2.307s] Level 1:colcon.colcon_core.environment:checking '/root/ros2_ws/src/install/vehicle_simulator/bin'
[2.307s] INFO:colcon.colcon_core.shell:Creating package script '/root/ros2_ws/src/install/vehicle_simulator/share/vehicle_simulator/package.ps1'
[2.309s] INFO:colcon.colcon_core.shell:Creating package descriptor '/root/ros2_ws/src/install/vehicle_simulator/share/vehicle_simulator/package.dsv'
[2.310s] INFO:colcon.colcon_core.shell:Creating package script '/root/ros2_ws/src/install/vehicle_simulator/share/vehicle_simulator/package.sh'
[2.310s] INFO:colcon.colcon_core.shell:Creating package script '/root/ros2_ws/src/install/vehicle_simulator/share/vehicle_simulator/package.bash'
[2.311s] INFO:colcon.colcon_core.shell:Creating package script '/root/ros2_ws/src/install/vehicle_simulator/share/vehicle_simulator/package.zsh'
[2.311s] Level 1:colcon.colcon_core.environment:create_file_with_runtime_dependencies(/root/ros2_ws/src/install/vehicle_simulator/share/colcon-core/packages/vehicle_simulator)
[2.316s] DEBUG:colcon.colcon_core.event_handler.log_command:Invoked command in '/root/ros2_ws/src/build/unitree_go' returned '0': CMAKE_PREFIX_PATH=${CMAKE_PREFIX_PATH}:/root/ros2_ws/src/install/transform_sensors:/root/ros2_ws/src/install/ros_tcp_endpoint:/opt/ros/humble /usr/bin/cmake /root/ros2_ws/src/utilities/unitree_pkgs/unitree_go -DCMAKE_INSTALL_PREFIX=/root/ros2_ws/src/install/unitree_go
[2.318s] DEBUG:colcon.colcon_core.event_handler.log_command:Invoking command in '/root/ros2_ws/src/build/unitree_go': CMAKE_PREFIX_PATH=${CMAKE_PREFIX_PATH}:/root/ros2_ws/src/install/transform_sensors:/root/ros2_ws/src/install/ros_tcp_endpoint:/opt/ros/humble /usr/bin/cmake --build /root/ros2_ws/src/build/unitree_go -- -j24 -l24
[2.318s] DEBUG:colcon.colcon_core.event_handler.log_command:Invoked command in '/root/ros2_ws/src/build/unitree_api' returned '0': CMAKE_PREFIX_PATH=${CMAKE_PREFIX_PATH}:/root/ros2_ws/src/install/transform_sensors:/root/ros2_ws/src/install/ros_tcp_endpoint:/opt/ros/humble /usr/bin/cmake /root/ros2_ws/src/utilities/unitree_pkgs/unitree_api -DCMAKE_INSTALL_PREFIX=/root/ros2_ws/src/install/unitree_api
[2.320s] DEBUG:colcon.colcon_core.event_handler.log_command:Invoking command in '/root/ros2_ws/src/build/unitree_api': CMAKE_PREFIX_PATH=${CMAKE_PREFIX_PATH}:/root/ros2_ws/src/install/transform_sensors:/root/ros2_ws/src/install/ros_tcp_endpoint:/opt/ros/humble /usr/bin/cmake --build /root/ros2_ws/src/build/unitree_api -- -j24 -l24
[2.331s] DEBUG:colcon.colcon_core.event_handler.log_command:Invoked command in '/root/ros2_ws/src/build/waypoint_rviz_plugin' returned '0': CMAKE_PREFIX_PATH=${CMAKE_PREFIX_PATH}:/root/ros2_ws/src/install/transform_sensors:/root/ros2_ws/src/install/ros_tcp_endpoint:/opt/ros/humble /usr/bin/cmake --build /root/ros2_ws/src/build/waypoint_rviz_plugin -- -j24 -l24
[2.333s] DEBUG:colcon.colcon_core.event_handler.log_command:Invoking command in '/root/ros2_ws/src/build/waypoint_rviz_plugin': CMAKE_PREFIX_PATH=${CMAKE_PREFIX_PATH}:/root/ros2_ws/src/install/transform_sensors:/root/ros2_ws/src/install/ros_tcp_endpoint:/opt/ros/humble /usr/bin/cmake --install /root/ros2_ws/src/build/waypoint_rviz_plugin
[2.353s] Level 1:colcon.colcon_core.environment:create_environment_scripts_only(waypoint_rviz_plugin)
[2.353s] DEBUG:colcon.colcon_core.event_handler.log_command:Invoked command in '/root/ros2_ws/src/build/waypoint_rviz_plugin' returned '0': CMAKE_PREFIX_PATH=${CMAKE_PREFIX_PATH}:/root/ros2_ws/src/install/transform_sensors:/root/ros2_ws/src/install/ros_tcp_endpoint:/opt/ros/humble /usr/bin/cmake --install /root/ros2_ws/src/build/waypoint_rviz_plugin
[2.353s] Level 1:colcon.colcon_core.environment:checking '/root/ros2_ws/src/install/waypoint_rviz_plugin' for CMake module files
[2.354s] Level 1:colcon.colcon_core.environment:checking '/root/ros2_ws/src/install/waypoint_rviz_plugin' for CMake config files
[2.355s] Level 1:colcon.colcon_core.shell:create_environment_hook('waypoint_rviz_plugin', 'cmake_prefix_path')
[2.355s] INFO:colcon.colcon_core.shell:Creating environment hook '/root/ros2_ws/src/install/waypoint_rviz_plugin/share/waypoint_rviz_plugin/hook/cmake_prefix_path.ps1'
[2.356s] INFO:colcon.colcon_core.shell:Creating environment descriptor '/root/ros2_ws/src/install/waypoint_rviz_plugin/share/waypoint_rviz_plugin/hook/cmake_prefix_path.dsv'
[2.356s] INFO:colcon.colcon_core.shell:Creating environment hook '/root/ros2_ws/src/install/waypoint_rviz_plugin/share/waypoint_rviz_plugin/hook/cmake_prefix_path.sh'
[2.360s] Level 1:colcon.colcon_core.environment:checking '/root/ros2_ws/src/install/waypoint_rviz_plugin/lib'
[2.360s] Level 1:colcon.colcon_core.environment:checking '/root/ros2_ws/src/install/waypoint_rviz_plugin/bin'
[2.360s] Level 1:colcon.colcon_core.environment:checking '/root/ros2_ws/src/install/waypoint_rviz_plugin/lib/pkgconfig/waypoint_rviz_plugin.pc'
[2.361s] Level 1:colcon.colcon_core.environment:checking '/root/ros2_ws/src/install/waypoint_rviz_plugin/lib/python3.10/site-packages'
[2.361s] Level 1:colcon.colcon_core.environment:checking '/root/ros2_ws/src/install/waypoint_rviz_plugin/bin'
[2.362s] INFO:colcon.colcon_core.shell:Creating package script '/root/ros2_ws/src/install/waypoint_rviz_plugin/share/waypoint_rviz_plugin/package.ps1'
[2.362s] INFO:colcon.colcon_core.shell:Creating package descriptor '/root/ros2_ws/src/install/waypoint_rviz_plugin/share/waypoint_rviz_plugin/package.dsv'
[2.366s] INFO:colcon.colcon_core.shell:Creating package script '/root/ros2_ws/src/install/waypoint_rviz_plugin/share/waypoint_rviz_plugin/package.sh'
[2.367s] INFO:colcon.colcon_core.shell:Creating package script '/root/ros2_ws/src/install/waypoint_rviz_plugin/share/waypoint_rviz_plugin/package.bash'
[2.368s] INFO:colcon.colcon_core.shell:Creating package script '/root/ros2_ws/src/install/waypoint_rviz_plugin/share/waypoint_rviz_plugin/package.zsh'
[2.368s] Level 1:colcon.colcon_core.environment:create_file_with_runtime_dependencies(/root/ros2_ws/src/install/waypoint_rviz_plugin/share/colcon-core/packages/waypoint_rviz_plugin)
[2.369s] Level 1:colcon.colcon_core.environment:create_environment_scripts_only(waypoint_rviz_plugin)
[2.369s] Level 1:colcon.colcon_core.environment:checking '/root/ros2_ws/src/install/waypoint_rviz_plugin' for CMake module files
[2.370s] Level 1:colcon.colcon_core.environment:checking '/root/ros2_ws/src/install/waypoint_rviz_plugin' for CMake config files
[2.371s] Level 1:colcon.colcon_core.shell:create_environment_hook('waypoint_rviz_plugin', 'cmake_prefix_path')
[2.371s] INFO:colcon.colcon_core.shell:Creating environment hook '/root/ros2_ws/src/install/waypoint_rviz_plugin/share/waypoint_rviz_plugin/hook/cmake_prefix_path.ps1'
[2.372s] INFO:colcon.colcon_core.shell:Creating environment descriptor '/root/ros2_ws/src/install/waypoint_rviz_plugin/share/waypoint_rviz_plugin/hook/cmake_prefix_path.dsv'
[2.372s] INFO:colcon.colcon_core.shell:Creating environment hook '/root/ros2_ws/src/install/waypoint_rviz_plugin/share/waypoint_rviz_plugin/hook/cmake_prefix_path.sh'
[2.373s] Level 1:colcon.colcon_core.environment:checking '/root/ros2_ws/src/install/waypoint_rviz_plugin/lib'
[2.373s] Level 1:colcon.colcon_core.environment:checking '/root/ros2_ws/src/install/waypoint_rviz_plugin/bin'
[2.373s] Level 1:colcon.colcon_core.environment:checking '/root/ros2_ws/src/install/waypoint_rviz_plugin/lib/pkgconfig/waypoint_rviz_plugin.pc'
[2.373s] Level 1:colcon.colcon_core.environment:checking '/root/ros2_ws/src/install/waypoint_rviz_plugin/lib/python3.10/site-packages'
[2.374s] Level 1:colcon.colcon_core.environment:checking '/root/ros2_ws/src/install/waypoint_rviz_plugin/bin'
[2.374s] INFO:colcon.colcon_core.shell:Creating package script '/root/ros2_ws/src/install/waypoint_rviz_plugin/share/waypoint_rviz_plugin/package.ps1'
[2.375s] INFO:colcon.colcon_core.shell:Creating package descriptor '/root/ros2_ws/src/install/waypoint_rviz_plugin/share/waypoint_rviz_plugin/package.dsv'
[2.376s] INFO:colcon.colcon_core.shell:Creating package script '/root/ros2_ws/src/install/waypoint_rviz_plugin/share/waypoint_rviz_plugin/package.sh'
[2.377s] INFO:colcon.colcon_core.shell:Creating package script '/root/ros2_ws/src/install/waypoint_rviz_plugin/share/waypoint_rviz_plugin/package.bash'
[2.378s] INFO:colcon.colcon_core.shell:Creating package script '/root/ros2_ws/src/install/waypoint_rviz_plugin/share/waypoint_rviz_plugin/package.zsh'
[2.379s] Level 1:colcon.colcon_core.environment:create_file_with_runtime_dependencies(/root/ros2_ws/src/install/waypoint_rviz_plugin/share/colcon-core/packages/waypoint_rviz_plugin)
[2.514s] DEBUG:colcon.colcon_core.event_handler.log_command:Invoked command in '/root/ros2_ws/src/build/rviz_2d_overlay_msgs' returned '0': CMAKE_PREFIX_PATH=${CMAKE_PREFIX_PATH}:/root/ros2_ws/src/install/transform_sensors:/root/ros2_ws/src/install/ros_tcp_endpoint:/opt/ros/humble /usr/bin/cmake /root/ros2_ws/src/slam/rviz_2d_overlay_plugins/rviz_2d_overlay_msgs -DCMAKE_INSTALL_PREFIX=/root/ros2_ws/src/install/rviz_2d_overlay_msgs
[2.517s] DEBUG:colcon.colcon_core.event_handler.log_command:Invoking command in '/root/ros2_ws/src/build/rviz_2d_overlay_msgs': CMAKE_PREFIX_PATH=${CMAKE_PREFIX_PATH}:/root/ros2_ws/src/install/transform_sensors:/root/ros2_ws/src/install/ros_tcp_endpoint:/opt/ros/humble /usr/bin/cmake --build /root/ros2_ws/src/build/rviz_2d_overlay_msgs -- -j24 -l24
[2.744s] DEBUG:colcon.colcon_core.event_handler.log_command:Invoked command in '/root/ros2_ws/src/build/super_odometry_msgs' returned '0': CMAKE_PREFIX_PATH=${CMAKE_PREFIX_PATH}:/root/ros2_ws/src/install/transform_sensors:/root/ros2_ws/src/install/ros_tcp_endpoint:/opt/ros/humble /usr/bin/cmake /root/ros2_ws/src/slam/SuperOdom/super_odometry_msgs -DCMAKE_INSTALL_PREFIX=/root/ros2_ws/src/install/super_odometry_msgs
[2.748s] DEBUG:colcon.colcon_core.event_handler.log_command:Invoking command in '/root/ros2_ws/src/build/super_odometry_msgs': CMAKE_PREFIX_PATH=${CMAKE_PREFIX_PATH}:/root/ros2_ws/src/install/transform_sensors:/root/ros2_ws/src/install/ros_tcp_endpoint:/opt/ros/humble /usr/bin/cmake --build /root/ros2_ws/src/build/super_odometry_msgs -- -j24 -l24
[2.928s] DEBUG:colcon.colcon_core.event_handler.log_command:Invoked command in '/root/ros2_ws/src/build/visibility_graph_msg' returned '0': CMAKE_PREFIX_PATH=${CMAKE_PREFIX_PATH}:/root/ros2_ws/src/install/transform_sensors:/root/ros2_ws/src/install/ros_tcp_endpoint:/opt/ros/humble /usr/bin/cmake --build /root/ros2_ws/src/build/visibility_graph_msg -- -j24 -l24
[2.930s] DEBUG:colcon.colcon_core.event_handler.log_command:Invoking command in '/root/ros2_ws/src/build/visibility_graph_msg': CMAKE_PREFIX_PATH=${CMAKE_PREFIX_PATH}:/root/ros2_ws/src/install/transform_sensors:/root/ros2_ws/src/install/ros_tcp_endpoint:/opt/ros/humble /usr/bin/cmake --install /root/ros2_ws/src/build/visibility_graph_msg
[2.997s] Level 1:colcon.colcon_core.environment:create_environment_scripts_only(visibility_graph_msg)
[2.998s] Level 1:colcon.colcon_core.environment:checking '/root/ros2_ws/src/install/visibility_graph_msg' for CMake module files
[2.998s] DEBUG:colcon.colcon_core.event_handler.log_command:Invoked command in '/root/ros2_ws/src/build/visibility_graph_msg' returned '0': CMAKE_PREFIX_PATH=${CMAKE_PREFIX_PATH}:/root/ros2_ws/src/install/transform_sensors:/root/ros2_ws/src/install/ros_tcp_endpoint:/opt/ros/humble /usr/bin/cmake --install /root/ros2_ws/src/build/visibility_graph_msg
[2.999s] Level 1:colcon.colcon_core.environment:checking '/root/ros2_ws/src/install/visibility_graph_msg' for CMake config files
[2.999s] Level 1:colcon.colcon_core.shell:create_environment_hook('visibility_graph_msg', 'cmake_prefix_path')
[3.000s] INFO:colcon.colcon_core.shell:Creating environment hook '/root/ros2_ws/src/install/visibility_graph_msg/share/visibility_graph_msg/hook/cmake_prefix_path.ps1'
[3.001s] INFO:colcon.colcon_core.shell:Creating environment descriptor '/root/ros2_ws/src/install/visibility_graph_msg/share/visibility_graph_msg/hook/cmake_prefix_path.dsv'
[3.008s] INFO:colcon.colcon_core.shell:Creating environment hook '/root/ros2_ws/src/install/visibility_graph_msg/share/visibility_graph_msg/hook/cmake_prefix_path.sh'
[3.009s] Level 1:colcon.colcon_core.environment:checking '/root/ros2_ws/src/install/visibility_graph_msg/lib'
[3.009s] Level 1:colcon.colcon_core.shell:create_environment_hook('visibility_graph_msg', 'ld_library_path_lib')
[3.009s] INFO:colcon.colcon_core.shell:Creating environment hook '/root/ros2_ws/src/install/visibility_graph_msg/share/visibility_graph_msg/hook/ld_library_path_lib.ps1'
[3.010s] INFO:colcon.colcon_core.shell:Creating environment descriptor '/root/ros2_ws/src/install/visibility_graph_msg/share/visibility_graph_msg/hook/ld_library_path_lib.dsv'
[3.010s] INFO:colcon.colcon_core.shell:Creating environment hook '/root/ros2_ws/src/install/visibility_graph_msg/share/visibility_graph_msg/hook/ld_library_path_lib.sh'
[3.010s] Level 1:colcon.colcon_core.environment:checking '/root/ros2_ws/src/install/visibility_graph_msg/bin'
[3.010s] Level 1:colcon.colcon_core.environment:checking '/root/ros2_ws/src/install/visibility_graph_msg/lib/pkgconfig/visibility_graph_msg.pc'
[3.010s] Level 1:colcon.colcon_core.environment:checking '/root/ros2_ws/src/install/visibility_graph_msg/lib/python3.10/site-packages'
[3.011s] Level 1:colcon.colcon_core.environment:checking '/root/ros2_ws/src/install/visibility_graph_msg/bin'
[3.011s] INFO:colcon.colcon_core.shell:Creating package script '/root/ros2_ws/src/install/visibility_graph_msg/share/visibility_graph_msg/package.ps1'
[3.012s] INFO:colcon.colcon_core.shell:Creating package descriptor '/root/ros2_ws/src/install/visibility_graph_msg/share/visibility_graph_msg/package.dsv'
[3.015s] INFO:colcon.colcon_core.shell:Creating package script '/root/ros2_ws/src/install/visibility_graph_msg/share/visibility_graph_msg/package.sh'
[3.016s] INFO:colcon.colcon_core.shell:Creating package script '/root/ros2_ws/src/install/visibility_graph_msg/share/visibility_graph_msg/package.bash'
[3.016s] INFO:colcon.colcon_core.shell:Creating package script '/root/ros2_ws/src/install/visibility_graph_msg/share/visibility_graph_msg/package.zsh'
[3.016s] Level 1:colcon.colcon_core.environment:create_file_with_runtime_dependencies(/root/ros2_ws/src/install/visibility_graph_msg/share/colcon-core/packages/visibility_graph_msg)
[3.020s] Level 1:colcon.colcon_core.environment:create_environment_scripts_only(visibility_graph_msg)
[3.021s] Level 1:colcon.colcon_core.environment:checking '/root/ros2_ws/src/install/visibility_graph_msg' for CMake module files
[3.021s] Level 1:colcon.colcon_core.environment:checking '/root/ros2_ws/src/install/visibility_graph_msg' for CMake config files
[3.021s] Level 1:colcon.colcon_core.shell:create_environment_hook('visibility_graph_msg', 'cmake_prefix_path')
[3.022s] INFO:colcon.colcon_core.shell:Creating environment hook '/root/ros2_ws/src/install/visibility_graph_msg/share/visibility_graph_msg/hook/cmake_prefix_path.ps1'
[3.022s] INFO:colcon.colcon_core.shell:Creating environment descriptor '/root/ros2_ws/src/install/visibility_graph_msg/share/visibility_graph_msg/hook/cmake_prefix_path.dsv'
[3.022s] INFO:colcon.colcon_core.shell:Creating environment hook '/root/ros2_ws/src/install/visibility_graph_msg/share/visibility_graph_msg/hook/cmake_prefix_path.sh'
[3.023s] Level 1:colcon.colcon_core.environment:checking '/root/ros2_ws/src/install/visibility_graph_msg/lib'
[3.023s] Level 1:colcon.colcon_core.shell:create_environment_hook('visibility_graph_msg', 'ld_library_path_lib')
[3.023s] INFO:colcon.colcon_core.shell:Creating environment hook '/root/ros2_ws/src/install/visibility_graph_msg/share/visibility_graph_msg/hook/ld_library_path_lib.ps1'
[3.023s] INFO:colcon.colcon_core.shell:Creating environment descriptor '/root/ros2_ws/src/install/visibility_graph_msg/share/visibility_graph_msg/hook/ld_library_path_lib.dsv'
[3.028s] INFO:colcon.colcon_core.shell:Creating environment hook '/root/ros2_ws/src/install/visibility_graph_msg/share/visibility_graph_msg/hook/ld_library_path_lib.sh'
[3.028s] Level 1:colcon.colcon_core.environment:checking '/root/ros2_ws/src/install/visibility_graph_msg/bin'
[3.028s] Level 1:colcon.colcon_core.environment:checking '/root/ros2_ws/src/install/visibility_graph_msg/lib/pkgconfig/visibility_graph_msg.pc'
[3.029s] Level 1:colcon.colcon_core.environment:checking '/root/ros2_ws/src/install/visibility_graph_msg/lib/python3.10/site-packages'
[3.029s] Level 1:colcon.colcon_core.environment:checking '/root/ros2_ws/src/install/visibility_graph_msg/bin'
[3.029s] INFO:colcon.colcon_core.shell:Creating package script '/root/ros2_ws/src/install/visibility_graph_msg/share/visibility_graph_msg/package.ps1'
[3.030s] INFO:colcon.colcon_core.shell:Creating package descriptor '/root/ros2_ws/src/install/visibility_graph_msg/share/visibility_graph_msg/package.dsv'
[3.030s] INFO:colcon.colcon_core.shell:Creating package script '/root/ros2_ws/src/install/visibility_graph_msg/share/visibility_graph_msg/package.sh'
[3.031s] INFO:colcon.colcon_core.shell:Creating package script '/root/ros2_ws/src/install/visibility_graph_msg/share/visibility_graph_msg/package.bash'
[3.031s] INFO:colcon.colcon_core.shell:Creating package script '/root/ros2_ws/src/install/visibility_graph_msg/share/visibility_graph_msg/package.zsh'
[3.031s] Level 1:colcon.colcon_core.environment:create_file_with_runtime_dependencies(/root/ros2_ws/src/install/visibility_graph_msg/share/colcon-core/packages/visibility_graph_msg)
[3.032s] INFO:colcon.colcon_ros.task.ament_cmake.build:Building ROS package in '/root/ros2_ws/src/route_planner/boundary_handler' with build type 'ament_cmake'
[3.032s] INFO:colcon.colcon_cmake.task.cmake.build:Building CMake package in '/root/ros2_ws/src/route_planner/boundary_handler'
[3.032s] INFO:colcon.colcon_core.shell:Skip shell extension 'powershell' for command environment: Not usable outside of PowerShell
[3.032s] DEBUG:colcon.colcon_core.shell:Skip shell extension 'dsv' for command environment
[3.044s] INFO:colcon.colcon_ros.task.ament_cmake.build:Building ROS package in '/root/ros2_ws/src/route_planner/far_planner' with build type 'ament_cmake'
[3.044s] INFO:colcon.colcon_cmake.task.cmake.build:Building CMake package in '/root/ros2_ws/src/route_planner/far_planner'
[3.044s] INFO:colcon.colcon_core.shell:Skip shell extension 'powershell' for command environment: Not usable outside of PowerShell
[3.044s] DEBUG:colcon.colcon_core.shell:Skip shell extension 'dsv' for command environment
[3.052s] INFO:colcon.colcon_ros.task.ament_cmake.build:Building ROS package in '/root/ros2_ws/src/route_planner/graph_decoder' with build type 'ament_cmake'
[3.052s] INFO:colcon.colcon_cmake.task.cmake.build:Building CMake package in '/root/ros2_ws/src/route_planner/graph_decoder'
[3.052s] INFO:colcon.colcon_core.shell:Skip shell extension 'powershell' for command environment: Not usable outside of PowerShell
[3.052s] DEBUG:colcon.colcon_core.shell:Skip shell extension 'dsv' for command environment
[3.060s] DEBUG:colcon.colcon_core.event_handler.log_command:Invoked command in '/root/ros2_ws/src/build/unitree_go' returned '0': CMAKE_PREFIX_PATH=${CMAKE_PREFIX_PATH}:/root/ros2_ws/src/install/transform_sensors:/root/ros2_ws/src/install/ros_tcp_endpoint:/opt/ros/humble /usr/bin/cmake --build /root/ros2_ws/src/build/unitree_go -- -j24 -l24
[3.062s] DEBUG:colcon.colcon_core.event_handler.log_command:Invoking command in '/root/ros2_ws/src/build/unitree_go': CMAKE_PREFIX_PATH=${CMAKE_PREFIX_PATH}:/root/ros2_ws/src/install/transform_sensors:/root/ros2_ws/src/install/ros_tcp_endpoint:/opt/ros/humble /usr/bin/cmake --install /root/ros2_ws/src/build/unitree_go
[3.066s] DEBUG:colcon.colcon_core.event_handler.log_command:Invoking command in '/root/ros2_ws/src/build/boundary_handler': CMAKE_PREFIX_PATH=/root/ros2_ws/src/install/visibility_graph_msg:/root/ros2_ws/src/install/waypoint_rviz_plugin:/root/ros2_ws/src/install/waypoint_example:/root/ros2_ws/src/install/visualization_tools:/root/ros2_ws/src/install/graph_decoder:/root/ros2_ws/src/install/far_planner:/root/ros2_ws/src/install/boundary_handler:/root/ros2_ws/src/install/vehicle_simulator:/root/ros2_ws/src/install/local_planner:/root/ros2_ws/src/install/calibrate_imu:/root/ros2_ws/src/install/go2_sport_api:/root/ros2_ws/src/install/unitree_go:/root/ros2_ws/src/install/unitree_api:/root/ros2_ws/src/install/point_lio_unilidar:/root/ros2_ws/src/install/terrain_analysis_ext:/root/ros2_ws/src/install/terrain_analysis:/root/ros2_ws/src/install/teleop_rviz_plugin_plus:/root/ros2_ws/src/install/teleop_rviz_plugin:/root/ros2_ws/src/install/super_odometry:/root/ros2_ws/src/install/super_odometry_msgs:/root/ros2_ws/src/install/sensor_scan_generation:/root/ros2_ws/src/install/rviz_2d_overlay_plugins:/root/ros2_ws/src/install/rviz_2d_overlay_msgs:/root/ros2_ws/src/install/livox_ros_driver2:/root/ros2_ws/src/install/goalpoint_rviz_plugin:/root/ros2_ws/src/install/go2_h264_repub:/root/ros2_ws/src/install/transform_sensors:/root/ros2_ws/src/install/ros_tcp_endpoint:/opt/ros/humble /usr/bin/cmake /root/ros2_ws/src/route_planner/boundary_handler -DCMAKE_INSTALL_PREFIX=/root/ros2_ws/src/install/boundary_handler
[3.068s] DEBUG:colcon.colcon_core.event_handler.log_command:Invoking command in '/root/ros2_ws/src/build/far_planner': CMAKE_PREFIX_PATH=/root/ros2_ws/src/install/visibility_graph_msg:/root/ros2_ws/src/install/waypoint_rviz_plugin:/root/ros2_ws/src/install/waypoint_example:/root/ros2_ws/src/install/visualization_tools:/root/ros2_ws/src/install/graph_decoder:/root/ros2_ws/src/install/far_planner:/root/ros2_ws/src/install/boundary_handler:/root/ros2_ws/src/install/vehicle_simulator:/root/ros2_ws/src/install/local_planner:/root/ros2_ws/src/install/calibrate_imu:/root/ros2_ws/src/install/go2_sport_api:/root/ros2_ws/src/install/unitree_go:/root/ros2_ws/src/install/unitree_api:/root/ros2_ws/src/install/point_lio_unilidar:/root/ros2_ws/src/install/terrain_analysis_ext:/root/ros2_ws/src/install/terrain_analysis:/root/ros2_ws/src/install/teleop_rviz_plugin_plus:/root/ros2_ws/src/install/teleop_rviz_plugin:/root/ros2_ws/src/install/super_odometry:/root/ros2_ws/src/install/super_odometry_msgs:/root/ros2_ws/src/install/sensor_scan_generation:/root/ros2_ws/src/install/rviz_2d_overlay_plugins:/root/ros2_ws/src/install/rviz_2d_overlay_msgs:/root/ros2_ws/src/install/livox_ros_driver2:/root/ros2_ws/src/install/goalpoint_rviz_plugin:/root/ros2_ws/src/install/go2_h264_repub:/root/ros2_ws/src/install/transform_sensors:/root/ros2_ws/src/install/ros_tcp_endpoint:/opt/ros/humble /usr/bin/cmake /root/ros2_ws/src/route_planner/far_planner -DCMAKE_INSTALL_PREFIX=/root/ros2_ws/src/install/far_planner
[3.068s] DEBUG:colcon.colcon_core.event_handler.log_command:Invoked command in '/root/ros2_ws/src/build/unitree_api' returned '0': CMAKE_PREFIX_PATH=${CMAKE_PREFIX_PATH}:/root/ros2_ws/src/install/transform_sensors:/root/ros2_ws/src/install/ros_tcp_endpoint:/opt/ros/humble /usr/bin/cmake --build /root/ros2_ws/src/build/unitree_api -- -j24 -l24
[3.069s] DEBUG:colcon.colcon_core.event_handler.log_command:Invoking command in '/root/ros2_ws/src/build/unitree_api': CMAKE_PREFIX_PATH=${CMAKE_PREFIX_PATH}:/root/ros2_ws/src/install/transform_sensors:/root/ros2_ws/src/install/ros_tcp_endpoint:/opt/ros/humble /usr/bin/cmake --install /root/ros2_ws/src/build/unitree_api
[3.082s] DEBUG:colcon.colcon_core.event_handler.log_command:Invoking command in '/root/ros2_ws/src/build/graph_decoder': CMAKE_PREFIX_PATH=/root/ros2_ws/src/install/visibility_graph_msg:/root/ros2_ws/src/install/waypoint_rviz_plugin:/root/ros2_ws/src/install/waypoint_example:/root/ros2_ws/src/install/visualization_tools:/root/ros2_ws/src/install/graph_decoder:/root/ros2_ws/src/install/far_planner:/root/ros2_ws/src/install/boundary_handler:/root/ros2_ws/src/install/vehicle_simulator:/root/ros2_ws/src/install/local_planner:/root/ros2_ws/src/install/calibrate_imu:/root/ros2_ws/src/install/go2_sport_api:/root/ros2_ws/src/install/unitree_go:/root/ros2_ws/src/install/unitree_api:/root/ros2_ws/src/install/point_lio_unilidar:/root/ros2_ws/src/install/terrain_analysis_ext:/root/ros2_ws/src/install/terrain_analysis:/root/ros2_ws/src/install/teleop_rviz_plugin_plus:/root/ros2_ws/src/install/teleop_rviz_plugin:/root/ros2_ws/src/install/super_odometry:/root/ros2_ws/src/install/super_odometry_msgs:/root/ros2_ws/src/install/sensor_scan_generation:/root/ros2_ws/src/install/rviz_2d_overlay_plugins:/root/ros2_ws/src/install/rviz_2d_overlay_msgs:/root/ros2_ws/src/install/livox_ros_driver2:/root/ros2_ws/src/install/goalpoint_rviz_plugin:/root/ros2_ws/src/install/go2_h264_repub:/root/ros2_ws/src/install/transform_sensors:/root/ros2_ws/src/install/ros_tcp_endpoint:/opt/ros/humble /usr/bin/cmake /root/ros2_ws/src/route_planner/graph_decoder -DCMAKE_INSTALL_PREFIX=/root/ros2_ws/src/install/graph_decoder
[3.159s] Level 1:colcon.colcon_core.environment:create_environment_scripts_only(unitree_api)
[3.162s] Level 1:colcon.colcon_core.environment:checking '/root/ros2_ws/src/install/unitree_api' for CMake module files
[3.163s] DEBUG:colcon.colcon_core.event_handler.log_command:Invoked command in '/root/ros2_ws/src/build/unitree_api' returned '0': CMAKE_PREFIX_PATH=${CMAKE_PREFIX_PATH}:/root/ros2_ws/src/install/transform_sensors:/root/ros2_ws/src/install/ros_tcp_endpoint:/opt/ros/humble /usr/bin/cmake --install /root/ros2_ws/src/build/unitree_api
[3.166s] Level 1:colcon.colcon_core.environment:checking '/root/ros2_ws/src/install/unitree_api' for CMake config files
[3.167s] Level 1:colcon.colcon_core.shell:create_environment_hook('unitree_api', 'cmake_prefix_path')
[3.168s] INFO:colcon.colcon_core.shell:Creating environment hook '/root/ros2_ws/src/install/unitree_api/share/unitree_api/hook/cmake_prefix_path.ps1'
[3.168s] INFO:colcon.colcon_core.shell:Creating environment descriptor '/root/ros2_ws/src/install/unitree_api/share/unitree_api/hook/cmake_prefix_path.dsv'
[3.177s] INFO:colcon.colcon_core.shell:Creating environment hook '/root/ros2_ws/src/install/unitree_api/share/unitree_api/hook/cmake_prefix_path.sh'
[3.178s] Level 1:colcon.colcon_core.environment:checking '/root/ros2_ws/src/install/unitree_api/lib'
[3.179s] Level 1:colcon.colcon_core.shell:create_environment_hook('unitree_api', 'ld_library_path_lib')
[3.179s] INFO:colcon.colcon_core.shell:Creating environment hook '/root/ros2_ws/src/install/unitree_api/share/unitree_api/hook/ld_library_path_lib.ps1'
[3.179s] INFO:colcon.colcon_core.shell:Creating environment descriptor '/root/ros2_ws/src/install/unitree_api/share/unitree_api/hook/ld_library_path_lib.dsv'
[3.180s] INFO:colcon.colcon_core.shell:Creating environment hook '/root/ros2_ws/src/install/unitree_api/share/unitree_api/hook/ld_library_path_lib.sh'
[3.180s] Level 1:colcon.colcon_core.environment:checking '/root/ros2_ws/src/install/unitree_api/bin'
[3.180s] Level 1:colcon.colcon_core.environment:checking '/root/ros2_ws/src/install/unitree_api/lib/pkgconfig/unitree_api.pc'
[3.181s] Level 1:colcon.colcon_core.environment:checking '/root/ros2_ws/src/install/unitree_api/lib/python3.10/site-packages'
[3.181s] Level 1:colcon.colcon_core.environment:checking '/root/ros2_ws/src/install/unitree_api/bin'
[3.182s] INFO:colcon.colcon_core.shell:Creating package script '/root/ros2_ws/src/install/unitree_api/share/unitree_api/package.ps1'
[3.183s] INFO:colcon.colcon_core.shell:Creating package descriptor '/root/ros2_ws/src/install/unitree_api/share/unitree_api/package.dsv'
[3.185s] INFO:colcon.colcon_core.shell:Creating package script '/root/ros2_ws/src/install/unitree_api/share/unitree_api/package.sh'
[3.186s] INFO:colcon.colcon_core.shell:Creating package script '/root/ros2_ws/src/install/unitree_api/share/unitree_api/package.bash'
[3.186s] INFO:colcon.colcon_core.shell:Creating package script '/root/ros2_ws/src/install/unitree_api/share/unitree_api/package.zsh'
[3.186s] Level 1:colcon.colcon_core.environment:create_file_with_runtime_dependencies(/root/ros2_ws/src/install/unitree_api/share/colcon-core/packages/unitree_api)
[3.187s] Level 1:colcon.colcon_core.environment:create_environment_scripts_only(unitree_api)
[3.187s] Level 1:colcon.colcon_core.environment:checking '/root/ros2_ws/src/install/unitree_api' for CMake module files
[3.188s] Level 1:colcon.colcon_core.environment:checking '/root/ros2_ws/src/install/unitree_api' for CMake config files
[3.189s] Level 1:colcon.colcon_core.shell:create_environment_hook('unitree_api', 'cmake_prefix_path')
[3.189s] INFO:colcon.colcon_core.shell:Creating environment hook '/root/ros2_ws/src/install/unitree_api/share/unitree_api/hook/cmake_prefix_path.ps1'
[3.190s] INFO:colcon.colcon_core.shell:Creating environment descriptor '/root/ros2_ws/src/install/unitree_api/share/unitree_api/hook/cmake_prefix_path.dsv'
[3.191s] INFO:colcon.colcon_core.shell:Creating environment hook '/root/ros2_ws/src/install/unitree_api/share/unitree_api/hook/cmake_prefix_path.sh'
[3.191s] Level 1:colcon.colcon_core.environment:checking '/root/ros2_ws/src/install/unitree_api/lib'
[3.191s] Level 1:colcon.colcon_core.shell:create_environment_hook('unitree_api', 'ld_library_path_lib')
[3.192s] INFO:colcon.colcon_core.shell:Creating environment hook '/root/ros2_ws/src/install/unitree_api/share/unitree_api/hook/ld_library_path_lib.ps1'
[3.192s] INFO:colcon.colcon_core.shell:Creating environment descriptor '/root/ros2_ws/src/install/unitree_api/share/unitree_api/hook/ld_library_path_lib.dsv'
[3.192s] INFO:colcon.colcon_core.shell:Creating environment hook '/root/ros2_ws/src/install/unitree_api/share/unitree_api/hook/ld_library_path_lib.sh'
[3.193s] Level 1:colcon.colcon_core.environment:checking '/root/ros2_ws/src/install/unitree_api/bin'
[3.193s] Level 1:colcon.colcon_core.environment:checking '/root/ros2_ws/src/install/unitree_api/lib/pkgconfig/unitree_api.pc'
[3.193s] Level 1:colcon.colcon_core.environment:checking '/root/ros2_ws/src/install/unitree_api/lib/python3.10/site-packages'
[3.194s] Level 1:colcon.colcon_core.environment:checking '/root/ros2_ws/src/install/unitree_api/bin'
[3.194s] INFO:colcon.colcon_core.shell:Creating package script '/root/ros2_ws/src/install/unitree_api/share/unitree_api/package.ps1'
[3.195s] INFO:colcon.colcon_core.shell:Creating package descriptor '/root/ros2_ws/src/install/unitree_api/share/unitree_api/package.dsv'
[3.195s] INFO:colcon.colcon_core.shell:Creating package script '/root/ros2_ws/src/install/unitree_api/share/unitree_api/package.sh'
[3.196s] INFO:colcon.colcon_core.shell:Creating package script '/root/ros2_ws/src/install/unitree_api/share/unitree_api/package.bash'
[3.196s] INFO:colcon.colcon_core.shell:Creating package script '/root/ros2_ws/src/install/unitree_api/share/unitree_api/package.zsh'
[3.197s] Level 1:colcon.colcon_core.environment:create_file_with_runtime_dependencies(/root/ros2_ws/src/install/unitree_api/share/colcon-core/packages/unitree_api)
[3.198s] Level 1:colcon.colcon_core.environment:create_environment_scripts_only(unitree_go)
[3.198s] Level 1:colcon.colcon_core.environment:checking '/root/ros2_ws/src/install/unitree_go' for CMake module files
[3.199s] Level 1:colcon.colcon_core.environment:checking '/root/ros2_ws/src/install/unitree_go' for CMake config files
[3.200s] DEBUG:colcon.colcon_core.event_handler.log_command:Invoked command in '/root/ros2_ws/src/build/unitree_go' returned '0': CMAKE_PREFIX_PATH=${CMAKE_PREFIX_PATH}:/root/ros2_ws/src/install/transform_sensors:/root/ros2_ws/src/install/ros_tcp_endpoint:/opt/ros/humble /usr/bin/cmake --install /root/ros2_ws/src/build/unitree_go
[3.201s] Level 1:colcon.colcon_core.shell:create_environment_hook('unitree_go', 'cmake_prefix_path')
[3.201s] INFO:colcon.colcon_core.shell:Creating environment hook '/root/ros2_ws/src/install/unitree_go/share/unitree_go/hook/cmake_prefix_path.ps1'
[3.201s] INFO:colcon.colcon_core.shell:Creating environment descriptor '/root/ros2_ws/src/install/unitree_go/share/unitree_go/hook/cmake_prefix_path.dsv'
[3.202s] INFO:colcon.colcon_core.shell:Creating environment hook '/root/ros2_ws/src/install/unitree_go/share/unitree_go/hook/cmake_prefix_path.sh'
[3.203s] Level 1:colcon.colcon_core.environment:checking '/root/ros2_ws/src/install/unitree_go/lib'
[3.203s] Level 1:colcon.colcon_core.shell:create_environment_hook('unitree_go', 'ld_library_path_lib')
[3.203s] INFO:colcon.colcon_core.shell:Creating environment hook '/root/ros2_ws/src/install/unitree_go/share/unitree_go/hook/ld_library_path_lib.ps1'
[3.203s] INFO:colcon.colcon_core.shell:Creating environment descriptor '/root/ros2_ws/src/install/unitree_go/share/unitree_go/hook/ld_library_path_lib.dsv'
[3.204s] INFO:colcon.colcon_core.shell:Creating environment hook '/root/ros2_ws/src/install/unitree_go/share/unitree_go/hook/ld_library_path_lib.sh'
[3.204s] Level 1:colcon.colcon_core.environment:checking '/root/ros2_ws/src/install/unitree_go/bin'
[3.204s] Level 1:colcon.colcon_core.environment:checking '/root/ros2_ws/src/install/unitree_go/lib/pkgconfig/unitree_go.pc'
[3.205s] Level 1:colcon.colcon_core.environment:checking '/root/ros2_ws/src/install/unitree_go/lib/python3.10/site-packages'
[3.205s] Level 1:colcon.colcon_core.environment:checking '/root/ros2_ws/src/install/unitree_go/bin'
[3.205s] INFO:colcon.colcon_core.shell:Creating package script '/root/ros2_ws/src/install/unitree_go/share/unitree_go/package.ps1'
[3.206s] INFO:colcon.colcon_core.shell:Creating package descriptor '/root/ros2_ws/src/install/unitree_go/share/unitree_go/package.dsv'
[3.206s] INFO:colcon.colcon_core.shell:Creating package script '/root/ros2_ws/src/install/unitree_go/share/unitree_go/package.sh'
[3.207s] INFO:colcon.colcon_core.shell:Creating package script '/root/ros2_ws/src/install/unitree_go/share/unitree_go/package.bash'
[3.207s] INFO:colcon.colcon_core.shell:Creating package script '/root/ros2_ws/src/install/unitree_go/share/unitree_go/package.zsh'
[3.207s] Level 1:colcon.colcon_core.environment:create_file_with_runtime_dependencies(/root/ros2_ws/src/install/unitree_go/share/colcon-core/packages/unitree_go)
[3.208s] Level 1:colcon.colcon_core.environment:create_environment_scripts_only(unitree_go)
[3.208s] Level 1:colcon.colcon_core.environment:checking '/root/ros2_ws/src/install/unitree_go' for CMake module files
[3.209s] Level 1:colcon.colcon_core.environment:checking '/root/ros2_ws/src/install/unitree_go' for CMake config files
[3.210s] Level 1:colcon.colcon_core.shell:create_environment_hook('unitree_go', 'cmake_prefix_path')
[3.210s] INFO:colcon.colcon_core.shell:Creating environment hook '/root/ros2_ws/src/install/unitree_go/share/unitree_go/hook/cmake_prefix_path.ps1'
[3.211s] INFO:colcon.colcon_core.shell:Creating environment descriptor '/root/ros2_ws/src/install/unitree_go/share/unitree_go/hook/cmake_prefix_path.dsv'
[3.211s] INFO:colcon.colcon_core.shell:Creating environment hook '/root/ros2_ws/src/install/unitree_go/share/unitree_go/hook/cmake_prefix_path.sh'
[3.211s] Level 1:colcon.colcon_core.environment:checking '/root/ros2_ws/src/install/unitree_go/lib'
[3.212s] Level 1:colcon.colcon_core.shell:create_environment_hook('unitree_go', 'ld_library_path_lib')
[3.212s] INFO:colcon.colcon_core.shell:Creating environment hook '/root/ros2_ws/src/install/unitree_go/share/unitree_go/hook/ld_library_path_lib.ps1'
[3.212s] INFO:colcon.colcon_core.shell:Creating environment descriptor '/root/ros2_ws/src/install/unitree_go/share/unitree_go/hook/ld_library_path_lib.dsv'
[3.213s] INFO:colcon.colcon_core.shell:Creating environment hook '/root/ros2_ws/src/install/unitree_go/share/unitree_go/hook/ld_library_path_lib.sh'
[3.213s] Level 1:colcon.colcon_core.environment:checking '/root/ros2_ws/src/install/unitree_go/bin'
[3.213s] Level 1:colcon.colcon_core.environment:checking '/root/ros2_ws/src/install/unitree_go/lib/pkgconfig/unitree_go.pc'
[3.213s] Level 1:colcon.colcon_core.environment:checking '/root/ros2_ws/src/install/unitree_go/lib/python3.10/site-packages'
[3.214s] Level 1:colcon.colcon_core.environment:checking '/root/ros2_ws/src/install/unitree_go/bin'
[3.214s] INFO:colcon.colcon_core.shell:Creating package script '/root/ros2_ws/src/install/unitree_go/share/unitree_go/package.ps1'
[3.215s] INFO:colcon.colcon_core.shell:Creating package descriptor '/root/ros2_ws/src/install/unitree_go/share/unitree_go/package.dsv'
[3.215s] INFO:colcon.colcon_core.shell:Creating package script '/root/ros2_ws/src/install/unitree_go/share/unitree_go/package.sh'
[3.216s] INFO:colcon.colcon_core.shell:Creating package script '/root/ros2_ws/src/install/unitree_go/share/unitree_go/package.bash'
[3.216s] INFO:colcon.colcon_core.shell:Creating package script '/root/ros2_ws/src/install/unitree_go/share/unitree_go/package.zsh'
[3.217s] Level 1:colcon.colcon_core.environment:create_file_with_runtime_dependencies(/root/ros2_ws/src/install/unitree_go/share/colcon-core/packages/unitree_go)
[3.217s] INFO:colcon.colcon_ros.task.ament_cmake.build:Building ROS package in '/root/ros2_ws/src/utilities/unitree_pkgs/go2_sport_api' with build type 'ament_cmake'
[3.217s] INFO:colcon.colcon_cmake.task.cmake.build:Building CMake package in '/root/ros2_ws/src/utilities/unitree_pkgs/go2_sport_api'
[3.218s] INFO:colcon.colcon_core.shell:Skip shell extension 'powershell' for command environment: Not usable outside of PowerShell
[3.218s] DEBUG:colcon.colcon_core.shell:Skip shell extension 'dsv' for command environment
[3.225s] DEBUG:colcon.colcon_core.event_handler.log_command:Invoked command in '/root/ros2_ws/src/build/rviz_2d_overlay_msgs' returned '0': CMAKE_PREFIX_PATH=${CMAKE_PREFIX_PATH}:/root/ros2_ws/src/install/transform_sensors:/root/ros2_ws/src/install/ros_tcp_endpoint:/opt/ros/humble /usr/bin/cmake --build /root/ros2_ws/src/build/rviz_2d_overlay_msgs -- -j24 -l24
[3.227s] DEBUG:colcon.colcon_core.event_handler.log_command:Invoking command in '/root/ros2_ws/src/build/rviz_2d_overlay_msgs': CMAKE_PREFIX_PATH=${CMAKE_PREFIX_PATH}:/root/ros2_ws/src/install/transform_sensors:/root/ros2_ws/src/install/ros_tcp_endpoint:/opt/ros/humble /usr/bin/cmake --install /root/ros2_ws/src/build/rviz_2d_overlay_msgs
[3.242s] DEBUG:colcon.colcon_core.event_handler.log_command:Invoking command in '/root/ros2_ws/src/build/go2_sport_api': CMAKE_PREFIX_PATH=/root/ros2_ws/src/install/unitree_go:/root/ros2_ws/src/install/unitree_api:/root/ros2_ws/src/install/waypoint_rviz_plugin:/root/ros2_ws/src/install/waypoint_example:/root/ros2_ws/src/install/visualization_tools:/root/ros2_ws/src/install/graph_decoder:/root/ros2_ws/src/install/far_planner:/root/ros2_ws/src/install/boundary_handler:/root/ros2_ws/src/install/visibility_graph_msg:/root/ros2_ws/src/install/vehicle_simulator:/root/ros2_ws/src/install/local_planner:/root/ros2_ws/src/install/calibrate_imu:/root/ros2_ws/src/install/go2_sport_api:/root/ros2_ws/src/install/point_lio_unilidar:/root/ros2_ws/src/install/terrain_analysis_ext:/root/ros2_ws/src/install/terrain_analysis:/root/ros2_ws/src/install/teleop_rviz_plugin_plus:/root/ros2_ws/src/install/teleop_rviz_plugin:/root/ros2_ws/src/install/super_odometry:/root/ros2_ws/src/install/super_odometry_msgs:/root/ros2_ws/src/install/sensor_scan_generation:/root/ros2_ws/src/install/rviz_2d_overlay_plugins:/root/ros2_ws/src/install/rviz_2d_overlay_msgs:/root/ros2_ws/src/install/livox_ros_driver2:/root/ros2_ws/src/install/goalpoint_rviz_plugin:/root/ros2_ws/src/install/go2_h264_repub:/root/ros2_ws/src/install/transform_sensors:/root/ros2_ws/src/install/ros_tcp_endpoint:/opt/ros/humble LD_LIBRARY_PATH=/root/ros2_ws/src/install/unitree_go/lib:/root/ros2_ws/src/install/unitree_api/lib:/root/ros2_ws/src/install/visibility_graph_msg/lib:/root/ros2_ws/src/install/go2_sport_api/lib:/root/ros2_ws/src/install/super_odometry/lib:/root/ros2_ws/src/install/super_odometry_msgs/lib:/root/ros2_ws/src/install/rviz_2d_overlay_plugins/lib:/root/ros2_ws/src/install/rviz_2d_overlay_msgs/lib:/root/ros2_ws/src/install/livox_ros_driver2/lib:/opt/ros/humble/opt/rviz_ogre_vendor/lib:/opt/ros/humble/lib/x86_64-linux-gnu:/opt/ros/humble/lib /usr/bin/cmake /root/ros2_ws/src/utilities/unitree_pkgs/go2_sport_api -DCMAKE_INSTALL_PREFIX=/root/ros2_ws/src/install/go2_sport_api
[3.270s] DEBUG:colcon.colcon_core.event_handler.log_command:Invoked command in '/root/ros2_ws/src/build/sensor_scan_generation' returned '0': CMAKE_PREFIX_PATH=${CMAKE_PREFIX_PATH}:/root/ros2_ws/src/install/transform_sensors:/root/ros2_ws/src/install/ros_tcp_endpoint:/opt/ros/humble /usr/bin/cmake /root/ros2_ws/src/base_autonomy/sensor_scan_generation -DCMAKE_INSTALL_PREFIX=/root/ros2_ws/src/install/sensor_scan_generation
[3.272s] DEBUG:colcon.colcon_core.event_handler.log_command:Invoking command in '/root/ros2_ws/src/build/sensor_scan_generation': CMAKE_PREFIX_PATH=${CMAKE_PREFIX_PATH}:/root/ros2_ws/src/install/transform_sensors:/root/ros2_ws/src/install/ros_tcp_endpoint:/opt/ros/humble /usr/bin/cmake --build /root/ros2_ws/src/build/sensor_scan_generation -- -j24 -l24
[3.310s] Level 1:colcon.colcon_core.environment:create_environment_scripts_only(rviz_2d_overlay_msgs)
[3.311s] Level 1:colcon.colcon_core.environment:checking '/root/ros2_ws/src/install/rviz_2d_overlay_msgs' for CMake module files
[3.311s] DEBUG:colcon.colcon_core.event_handler.log_command:Invoked command in '/root/ros2_ws/src/build/rviz_2d_overlay_msgs' returned '0': CMAKE_PREFIX_PATH=${CMAKE_PREFIX_PATH}:/root/ros2_ws/src/install/transform_sensors:/root/ros2_ws/src/install/ros_tcp_endpoint:/opt/ros/humble /usr/bin/cmake --install /root/ros2_ws/src/build/rviz_2d_overlay_msgs
[3.312s] Level 1:colcon.colcon_core.environment:checking '/root/ros2_ws/src/install/rviz_2d_overlay_msgs' for CMake config files
[3.312s] Level 1:colcon.colcon_core.shell:create_environment_hook('rviz_2d_overlay_msgs', 'cmake_prefix_path')
[3.312s] INFO:colcon.colcon_core.shell:Creating environment hook '/root/ros2_ws/src/install/rviz_2d_overlay_msgs/share/rviz_2d_overlay_msgs/hook/cmake_prefix_path.ps1'
[3.313s] INFO:colcon.colcon_core.shell:Creating environment descriptor '/root/ros2_ws/src/install/rviz_2d_overlay_msgs/share/rviz_2d_overlay_msgs/hook/cmake_prefix_path.dsv'
[3.313s] INFO:colcon.colcon_core.shell:Creating environment hook '/root/ros2_ws/src/install/rviz_2d_overlay_msgs/share/rviz_2d_overlay_msgs/hook/cmake_prefix_path.sh'
[3.314s] Level 1:colcon.colcon_core.environment:checking '/root/ros2_ws/src/install/rviz_2d_overlay_msgs/lib'
[3.314s] Level 1:colcon.colcon_core.shell:create_environment_hook('rviz_2d_overlay_msgs', 'ld_library_path_lib')
[3.314s] INFO:colcon.colcon_core.shell:Creating environment hook '/root/ros2_ws/src/install/rviz_2d_overlay_msgs/share/rviz_2d_overlay_msgs/hook/ld_library_path_lib.ps1'
[3.324s] INFO:colcon.colcon_core.shell:Creating environment descriptor '/root/ros2_ws/src/install/rviz_2d_overlay_msgs/share/rviz_2d_overlay_msgs/hook/ld_library_path_lib.dsv'
[3.325s] INFO:colcon.colcon_core.shell:Creating environment hook '/root/ros2_ws/src/install/rviz_2d_overlay_msgs/share/rviz_2d_overlay_msgs/hook/ld_library_path_lib.sh'
[3.325s] Level 1:colcon.colcon_core.environment:checking '/root/ros2_ws/src/install/rviz_2d_overlay_msgs/bin'
[3.326s] Level 1:colcon.colcon_core.environment:checking '/root/ros2_ws/src/install/rviz_2d_overlay_msgs/lib/pkgconfig/rviz_2d_overlay_msgs.pc'
[3.326s] Level 1:colcon.colcon_core.environment:checking '/root/ros2_ws/src/install/rviz_2d_overlay_msgs/lib/python3.10/site-packages'
[3.326s] Level 1:colcon.colcon_core.environment:checking '/root/ros2_ws/src/install/rviz_2d_overlay_msgs/bin'
[3.327s] INFO:colcon.colcon_core.shell:Creating package script '/root/ros2_ws/src/install/rviz_2d_overlay_msgs/share/rviz_2d_overlay_msgs/package.ps1'
[3.327s] INFO:colcon.colcon_core.shell:Creating package descriptor '/root/ros2_ws/src/install/rviz_2d_overlay_msgs/share/rviz_2d_overlay_msgs/package.dsv'
[3.328s] INFO:colcon.colcon_core.shell:Creating package script '/root/ros2_ws/src/install/rviz_2d_overlay_msgs/share/rviz_2d_overlay_msgs/package.sh'
[3.328s] INFO:colcon.colcon_core.shell:Creating package script '/root/ros2_ws/src/install/rviz_2d_overlay_msgs/share/rviz_2d_overlay_msgs/package.bash'
[3.328s] INFO:colcon.colcon_core.shell:Creating package script '/root/ros2_ws/src/install/rviz_2d_overlay_msgs/share/rviz_2d_overlay_msgs/package.zsh'
[3.329s] Level 1:colcon.colcon_core.environment:create_file_with_runtime_dependencies(/root/ros2_ws/src/install/rviz_2d_overlay_msgs/share/colcon-core/packages/rviz_2d_overlay_msgs)
[3.329s] Level 1:colcon.colcon_core.environment:create_environment_scripts_only(rviz_2d_overlay_msgs)
[3.330s] Level 1:colcon.colcon_core.environment:checking '/root/ros2_ws/src/install/rviz_2d_overlay_msgs' for CMake module files
[3.335s] Level 1:colcon.colcon_core.environment:checking '/root/ros2_ws/src/install/rviz_2d_overlay_msgs' for CMake config files
[3.336s] Level 1:colcon.colcon_core.shell:create_environment_hook('rviz_2d_overlay_msgs', 'cmake_prefix_path')
[3.336s] INFO:colcon.colcon_core.shell:Creating environment hook '/root/ros2_ws/src/install/rviz_2d_overlay_msgs/share/rviz_2d_overlay_msgs/hook/cmake_prefix_path.ps1'
[3.337s] INFO:colcon.colcon_core.shell:Creating environment descriptor '/root/ros2_ws/src/install/rviz_2d_overlay_msgs/share/rviz_2d_overlay_msgs/hook/cmake_prefix_path.dsv'
[3.337s] INFO:colcon.colcon_core.shell:Creating environment hook '/root/ros2_ws/src/install/rviz_2d_overlay_msgs/share/rviz_2d_overlay_msgs/hook/cmake_prefix_path.sh'
[3.337s] Level 1:colcon.colcon_core.environment:checking '/root/ros2_ws/src/install/rviz_2d_overlay_msgs/lib'
[3.338s] Level 1:colcon.colcon_core.shell:create_environment_hook('rviz_2d_overlay_msgs', 'ld_library_path_lib')
[3.338s] INFO:colcon.colcon_core.shell:Creating environment hook '/root/ros2_ws/src/install/rviz_2d_overlay_msgs/share/rviz_2d_overlay_msgs/hook/ld_library_path_lib.ps1'
[3.338s] INFO:colcon.colcon_core.shell:Creating environment descriptor '/root/ros2_ws/src/install/rviz_2d_overlay_msgs/share/rviz_2d_overlay_msgs/hook/ld_library_path_lib.dsv'
[3.339s] INFO:colcon.colcon_core.shell:Creating environment hook '/root/ros2_ws/src/install/rviz_2d_overlay_msgs/share/rviz_2d_overlay_msgs/hook/ld_library_path_lib.sh'
[3.342s] Level 1:colcon.colcon_core.environment:checking '/root/ros2_ws/src/install/rviz_2d_overlay_msgs/bin'
[3.343s] Level 1:colcon.colcon_core.environment:checking '/root/ros2_ws/src/install/rviz_2d_overlay_msgs/lib/pkgconfig/rviz_2d_overlay_msgs.pc'
[3.343s] Level 1:colcon.colcon_core.environment:checking '/root/ros2_ws/src/install/rviz_2d_overlay_msgs/lib/python3.10/site-packages'
[3.343s] Level 1:colcon.colcon_core.environment:checking '/root/ros2_ws/src/install/rviz_2d_overlay_msgs/bin'
[3.347s] INFO:colcon.colcon_core.shell:Creating package script '/root/ros2_ws/src/install/rviz_2d_overlay_msgs/share/rviz_2d_overlay_msgs/package.ps1'
[3.348s] INFO:colcon.colcon_core.shell:Creating package descriptor '/root/ros2_ws/src/install/rviz_2d_overlay_msgs/share/rviz_2d_overlay_msgs/package.dsv'
[3.349s] INFO:colcon.colcon_core.shell:Creating package script '/root/ros2_ws/src/install/rviz_2d_overlay_msgs/share/rviz_2d_overlay_msgs/package.sh'
[3.349s] INFO:colcon.colcon_core.shell:Creating package script '/root/ros2_ws/src/install/rviz_2d_overlay_msgs/share/rviz_2d_overlay_msgs/package.bash'
[3.350s] INFO:colcon.colcon_core.shell:Creating package script '/root/ros2_ws/src/install/rviz_2d_overlay_msgs/share/rviz_2d_overlay_msgs/package.zsh'
[3.350s] Level 1:colcon.colcon_core.environment:create_file_with_runtime_dependencies(/root/ros2_ws/src/install/rviz_2d_overlay_msgs/share/colcon-core/packages/rviz_2d_overlay_msgs)
[3.351s] INFO:colcon.colcon_ros.task.ament_cmake.build:Building ROS package in '/root/ros2_ws/src/slam/rviz_2d_overlay_plugins/rviz_2d_overlay_plugins' with build type 'ament_cmake'
[3.351s] INFO:colcon.colcon_cmake.task.cmake.build:Building CMake package in '/root/ros2_ws/src/slam/rviz_2d_overlay_plugins/rviz_2d_overlay_plugins'
[3.351s] INFO:colcon.colcon_core.shell:Skip shell extension 'powershell' for command environment: Not usable outside of PowerShell
[3.354s] DEBUG:colcon.colcon_core.shell:Skip shell extension 'dsv' for command environment
[3.373s] DEBUG:colcon.colcon_core.event_handler.log_command:Invoked command in '/root/ros2_ws/src/build/sensor_scan_generation' returned '0': CMAKE_PREFIX_PATH=${CMAKE_PREFIX_PATH}:/root/ros2_ws/src/install/transform_sensors:/root/ros2_ws/src/install/ros_tcp_endpoint:/opt/ros/humble /usr/bin/cmake --build /root/ros2_ws/src/build/sensor_scan_generation -- -j24 -l24
[3.375s] DEBUG:colcon.colcon_core.event_handler.log_command:Invoking command in '/root/ros2_ws/src/build/sensor_scan_generation': CMAKE_PREFIX_PATH=${CMAKE_PREFIX_PATH}:/root/ros2_ws/src/install/transform_sensors:/root/ros2_ws/src/install/ros_tcp_endpoint:/opt/ros/humble /usr/bin/cmake --install /root/ros2_ws/src/build/sensor_scan_generation
[3.376s] DEBUG:colcon.colcon_core.event_handler.log_command:Invoked command in '/root/ros2_ws/src/build/terrain_analysis_ext' returned '0': CMAKE_PREFIX_PATH=${CMAKE_PREFIX_PATH}:/root/ros2_ws/src/install/transform_sensors:/root/ros2_ws/src/install/ros_tcp_endpoint:/opt/ros/humble /usr/bin/cmake /root/ros2_ws/src/base_autonomy/terrain_analysis_ext -DCMAKE_INSTALL_PREFIX=/root/ros2_ws/src/install/terrain_analysis_ext
[3.381s] DEBUG:colcon.colcon_core.event_handler.log_command:Invoking command in '/root/ros2_ws/src/build/terrain_analysis_ext': CMAKE_PREFIX_PATH=${CMAKE_PREFIX_PATH}:/root/ros2_ws/src/install/transform_sensors:/root/ros2_ws/src/install/ros_tcp_endpoint:/opt/ros/humble /usr/bin/cmake --build /root/ros2_ws/src/build/terrain_analysis_ext -- -j24 -l24
[3.382s] DEBUG:colcon.colcon_core.event_handler.log_command:Invoked command in '/root/ros2_ws/src/build/waypoint_example' returned '0': CMAKE_PREFIX_PATH=${CMAKE_PREFIX_PATH}:/root/ros2_ws/src/install/transform_sensors:/root/ros2_ws/src/install/ros_tcp_endpoint:/opt/ros/humble /usr/bin/cmake /root/ros2_ws/src/base_autonomy/waypoint_example -DCMAKE_INSTALL_PREFIX=/root/ros2_ws/src/install/waypoint_example
[3.385s] DEBUG:colcon.colcon_core.event_handler.log_command:Invoking command in '/root/ros2_ws/src/build/waypoint_example': CMAKE_PREFIX_PATH=${CMAKE_PREFIX_PATH}:/root/ros2_ws/src/install/transform_sensors:/root/ros2_ws/src/install/ros_tcp_endpoint:/opt/ros/humble /usr/bin/cmake --build /root/ros2_ws/src/build/waypoint_example -- -j24 -l24
[3.394s] Level 1:colcon.colcon_core.environment:create_environment_scripts_only(sensor_scan_generation)
[3.395s] Level 1:colcon.colcon_core.environment:checking '/root/ros2_ws/src/install/sensor_scan_generation' for CMake module files
[3.395s] DEBUG:colcon.colcon_core.event_handler.log_command:Invoking command in '/root/ros2_ws/src/build/rviz_2d_overlay_plugins': CMAKE_PREFIX_PATH=/root/ros2_ws/src/install/rviz_2d_overlay_msgs:/root/ros2_ws/src/install/waypoint_rviz_plugin:/root/ros2_ws/src/install/waypoint_example:/root/ros2_ws/src/install/visualization_tools:/root/ros2_ws/src/install/graph_decoder:/root/ros2_ws/src/install/far_planner:/root/ros2_ws/src/install/boundary_handler:/root/ros2_ws/src/install/visibility_graph_msg:/root/ros2_ws/src/install/vehicle_simulator:/root/ros2_ws/src/install/local_planner:/root/ros2_ws/src/install/calibrate_imu:/root/ros2_ws/src/install/go2_sport_api:/root/ros2_ws/src/install/unitree_go:/root/ros2_ws/src/install/unitree_api:/root/ros2_ws/src/install/point_lio_unilidar:/root/ros2_ws/src/install/terrain_analysis_ext:/root/ros2_ws/src/install/terrain_analysis:/root/ros2_ws/src/install/teleop_rviz_plugin_plus:/root/ros2_ws/src/install/teleop_rviz_plugin:/root/ros2_ws/src/install/super_odometry:/root/ros2_ws/src/install/super_odometry_msgs:/root/ros2_ws/src/install/sensor_scan_generation:/root/ros2_ws/src/install/rviz_2d_overlay_plugins:/root/ros2_ws/src/install/livox_ros_driver2:/root/ros2_ws/src/install/goalpoint_rviz_plugin:/root/ros2_ws/src/install/go2_h264_repub:/root/ros2_ws/src/install/transform_sensors:/root/ros2_ws/src/install/ros_tcp_endpoint:/opt/ros/humble LD_LIBRARY_PATH=/root/ros2_ws/src/install/rviz_2d_overlay_msgs/lib:/root/ros2_ws/src/install/visibility_graph_msg/lib:/root/ros2_ws/src/install/go2_sport_api/lib:/root/ros2_ws/src/install/unitree_go/lib:/root/ros2_ws/src/install/unitree_api/lib:/root/ros2_ws/src/install/super_odometry/lib:/root/ros2_ws/src/install/super_odometry_msgs/lib:/root/ros2_ws/src/install/rviz_2d_overlay_plugins/lib:/root/ros2_ws/src/install/livox_ros_driver2/lib:/opt/ros/humble/opt/rviz_ogre_vendor/lib:/opt/ros/humble/lib/x86_64-linux-gnu:/opt/ros/humble/lib /usr/bin/cmake /root/ros2_ws/src/slam/rviz_2d_overlay_plugins/rviz_2d_overlay_plugins -DCMAKE_INSTALL_PREFIX=/root/ros2_ws/src/install/rviz_2d_overlay_plugins
[3.395s] DEBUG:colcon.colcon_core.event_handler.log_command:Invoked command in '/root/ros2_ws/src/build/terrain_analysis' returned '0': CMAKE_PREFIX_PATH=${CMAKE_PREFIX_PATH}:/root/ros2_ws/src/install/transform_sensors:/root/ros2_ws/src/install/ros_tcp_endpoint:/opt/ros/humble /usr/bin/cmake /root/ros2_ws/src/base_autonomy/terrain_analysis -DCMAKE_INSTALL_PREFIX=/root/ros2_ws/src/install/terrain_analysis
[3.395s] DEBUG:colcon.colcon_core.event_handler.log_command:Invoking command in '/root/ros2_ws/src/build/terrain_analysis': CMAKE_PREFIX_PATH=${CMAKE_PREFIX_PATH}:/root/ros2_ws/src/install/transform_sensors:/root/ros2_ws/src/install/ros_tcp_endpoint:/opt/ros/humble /usr/bin/cmake --build /root/ros2_ws/src/build/terrain_analysis -- -j24 -l24
[3.396s] DEBUG:colcon.colcon_core.event_handler.log_command:Invoked command in '/root/ros2_ws/src/build/sensor_scan_generation' returned '0': CMAKE_PREFIX_PATH=${CMAKE_PREFIX_PATH}:/root/ros2_ws/src/install/transform_sensors:/root/ros2_ws/src/install/ros_tcp_endpoint:/opt/ros/humble /usr/bin/cmake --install /root/ros2_ws/src/build/sensor_scan_generation
[3.398s] Level 1:colcon.colcon_core.environment:checking '/root/ros2_ws/src/install/sensor_scan_generation' for CMake config files
[3.399s] Level 1:colcon.colcon_core.shell:create_environment_hook('sensor_scan_generation', 'cmake_prefix_path')
[3.399s] INFO:colcon.colcon_core.shell:Creating environment hook '/root/ros2_ws/src/install/sensor_scan_generation/share/sensor_scan_generation/hook/cmake_prefix_path.ps1'
[3.399s] INFO:colcon.colcon_core.shell:Creating environment descriptor '/root/ros2_ws/src/install/sensor_scan_generation/share/sensor_scan_generation/hook/cmake_prefix_path.dsv'
[3.400s] INFO:colcon.colcon_core.shell:Creating environment hook '/root/ros2_ws/src/install/sensor_scan_generation/share/sensor_scan_generation/hook/cmake_prefix_path.sh'
[3.400s] Level 1:colcon.colcon_core.environment:checking '/root/ros2_ws/src/install/sensor_scan_generation/lib'
[3.400s] Level 1:colcon.colcon_core.environment:checking '/root/ros2_ws/src/install/sensor_scan_generation/bin'
[3.400s] Level 1:colcon.colcon_core.environment:checking '/root/ros2_ws/src/install/sensor_scan_generation/lib/pkgconfig/sensor_scan_generation.pc'
[3.401s] Level 1:colcon.colcon_core.environment:checking '/root/ros2_ws/src/install/sensor_scan_generation/lib/python3.10/site-packages'
[3.403s] Level 1:colcon.colcon_core.environment:checking '/root/ros2_ws/src/install/sensor_scan_generation/bin'
[3.404s] INFO:colcon.colcon_core.shell:Creating package script '/root/ros2_ws/src/install/sensor_scan_generation/share/sensor_scan_generation/package.ps1'
[3.404s] INFO:colcon.colcon_core.shell:Creating package descriptor '/root/ros2_ws/src/install/sensor_scan_generation/share/sensor_scan_generation/package.dsv'
[3.405s] INFO:colcon.colcon_core.shell:Creating package script '/root/ros2_ws/src/install/sensor_scan_generation/share/sensor_scan_generation/package.sh'
[3.406s] INFO:colcon.colcon_core.shell:Creating package script '/root/ros2_ws/src/install/sensor_scan_generation/share/sensor_scan_generation/package.bash'
[3.406s] INFO:colcon.colcon_core.shell:Creating package script '/root/ros2_ws/src/install/sensor_scan_generation/share/sensor_scan_generation/package.zsh'
[3.407s] Level 1:colcon.colcon_core.environment:create_file_with_runtime_dependencies(/root/ros2_ws/src/install/sensor_scan_generation/share/colcon-core/packages/sensor_scan_generation)
[3.407s] Level 1:colcon.colcon_core.environment:create_environment_scripts_only(sensor_scan_generation)
[3.408s] Level 1:colcon.colcon_core.environment:checking '/root/ros2_ws/src/install/sensor_scan_generation' for CMake module files
[3.408s] Level 1:colcon.colcon_core.environment:checking '/root/ros2_ws/src/install/sensor_scan_generation' for CMake config files
[3.409s] Level 1:colcon.colcon_core.shell:create_environment_hook('sensor_scan_generation', 'cmake_prefix_path')
[3.409s] INFO:colcon.colcon_core.shell:Creating environment hook '/root/ros2_ws/src/install/sensor_scan_generation/share/sensor_scan_generation/hook/cmake_prefix_path.ps1'
[3.409s] INFO:colcon.colcon_core.shell:Creating environment descriptor '/root/ros2_ws/src/install/sensor_scan_generation/share/sensor_scan_generation/hook/cmake_prefix_path.dsv'
[3.410s] INFO:colcon.colcon_core.shell:Creating environment hook '/root/ros2_ws/src/install/sensor_scan_generation/share/sensor_scan_generation/hook/cmake_prefix_path.sh'
[3.411s] Level 1:colcon.colcon_core.environment:checking '/root/ros2_ws/src/install/sensor_scan_generation/lib'
[3.411s] Level 1:colcon.colcon_core.environment:checking '/root/ros2_ws/src/install/sensor_scan_generation/bin'
[3.411s] Level 1:colcon.colcon_core.environment:checking '/root/ros2_ws/src/install/sensor_scan_generation/lib/pkgconfig/sensor_scan_generation.pc'
[3.411s] Level 1:colcon.colcon_core.environment:checking '/root/ros2_ws/src/install/sensor_scan_generation/lib/python3.10/site-packages'
[3.412s] Level 1:colcon.colcon_core.environment:checking '/root/ros2_ws/src/install/sensor_scan_generation/bin'
[3.412s] INFO:colcon.colcon_core.shell:Creating package script '/root/ros2_ws/src/install/sensor_scan_generation/share/sensor_scan_generation/package.ps1'
[3.413s] INFO:colcon.colcon_core.shell:Creating package descriptor '/root/ros2_ws/src/install/sensor_scan_generation/share/sensor_scan_generation/package.dsv'
[3.413s] INFO:colcon.colcon_core.shell:Creating package script '/root/ros2_ws/src/install/sensor_scan_generation/share/sensor_scan_generation/package.sh'
[3.414s] INFO:colcon.colcon_core.shell:Creating package script '/root/ros2_ws/src/install/sensor_scan_generation/share/sensor_scan_generation/package.bash'
[3.414s] INFO:colcon.colcon_core.shell:Creating package script '/root/ros2_ws/src/install/sensor_scan_generation/share/sensor_scan_generation/package.zsh'
[3.414s] Level 1:colcon.colcon_core.environment:create_file_with_runtime_dependencies(/root/ros2_ws/src/install/sensor_scan_generation/share/colcon-core/packages/sensor_scan_generation)
[3.429s] DEBUG:colcon.colcon_core.event_handler.log_command:Invoked command in '/root/ros2_ws/src/build/visualization_tools' returned '0': CMAKE_PREFIX_PATH=${CMAKE_PREFIX_PATH}:/root/ros2_ws/src/install/transform_sensors:/root/ros2_ws/src/install/ros_tcp_endpoint:/opt/ros/humble /usr/bin/cmake /root/ros2_ws/src/base_autonomy/visualization_tools -DCMAKE_INSTALL_PREFIX=/root/ros2_ws/src/install/visualization_tools
[3.431s] DEBUG:colcon.colcon_core.event_handler.log_command:Invoking command in '/root/ros2_ws/src/build/visualization_tools': CMAKE_PREFIX_PATH=${CMAKE_PREFIX_PATH}:/root/ros2_ws/src/install/transform_sensors:/root/ros2_ws/src/install/ros_tcp_endpoint:/opt/ros/humble /usr/bin/cmake --build /root/ros2_ws/src/build/visualization_tools -- -j24 -l24
[3.490s] DEBUG:colcon.colcon_core.event_handler.log_command:Invoked command in '/root/ros2_ws/src/build/waypoint_example' returned '0': CMAKE_PREFIX_PATH=${CMAKE_PREFIX_PATH}:/root/ros2_ws/src/install/transform_sensors:/root/ros2_ws/src/install/ros_tcp_endpoint:/opt/ros/humble /usr/bin/cmake --build /root/ros2_ws/src/build/waypoint_example -- -j24 -l24
[3.491s] DEBUG:colcon.colcon_core.event_handler.log_command:Invoking command in '/root/ros2_ws/src/build/waypoint_example': CMAKE_PREFIX_PATH=${CMAKE_PREFIX_PATH}:/root/ros2_ws/src/install/transform_sensors:/root/ros2_ws/src/install/ros_tcp_endpoint:/opt/ros/humble /usr/bin/cmake --install /root/ros2_ws/src/build/waypoint_example
[3.495s] DEBUG:colcon.colcon_core.event_handler.log_command:Invoked command in '/root/ros2_ws/src/build/terrain_analysis' returned '0': CMAKE_PREFIX_PATH=${CMAKE_PREFIX_PATH}:/root/ros2_ws/src/install/transform_sensors:/root/ros2_ws/src/install/ros_tcp_endpoint:/opt/ros/humble /usr/bin/cmake --build /root/ros2_ws/src/build/terrain_analysis -- -j24 -l24
[3.497s] DEBUG:colcon.colcon_core.event_handler.log_command:Invoking command in '/root/ros2_ws/src/build/terrain_analysis': CMAKE_PREFIX_PATH=${CMAKE_PREFIX_PATH}:/root/ros2_ws/src/install/transform_sensors:/root/ros2_ws/src/install/ros_tcp_endpoint:/opt/ros/humble /usr/bin/cmake --install /root/ros2_ws/src/build/terrain_analysis
[3.502s] DEBUG:colcon.colcon_core.event_handler.log_command:Invoked command in '/root/ros2_ws/src/build/terrain_analysis_ext' returned '0': CMAKE_PREFIX_PATH=${CMAKE_PREFIX_PATH}:/root/ros2_ws/src/install/transform_sensors:/root/ros2_ws/src/install/ros_tcp_endpoint:/opt/ros/humble /usr/bin/cmake --build /root/ros2_ws/src/build/terrain_analysis_ext -- -j24 -l24
[3.503s] DEBUG:colcon.colcon_core.event_handler.log_command:Invoking command in '/root/ros2_ws/src/build/terrain_analysis_ext': CMAKE_PREFIX_PATH=${CMAKE_PREFIX_PATH}:/root/ros2_ws/src/install/transform_sensors:/root/ros2_ws/src/install/ros_tcp_endpoint:/opt/ros/humble /usr/bin/cmake --install /root/ros2_ws/src/build/terrain_analysis_ext
[3.508s] Level 1:colcon.colcon_core.environment:create_environment_scripts_only(waypoint_example)
[3.508s] Level 1:colcon.colcon_core.environment:checking '/root/ros2_ws/src/install/waypoint_example' for CMake module files
[3.508s] Level 1:colcon.colcon_core.environment:checking '/root/ros2_ws/src/install/waypoint_example' for CMake config files
[3.509s] Level 1:colcon.colcon_core.shell:create_environment_hook('waypoint_example', 'cmake_prefix_path')
[3.509s] INFO:colcon.colcon_core.shell:Creating environment hook '/root/ros2_ws/src/install/waypoint_example/share/waypoint_example/hook/cmake_prefix_path.ps1'
[3.510s] INFO:colcon.colcon_core.shell:Creating environment descriptor '/root/ros2_ws/src/install/waypoint_example/share/waypoint_example/hook/cmake_prefix_path.dsv'
[3.510s] INFO:colcon.colcon_core.shell:Creating environment hook '/root/ros2_ws/src/install/waypoint_example/share/waypoint_example/hook/cmake_prefix_path.sh'
[3.509s] DEBUG:colcon.colcon_core.event_handler.log_command:Invoked command in '/root/ros2_ws/src/build/waypoint_example' returned '0': CMAKE_PREFIX_PATH=${CMAKE_PREFIX_PATH}:/root/ros2_ws/src/install/transform_sensors:/root/ros2_ws/src/install/ros_tcp_endpoint:/opt/ros/humble /usr/bin/cmake --install /root/ros2_ws/src/build/waypoint_example
[3.511s] Level 1:colcon.colcon_core.environment:checking '/root/ros2_ws/src/install/waypoint_example/lib'
[3.511s] Level 1:colcon.colcon_core.environment:checking '/root/ros2_ws/src/install/waypoint_example/bin'
[3.511s] Level 1:colcon.colcon_core.environment:checking '/root/ros2_ws/src/install/waypoint_example/lib/pkgconfig/waypoint_example.pc'
[3.511s] Level 1:colcon.colcon_core.environment:checking '/root/ros2_ws/src/install/waypoint_example/lib/python3.10/site-packages'
[3.511s] Level 1:colcon.colcon_core.environment:checking '/root/ros2_ws/src/install/waypoint_example/bin'
[3.512s] INFO:colcon.colcon_core.shell:Creating package script '/root/ros2_ws/src/install/waypoint_example/share/waypoint_example/package.ps1'
[3.512s] INFO:colcon.colcon_core.shell:Creating package descriptor '/root/ros2_ws/src/install/waypoint_example/share/waypoint_example/package.dsv'
[3.513s] INFO:colcon.colcon_core.shell:Creating package script '/root/ros2_ws/src/install/waypoint_example/share/waypoint_example/package.sh'
[3.513s] INFO:colcon.colcon_core.shell:Creating package script '/root/ros2_ws/src/install/waypoint_example/share/waypoint_example/package.bash'
[3.513s] INFO:colcon.colcon_core.shell:Creating package script '/root/ros2_ws/src/install/waypoint_example/share/waypoint_example/package.zsh'
[3.513s] Level 1:colcon.colcon_core.environment:create_file_with_runtime_dependencies(/root/ros2_ws/src/install/waypoint_example/share/colcon-core/packages/waypoint_example)
[3.514s] Level 1:colcon.colcon_core.environment:create_environment_scripts_only(waypoint_example)
[3.514s] Level 1:colcon.colcon_core.environment:checking '/root/ros2_ws/src/install/waypoint_example' for CMake module files
[3.514s] Level 1:colcon.colcon_core.environment:checking '/root/ros2_ws/src/install/waypoint_example' for CMake config files
[3.515s] Level 1:colcon.colcon_core.shell:create_environment_hook('waypoint_example', 'cmake_prefix_path')
[3.517s] INFO:colcon.colcon_core.shell:Creating environment hook '/root/ros2_ws/src/install/waypoint_example/share/waypoint_example/hook/cmake_prefix_path.ps1'
[3.518s] INFO:colcon.colcon_core.shell:Creating environment descriptor '/root/ros2_ws/src/install/waypoint_example/share/waypoint_example/hook/cmake_prefix_path.dsv'
[3.519s] INFO:colcon.colcon_core.shell:Creating environment hook '/root/ros2_ws/src/install/waypoint_example/share/waypoint_example/hook/cmake_prefix_path.sh'
[3.523s] Level 1:colcon.colcon_core.environment:checking '/root/ros2_ws/src/install/waypoint_example/lib'
[3.524s] Level 1:colcon.colcon_core.environment:checking '/root/ros2_ws/src/install/waypoint_example/bin'
[3.524s] Level 1:colcon.colcon_core.environment:checking '/root/ros2_ws/src/install/waypoint_example/lib/pkgconfig/waypoint_example.pc'
[3.524s] Level 1:colcon.colcon_core.environment:checking '/root/ros2_ws/src/install/waypoint_example/lib/python3.10/site-packages'
[3.524s] Level 1:colcon.colcon_core.environment:checking '/root/ros2_ws/src/install/waypoint_example/bin'
[3.525s] INFO:colcon.colcon_core.shell:Creating package script '/root/ros2_ws/src/install/waypoint_example/share/waypoint_example/package.ps1'
[3.525s] INFO:colcon.colcon_core.shell:Creating package descriptor '/root/ros2_ws/src/install/waypoint_example/share/waypoint_example/package.dsv'
[3.525s] INFO:colcon.colcon_core.shell:Creating package script '/root/ros2_ws/src/install/waypoint_example/share/waypoint_example/package.sh'
[3.526s] INFO:colcon.colcon_core.shell:Creating package script '/root/ros2_ws/src/install/waypoint_example/share/waypoint_example/package.bash'
[3.526s] INFO:colcon.colcon_core.shell:Creating package script '/root/ros2_ws/src/install/waypoint_example/share/waypoint_example/package.zsh'
[3.527s] Level 1:colcon.colcon_core.environment:create_file_with_runtime_dependencies(/root/ros2_ws/src/install/waypoint_example/share/colcon-core/packages/waypoint_example)
[3.531s] Level 1:colcon.colcon_core.environment:create_environment_scripts_only(terrain_analysis)
[3.531s] Level 1:colcon.colcon_core.environment:checking '/root/ros2_ws/src/install/terrain_analysis' for CMake module files
[3.532s] Level 1:colcon.colcon_core.environment:checking '/root/ros2_ws/src/install/terrain_analysis' for CMake config files
[3.532s] Level 1:colcon.colcon_core.shell:create_environment_hook('terrain_analysis', 'cmake_prefix_path')
[3.532s] INFO:colcon.colcon_core.shell:Creating environment hook '/root/ros2_ws/src/install/terrain_analysis/share/terrain_analysis/hook/cmake_prefix_path.ps1'
[3.533s] INFO:colcon.colcon_core.shell:Creating environment descriptor '/root/ros2_ws/src/install/terrain_analysis/share/terrain_analysis/hook/cmake_prefix_path.dsv'
[3.533s] DEBUG:colcon.colcon_core.event_handler.log_command:Invoked command in '/root/ros2_ws/src/build/terrain_analysis' returned '0': CMAKE_PREFIX_PATH=${CMAKE_PREFIX_PATH}:/root/ros2_ws/src/install/transform_sensors:/root/ros2_ws/src/install/ros_tcp_endpoint:/opt/ros/humble /usr/bin/cmake --install /root/ros2_ws/src/build/terrain_analysis
[3.534s] INFO:colcon.colcon_core.shell:Creating environment hook '/root/ros2_ws/src/install/terrain_analysis/share/terrain_analysis/hook/cmake_prefix_path.sh'
[3.538s] Level 1:colcon.colcon_core.environment:checking '/root/ros2_ws/src/install/terrain_analysis/lib'
[3.538s] Level 1:colcon.colcon_core.environment:checking '/root/ros2_ws/src/install/terrain_analysis/bin'
[3.538s] Level 1:colcon.colcon_core.environment:checking '/root/ros2_ws/src/install/terrain_analysis/lib/pkgconfig/terrain_analysis.pc'
[3.538s] Level 1:colcon.colcon_core.environment:checking '/root/ros2_ws/src/install/terrain_analysis/lib/python3.10/site-packages'
[3.538s] Level 1:colcon.colcon_core.environment:checking '/root/ros2_ws/src/install/terrain_analysis/bin'
[3.539s] INFO:colcon.colcon_core.shell:Creating package script '/root/ros2_ws/src/install/terrain_analysis/share/terrain_analysis/package.ps1'
[3.539s] INFO:colcon.colcon_core.shell:Creating package descriptor '/root/ros2_ws/src/install/terrain_analysis/share/terrain_analysis/package.dsv'
[3.539s] INFO:colcon.colcon_core.shell:Creating package script '/root/ros2_ws/src/install/terrain_analysis/share/terrain_analysis/package.sh'
[3.540s] INFO:colcon.colcon_core.shell:Creating package script '/root/ros2_ws/src/install/terrain_analysis/share/terrain_analysis/package.bash'
[3.540s] INFO:colcon.colcon_core.shell:Creating package script '/root/ros2_ws/src/install/terrain_analysis/share/terrain_analysis/package.zsh'
[3.540s] Level 1:colcon.colcon_core.environment:create_file_with_runtime_dependencies(/root/ros2_ws/src/install/terrain_analysis/share/colcon-core/packages/terrain_analysis)
[3.541s] Level 1:colcon.colcon_core.environment:create_environment_scripts_only(terrain_analysis)
[3.541s] Level 1:colcon.colcon_core.environment:checking '/root/ros2_ws/src/install/terrain_analysis' for CMake module files
[3.543s] Level 1:colcon.colcon_core.environment:checking '/root/ros2_ws/src/install/terrain_analysis' for CMake config files
[3.544s] Level 1:colcon.colcon_core.shell:create_environment_hook('terrain_analysis', 'cmake_prefix_path')
[3.544s] INFO:colcon.colcon_core.shell:Creating environment hook '/root/ros2_ws/src/install/terrain_analysis/share/terrain_analysis/hook/cmake_prefix_path.ps1'
[3.545s] INFO:colcon.colcon_core.shell:Creating environment descriptor '/root/ros2_ws/src/install/terrain_analysis/share/terrain_analysis/hook/cmake_prefix_path.dsv'
[3.545s] INFO:colcon.colcon_core.shell:Creating environment hook '/root/ros2_ws/src/install/terrain_analysis/share/terrain_analysis/hook/cmake_prefix_path.sh'
[3.547s] Level 1:colcon.colcon_core.environment:checking '/root/ros2_ws/src/install/terrain_analysis/lib'
[3.547s] Level 1:colcon.colcon_core.environment:checking '/root/ros2_ws/src/install/terrain_analysis/bin'
[3.547s] Level 1:colcon.colcon_core.environment:checking '/root/ros2_ws/src/install/terrain_analysis/lib/pkgconfig/terrain_analysis.pc'
[3.547s] Level 1:colcon.colcon_core.environment:checking '/root/ros2_ws/src/install/terrain_analysis/lib/python3.10/site-packages'
[3.548s] Level 1:colcon.colcon_core.environment:checking '/root/ros2_ws/src/install/terrain_analysis/bin'
[3.548s] INFO:colcon.colcon_core.shell:Creating package script '/root/ros2_ws/src/install/terrain_analysis/share/terrain_analysis/package.ps1'
[3.550s] INFO:colcon.colcon_core.shell:Creating package descriptor '/root/ros2_ws/src/install/terrain_analysis/share/terrain_analysis/package.dsv'
[3.550s] INFO:colcon.colcon_core.shell:Creating package script '/root/ros2_ws/src/install/terrain_analysis/share/terrain_analysis/package.sh'
[3.551s] INFO:colcon.colcon_core.shell:Creating package script '/root/ros2_ws/src/install/terrain_analysis/share/terrain_analysis/package.bash'
[3.551s] INFO:colcon.colcon_core.shell:Creating package script '/root/ros2_ws/src/install/terrain_analysis/share/terrain_analysis/package.zsh'
[3.551s] Level 1:colcon.colcon_core.environment:create_file_with_runtime_dependencies(/root/ros2_ws/src/install/terrain_analysis/share/colcon-core/packages/terrain_analysis)
[3.556s] DEBUG:colcon.colcon_core.event_handler.log_command:Invoked command in '/root/ros2_ws/src/build/super_odometry_msgs' returned '0': CMAKE_PREFIX_PATH=${CMAKE_PREFIX_PATH}:/root/ros2_ws/src/install/transform_sensors:/root/ros2_ws/src/install/ros_tcp_endpoint:/opt/ros/humble /usr/bin/cmake --build /root/ros2_ws/src/build/super_odometry_msgs -- -j24 -l24
[3.556s] DEBUG:colcon.colcon_core.event_handler.log_command:Invoking command in '/root/ros2_ws/src/build/super_odometry_msgs': CMAKE_PREFIX_PATH=${CMAKE_PREFIX_PATH}:/root/ros2_ws/src/install/transform_sensors:/root/ros2_ws/src/install/ros_tcp_endpoint:/opt/ros/humble /usr/bin/cmake --install /root/ros2_ws/src/build/super_odometry_msgs
[3.558s] Level 1:colcon.colcon_core.environment:create_environment_scripts_only(terrain_analysis_ext)
[3.558s] DEBUG:colcon.colcon_core.event_handler.log_command:Invoked command in '/root/ros2_ws/src/build/terrain_analysis_ext' returned '0': CMAKE_PREFIX_PATH=${CMAKE_PREFIX_PATH}:/root/ros2_ws/src/install/transform_sensors:/root/ros2_ws/src/install/ros_tcp_endpoint:/opt/ros/humble /usr/bin/cmake --install /root/ros2_ws/src/build/terrain_analysis_ext
[3.558s] Level 1:colcon.colcon_core.environment:checking '/root/ros2_ws/src/install/terrain_analysis_ext' for CMake module files
[3.559s] Level 1:colcon.colcon_core.environment:checking '/root/ros2_ws/src/install/terrain_analysis_ext' for CMake config files
[3.560s] Level 1:colcon.colcon_core.shell:create_environment_hook('terrain_analysis_ext', 'cmake_prefix_path')
[3.560s] INFO:colcon.colcon_core.shell:Creating environment hook '/root/ros2_ws/src/install/terrain_analysis_ext/share/terrain_analysis_ext/hook/cmake_prefix_path.ps1'
[3.561s] INFO:colcon.colcon_core.shell:Creating environment descriptor '/root/ros2_ws/src/install/terrain_analysis_ext/share/terrain_analysis_ext/hook/cmake_prefix_path.dsv'
[3.561s] INFO:colcon.colcon_core.shell:Creating environment hook '/root/ros2_ws/src/install/terrain_analysis_ext/share/terrain_analysis_ext/hook/cmake_prefix_path.sh'
[3.562s] Level 1:colcon.colcon_core.environment:checking '/root/ros2_ws/src/install/terrain_analysis_ext/lib'
[3.562s] Level 1:colcon.colcon_core.environment:checking '/root/ros2_ws/src/install/terrain_analysis_ext/bin'
[3.562s] Level 1:colcon.colcon_core.environment:checking '/root/ros2_ws/src/install/terrain_analysis_ext/lib/pkgconfig/terrain_analysis_ext.pc'
[3.564s] Level 1:colcon.colcon_core.environment:checking '/root/ros2_ws/src/install/terrain_analysis_ext/lib/python3.10/site-packages'
[3.564s] Level 1:colcon.colcon_core.environment:checking '/root/ros2_ws/src/install/terrain_analysis_ext/bin'
[3.564s] INFO:colcon.colcon_core.shell:Creating package script '/root/ros2_ws/src/install/terrain_analysis_ext/share/terrain_analysis_ext/package.ps1'
[3.565s] INFO:colcon.colcon_core.shell:Creating package descriptor '/root/ros2_ws/src/install/terrain_analysis_ext/share/terrain_analysis_ext/package.dsv'
[3.565s] INFO:colcon.colcon_core.shell:Creating package script '/root/ros2_ws/src/install/terrain_analysis_ext/share/terrain_analysis_ext/package.sh'
[3.566s] INFO:colcon.colcon_core.shell:Creating package script '/root/ros2_ws/src/install/terrain_analysis_ext/share/terrain_analysis_ext/package.bash'
[3.566s] INFO:colcon.colcon_core.shell:Creating package script '/root/ros2_ws/src/install/terrain_analysis_ext/share/terrain_analysis_ext/package.zsh'
[3.566s] Level 1:colcon.colcon_core.environment:create_file_with_runtime_dependencies(/root/ros2_ws/src/install/terrain_analysis_ext/share/colcon-core/packages/terrain_analysis_ext)
[3.567s] Level 1:colcon.colcon_core.environment:create_environment_scripts_only(terrain_analysis_ext)
[3.567s] Level 1:colcon.colcon_core.environment:checking '/root/ros2_ws/src/install/terrain_analysis_ext' for CMake module files
[3.567s] Level 1:colcon.colcon_core.environment:checking '/root/ros2_ws/src/install/terrain_analysis_ext' for CMake config files
[3.568s] Level 1:colcon.colcon_core.shell:create_environment_hook('terrain_analysis_ext', 'cmake_prefix_path')
[3.568s] INFO:colcon.colcon_core.shell:Creating environment hook '/root/ros2_ws/src/install/terrain_analysis_ext/share/terrain_analysis_ext/hook/cmake_prefix_path.ps1'
[3.568s] INFO:colcon.colcon_core.shell:Creating environment descriptor '/root/ros2_ws/src/install/terrain_analysis_ext/share/terrain_analysis_ext/hook/cmake_prefix_path.dsv'
[3.568s] INFO:colcon.colcon_core.shell:Creating environment hook '/root/ros2_ws/src/install/terrain_analysis_ext/share/terrain_analysis_ext/hook/cmake_prefix_path.sh'
[3.569s] Level 1:colcon.colcon_core.environment:checking '/root/ros2_ws/src/install/terrain_analysis_ext/lib'
[3.569s] Level 1:colcon.colcon_core.environment:checking '/root/ros2_ws/src/install/terrain_analysis_ext/bin'
[3.569s] Level 1:colcon.colcon_core.environment:checking '/root/ros2_ws/src/install/terrain_analysis_ext/lib/pkgconfig/terrain_analysis_ext.pc'
[3.569s] Level 1:colcon.colcon_core.environment:checking '/root/ros2_ws/src/install/terrain_analysis_ext/lib/python3.10/site-packages'
[3.569s] Level 1:colcon.colcon_core.environment:checking '/root/ros2_ws/src/install/terrain_analysis_ext/bin'
[3.570s] INFO:colcon.colcon_core.shell:Creating package script '/root/ros2_ws/src/install/terrain_analysis_ext/share/terrain_analysis_ext/package.ps1'
[3.570s] INFO:colcon.colcon_core.shell:Creating package descriptor '/root/ros2_ws/src/install/terrain_analysis_ext/share/terrain_analysis_ext/package.dsv'
[3.570s] INFO:colcon.colcon_core.shell:Creating package script '/root/ros2_ws/src/install/terrain_analysis_ext/share/terrain_analysis_ext/package.sh'
[3.571s] INFO:colcon.colcon_core.shell:Creating package script '/root/ros2_ws/src/install/terrain_analysis_ext/share/terrain_analysis_ext/package.bash'
[3.571s] INFO:colcon.colcon_core.shell:Creating package script '/root/ros2_ws/src/install/terrain_analysis_ext/share/terrain_analysis_ext/package.zsh'
[3.571s] Level 1:colcon.colcon_core.environment:create_file_with_runtime_dependencies(/root/ros2_ws/src/install/terrain_analysis_ext/share/colcon-core/packages/terrain_analysis_ext)
[3.632s] Level 1:colcon.colcon_core.environment:create_environment_scripts_only(super_odometry_msgs)
[3.632s] Level 1:colcon.colcon_core.environment:checking '/root/ros2_ws/src/install/super_odometry_msgs' for CMake module files
[3.633s] DEBUG:colcon.colcon_core.event_handler.log_command:Invoked command in '/root/ros2_ws/src/build/super_odometry_msgs' returned '0': CMAKE_PREFIX_PATH=${CMAKE_PREFIX_PATH}:/root/ros2_ws/src/install/transform_sensors:/root/ros2_ws/src/install/ros_tcp_endpoint:/opt/ros/humble /usr/bin/cmake --install /root/ros2_ws/src/build/super_odometry_msgs
[3.635s] Level 1:colcon.colcon_core.environment:checking '/root/ros2_ws/src/install/super_odometry_msgs' for CMake config files
[3.636s] Level 1:colcon.colcon_core.shell:create_environment_hook('super_odometry_msgs', 'cmake_prefix_path')
[3.637s] INFO:colcon.colcon_core.shell:Creating environment hook '/root/ros2_ws/src/install/super_odometry_msgs/share/super_odometry_msgs/hook/cmake_prefix_path.ps1'
[3.640s] INFO:colcon.colcon_core.shell:Creating environment descriptor '/root/ros2_ws/src/install/super_odometry_msgs/share/super_odometry_msgs/hook/cmake_prefix_path.dsv'
[3.641s] INFO:colcon.colcon_core.shell:Creating environment hook '/root/ros2_ws/src/install/super_odometry_msgs/share/super_odometry_msgs/hook/cmake_prefix_path.sh'
[3.642s] Level 1:colcon.colcon_core.environment:checking '/root/ros2_ws/src/install/super_odometry_msgs/lib'
[3.642s] Level 1:colcon.colcon_core.shell:create_environment_hook('super_odometry_msgs', 'ld_library_path_lib')
[3.642s] INFO:colcon.colcon_core.shell:Creating environment hook '/root/ros2_ws/src/install/super_odometry_msgs/share/super_odometry_msgs/hook/ld_library_path_lib.ps1'
[3.646s] INFO:colcon.colcon_core.shell:Creating environment descriptor '/root/ros2_ws/src/install/super_odometry_msgs/share/super_odometry_msgs/hook/ld_library_path_lib.dsv'
[3.646s] INFO:colcon.colcon_core.shell:Creating environment hook '/root/ros2_ws/src/install/super_odometry_msgs/share/super_odometry_msgs/hook/ld_library_path_lib.sh'
[3.647s] Level 1:colcon.colcon_core.environment:checking '/root/ros2_ws/src/install/super_odometry_msgs/bin'
[3.647s] Level 1:colcon.colcon_core.environment:checking '/root/ros2_ws/src/install/super_odometry_msgs/lib/pkgconfig/super_odometry_msgs.pc'
[3.647s] Level 1:colcon.colcon_core.environment:checking '/root/ros2_ws/src/install/super_odometry_msgs/lib/python3.10/site-packages'
[3.648s] Level 1:colcon.colcon_core.environment:checking '/root/ros2_ws/src/install/super_odometry_msgs/bin'
[3.649s] INFO:colcon.colcon_core.shell:Creating package script '/root/ros2_ws/src/install/super_odometry_msgs/share/super_odometry_msgs/package.ps1'
[3.653s] INFO:colcon.colcon_core.shell:Creating package descriptor '/root/ros2_ws/src/install/super_odometry_msgs/share/super_odometry_msgs/package.dsv'
[3.655s] INFO:colcon.colcon_core.shell:Creating package script '/root/ros2_ws/src/install/super_odometry_msgs/share/super_odometry_msgs/package.sh'
[3.655s] INFO:colcon.colcon_core.shell:Creating package script '/root/ros2_ws/src/install/super_odometry_msgs/share/super_odometry_msgs/package.bash'
[3.656s] INFO:colcon.colcon_core.shell:Creating package script '/root/ros2_ws/src/install/super_odometry_msgs/share/super_odometry_msgs/package.zsh'
[3.656s] Level 1:colcon.colcon_core.environment:create_file_with_runtime_dependencies(/root/ros2_ws/src/install/super_odometry_msgs/share/colcon-core/packages/super_odometry_msgs)
[3.657s] Level 1:colcon.colcon_core.environment:create_environment_scripts_only(super_odometry_msgs)
[3.658s] Level 1:colcon.colcon_core.environment:checking '/root/ros2_ws/src/install/super_odometry_msgs' for CMake module files
[3.662s] Level 1:colcon.colcon_core.environment:checking '/root/ros2_ws/src/install/super_odometry_msgs' for CMake config files
[3.663s] Level 1:colcon.colcon_core.shell:create_environment_hook('super_odometry_msgs', 'cmake_prefix_path')
[3.663s] INFO:colcon.colcon_core.shell:Creating environment hook '/root/ros2_ws/src/install/super_odometry_msgs/share/super_odometry_msgs/hook/cmake_prefix_path.ps1'
[3.664s] INFO:colcon.colcon_core.shell:Creating environment descriptor '/root/ros2_ws/src/install/super_odometry_msgs/share/super_odometry_msgs/hook/cmake_prefix_path.dsv'
[3.664s] INFO:colcon.colcon_core.shell:Creating environment hook '/root/ros2_ws/src/install/super_odometry_msgs/share/super_odometry_msgs/hook/cmake_prefix_path.sh'
[3.669s] Level 1:colcon.colcon_core.environment:checking '/root/ros2_ws/src/install/super_odometry_msgs/lib'
[3.669s] Level 1:colcon.colcon_core.shell:create_environment_hook('super_odometry_msgs', 'ld_library_path_lib')
[3.670s] INFO:colcon.colcon_core.shell:Creating environment hook '/root/ros2_ws/src/install/super_odometry_msgs/share/super_odometry_msgs/hook/ld_library_path_lib.ps1'
[3.670s] INFO:colcon.colcon_core.shell:Creating environment descriptor '/root/ros2_ws/src/install/super_odometry_msgs/share/super_odometry_msgs/hook/ld_library_path_lib.dsv'
[3.671s] INFO:colcon.colcon_core.shell:Creating environment hook '/root/ros2_ws/src/install/super_odometry_msgs/share/super_odometry_msgs/hook/ld_library_path_lib.sh'
[3.671s] Level 1:colcon.colcon_core.environment:checking '/root/ros2_ws/src/install/super_odometry_msgs/bin'
[3.672s] Level 1:colcon.colcon_core.environment:checking '/root/ros2_ws/src/install/super_odometry_msgs/lib/pkgconfig/super_odometry_msgs.pc'
[3.672s] Level 1:colcon.colcon_core.environment:checking '/root/ros2_ws/src/install/super_odometry_msgs/lib/python3.10/site-packages'
[3.673s] Level 1:colcon.colcon_core.environment:checking '/root/ros2_ws/src/install/super_odometry_msgs/bin'
[3.673s] INFO:colcon.colcon_core.shell:Creating package script '/root/ros2_ws/src/install/super_odometry_msgs/share/super_odometry_msgs/package.ps1'
[3.674s] INFO:colcon.colcon_core.shell:Creating package descriptor '/root/ros2_ws/src/install/super_odometry_msgs/share/super_odometry_msgs/package.dsv'
[3.674s] INFO:colcon.colcon_core.shell:Creating package script '/root/ros2_ws/src/install/super_odometry_msgs/share/super_odometry_msgs/package.sh'
[3.676s] INFO:colcon.colcon_core.shell:Creating package script '/root/ros2_ws/src/install/super_odometry_msgs/share/super_odometry_msgs/package.bash'
[3.676s] INFO:colcon.colcon_core.shell:Creating package script '/root/ros2_ws/src/install/super_odometry_msgs/share/super_odometry_msgs/package.zsh'
[3.677s] Level 1:colcon.colcon_core.environment:create_file_with_runtime_dependencies(/root/ros2_ws/src/install/super_odometry_msgs/share/colcon-core/packages/super_odometry_msgs)
[3.888s] DEBUG:colcon.colcon_core.event_handler.log_command:Invoked command in '/root/ros2_ws/src/build/livox_ros_driver2' returned '0': CMAKE_PREFIX_PATH=${CMAKE_PREFIX_PATH}:/root/ros2_ws/src/install/transform_sensors:/root/ros2_ws/src/install/ros_tcp_endpoint:/opt/ros/humble /usr/bin/cmake /root/ros2_ws/src/slam/livox_ros_driver2 -DCMAKE_INSTALL_PREFIX=/root/ros2_ws/src/install/livox_ros_driver2
[3.889s] DEBUG:colcon.colcon_core.event_handler.log_command:Invoking command in '/root/ros2_ws/src/build/livox_ros_driver2': CMAKE_PREFIX_PATH=${CMAKE_PREFIX_PATH}:/root/ros2_ws/src/install/transform_sensors:/root/ros2_ws/src/install/ros_tcp_endpoint:/opt/ros/humble /usr/bin/cmake --build /root/ros2_ws/src/build/livox_ros_driver2 -- -j24 -l24
[3.925s] DEBUG:colcon.colcon_core.event_handler.log_command:Invoked command in '/root/ros2_ws/src/build/go2_sport_api' returned '0': CMAKE_PREFIX_PATH=/root/ros2_ws/src/install/unitree_go:/root/ros2_ws/src/install/unitree_api:/root/ros2_ws/src/install/waypoint_rviz_plugin:/root/ros2_ws/src/install/waypoint_example:/root/ros2_ws/src/install/visualization_tools:/root/ros2_ws/src/install/graph_decoder:/root/ros2_ws/src/install/far_planner:/root/ros2_ws/src/install/boundary_handler:/root/ros2_ws/src/install/visibility_graph_msg:/root/ros2_ws/src/install/vehicle_simulator:/root/ros2_ws/src/install/local_planner:/root/ros2_ws/src/install/calibrate_imu:/root/ros2_ws/src/install/go2_sport_api:/root/ros2_ws/src/install/point_lio_unilidar:/root/ros2_ws/src/install/terrain_analysis_ext:/root/ros2_ws/src/install/terrain_analysis:/root/ros2_ws/src/install/teleop_rviz_plugin_plus:/root/ros2_ws/src/install/teleop_rviz_plugin:/root/ros2_ws/src/install/super_odometry:/root/ros2_ws/src/install/super_odometry_msgs:/root/ros2_ws/src/install/sensor_scan_generation:/root/ros2_ws/src/install/rviz_2d_overlay_plugins:/root/ros2_ws/src/install/rviz_2d_overlay_msgs:/root/ros2_ws/src/install/livox_ros_driver2:/root/ros2_ws/src/install/goalpoint_rviz_plugin:/root/ros2_ws/src/install/go2_h264_repub:/root/ros2_ws/src/install/transform_sensors:/root/ros2_ws/src/install/ros_tcp_endpoint:/opt/ros/humble LD_LIBRARY_PATH=/root/ros2_ws/src/install/unitree_go/lib:/root/ros2_ws/src/install/unitree_api/lib:/root/ros2_ws/src/install/visibility_graph_msg/lib:/root/ros2_ws/src/install/go2_sport_api/lib:/root/ros2_ws/src/install/super_odometry/lib:/root/ros2_ws/src/install/super_odometry_msgs/lib:/root/ros2_ws/src/install/rviz_2d_overlay_plugins/lib:/root/ros2_ws/src/install/rviz_2d_overlay_msgs/lib:/root/ros2_ws/src/install/livox_ros_driver2/lib:/opt/ros/humble/opt/rviz_ogre_vendor/lib:/opt/ros/humble/lib/x86_64-linux-gnu:/opt/ros/humble/lib /usr/bin/cmake /root/ros2_ws/src/utilities/unitree_pkgs/go2_sport_api -DCMAKE_INSTALL_PREFIX=/root/ros2_ws/src/install/go2_sport_api
[3.925s] DEBUG:colcon.colcon_core.event_handler.log_command:Invoking command in '/root/ros2_ws/src/build/go2_sport_api': CMAKE_PREFIX_PATH=/root/ros2_ws/src/install/unitree_go:/root/ros2_ws/src/install/unitree_api:/root/ros2_ws/src/install/waypoint_rviz_plugin:/root/ros2_ws/src/install/waypoint_example:/root/ros2_ws/src/install/visualization_tools:/root/ros2_ws/src/install/graph_decoder:/root/ros2_ws/src/install/far_planner:/root/ros2_ws/src/install/boundary_handler:/root/ros2_ws/src/install/visibility_graph_msg:/root/ros2_ws/src/install/vehicle_simulator:/root/ros2_ws/src/install/local_planner:/root/ros2_ws/src/install/calibrate_imu:/root/ros2_ws/src/install/go2_sport_api:/root/ros2_ws/src/install/point_lio_unilidar:/root/ros2_ws/src/install/terrain_analysis_ext:/root/ros2_ws/src/install/terrain_analysis:/root/ros2_ws/src/install/teleop_rviz_plugin_plus:/root/ros2_ws/src/install/teleop_rviz_plugin:/root/ros2_ws/src/install/super_odometry:/root/ros2_ws/src/install/super_odometry_msgs:/root/ros2_ws/src/install/sensor_scan_generation:/root/ros2_ws/src/install/rviz_2d_overlay_plugins:/root/ros2_ws/src/install/rviz_2d_overlay_msgs:/root/ros2_ws/src/install/livox_ros_driver2:/root/ros2_ws/src/install/goalpoint_rviz_plugin:/root/ros2_ws/src/install/go2_h264_repub:/root/ros2_ws/src/install/transform_sensors:/root/ros2_ws/src/install/ros_tcp_endpoint:/opt/ros/humble LD_LIBRARY_PATH=/root/ros2_ws/src/install/unitree_go/lib:/root/ros2_ws/src/install/unitree_api/lib:/root/ros2_ws/src/install/visibility_graph_msg/lib:/root/ros2_ws/src/install/go2_sport_api/lib:/root/ros2_ws/src/install/super_odometry/lib:/root/ros2_ws/src/install/super_odometry_msgs/lib:/root/ros2_ws/src/install/rviz_2d_overlay_plugins/lib:/root/ros2_ws/src/install/rviz_2d_overlay_msgs/lib:/root/ros2_ws/src/install/livox_ros_driver2/lib:/opt/ros/humble/opt/rviz_ogre_vendor/lib:/opt/ros/humble/lib/x86_64-linux-gnu:/opt/ros/humble/lib /usr/bin/cmake --build /root/ros2_ws/src/build/go2_sport_api -- -j24 -l24
[4.013s] DEBUG:colcon.colcon_core.event_handler.log_command:Invoked command in '/root/ros2_ws/src/build/go2_sport_api' returned '0': CMAKE_PREFIX_PATH=/root/ros2_ws/src/install/unitree_go:/root/ros2_ws/src/install/unitree_api:/root/ros2_ws/src/install/waypoint_rviz_plugin:/root/ros2_ws/src/install/waypoint_example:/root/ros2_ws/src/install/visualization_tools:/root/ros2_ws/src/install/graph_decoder:/root/ros2_ws/src/install/far_planner:/root/ros2_ws/src/install/boundary_handler:/root/ros2_ws/src/install/visibility_graph_msg:/root/ros2_ws/src/install/vehicle_simulator:/root/ros2_ws/src/install/local_planner:/root/ros2_ws/src/install/calibrate_imu:/root/ros2_ws/src/install/go2_sport_api:/root/ros2_ws/src/install/point_lio_unilidar:/root/ros2_ws/src/install/terrain_analysis_ext:/root/ros2_ws/src/install/terrain_analysis:/root/ros2_ws/src/install/teleop_rviz_plugin_plus:/root/ros2_ws/src/install/teleop_rviz_plugin:/root/ros2_ws/src/install/super_odometry:/root/ros2_ws/src/install/super_odometry_msgs:/root/ros2_ws/src/install/sensor_scan_generation:/root/ros2_ws/src/install/rviz_2d_overlay_plugins:/root/ros2_ws/src/install/rviz_2d_overlay_msgs:/root/ros2_ws/src/install/livox_ros_driver2:/root/ros2_ws/src/install/goalpoint_rviz_plugin:/root/ros2_ws/src/install/go2_h264_repub:/root/ros2_ws/src/install/transform_sensors:/root/ros2_ws/src/install/ros_tcp_endpoint:/opt/ros/humble LD_LIBRARY_PATH=/root/ros2_ws/src/install/unitree_go/lib:/root/ros2_ws/src/install/unitree_api/lib:/root/ros2_ws/src/install/visibility_graph_msg/lib:/root/ros2_ws/src/install/go2_sport_api/lib:/root/ros2_ws/src/install/super_odometry/lib:/root/ros2_ws/src/install/super_odometry_msgs/lib:/root/ros2_ws/src/install/rviz_2d_overlay_plugins/lib:/root/ros2_ws/src/install/rviz_2d_overlay_msgs/lib:/root/ros2_ws/src/install/livox_ros_driver2/lib:/opt/ros/humble/opt/rviz_ogre_vendor/lib:/opt/ros/humble/lib/x86_64-linux-gnu:/opt/ros/humble/lib /usr/bin/cmake --build /root/ros2_ws/src/build/go2_sport_api -- -j24 -l24
[4.014s] DEBUG:colcon.colcon_core.event_handler.log_command:Invoking command in '/root/ros2_ws/src/build/go2_sport_api': CMAKE_PREFIX_PATH=/root/ros2_ws/src/install/unitree_go:/root/ros2_ws/src/install/unitree_api:/root/ros2_ws/src/install/waypoint_rviz_plugin:/root/ros2_ws/src/install/waypoint_example:/root/ros2_ws/src/install/visualization_tools:/root/ros2_ws/src/install/graph_decoder:/root/ros2_ws/src/install/far_planner:/root/ros2_ws/src/install/boundary_handler:/root/ros2_ws/src/install/visibility_graph_msg:/root/ros2_ws/src/install/vehicle_simulator:/root/ros2_ws/src/install/local_planner:/root/ros2_ws/src/install/calibrate_imu:/root/ros2_ws/src/install/go2_sport_api:/root/ros2_ws/src/install/point_lio_unilidar:/root/ros2_ws/src/install/terrain_analysis_ext:/root/ros2_ws/src/install/terrain_analysis:/root/ros2_ws/src/install/teleop_rviz_plugin_plus:/root/ros2_ws/src/install/teleop_rviz_plugin:/root/ros2_ws/src/install/super_odometry:/root/ros2_ws/src/install/super_odometry_msgs:/root/ros2_ws/src/install/sensor_scan_generation:/root/ros2_ws/src/install/rviz_2d_overlay_plugins:/root/ros2_ws/src/install/rviz_2d_overlay_msgs:/root/ros2_ws/src/install/livox_ros_driver2:/root/ros2_ws/src/install/goalpoint_rviz_plugin:/root/ros2_ws/src/install/go2_h264_repub:/root/ros2_ws/src/install/transform_sensors:/root/ros2_ws/src/install/ros_tcp_endpoint:/opt/ros/humble LD_LIBRARY_PATH=/root/ros2_ws/src/install/unitree_go/lib:/root/ros2_ws/src/install/unitree_api/lib:/root/ros2_ws/src/install/visibility_graph_msg/lib:/root/ros2_ws/src/install/go2_sport_api/lib:/root/ros2_ws/src/install/super_odometry/lib:/root/ros2_ws/src/install/super_odometry_msgs/lib:/root/ros2_ws/src/install/rviz_2d_overlay_plugins/lib:/root/ros2_ws/src/install/rviz_2d_overlay_msgs/lib:/root/ros2_ws/src/install/livox_ros_driver2/lib:/opt/ros/humble/opt/rviz_ogre_vendor/lib:/opt/ros/humble/lib/x86_64-linux-gnu:/opt/ros/humble/lib /usr/bin/cmake --install /root/ros2_ws/src/build/go2_sport_api
[4.015s] DEBUG:colcon.colcon_core.event_handler.log_command:Invoked command in '/root/ros2_ws/src/build/visualization_tools' returned '0': CMAKE_PREFIX_PATH=${CMAKE_PREFIX_PATH}:/root/ros2_ws/src/install/transform_sensors:/root/ros2_ws/src/install/ros_tcp_endpoint:/opt/ros/humble /usr/bin/cmake --build /root/ros2_ws/src/build/visualization_tools -- -j24 -l24
[4.019s] DEBUG:colcon.colcon_core.event_handler.log_command:Invoking command in '/root/ros2_ws/src/build/visualization_tools': CMAKE_PREFIX_PATH=${CMAKE_PREFIX_PATH}:/root/ros2_ws/src/install/transform_sensors:/root/ros2_ws/src/install/ros_tcp_endpoint:/opt/ros/humble /usr/bin/cmake --install /root/ros2_ws/src/build/visualization_tools
[4.036s] Level 1:colcon.colcon_core.environment:create_environment_scripts_only(go2_sport_api)
[4.037s] Level 1:colcon.colcon_core.environment:checking '/root/ros2_ws/src/install/go2_sport_api' for CMake module files
[4.037s] DEBUG:colcon.colcon_core.event_handler.log_command:Invoked command in '/root/ros2_ws/src/build/go2_sport_api' returned '0': CMAKE_PREFIX_PATH=/root/ros2_ws/src/install/unitree_go:/root/ros2_ws/src/install/unitree_api:/root/ros2_ws/src/install/waypoint_rviz_plugin:/root/ros2_ws/src/install/waypoint_example:/root/ros2_ws/src/install/visualization_tools:/root/ros2_ws/src/install/graph_decoder:/root/ros2_ws/src/install/far_planner:/root/ros2_ws/src/install/boundary_handler:/root/ros2_ws/src/install/visibility_graph_msg:/root/ros2_ws/src/install/vehicle_simulator:/root/ros2_ws/src/install/local_planner:/root/ros2_ws/src/install/calibrate_imu:/root/ros2_ws/src/install/go2_sport_api:/root/ros2_ws/src/install/point_lio_unilidar:/root/ros2_ws/src/install/terrain_analysis_ext:/root/ros2_ws/src/install/terrain_analysis:/root/ros2_ws/src/install/teleop_rviz_plugin_plus:/root/ros2_ws/src/install/teleop_rviz_plugin:/root/ros2_ws/src/install/super_odometry:/root/ros2_ws/src/install/super_odometry_msgs:/root/ros2_ws/src/install/sensor_scan_generation:/root/ros2_ws/src/install/rviz_2d_overlay_plugins:/root/ros2_ws/src/install/rviz_2d_overlay_msgs:/root/ros2_ws/src/install/livox_ros_driver2:/root/ros2_ws/src/install/goalpoint_rviz_plugin:/root/ros2_ws/src/install/go2_h264_repub:/root/ros2_ws/src/install/transform_sensors:/root/ros2_ws/src/install/ros_tcp_endpoint:/opt/ros/humble LD_LIBRARY_PATH=/root/ros2_ws/src/install/unitree_go/lib:/root/ros2_ws/src/install/unitree_api/lib:/root/ros2_ws/src/install/visibility_graph_msg/lib:/root/ros2_ws/src/install/go2_sport_api/lib:/root/ros2_ws/src/install/super_odometry/lib:/root/ros2_ws/src/install/super_odometry_msgs/lib:/root/ros2_ws/src/install/rviz_2d_overlay_plugins/lib:/root/ros2_ws/src/install/rviz_2d_overlay_msgs/lib:/root/ros2_ws/src/install/livox_ros_driver2/lib:/opt/ros/humble/opt/rviz_ogre_vendor/lib:/opt/ros/humble/lib/x86_64-linux-gnu:/opt/ros/humble/lib /usr/bin/cmake --install /root/ros2_ws/src/build/go2_sport_api
[4.038s] Level 1:colcon.colcon_core.environment:checking '/root/ros2_ws/src/install/go2_sport_api' for CMake config files
[4.039s] Level 1:colcon.colcon_core.shell:create_environment_hook('go2_sport_api', 'cmake_prefix_path')
[4.039s] INFO:colcon.colcon_core.shell:Creating environment hook '/root/ros2_ws/src/install/go2_sport_api/share/go2_sport_api/hook/cmake_prefix_path.ps1'
[4.041s] INFO:colcon.colcon_core.shell:Creating environment descriptor '/root/ros2_ws/src/install/go2_sport_api/share/go2_sport_api/hook/cmake_prefix_path.dsv'
[4.042s] INFO:colcon.colcon_core.shell:Creating environment hook '/root/ros2_ws/src/install/go2_sport_api/share/go2_sport_api/hook/cmake_prefix_path.sh'
[4.042s] Level 1:colcon.colcon_core.environment:checking '/root/ros2_ws/src/install/go2_sport_api/lib'
[4.042s] Level 1:colcon.colcon_core.shell:create_environment_hook('go2_sport_api', 'ld_library_path_lib')
[4.042s] INFO:colcon.colcon_core.shell:Creating environment hook '/root/ros2_ws/src/install/go2_sport_api/share/go2_sport_api/hook/ld_library_path_lib.ps1'
[4.043s] INFO:colcon.colcon_core.shell:Creating environment descriptor '/root/ros2_ws/src/install/go2_sport_api/share/go2_sport_api/hook/ld_library_path_lib.dsv'
[4.043s] INFO:colcon.colcon_core.shell:Creating environment hook '/root/ros2_ws/src/install/go2_sport_api/share/go2_sport_api/hook/ld_library_path_lib.sh'
[4.043s] Level 1:colcon.colcon_core.environment:checking '/root/ros2_ws/src/install/go2_sport_api/bin'
[4.043s] Level 1:colcon.colcon_core.environment:checking '/root/ros2_ws/src/install/go2_sport_api/lib/pkgconfig/go2_sport_api.pc'
[4.043s] Level 1:colcon.colcon_core.environment:checking '/root/ros2_ws/src/install/go2_sport_api/lib/python3.10/site-packages'
[4.044s] Level 1:colcon.colcon_core.environment:checking '/root/ros2_ws/src/install/go2_sport_api/bin'
[4.046s] INFO:colcon.colcon_core.shell:Creating package script '/root/ros2_ws/src/install/go2_sport_api/share/go2_sport_api/package.ps1'
[4.048s] INFO:colcon.colcon_core.shell:Creating package descriptor '/root/ros2_ws/src/install/go2_sport_api/share/go2_sport_api/package.dsv'
[4.048s] INFO:colcon.colcon_core.shell:Creating package script '/root/ros2_ws/src/install/go2_sport_api/share/go2_sport_api/package.sh'
[4.048s] INFO:colcon.colcon_core.shell:Creating package script '/root/ros2_ws/src/install/go2_sport_api/share/go2_sport_api/package.bash'
[4.049s] INFO:colcon.colcon_core.shell:Creating package script '/root/ros2_ws/src/install/go2_sport_api/share/go2_sport_api/package.zsh'
[4.050s] Level 1:colcon.colcon_core.environment:create_file_with_runtime_dependencies(/root/ros2_ws/src/install/go2_sport_api/share/colcon-core/packages/go2_sport_api)
[4.050s] Level 1:colcon.colcon_core.environment:create_environment_scripts_only(go2_sport_api)
[4.050s] Level 1:colcon.colcon_core.environment:checking '/root/ros2_ws/src/install/go2_sport_api' for CMake module files
[4.051s] Level 1:colcon.colcon_core.environment:checking '/root/ros2_ws/src/install/go2_sport_api' for CMake config files
[4.051s] Level 1:colcon.colcon_core.shell:create_environment_hook('go2_sport_api', 'cmake_prefix_path')
[4.051s] INFO:colcon.colcon_core.shell:Creating environment hook '/root/ros2_ws/src/install/go2_sport_api/share/go2_sport_api/hook/cmake_prefix_path.ps1'
[4.052s] INFO:colcon.colcon_core.shell:Creating environment descriptor '/root/ros2_ws/src/install/go2_sport_api/share/go2_sport_api/hook/cmake_prefix_path.dsv'
[4.052s] INFO:colcon.colcon_core.shell:Creating environment hook '/root/ros2_ws/src/install/go2_sport_api/share/go2_sport_api/hook/cmake_prefix_path.sh'
[4.052s] Level 1:colcon.colcon_core.environment:checking '/root/ros2_ws/src/install/go2_sport_api/lib'
[4.052s] Level 1:colcon.colcon_core.shell:create_environment_hook('go2_sport_api', 'ld_library_path_lib')
[4.052s] INFO:colcon.colcon_core.shell:Creating environment hook '/root/ros2_ws/src/install/go2_sport_api/share/go2_sport_api/hook/ld_library_path_lib.ps1'
[4.053s] INFO:colcon.colcon_core.shell:Creating environment descriptor '/root/ros2_ws/src/install/go2_sport_api/share/go2_sport_api/hook/ld_library_path_lib.dsv'
[4.053s] INFO:colcon.colcon_core.shell:Creating environment hook '/root/ros2_ws/src/install/go2_sport_api/share/go2_sport_api/hook/ld_library_path_lib.sh'
[4.053s] Level 1:colcon.colcon_core.environment:checking '/root/ros2_ws/src/install/go2_sport_api/bin'
[4.053s] Level 1:colcon.colcon_core.environment:checking '/root/ros2_ws/src/install/go2_sport_api/lib/pkgconfig/go2_sport_api.pc'
[4.054s] Level 1:colcon.colcon_core.environment:checking '/root/ros2_ws/src/install/go2_sport_api/lib/python3.10/site-packages'
[4.054s] Level 1:colcon.colcon_core.environment:checking '/root/ros2_ws/src/install/go2_sport_api/bin'
[4.054s] INFO:colcon.colcon_core.shell:Creating package script '/root/ros2_ws/src/install/go2_sport_api/share/go2_sport_api/package.ps1'
[4.054s] INFO:colcon.colcon_core.shell:Creating package descriptor '/root/ros2_ws/src/install/go2_sport_api/share/go2_sport_api/package.dsv'
[4.055s] INFO:colcon.colcon_core.shell:Creating package script '/root/ros2_ws/src/install/go2_sport_api/share/go2_sport_api/package.sh'
[4.055s] INFO:colcon.colcon_core.shell:Creating package script '/root/ros2_ws/src/install/go2_sport_api/share/go2_sport_api/package.bash'
[4.055s] INFO:colcon.colcon_core.shell:Creating package script '/root/ros2_ws/src/install/go2_sport_api/share/go2_sport_api/package.zsh'
[4.056s] Level 1:colcon.colcon_core.environment:create_file_with_runtime_dependencies(/root/ros2_ws/src/install/go2_sport_api/share/colcon-core/packages/go2_sport_api)
[4.056s] INFO:colcon.colcon_ros.task.ament_cmake.build:Building ROS package in '/root/ros2_ws/src/utilities/calibrate_imu' with build type 'ament_cmake'
[4.057s] INFO:colcon.colcon_cmake.task.cmake.build:Building CMake package in '/root/ros2_ws/src/utilities/calibrate_imu'
[4.057s] INFO:colcon.colcon_core.shell:Skip shell extension 'powershell' for command environment: Not usable outside of PowerShell
[4.057s] DEBUG:colcon.colcon_core.shell:Skip shell extension 'dsv' for command environment
[4.066s] INFO:colcon.colcon_ros.task.ament_cmake.build:Building ROS package in '/root/ros2_ws/src/base_autonomy/local_planner' with build type 'ament_cmake'
[4.067s] INFO:colcon.colcon_cmake.task.cmake.build:Building CMake package in '/root/ros2_ws/src/base_autonomy/local_planner'
[4.067s] INFO:colcon.colcon_core.shell:Skip shell extension 'powershell' for command environment: Not usable outside of PowerShell
[4.067s] DEBUG:colcon.colcon_core.shell:Skip shell extension 'dsv' for command environment
[4.075s] Level 1:colcon.colcon_core.environment:create_environment_scripts_only(visualization_tools)
[4.076s] Level 1:colcon.colcon_core.environment:checking '/root/ros2_ws/src/install/visualization_tools' for CMake module files
[4.078s] DEBUG:colcon.colcon_core.event_handler.log_command:Invoked command in '/root/ros2_ws/src/build/visualization_tools' returned '0': CMAKE_PREFIX_PATH=${CMAKE_PREFIX_PATH}:/root/ros2_ws/src/install/transform_sensors:/root/ros2_ws/src/install/ros_tcp_endpoint:/opt/ros/humble /usr/bin/cmake --install /root/ros2_ws/src/build/visualization_tools
[4.079s] Level 1:colcon.colcon_core.environment:checking '/root/ros2_ws/src/install/visualization_tools' for CMake config files
[4.079s] Level 1:colcon.colcon_core.shell:create_environment_hook('visualization_tools', 'cmake_prefix_path')
[4.079s] INFO:colcon.colcon_core.shell:Creating environment hook '/root/ros2_ws/src/install/visualization_tools/share/visualization_tools/hook/cmake_prefix_path.ps1'
[4.080s] INFO:colcon.colcon_core.shell:Creating environment descriptor '/root/ros2_ws/src/install/visualization_tools/share/visualization_tools/hook/cmake_prefix_path.dsv'
[4.080s] INFO:colcon.colcon_core.shell:Creating environment hook '/root/ros2_ws/src/install/visualization_tools/share/visualization_tools/hook/cmake_prefix_path.sh'
[4.081s] Level 1:colcon.colcon_core.environment:checking '/root/ros2_ws/src/install/visualization_tools/lib'
[4.081s] Level 1:colcon.colcon_core.environment:checking '/root/ros2_ws/src/install/visualization_tools/bin'
[4.081s] Level 1:colcon.colcon_core.environment:checking '/root/ros2_ws/src/install/visualization_tools/lib/pkgconfig/visualization_tools.pc'
[4.081s] Level 1:colcon.colcon_core.environment:checking '/root/ros2_ws/src/install/visualization_tools/lib/python3.10/site-packages'
[4.082s] Level 1:colcon.colcon_core.environment:checking '/root/ros2_ws/src/install/visualization_tools/bin'
[4.082s] INFO:colcon.colcon_core.shell:Creating package script '/root/ros2_ws/src/install/visualization_tools/share/visualization_tools/package.ps1'
[4.082s] INFO:colcon.colcon_core.shell:Creating package descriptor '/root/ros2_ws/src/install/visualization_tools/share/visualization_tools/package.dsv'
[4.083s] INFO:colcon.colcon_core.shell:Creating package script '/root/ros2_ws/src/install/visualization_tools/share/visualization_tools/package.sh'
[4.083s] INFO:colcon.colcon_core.shell:Creating package script '/root/ros2_ws/src/install/visualization_tools/share/visualization_tools/package.bash'
[4.084s] INFO:colcon.colcon_core.shell:Creating package script '/root/ros2_ws/src/install/visualization_tools/share/visualization_tools/package.zsh'
[4.084s] Level 1:colcon.colcon_core.environment:create_file_with_runtime_dependencies(/root/ros2_ws/src/install/visualization_tools/share/colcon-core/packages/visualization_tools)
[4.085s] Level 1:colcon.colcon_core.environment:create_environment_scripts_only(visualization_tools)
[4.085s] Level 1:colcon.colcon_core.environment:checking '/root/ros2_ws/src/install/visualization_tools' for CMake module files
[4.085s] Level 1:colcon.colcon_core.environment:checking '/root/ros2_ws/src/install/visualization_tools' for CMake config files
[4.086s] Level 1:colcon.colcon_core.shell:create_environment_hook('visualization_tools', 'cmake_prefix_path')
[4.086s] INFO:colcon.colcon_core.shell:Creating environment hook '/root/ros2_ws/src/install/visualization_tools/share/visualization_tools/hook/cmake_prefix_path.ps1'
[4.086s] INFO:colcon.colcon_core.shell:Creating environment descriptor '/root/ros2_ws/src/install/visualization_tools/share/visualization_tools/hook/cmake_prefix_path.dsv'
[4.087s] INFO:colcon.colcon_core.shell:Creating environment hook '/root/ros2_ws/src/install/visualization_tools/share/visualization_tools/hook/cmake_prefix_path.sh'
[4.087s] Level 1:colcon.colcon_core.environment:checking '/root/ros2_ws/src/install/visualization_tools/lib'
[4.087s] Level 1:colcon.colcon_core.environment:checking '/root/ros2_ws/src/install/visualization_tools/bin'
[4.087s] Level 1:colcon.colcon_core.environment:checking '/root/ros2_ws/src/install/visualization_tools/lib/pkgconfig/visualization_tools.pc'
[4.088s] Level 1:colcon.colcon_core.environment:checking '/root/ros2_ws/src/install/visualization_tools/lib/python3.10/site-packages'
[4.088s] Level 1:colcon.colcon_core.environment:checking '/root/ros2_ws/src/install/visualization_tools/bin'
[4.088s] INFO:colcon.colcon_core.shell:Creating package script '/root/ros2_ws/src/install/visualization_tools/share/visualization_tools/package.ps1'
[4.089s] INFO:colcon.colcon_core.shell:Creating package descriptor '/root/ros2_ws/src/install/visualization_tools/share/visualization_tools/package.dsv'
[4.089s] INFO:colcon.colcon_core.shell:Creating package script '/root/ros2_ws/src/install/visualization_tools/share/visualization_tools/package.sh'
[4.090s] INFO:colcon.colcon_core.shell:Creating package script '/root/ros2_ws/src/install/visualization_tools/share/visualization_tools/package.bash'
[4.090s] INFO:colcon.colcon_core.shell:Creating package script '/root/ros2_ws/src/install/visualization_tools/share/visualization_tools/package.zsh'
[4.091s] Level 1:colcon.colcon_core.environment:create_file_with_runtime_dependencies(/root/ros2_ws/src/install/visualization_tools/share/colcon-core/packages/visualization_tools)
[4.095s] DEBUG:colcon.colcon_core.event_handler.log_command:Invoking command in '/root/ros2_ws/src/build/calibrate_imu': CMAKE_PREFIX_PATH=/root/ros2_ws/src/install/go2_sport_api:/root/ros2_ws/src/install/unitree_go:/root/ros2_ws/src/install/unitree_api:/root/ros2_ws/src/install/waypoint_rviz_plugin:/root/ros2_ws/src/install/waypoint_example:/root/ros2_ws/src/install/visualization_tools:/root/ros2_ws/src/install/graph_decoder:/root/ros2_ws/src/install/far_planner:/root/ros2_ws/src/install/boundary_handler:/root/ros2_ws/src/install/visibility_graph_msg:/root/ros2_ws/src/install/vehicle_simulator:/root/ros2_ws/src/install/local_planner:/root/ros2_ws/src/install/calibrate_imu:/root/ros2_ws/src/install/point_lio_unilidar:/root/ros2_ws/src/install/terrain_analysis_ext:/root/ros2_ws/src/install/terrain_analysis:/root/ros2_ws/src/install/teleop_rviz_plugin_plus:/root/ros2_ws/src/install/teleop_rviz_plugin:/root/ros2_ws/src/install/super_odometry:/root/ros2_ws/src/install/super_odometry_msgs:/root/ros2_ws/src/install/sensor_scan_generation:/root/ros2_ws/src/install/rviz_2d_overlay_plugins:/root/ros2_ws/src/install/rviz_2d_overlay_msgs:/root/ros2_ws/src/install/livox_ros_driver2:/root/ros2_ws/src/install/goalpoint_rviz_plugin:/root/ros2_ws/src/install/go2_h264_repub:/root/ros2_ws/src/install/transform_sensors:/root/ros2_ws/src/install/ros_tcp_endpoint:/opt/ros/humble LD_LIBRARY_PATH=/root/ros2_ws/src/install/go2_sport_api/lib:/root/ros2_ws/src/install/unitree_go/lib:/root/ros2_ws/src/install/unitree_api/lib:/root/ros2_ws/src/install/visibility_graph_msg/lib:/root/ros2_ws/src/install/super_odometry/lib:/root/ros2_ws/src/install/super_odometry_msgs/lib:/root/ros2_ws/src/install/rviz_2d_overlay_plugins/lib:/root/ros2_ws/src/install/rviz_2d_overlay_msgs/lib:/root/ros2_ws/src/install/livox_ros_driver2/lib:/opt/ros/humble/opt/rviz_ogre_vendor/lib:/opt/ros/humble/lib/x86_64-linux-gnu:/opt/ros/humble/lib /usr/bin/cmake /root/ros2_ws/src/utilities/calibrate_imu -DCMAKE_INSTALL_PREFIX=/root/ros2_ws/src/install/calibrate_imu
[4.103s] DEBUG:colcon.colcon_core.event_handler.log_command:Invoking command in '/root/ros2_ws/src/build/local_planner': CMAKE_PREFIX_PATH=/root/ros2_ws/src/install/go2_sport_api:/root/ros2_ws/src/install/unitree_go:/root/ros2_ws/src/install/unitree_api:/root/ros2_ws/src/install/waypoint_rviz_plugin:/root/ros2_ws/src/install/waypoint_example:/root/ros2_ws/src/install/visualization_tools:/root/ros2_ws/src/install/graph_decoder:/root/ros2_ws/src/install/far_planner:/root/ros2_ws/src/install/boundary_handler:/root/ros2_ws/src/install/visibility_graph_msg:/root/ros2_ws/src/install/vehicle_simulator:/root/ros2_ws/src/install/local_planner:/root/ros2_ws/src/install/calibrate_imu:/root/ros2_ws/src/install/point_lio_unilidar:/root/ros2_ws/src/install/terrain_analysis_ext:/root/ros2_ws/src/install/terrain_analysis:/root/ros2_ws/src/install/teleop_rviz_plugin_plus:/root/ros2_ws/src/install/teleop_rviz_plugin:/root/ros2_ws/src/install/super_odometry:/root/ros2_ws/src/install/super_odometry_msgs:/root/ros2_ws/src/install/sensor_scan_generation:/root/ros2_ws/src/install/rviz_2d_overlay_plugins:/root/ros2_ws/src/install/rviz_2d_overlay_msgs:/root/ros2_ws/src/install/livox_ros_driver2:/root/ros2_ws/src/install/goalpoint_rviz_plugin:/root/ros2_ws/src/install/go2_h264_repub:/root/ros2_ws/src/install/transform_sensors:/root/ros2_ws/src/install/ros_tcp_endpoint:/opt/ros/humble LD_LIBRARY_PATH=/root/ros2_ws/src/install/go2_sport_api/lib:/root/ros2_ws/src/install/unitree_go/lib:/root/ros2_ws/src/install/unitree_api/lib:/root/ros2_ws/src/install/visibility_graph_msg/lib:/root/ros2_ws/src/install/super_odometry/lib:/root/ros2_ws/src/install/super_odometry_msgs/lib:/root/ros2_ws/src/install/rviz_2d_overlay_plugins/lib:/root/ros2_ws/src/install/rviz_2d_overlay_msgs/lib:/root/ros2_ws/src/install/livox_ros_driver2/lib:/opt/ros/humble/opt/rviz_ogre_vendor/lib:/opt/ros/humble/lib/x86_64-linux-gnu:/opt/ros/humble/lib /usr/bin/cmake /root/ros2_ws/src/base_autonomy/local_planner -DCMAKE_INSTALL_PREFIX=/root/ros2_ws/src/install/local_planner
[4.103s] DEBUG:colcon.colcon_core.event_handler.log_command:Invoked command in '/root/ros2_ws/src/build/point_lio_unilidar' returned '0': AMENT_PREFIX_PATH=/root/ros2_ws/src/install/transform_sensors:/root/ros2_ws/src/install/waypoint_rviz_plugin:/root/ros2_ws/src/install/waypoint_example:/root/ros2_ws/src/install/visualization_tools:/root/ros2_ws/src/install/graph_decoder:/root/ros2_ws/src/install/far_planner:/root/ros2_ws/src/install/boundary_handler:/root/ros2_ws/src/install/visibility_graph_msg:/root/ros2_ws/src/install/vehicle_simulator:/root/ros2_ws/src/install/local_planner:/root/ros2_ws/src/install/calibrate_imu:/root/ros2_ws/src/install/go2_sport_api:/root/ros2_ws/src/install/unitree_go:/root/ros2_ws/src/install/unitree_api:/root/ros2_ws/src/install/point_lio_unilidar:/root/ros2_ws/src/install/terrain_analysis_ext:/root/ros2_ws/src/install/terrain_analysis:/root/ros2_ws/src/install/teleop_rviz_plugin_plus:/root/ros2_ws/src/install/teleop_rviz_plugin:/root/ros2_ws/src/install/super_odometry:/root/ros2_ws/src/install/super_odometry_msgs:/root/ros2_ws/src/install/sensor_scan_generation:/root/ros2_ws/src/install/rviz_2d_overlay_plugins:/root/ros2_ws/src/install/rviz_2d_overlay_msgs:/root/ros2_ws/src/install/ros_tcp_endpoint:/root/ros2_ws/src/install/livox_ros_driver2:/root/ros2_ws/src/install/goalpoint_rviz_plugin:/root/ros2_ws/src/install/go2_h264_repub:/opt/ros/humble CMAKE_PREFIX_PATH=${CMAKE_PREFIX_PATH}:/root/ros2_ws/src/install/transform_sensors:/root/ros2_ws/src/install/ros_tcp_endpoint:/opt/ros/humble PYTHONPATH=/root/ros2_ws/src/install/transform_sensors/lib/python3.10/site-packages:/root/ros2_ws/src/install/visualization_tools/local/lib/python3.10/dist-packages:/root/ros2_ws/src/install/visibility_graph_msg/local/lib/python3.10/dist-packages:/root/ros2_ws/src/install/unitree_go/local/lib/python3.10/dist-packages:/root/ros2_ws/src/install/unitree_api/local/lib/python3.10/dist-packages:/root/ros2_ws/src/install/super_odometry_msgs/local/lib/python3.10/dist-packages:/root/ros2_ws/src/install/rviz_2d_overlay_msgs/local/lib/python3.10/dist-packages:/root/ros2_ws/src/install/ros_tcp_endpoint/lib/python3.10/site-packages:/root/ros2_ws/src/install/livox_ros_driver2/local/lib/python3.10/dist-packages:/opt/ros/humble/lib/python3.10/site-packages:/opt/ros/humble/local/lib/python3.10/dist-packages /usr/bin/cmake /root/ros2_ws/src/slam/point_lio_unilidar -DCMAKE_INSTALL_PREFIX=/root/ros2_ws/src/install/point_lio_unilidar
[4.106s] DEBUG:colcon.colcon_core.event_handler.log_command:Invoking command in '/root/ros2_ws/src/build/point_lio_unilidar': AMENT_PREFIX_PATH=/root/ros2_ws/src/install/transform_sensors:/root/ros2_ws/src/install/waypoint_rviz_plugin:/root/ros2_ws/src/install/waypoint_example:/root/ros2_ws/src/install/visualization_tools:/root/ros2_ws/src/install/graph_decoder:/root/ros2_ws/src/install/far_planner:/root/ros2_ws/src/install/boundary_handler:/root/ros2_ws/src/install/visibility_graph_msg:/root/ros2_ws/src/install/vehicle_simulator:/root/ros2_ws/src/install/local_planner:/root/ros2_ws/src/install/calibrate_imu:/root/ros2_ws/src/install/go2_sport_api:/root/ros2_ws/src/install/unitree_go:/root/ros2_ws/src/install/unitree_api:/root/ros2_ws/src/install/point_lio_unilidar:/root/ros2_ws/src/install/terrain_analysis_ext:/root/ros2_ws/src/install/terrain_analysis:/root/ros2_ws/src/install/teleop_rviz_plugin_plus:/root/ros2_ws/src/install/teleop_rviz_plugin:/root/ros2_ws/src/install/super_odometry:/root/ros2_ws/src/install/super_odometry_msgs:/root/ros2_ws/src/install/sensor_scan_generation:/root/ros2_ws/src/install/rviz_2d_overlay_plugins:/root/ros2_ws/src/install/rviz_2d_overlay_msgs:/root/ros2_ws/src/install/ros_tcp_endpoint:/root/ros2_ws/src/install/livox_ros_driver2:/root/ros2_ws/src/install/goalpoint_rviz_plugin:/root/ros2_ws/src/install/go2_h264_repub:/opt/ros/humble CMAKE_PREFIX_PATH=${CMAKE_PREFIX_PATH}:/root/ros2_ws/src/install/transform_sensors:/root/ros2_ws/src/install/ros_tcp_endpoint:/opt/ros/humble PYTHONPATH=/root/ros2_ws/src/install/transform_sensors/lib/python3.10/site-packages:/root/ros2_ws/src/install/visualization_tools/local/lib/python3.10/dist-packages:/root/ros2_ws/src/install/visibility_graph_msg/local/lib/python3.10/dist-packages:/root/ros2_ws/src/install/unitree_go/local/lib/python3.10/dist-packages:/root/ros2_ws/src/install/unitree_api/local/lib/python3.10/dist-packages:/root/ros2_ws/src/install/super_odometry_msgs/local/lib/python3.10/dist-packages:/root/ros2_ws/src/install/rviz_2d_overlay_msgs/local/lib/python3.10/dist-packages:/root/ros2_ws/src/install/ros_tcp_endpoint/lib/python3.10/site-packages:/root/ros2_ws/src/install/livox_ros_driver2/local/lib/python3.10/dist-packages:/opt/ros/humble/lib/python3.10/site-packages:/opt/ros/humble/local/lib/python3.10/dist-packages /usr/bin/cmake --build /root/ros2_ws/src/build/point_lio_unilidar -- -j24 -l24
[4.203s] DEBUG:colcon.colcon_core.event_handler.log_command:Invoked command in '/root/ros2_ws/src/build/point_lio_unilidar' returned '0': AMENT_PREFIX_PATH=/root/ros2_ws/src/install/transform_sensors:/root/ros2_ws/src/install/waypoint_rviz_plugin:/root/ros2_ws/src/install/waypoint_example:/root/ros2_ws/src/install/visualization_tools:/root/ros2_ws/src/install/graph_decoder:/root/ros2_ws/src/install/far_planner:/root/ros2_ws/src/install/boundary_handler:/root/ros2_ws/src/install/visibility_graph_msg:/root/ros2_ws/src/install/vehicle_simulator:/root/ros2_ws/src/install/local_planner:/root/ros2_ws/src/install/calibrate_imu:/root/ros2_ws/src/install/go2_sport_api:/root/ros2_ws/src/install/unitree_go:/root/ros2_ws/src/install/unitree_api:/root/ros2_ws/src/install/point_lio_unilidar:/root/ros2_ws/src/install/terrain_analysis_ext:/root/ros2_ws/src/install/terrain_analysis:/root/ros2_ws/src/install/teleop_rviz_plugin_plus:/root/ros2_ws/src/install/teleop_rviz_plugin:/root/ros2_ws/src/install/super_odometry:/root/ros2_ws/src/install/super_odometry_msgs:/root/ros2_ws/src/install/sensor_scan_generation:/root/ros2_ws/src/install/rviz_2d_overlay_plugins:/root/ros2_ws/src/install/rviz_2d_overlay_msgs:/root/ros2_ws/src/install/ros_tcp_endpoint:/root/ros2_ws/src/install/livox_ros_driver2:/root/ros2_ws/src/install/goalpoint_rviz_plugin:/root/ros2_ws/src/install/go2_h264_repub:/opt/ros/humble CMAKE_PREFIX_PATH=${CMAKE_PREFIX_PATH}:/root/ros2_ws/src/install/transform_sensors:/root/ros2_ws/src/install/ros_tcp_endpoint:/opt/ros/humble PYTHONPATH=/root/ros2_ws/src/install/transform_sensors/lib/python3.10/site-packages:/root/ros2_ws/src/install/visualization_tools/local/lib/python3.10/dist-packages:/root/ros2_ws/src/install/visibility_graph_msg/local/lib/python3.10/dist-packages:/root/ros2_ws/src/install/unitree_go/local/lib/python3.10/dist-packages:/root/ros2_ws/src/install/unitree_api/local/lib/python3.10/dist-packages:/root/ros2_ws/src/install/super_odometry_msgs/local/lib/python3.10/dist-packages:/root/ros2_ws/src/install/rviz_2d_overlay_msgs/local/lib/python3.10/dist-packages:/root/ros2_ws/src/install/ros_tcp_endpoint/lib/python3.10/site-packages:/root/ros2_ws/src/install/livox_ros_driver2/local/lib/python3.10/dist-packages:/opt/ros/humble/lib/python3.10/site-packages:/opt/ros/humble/local/lib/python3.10/dist-packages /usr/bin/cmake --build /root/ros2_ws/src/build/point_lio_unilidar -- -j24 -l24
[4.205s] DEBUG:colcon.colcon_core.event_handler.log_command:Invoking command in '/root/ros2_ws/src/build/point_lio_unilidar': AMENT_PREFIX_PATH=/root/ros2_ws/src/install/transform_sensors:/root/ros2_ws/src/install/waypoint_rviz_plugin:/root/ros2_ws/src/install/waypoint_example:/root/ros2_ws/src/install/visualization_tools:/root/ros2_ws/src/install/graph_decoder:/root/ros2_ws/src/install/far_planner:/root/ros2_ws/src/install/boundary_handler:/root/ros2_ws/src/install/visibility_graph_msg:/root/ros2_ws/src/install/vehicle_simulator:/root/ros2_ws/src/install/local_planner:/root/ros2_ws/src/install/calibrate_imu:/root/ros2_ws/src/install/go2_sport_api:/root/ros2_ws/src/install/unitree_go:/root/ros2_ws/src/install/unitree_api:/root/ros2_ws/src/install/point_lio_unilidar:/root/ros2_ws/src/install/terrain_analysis_ext:/root/ros2_ws/src/install/terrain_analysis:/root/ros2_ws/src/install/teleop_rviz_plugin_plus:/root/ros2_ws/src/install/teleop_rviz_plugin:/root/ros2_ws/src/install/super_odometry:/root/ros2_ws/src/install/super_odometry_msgs:/root/ros2_ws/src/install/sensor_scan_generation:/root/ros2_ws/src/install/rviz_2d_overlay_plugins:/root/ros2_ws/src/install/rviz_2d_overlay_msgs:/root/ros2_ws/src/install/ros_tcp_endpoint:/root/ros2_ws/src/install/livox_ros_driver2:/root/ros2_ws/src/install/goalpoint_rviz_plugin:/root/ros2_ws/src/install/go2_h264_repub:/opt/ros/humble CMAKE_PREFIX_PATH=${CMAKE_PREFIX_PATH}:/root/ros2_ws/src/install/transform_sensors:/root/ros2_ws/src/install/ros_tcp_endpoint:/opt/ros/humble PYTHONPATH=/root/ros2_ws/src/install/transform_sensors/lib/python3.10/site-packages:/root/ros2_ws/src/install/visualization_tools/local/lib/python3.10/dist-packages:/root/ros2_ws/src/install/visibility_graph_msg/local/lib/python3.10/dist-packages:/root/ros2_ws/src/install/unitree_go/local/lib/python3.10/dist-packages:/root/ros2_ws/src/install/unitree_api/local/lib/python3.10/dist-packages:/root/ros2_ws/src/install/super_odometry_msgs/local/lib/python3.10/dist-packages:/root/ros2_ws/src/install/rviz_2d_overlay_msgs/local/lib/python3.10/dist-packages:/root/ros2_ws/src/install/ros_tcp_endpoint/lib/python3.10/site-packages:/root/ros2_ws/src/install/livox_ros_driver2/local/lib/python3.10/dist-packages:/opt/ros/humble/lib/python3.10/site-packages:/opt/ros/humble/local/lib/python3.10/dist-packages /usr/bin/cmake --install /root/ros2_ws/src/build/point_lio_unilidar
[4.216s] DEBUG:colcon.colcon_core.event_handler.log_command:Invoked command in '/root/ros2_ws/src/build/rviz_2d_overlay_plugins' returned '0': CMAKE_PREFIX_PATH=/root/ros2_ws/src/install/rviz_2d_overlay_msgs:/root/ros2_ws/src/install/waypoint_rviz_plugin:/root/ros2_ws/src/install/waypoint_example:/root/ros2_ws/src/install/visualization_tools:/root/ros2_ws/src/install/graph_decoder:/root/ros2_ws/src/install/far_planner:/root/ros2_ws/src/install/boundary_handler:/root/ros2_ws/src/install/visibility_graph_msg:/root/ros2_ws/src/install/vehicle_simulator:/root/ros2_ws/src/install/local_planner:/root/ros2_ws/src/install/calibrate_imu:/root/ros2_ws/src/install/go2_sport_api:/root/ros2_ws/src/install/unitree_go:/root/ros2_ws/src/install/unitree_api:/root/ros2_ws/src/install/point_lio_unilidar:/root/ros2_ws/src/install/terrain_analysis_ext:/root/ros2_ws/src/install/terrain_analysis:/root/ros2_ws/src/install/teleop_rviz_plugin_plus:/root/ros2_ws/src/install/teleop_rviz_plugin:/root/ros2_ws/src/install/super_odometry:/root/ros2_ws/src/install/super_odometry_msgs:/root/ros2_ws/src/install/sensor_scan_generation:/root/ros2_ws/src/install/rviz_2d_overlay_plugins:/root/ros2_ws/src/install/livox_ros_driver2:/root/ros2_ws/src/install/goalpoint_rviz_plugin:/root/ros2_ws/src/install/go2_h264_repub:/root/ros2_ws/src/install/transform_sensors:/root/ros2_ws/src/install/ros_tcp_endpoint:/opt/ros/humble LD_LIBRARY_PATH=/root/ros2_ws/src/install/rviz_2d_overlay_msgs/lib:/root/ros2_ws/src/install/visibility_graph_msg/lib:/root/ros2_ws/src/install/go2_sport_api/lib:/root/ros2_ws/src/install/unitree_go/lib:/root/ros2_ws/src/install/unitree_api/lib:/root/ros2_ws/src/install/super_odometry/lib:/root/ros2_ws/src/install/super_odometry_msgs/lib:/root/ros2_ws/src/install/rviz_2d_overlay_plugins/lib:/root/ros2_ws/src/install/livox_ros_driver2/lib:/opt/ros/humble/opt/rviz_ogre_vendor/lib:/opt/ros/humble/lib/x86_64-linux-gnu:/opt/ros/humble/lib /usr/bin/cmake /root/ros2_ws/src/slam/rviz_2d_overlay_plugins/rviz_2d_overlay_plugins -DCMAKE_INSTALL_PREFIX=/root/ros2_ws/src/install/rviz_2d_overlay_plugins
[4.226s] Level 1:colcon.colcon_core.environment:create_environment_scripts_only(point_lio_unilidar)
[4.226s] Level 1:colcon.colcon_core.environment:checking '/root/ros2_ws/src/install/point_lio_unilidar' for CMake module files
[4.226s] Level 1:colcon.colcon_core.environment:checking '/root/ros2_ws/src/install/point_lio_unilidar' for CMake config files
[4.227s] Level 1:colcon.colcon_core.shell:create_environment_hook('point_lio_unilidar', 'cmake_prefix_path')
[4.227s] INFO:colcon.colcon_core.shell:Creating environment hook '/root/ros2_ws/src/install/point_lio_unilidar/share/point_lio_unilidar/hook/cmake_prefix_path.ps1'
[4.227s] INFO:colcon.colcon_core.shell:Creating environment descriptor '/root/ros2_ws/src/install/point_lio_unilidar/share/point_lio_unilidar/hook/cmake_prefix_path.dsv'
[4.227s] INFO:colcon.colcon_core.shell:Creating environment hook '/root/ros2_ws/src/install/point_lio_unilidar/share/point_lio_unilidar/hook/cmake_prefix_path.sh'
[4.228s] DEBUG:colcon.colcon_core.event_handler.log_command:Invoking command in '/root/ros2_ws/src/build/rviz_2d_overlay_plugins': CMAKE_PREFIX_PATH=/root/ros2_ws/src/install/rviz_2d_overlay_msgs:/root/ros2_ws/src/install/waypoint_rviz_plugin:/root/ros2_ws/src/install/waypoint_example:/root/ros2_ws/src/install/visualization_tools:/root/ros2_ws/src/install/graph_decoder:/root/ros2_ws/src/install/far_planner:/root/ros2_ws/src/install/boundary_handler:/root/ros2_ws/src/install/visibility_graph_msg:/root/ros2_ws/src/install/vehicle_simulator:/root/ros2_ws/src/install/local_planner:/root/ros2_ws/src/install/calibrate_imu:/root/ros2_ws/src/install/go2_sport_api:/root/ros2_ws/src/install/unitree_go:/root/ros2_ws/src/install/unitree_api:/root/ros2_ws/src/install/point_lio_unilidar:/root/ros2_ws/src/install/terrain_analysis_ext:/root/ros2_ws/src/install/terrain_analysis:/root/ros2_ws/src/install/teleop_rviz_plugin_plus:/root/ros2_ws/src/install/teleop_rviz_plugin:/root/ros2_ws/src/install/super_odometry:/root/ros2_ws/src/install/super_odometry_msgs:/root/ros2_ws/src/install/sensor_scan_generation:/root/ros2_ws/src/install/rviz_2d_overlay_plugins:/root/ros2_ws/src/install/livox_ros_driver2:/root/ros2_ws/src/install/goalpoint_rviz_plugin:/root/ros2_ws/src/install/go2_h264_repub:/root/ros2_ws/src/install/transform_sensors:/root/ros2_ws/src/install/ros_tcp_endpoint:/opt/ros/humble LD_LIBRARY_PATH=/root/ros2_ws/src/install/rviz_2d_overlay_msgs/lib:/root/ros2_ws/src/install/visibility_graph_msg/lib:/root/ros2_ws/src/install/go2_sport_api/lib:/root/ros2_ws/src/install/unitree_go/lib:/root/ros2_ws/src/install/unitree_api/lib:/root/ros2_ws/src/install/super_odometry/lib:/root/ros2_ws/src/install/super_odometry_msgs/lib:/root/ros2_ws/src/install/rviz_2d_overlay_plugins/lib:/root/ros2_ws/src/install/livox_ros_driver2/lib:/opt/ros/humble/opt/rviz_ogre_vendor/lib:/opt/ros/humble/lib/x86_64-linux-gnu:/opt/ros/humble/lib /usr/bin/cmake --build /root/ros2_ws/src/build/rviz_2d_overlay_plugins -- -j24 -l24
[4.229s] DEBUG:colcon.colcon_core.event_handler.log_command:Invoked command in '/root/ros2_ws/src/build/point_lio_unilidar' returned '0': AMENT_PREFIX_PATH=/root/ros2_ws/src/install/transform_sensors:/root/ros2_ws/src/install/waypoint_rviz_plugin:/root/ros2_ws/src/install/waypoint_example:/root/ros2_ws/src/install/visualization_tools:/root/ros2_ws/src/install/graph_decoder:/root/ros2_ws/src/install/far_planner:/root/ros2_ws/src/install/boundary_handler:/root/ros2_ws/src/install/visibility_graph_msg:/root/ros2_ws/src/install/vehicle_simulator:/root/ros2_ws/src/install/local_planner:/root/ros2_ws/src/install/calibrate_imu:/root/ros2_ws/src/install/go2_sport_api:/root/ros2_ws/src/install/unitree_go:/root/ros2_ws/src/install/unitree_api:/root/ros2_ws/src/install/point_lio_unilidar:/root/ros2_ws/src/install/terrain_analysis_ext:/root/ros2_ws/src/install/terrain_analysis:/root/ros2_ws/src/install/teleop_rviz_plugin_plus:/root/ros2_ws/src/install/teleop_rviz_plugin:/root/ros2_ws/src/install/super_odometry:/root/ros2_ws/src/install/super_odometry_msgs:/root/ros2_ws/src/install/sensor_scan_generation:/root/ros2_ws/src/install/rviz_2d_overlay_plugins:/root/ros2_ws/src/install/rviz_2d_overlay_msgs:/root/ros2_ws/src/install/ros_tcp_endpoint:/root/ros2_ws/src/install/livox_ros_driver2:/root/ros2_ws/src/install/goalpoint_rviz_plugin:/root/ros2_ws/src/install/go2_h264_repub:/opt/ros/humble CMAKE_PREFIX_PATH=${CMAKE_PREFIX_PATH}:/root/ros2_ws/src/install/transform_sensors:/root/ros2_ws/src/install/ros_tcp_endpoint:/opt/ros/humble PYTHONPATH=/root/ros2_ws/src/install/transform_sensors/lib/python3.10/site-packages:/root/ros2_ws/src/install/visualization_tools/local/lib/python3.10/dist-packages:/root/ros2_ws/src/install/visibility_graph_msg/local/lib/python3.10/dist-packages:/root/ros2_ws/src/install/unitree_go/local/lib/python3.10/dist-packages:/root/ros2_ws/src/install/unitree_api/local/lib/python3.10/dist-packages:/root/ros2_ws/src/install/super_odometry_msgs/local/lib/python3.10/dist-packages:/root/ros2_ws/src/install/rviz_2d_overlay_msgs/local/lib/python3.10/dist-packages:/root/ros2_ws/src/install/ros_tcp_endpoint/lib/python3.10/site-packages:/root/ros2_ws/src/install/livox_ros_driver2/local/lib/python3.10/dist-packages:/opt/ros/humble/lib/python3.10/site-packages:/opt/ros/humble/local/lib/python3.10/dist-packages /usr/bin/cmake --install /root/ros2_ws/src/build/point_lio_unilidar
[4.233s] Level 1:colcon.colcon_core.environment:checking '/root/ros2_ws/src/install/point_lio_unilidar/lib'
[4.233s] Level 1:colcon.colcon_core.environment:checking '/root/ros2_ws/src/install/point_lio_unilidar/bin'
[4.233s] Level 1:colcon.colcon_core.environment:checking '/root/ros2_ws/src/install/point_lio_unilidar/lib/pkgconfig/point_lio_unilidar.pc'
[4.233s] Level 1:colcon.colcon_core.environment:checking '/root/ros2_ws/src/install/point_lio_unilidar/lib/python3.10/site-packages'
[4.234s] Level 1:colcon.colcon_core.environment:checking '/root/ros2_ws/src/install/point_lio_unilidar/bin'
[4.234s] INFO:colcon.colcon_core.shell:Creating package script '/root/ros2_ws/src/install/point_lio_unilidar/share/point_lio_unilidar/package.ps1'
[4.234s] INFO:colcon.colcon_core.shell:Creating package descriptor '/root/ros2_ws/src/install/point_lio_unilidar/share/point_lio_unilidar/package.dsv'
[4.235s] INFO:colcon.colcon_core.shell:Creating package script '/root/ros2_ws/src/install/point_lio_unilidar/share/point_lio_unilidar/package.sh'
[4.235s] INFO:colcon.colcon_core.shell:Creating package script '/root/ros2_ws/src/install/point_lio_unilidar/share/point_lio_unilidar/package.bash'
[4.236s] INFO:colcon.colcon_core.shell:Creating package script '/root/ros2_ws/src/install/point_lio_unilidar/share/point_lio_unilidar/package.zsh'
[4.236s] Level 1:colcon.colcon_core.environment:create_file_with_runtime_dependencies(/root/ros2_ws/src/install/point_lio_unilidar/share/colcon-core/packages/point_lio_unilidar)
[4.236s] Level 1:colcon.colcon_core.environment:create_environment_scripts_only(point_lio_unilidar)
[4.237s] Level 1:colcon.colcon_core.environment:checking '/root/ros2_ws/src/install/point_lio_unilidar' for CMake module files
[4.241s] Level 1:colcon.colcon_core.environment:checking '/root/ros2_ws/src/install/point_lio_unilidar' for CMake config files
[4.241s] Level 1:colcon.colcon_core.shell:create_environment_hook('point_lio_unilidar', 'cmake_prefix_path')
[4.242s] INFO:colcon.colcon_core.shell:Creating environment hook '/root/ros2_ws/src/install/point_lio_unilidar/share/point_lio_unilidar/hook/cmake_prefix_path.ps1'
[4.242s] INFO:colcon.colcon_core.shell:Creating environment descriptor '/root/ros2_ws/src/install/point_lio_unilidar/share/point_lio_unilidar/hook/cmake_prefix_path.dsv'
[4.242s] INFO:colcon.colcon_core.shell:Creating environment hook '/root/ros2_ws/src/install/point_lio_unilidar/share/point_lio_unilidar/hook/cmake_prefix_path.sh'
[4.243s] Level 1:colcon.colcon_core.environment:checking '/root/ros2_ws/src/install/point_lio_unilidar/lib'
[4.243s] Level 1:colcon.colcon_core.environment:checking '/root/ros2_ws/src/install/point_lio_unilidar/bin'
[4.243s] Level 1:colcon.colcon_core.environment:checking '/root/ros2_ws/src/install/point_lio_unilidar/lib/pkgconfig/point_lio_unilidar.pc'
[4.243s] Level 1:colcon.colcon_core.environment:checking '/root/ros2_ws/src/install/point_lio_unilidar/lib/python3.10/site-packages'
[4.243s] Level 1:colcon.colcon_core.environment:checking '/root/ros2_ws/src/install/point_lio_unilidar/bin'
[4.244s] INFO:colcon.colcon_core.shell:Creating package script '/root/ros2_ws/src/install/point_lio_unilidar/share/point_lio_unilidar/package.ps1'
[4.244s] INFO:colcon.colcon_core.shell:Creating package descriptor '/root/ros2_ws/src/install/point_lio_unilidar/share/point_lio_unilidar/package.dsv'
[4.244s] INFO:colcon.colcon_core.shell:Creating package script '/root/ros2_ws/src/install/point_lio_unilidar/share/point_lio_unilidar/package.sh'
[4.245s] INFO:colcon.colcon_core.shell:Creating package script '/root/ros2_ws/src/install/point_lio_unilidar/share/point_lio_unilidar/package.bash'
[4.248s] INFO:colcon.colcon_core.shell:Creating package script '/root/ros2_ws/src/install/point_lio_unilidar/share/point_lio_unilidar/package.zsh'
[4.248s] Level 1:colcon.colcon_core.environment:create_file_with_runtime_dependencies(/root/ros2_ws/src/install/point_lio_unilidar/share/colcon-core/packages/point_lio_unilidar)
[4.309s] DEBUG:colcon.colcon_core.event_handler.log_command:Invoked command in '/root/ros2_ws/src/build/rviz_2d_overlay_plugins' returned '0': CMAKE_PREFIX_PATH=/root/ros2_ws/src/install/rviz_2d_overlay_msgs:/root/ros2_ws/src/install/waypoint_rviz_plugin:/root/ros2_ws/src/install/waypoint_example:/root/ros2_ws/src/install/visualization_tools:/root/ros2_ws/src/install/graph_decoder:/root/ros2_ws/src/install/far_planner:/root/ros2_ws/src/install/boundary_handler:/root/ros2_ws/src/install/visibility_graph_msg:/root/ros2_ws/src/install/vehicle_simulator:/root/ros2_ws/src/install/local_planner:/root/ros2_ws/src/install/calibrate_imu:/root/ros2_ws/src/install/go2_sport_api:/root/ros2_ws/src/install/unitree_go:/root/ros2_ws/src/install/unitree_api:/root/ros2_ws/src/install/point_lio_unilidar:/root/ros2_ws/src/install/terrain_analysis_ext:/root/ros2_ws/src/install/terrain_analysis:/root/ros2_ws/src/install/teleop_rviz_plugin_plus:/root/ros2_ws/src/install/teleop_rviz_plugin:/root/ros2_ws/src/install/super_odometry:/root/ros2_ws/src/install/super_odometry_msgs:/root/ros2_ws/src/install/sensor_scan_generation:/root/ros2_ws/src/install/rviz_2d_overlay_plugins:/root/ros2_ws/src/install/livox_ros_driver2:/root/ros2_ws/src/install/goalpoint_rviz_plugin:/root/ros2_ws/src/install/go2_h264_repub:/root/ros2_ws/src/install/transform_sensors:/root/ros2_ws/src/install/ros_tcp_endpoint:/opt/ros/humble LD_LIBRARY_PATH=/root/ros2_ws/src/install/rviz_2d_overlay_msgs/lib:/root/ros2_ws/src/install/visibility_graph_msg/lib:/root/ros2_ws/src/install/go2_sport_api/lib:/root/ros2_ws/src/install/unitree_go/lib:/root/ros2_ws/src/install/unitree_api/lib:/root/ros2_ws/src/install/super_odometry/lib:/root/ros2_ws/src/install/super_odometry_msgs/lib:/root/ros2_ws/src/install/rviz_2d_overlay_plugins/lib:/root/ros2_ws/src/install/livox_ros_driver2/lib:/opt/ros/humble/opt/rviz_ogre_vendor/lib:/opt/ros/humble/lib/x86_64-linux-gnu:/opt/ros/humble/lib /usr/bin/cmake --build /root/ros2_ws/src/build/rviz_2d_overlay_plugins -- -j24 -l24
[4.311s] DEBUG:colcon.colcon_core.event_handler.log_command:Invoking command in '/root/ros2_ws/src/build/rviz_2d_overlay_plugins': CMAKE_PREFIX_PATH=/root/ros2_ws/src/install/rviz_2d_overlay_msgs:/root/ros2_ws/src/install/waypoint_rviz_plugin:/root/ros2_ws/src/install/waypoint_example:/root/ros2_ws/src/install/visualization_tools:/root/ros2_ws/src/install/graph_decoder:/root/ros2_ws/src/install/far_planner:/root/ros2_ws/src/install/boundary_handler:/root/ros2_ws/src/install/visibility_graph_msg:/root/ros2_ws/src/install/vehicle_simulator:/root/ros2_ws/src/install/local_planner:/root/ros2_ws/src/install/calibrate_imu:/root/ros2_ws/src/install/go2_sport_api:/root/ros2_ws/src/install/unitree_go:/root/ros2_ws/src/install/unitree_api:/root/ros2_ws/src/install/point_lio_unilidar:/root/ros2_ws/src/install/terrain_analysis_ext:/root/ros2_ws/src/install/terrain_analysis:/root/ros2_ws/src/install/teleop_rviz_plugin_plus:/root/ros2_ws/src/install/teleop_rviz_plugin:/root/ros2_ws/src/install/super_odometry:/root/ros2_ws/src/install/super_odometry_msgs:/root/ros2_ws/src/install/sensor_scan_generation:/root/ros2_ws/src/install/rviz_2d_overlay_plugins:/root/ros2_ws/src/install/livox_ros_driver2:/root/ros2_ws/src/install/goalpoint_rviz_plugin:/root/ros2_ws/src/install/go2_h264_repub:/root/ros2_ws/src/install/transform_sensors:/root/ros2_ws/src/install/ros_tcp_endpoint:/opt/ros/humble LD_LIBRARY_PATH=/root/ros2_ws/src/install/rviz_2d_overlay_msgs/lib:/root/ros2_ws/src/install/visibility_graph_msg/lib:/root/ros2_ws/src/install/go2_sport_api/lib:/root/ros2_ws/src/install/unitree_go/lib:/root/ros2_ws/src/install/unitree_api/lib:/root/ros2_ws/src/install/super_odometry/lib:/root/ros2_ws/src/install/super_odometry_msgs/lib:/root/ros2_ws/src/install/rviz_2d_overlay_plugins/lib:/root/ros2_ws/src/install/livox_ros_driver2/lib:/opt/ros/humble/opt/rviz_ogre_vendor/lib:/opt/ros/humble/lib/x86_64-linux-gnu:/opt/ros/humble/lib /usr/bin/cmake --install /root/ros2_ws/src/build/rviz_2d_overlay_plugins
[4.325s] Level 1:colcon.colcon_core.environment:create_environment_scripts_only(rviz_2d_overlay_plugins)
[4.325s] Level 1:colcon.colcon_core.environment:checking '/root/ros2_ws/src/install/rviz_2d_overlay_plugins' for CMake module files
[4.325s] Level 1:colcon.colcon_core.environment:checking '/root/ros2_ws/src/install/rviz_2d_overlay_plugins' for CMake config files
[4.326s] Level 1:colcon.colcon_core.shell:create_environment_hook('rviz_2d_overlay_plugins', 'cmake_prefix_path')
[4.326s] INFO:colcon.colcon_core.shell:Creating environment hook '/root/ros2_ws/src/install/rviz_2d_overlay_plugins/share/rviz_2d_overlay_plugins/hook/cmake_prefix_path.ps1'
[4.326s] INFO:colcon.colcon_core.shell:Creating environment descriptor '/root/ros2_ws/src/install/rviz_2d_overlay_plugins/share/rviz_2d_overlay_plugins/hook/cmake_prefix_path.dsv'
[4.326s] INFO:colcon.colcon_core.shell:Creating environment hook '/root/ros2_ws/src/install/rviz_2d_overlay_plugins/share/rviz_2d_overlay_plugins/hook/cmake_prefix_path.sh'
[4.327s] DEBUG:colcon.colcon_core.event_handler.log_command:Invoked command in '/root/ros2_ws/src/build/rviz_2d_overlay_plugins' returned '0': CMAKE_PREFIX_PATH=/root/ros2_ws/src/install/rviz_2d_overlay_msgs:/root/ros2_ws/src/install/waypoint_rviz_plugin:/root/ros2_ws/src/install/waypoint_example:/root/ros2_ws/src/install/visualization_tools:/root/ros2_ws/src/install/graph_decoder:/root/ros2_ws/src/install/far_planner:/root/ros2_ws/src/install/boundary_handler:/root/ros2_ws/src/install/visibility_graph_msg:/root/ros2_ws/src/install/vehicle_simulator:/root/ros2_ws/src/install/local_planner:/root/ros2_ws/src/install/calibrate_imu:/root/ros2_ws/src/install/go2_sport_api:/root/ros2_ws/src/install/unitree_go:/root/ros2_ws/src/install/unitree_api:/root/ros2_ws/src/install/point_lio_unilidar:/root/ros2_ws/src/install/terrain_analysis_ext:/root/ros2_ws/src/install/terrain_analysis:/root/ros2_ws/src/install/teleop_rviz_plugin_plus:/root/ros2_ws/src/install/teleop_rviz_plugin:/root/ros2_ws/src/install/super_odometry:/root/ros2_ws/src/install/super_odometry_msgs:/root/ros2_ws/src/install/sensor_scan_generation:/root/ros2_ws/src/install/rviz_2d_overlay_plugins:/root/ros2_ws/src/install/livox_ros_driver2:/root/ros2_ws/src/install/goalpoint_rviz_plugin:/root/ros2_ws/src/install/go2_h264_repub:/root/ros2_ws/src/install/transform_sensors:/root/ros2_ws/src/install/ros_tcp_endpoint:/opt/ros/humble LD_LIBRARY_PATH=/root/ros2_ws/src/install/rviz_2d_overlay_msgs/lib:/root/ros2_ws/src/install/visibility_graph_msg/lib:/root/ros2_ws/src/install/go2_sport_api/lib:/root/ros2_ws/src/install/unitree_go/lib:/root/ros2_ws/src/install/unitree_api/lib:/root/ros2_ws/src/install/super_odometry/lib:/root/ros2_ws/src/install/super_odometry_msgs/lib:/root/ros2_ws/src/install/rviz_2d_overlay_plugins/lib:/root/ros2_ws/src/install/livox_ros_driver2/lib:/opt/ros/humble/opt/rviz_ogre_vendor/lib:/opt/ros/humble/lib/x86_64-linux-gnu:/opt/ros/humble/lib /usr/bin/cmake --install /root/ros2_ws/src/build/rviz_2d_overlay_plugins
[4.327s] Level 1:colcon.colcon_core.environment:checking '/root/ros2_ws/src/install/rviz_2d_overlay_plugins/lib'
[4.327s] Level 1:colcon.colcon_core.shell:create_environment_hook('rviz_2d_overlay_plugins', 'ld_library_path_lib')
[4.328s] INFO:colcon.colcon_core.shell:Creating environment hook '/root/ros2_ws/src/install/rviz_2d_overlay_plugins/share/rviz_2d_overlay_plugins/hook/ld_library_path_lib.ps1'
[4.328s] INFO:colcon.colcon_core.shell:Creating environment descriptor '/root/ros2_ws/src/install/rviz_2d_overlay_plugins/share/rviz_2d_overlay_plugins/hook/ld_library_path_lib.dsv'
[4.328s] INFO:colcon.colcon_core.shell:Creating environment hook '/root/ros2_ws/src/install/rviz_2d_overlay_plugins/share/rviz_2d_overlay_plugins/hook/ld_library_path_lib.sh'
[4.329s] Level 1:colcon.colcon_core.environment:checking '/root/ros2_ws/src/install/rviz_2d_overlay_plugins/bin'
[4.329s] Level 1:colcon.colcon_core.environment:checking '/root/ros2_ws/src/install/rviz_2d_overlay_plugins/lib/pkgconfig/rviz_2d_overlay_plugins.pc'
[4.329s] Level 1:colcon.colcon_core.environment:checking '/root/ros2_ws/src/install/rviz_2d_overlay_plugins/lib/python3.10/site-packages'
[4.329s] Level 1:colcon.colcon_core.environment:checking '/root/ros2_ws/src/install/rviz_2d_overlay_plugins/bin'
[4.329s] INFO:colcon.colcon_core.shell:Creating package script '/root/ros2_ws/src/install/rviz_2d_overlay_plugins/share/rviz_2d_overlay_plugins/package.ps1'
[4.330s] INFO:colcon.colcon_core.shell:Creating package descriptor '/root/ros2_ws/src/install/rviz_2d_overlay_plugins/share/rviz_2d_overlay_plugins/package.dsv'
[4.330s] INFO:colcon.colcon_core.shell:Creating package script '/root/ros2_ws/src/install/rviz_2d_overlay_plugins/share/rviz_2d_overlay_plugins/package.sh'
[4.330s] INFO:colcon.colcon_core.shell:Creating package script '/root/ros2_ws/src/install/rviz_2d_overlay_plugins/share/rviz_2d_overlay_plugins/package.bash'
[4.331s] INFO:colcon.colcon_core.shell:Creating package script '/root/ros2_ws/src/install/rviz_2d_overlay_plugins/share/rviz_2d_overlay_plugins/package.zsh'
[4.337s] Level 1:colcon.colcon_core.environment:create_file_with_runtime_dependencies(/root/ros2_ws/src/install/rviz_2d_overlay_plugins/share/colcon-core/packages/rviz_2d_overlay_plugins)
[4.338s] Level 1:colcon.colcon_core.environment:create_environment_scripts_only(rviz_2d_overlay_plugins)
[4.338s] Level 1:colcon.colcon_core.environment:checking '/root/ros2_ws/src/install/rviz_2d_overlay_plugins' for CMake module files
[4.338s] Level 1:colcon.colcon_core.environment:checking '/root/ros2_ws/src/install/rviz_2d_overlay_plugins' for CMake config files
[4.338s] Level 1:colcon.colcon_core.shell:create_environment_hook('rviz_2d_overlay_plugins', 'cmake_prefix_path')
[4.339s] INFO:colcon.colcon_core.shell:Creating environment hook '/root/ros2_ws/src/install/rviz_2d_overlay_plugins/share/rviz_2d_overlay_plugins/hook/cmake_prefix_path.ps1'
[4.339s] INFO:colcon.colcon_core.shell:Creating environment descriptor '/root/ros2_ws/src/install/rviz_2d_overlay_plugins/share/rviz_2d_overlay_plugins/hook/cmake_prefix_path.dsv'
[4.339s] INFO:colcon.colcon_core.shell:Creating environment hook '/root/ros2_ws/src/install/rviz_2d_overlay_plugins/share/rviz_2d_overlay_plugins/hook/cmake_prefix_path.sh'
[4.340s] Level 1:colcon.colcon_core.environment:checking '/root/ros2_ws/src/install/rviz_2d_overlay_plugins/lib'
[4.340s] Level 1:colcon.colcon_core.shell:create_environment_hook('rviz_2d_overlay_plugins', 'ld_library_path_lib')
[4.340s] INFO:colcon.colcon_core.shell:Creating environment hook '/root/ros2_ws/src/install/rviz_2d_overlay_plugins/share/rviz_2d_overlay_plugins/hook/ld_library_path_lib.ps1'
[4.340s] INFO:colcon.colcon_core.shell:Creating environment descriptor '/root/ros2_ws/src/install/rviz_2d_overlay_plugins/share/rviz_2d_overlay_plugins/hook/ld_library_path_lib.dsv'
[4.341s] INFO:colcon.colcon_core.shell:Creating environment hook '/root/ros2_ws/src/install/rviz_2d_overlay_plugins/share/rviz_2d_overlay_plugins/hook/ld_library_path_lib.sh'
[4.344s] Level 1:colcon.colcon_core.environment:checking '/root/ros2_ws/src/install/rviz_2d_overlay_plugins/bin'
[4.344s] Level 1:colcon.colcon_core.environment:checking '/root/ros2_ws/src/install/rviz_2d_overlay_plugins/lib/pkgconfig/rviz_2d_overlay_plugins.pc'
[4.344s] Level 1:colcon.colcon_core.environment:checking '/root/ros2_ws/src/install/rviz_2d_overlay_plugins/lib/python3.10/site-packages'
[4.344s] Level 1:colcon.colcon_core.environment:checking '/root/ros2_ws/src/install/rviz_2d_overlay_plugins/bin'
[4.345s] INFO:colcon.colcon_core.shell:Creating package script '/root/ros2_ws/src/install/rviz_2d_overlay_plugins/share/rviz_2d_overlay_plugins/package.ps1'
[4.345s] INFO:colcon.colcon_core.shell:Creating package descriptor '/root/ros2_ws/src/install/rviz_2d_overlay_plugins/share/rviz_2d_overlay_plugins/package.dsv'
[4.346s] INFO:colcon.colcon_core.shell:Creating package script '/root/ros2_ws/src/install/rviz_2d_overlay_plugins/share/rviz_2d_overlay_plugins/package.sh'
[4.346s] INFO:colcon.colcon_core.shell:Creating package script '/root/ros2_ws/src/install/rviz_2d_overlay_plugins/share/rviz_2d_overlay_plugins/package.bash'
[4.346s] INFO:colcon.colcon_core.shell:Creating package script '/root/ros2_ws/src/install/rviz_2d_overlay_plugins/share/rviz_2d_overlay_plugins/package.zsh'
[4.346s] Level 1:colcon.colcon_core.environment:create_file_with_runtime_dependencies(/root/ros2_ws/src/install/rviz_2d_overlay_plugins/share/colcon-core/packages/rviz_2d_overlay_plugins)
[4.419s] DEBUG:colcon.colcon_core.event_handler.log_command:Invoked command in '/root/ros2_ws/src/build/livox_ros_driver2' returned '0': CMAKE_PREFIX_PATH=${CMAKE_PREFIX_PATH}:/root/ros2_ws/src/install/transform_sensors:/root/ros2_ws/src/install/ros_tcp_endpoint:/opt/ros/humble /usr/bin/cmake --build /root/ros2_ws/src/build/livox_ros_driver2 -- -j24 -l24
[4.419s] DEBUG:colcon.colcon_core.event_handler.log_command:Invoking command in '/root/ros2_ws/src/build/livox_ros_driver2': CMAKE_PREFIX_PATH=${CMAKE_PREFIX_PATH}:/root/ros2_ws/src/install/transform_sensors:/root/ros2_ws/src/install/ros_tcp_endpoint:/opt/ros/humble /usr/bin/cmake --install /root/ros2_ws/src/build/livox_ros_driver2
[4.473s] Level 1:colcon.colcon_core.environment:create_environment_scripts_only(livox_ros_driver2)
[4.473s] Level 1:colcon.colcon_core.environment:checking '/root/ros2_ws/src/install/livox_ros_driver2' for CMake module files
[4.474s] Level 1:colcon.colcon_core.environment:checking '/root/ros2_ws/src/install/livox_ros_driver2' for CMake config files
[4.474s] Level 1:colcon.colcon_core.shell:create_environment_hook('livox_ros_driver2', 'cmake_prefix_path')
[4.474s] INFO:colcon.colcon_core.shell:Creating environment hook '/root/ros2_ws/src/install/livox_ros_driver2/share/livox_ros_driver2/hook/cmake_prefix_path.ps1'
[4.474s] INFO:colcon.colcon_core.shell:Creating environment descriptor '/root/ros2_ws/src/install/livox_ros_driver2/share/livox_ros_driver2/hook/cmake_prefix_path.dsv'
[4.475s] INFO:colcon.colcon_core.shell:Creating environment hook '/root/ros2_ws/src/install/livox_ros_driver2/share/livox_ros_driver2/hook/cmake_prefix_path.sh'
[4.475s] DEBUG:colcon.colcon_core.event_handler.log_command:Invoked command in '/root/ros2_ws/src/build/livox_ros_driver2' returned '0': CMAKE_PREFIX_PATH=${CMAKE_PREFIX_PATH}:/root/ros2_ws/src/install/transform_sensors:/root/ros2_ws/src/install/ros_tcp_endpoint:/opt/ros/humble /usr/bin/cmake --install /root/ros2_ws/src/build/livox_ros_driver2
[4.477s] Level 1:colcon.colcon_core.environment:checking '/root/ros2_ws/src/install/livox_ros_driver2/lib'
[4.477s] Level 1:colcon.colcon_core.shell:create_environment_hook('livox_ros_driver2', 'ld_library_path_lib')
[4.477s] INFO:colcon.colcon_core.shell:Creating environment hook '/root/ros2_ws/src/install/livox_ros_driver2/share/livox_ros_driver2/hook/ld_library_path_lib.ps1'
[4.478s] INFO:colcon.colcon_core.shell:Creating environment descriptor '/root/ros2_ws/src/install/livox_ros_driver2/share/livox_ros_driver2/hook/ld_library_path_lib.dsv'
[4.478s] INFO:colcon.colcon_core.shell:Creating environment hook '/root/ros2_ws/src/install/livox_ros_driver2/share/livox_ros_driver2/hook/ld_library_path_lib.sh'
[4.478s] Level 1:colcon.colcon_core.environment:checking '/root/ros2_ws/src/install/livox_ros_driver2/bin'
[4.478s] Level 1:colcon.colcon_core.environment:checking '/root/ros2_ws/src/install/livox_ros_driver2/lib/pkgconfig/livox_ros_driver2.pc'
[4.478s] Level 1:colcon.colcon_core.environment:checking '/root/ros2_ws/src/install/livox_ros_driver2/lib/python3.10/site-packages'
[4.479s] Level 1:colcon.colcon_core.environment:checking '/root/ros2_ws/src/install/livox_ros_driver2/bin'
[4.479s] INFO:colcon.colcon_core.shell:Creating package script '/root/ros2_ws/src/install/livox_ros_driver2/share/livox_ros_driver2/package.ps1'
[4.479s] INFO:colcon.colcon_core.shell:Creating package descriptor '/root/ros2_ws/src/install/livox_ros_driver2/share/livox_ros_driver2/package.dsv'
[4.479s] INFO:colcon.colcon_core.shell:Creating package script '/root/ros2_ws/src/install/livox_ros_driver2/share/livox_ros_driver2/package.sh'
[4.480s] INFO:colcon.colcon_core.shell:Creating package script '/root/ros2_ws/src/install/livox_ros_driver2/share/livox_ros_driver2/package.bash'
[4.480s] INFO:colcon.colcon_core.shell:Creating package script '/root/ros2_ws/src/install/livox_ros_driver2/share/livox_ros_driver2/package.zsh'
[4.480s] Level 1:colcon.colcon_core.environment:create_file_with_runtime_dependencies(/root/ros2_ws/src/install/livox_ros_driver2/share/colcon-core/packages/livox_ros_driver2)
[4.480s] Level 1:colcon.colcon_core.environment:create_environment_scripts_only(livox_ros_driver2)
[4.481s] Level 1:colcon.colcon_core.environment:checking '/root/ros2_ws/src/install/livox_ros_driver2' for CMake module files
[4.485s] Level 1:colcon.colcon_core.environment:checking '/root/ros2_ws/src/install/livox_ros_driver2' for CMake config files
[4.485s] Level 1:colcon.colcon_core.shell:create_environment_hook('livox_ros_driver2', 'cmake_prefix_path')
[4.486s] INFO:colcon.colcon_core.shell:Creating environment hook '/root/ros2_ws/src/install/livox_ros_driver2/share/livox_ros_driver2/hook/cmake_prefix_path.ps1'
[4.486s] INFO:colcon.colcon_core.shell:Creating environment descriptor '/root/ros2_ws/src/install/livox_ros_driver2/share/livox_ros_driver2/hook/cmake_prefix_path.dsv'
[4.486s] INFO:colcon.colcon_core.shell:Creating environment hook '/root/ros2_ws/src/install/livox_ros_driver2/share/livox_ros_driver2/hook/cmake_prefix_path.sh'
[4.487s] Level 1:colcon.colcon_core.environment:checking '/root/ros2_ws/src/install/livox_ros_driver2/lib'
[4.487s] Level 1:colcon.colcon_core.shell:create_environment_hook('livox_ros_driver2', 'ld_library_path_lib')
[4.487s] INFO:colcon.colcon_core.shell:Creating environment hook '/root/ros2_ws/src/install/livox_ros_driver2/share/livox_ros_driver2/hook/ld_library_path_lib.ps1'
[4.487s] INFO:colcon.colcon_core.shell:Creating environment descriptor '/root/ros2_ws/src/install/livox_ros_driver2/share/livox_ros_driver2/hook/ld_library_path_lib.dsv'
[4.487s] INFO:colcon.colcon_core.shell:Creating environment hook '/root/ros2_ws/src/install/livox_ros_driver2/share/livox_ros_driver2/hook/ld_library_path_lib.sh'
[4.487s] Level 1:colcon.colcon_core.environment:checking '/root/ros2_ws/src/install/livox_ros_driver2/bin'
[4.487s] Level 1:colcon.colcon_core.environment:checking '/root/ros2_ws/src/install/livox_ros_driver2/lib/pkgconfig/livox_ros_driver2.pc'
[4.488s] Level 1:colcon.colcon_core.environment:checking '/root/ros2_ws/src/install/livox_ros_driver2/lib/python3.10/site-packages'
[4.488s] Level 1:colcon.colcon_core.environment:checking '/root/ros2_ws/src/install/livox_ros_driver2/bin'
[4.488s] INFO:colcon.colcon_core.shell:Creating package script '/root/ros2_ws/src/install/livox_ros_driver2/share/livox_ros_driver2/package.ps1'
[4.488s] INFO:colcon.colcon_core.shell:Creating package descriptor '/root/ros2_ws/src/install/livox_ros_driver2/share/livox_ros_driver2/package.dsv'
[4.489s] INFO:colcon.colcon_core.shell:Creating package script '/root/ros2_ws/src/install/livox_ros_driver2/share/livox_ros_driver2/package.sh'
[4.493s] INFO:colcon.colcon_core.shell:Creating package script '/root/ros2_ws/src/install/livox_ros_driver2/share/livox_ros_driver2/package.bash'
[4.494s] INFO:colcon.colcon_core.shell:Creating package script '/root/ros2_ws/src/install/livox_ros_driver2/share/livox_ros_driver2/package.zsh'
[4.494s] Level 1:colcon.colcon_core.environment:create_file_with_runtime_dependencies(/root/ros2_ws/src/install/livox_ros_driver2/share/colcon-core/packages/livox_ros_driver2)
[4.494s] INFO:colcon.colcon_ros.task.ament_cmake.build:Building ROS package in '/root/ros2_ws/src/slam/SuperOdom/super_odometry' with build type 'ament_cmake'
[4.494s] INFO:colcon.colcon_cmake.task.cmake.build:Building CMake package in '/root/ros2_ws/src/slam/SuperOdom/super_odometry'
[4.494s] INFO:colcon.colcon_core.shell:Skip shell extension 'powershell' for command environment: Not usable outside of PowerShell
[4.494s] DEBUG:colcon.colcon_core.shell:Skip shell extension 'dsv' for command environment
[4.506s] DEBUG:colcon.colcon_core.event_handler.log_command:Invoking command in '/root/ros2_ws/src/build/super_odometry': CMAKE_PREFIX_PATH=/root/ros2_ws/src/install/super_odometry_msgs:/root/ros2_ws/src/install/livox_ros_driver2:/root/ros2_ws/src/install/waypoint_rviz_plugin:/root/ros2_ws/src/install/waypoint_example:/root/ros2_ws/src/install/visualization_tools:/root/ros2_ws/src/install/graph_decoder:/root/ros2_ws/src/install/far_planner:/root/ros2_ws/src/install/boundary_handler:/root/ros2_ws/src/install/visibility_graph_msg:/root/ros2_ws/src/install/vehicle_simulator:/root/ros2_ws/src/install/local_planner:/root/ros2_ws/src/install/calibrate_imu:/root/ros2_ws/src/install/go2_sport_api:/root/ros2_ws/src/install/unitree_go:/root/ros2_ws/src/install/unitree_api:/root/ros2_ws/src/install/point_lio_unilidar:/root/ros2_ws/src/install/terrain_analysis_ext:/root/ros2_ws/src/install/terrain_analysis:/root/ros2_ws/src/install/teleop_rviz_plugin_plus:/root/ros2_ws/src/install/teleop_rviz_plugin:/root/ros2_ws/src/install/super_odometry:/root/ros2_ws/src/install/sensor_scan_generation:/root/ros2_ws/src/install/rviz_2d_overlay_plugins:/root/ros2_ws/src/install/rviz_2d_overlay_msgs:/root/ros2_ws/src/install/goalpoint_rviz_plugin:/root/ros2_ws/src/install/go2_h264_repub:/root/ros2_ws/src/install/transform_sensors:/root/ros2_ws/src/install/ros_tcp_endpoint:/opt/ros/humble LD_LIBRARY_PATH=/root/ros2_ws/src/install/super_odometry_msgs/lib:/root/ros2_ws/src/install/livox_ros_driver2/lib:/root/ros2_ws/src/install/visibility_graph_msg/lib:/root/ros2_ws/src/install/go2_sport_api/lib:/root/ros2_ws/src/install/unitree_go/lib:/root/ros2_ws/src/install/unitree_api/lib:/root/ros2_ws/src/install/super_odometry/lib:/root/ros2_ws/src/install/rviz_2d_overlay_plugins/lib:/root/ros2_ws/src/install/rviz_2d_overlay_msgs/lib:/opt/ros/humble/opt/rviz_ogre_vendor/lib:/opt/ros/humble/lib/x86_64-linux-gnu:/opt/ros/humble/lib /usr/bin/cmake /root/ros2_ws/src/slam/SuperOdom/super_odometry -DCMAKE_INSTALL_PREFIX=/root/ros2_ws/src/install/super_odometry
[4.670s] DEBUG:colcon.colcon_core.event_handler.log_command:Invoked command in '/root/ros2_ws/src/build/calibrate_imu' returned '0': CMAKE_PREFIX_PATH=/root/ros2_ws/src/install/go2_sport_api:/root/ros2_ws/src/install/unitree_go:/root/ros2_ws/src/install/unitree_api:/root/ros2_ws/src/install/waypoint_rviz_plugin:/root/ros2_ws/src/install/waypoint_example:/root/ros2_ws/src/install/visualization_tools:/root/ros2_ws/src/install/graph_decoder:/root/ros2_ws/src/install/far_planner:/root/ros2_ws/src/install/boundary_handler:/root/ros2_ws/src/install/visibility_graph_msg:/root/ros2_ws/src/install/vehicle_simulator:/root/ros2_ws/src/install/local_planner:/root/ros2_ws/src/install/calibrate_imu:/root/ros2_ws/src/install/point_lio_unilidar:/root/ros2_ws/src/install/terrain_analysis_ext:/root/ros2_ws/src/install/terrain_analysis:/root/ros2_ws/src/install/teleop_rviz_plugin_plus:/root/ros2_ws/src/install/teleop_rviz_plugin:/root/ros2_ws/src/install/super_odometry:/root/ros2_ws/src/install/super_odometry_msgs:/root/ros2_ws/src/install/sensor_scan_generation:/root/ros2_ws/src/install/rviz_2d_overlay_plugins:/root/ros2_ws/src/install/rviz_2d_overlay_msgs:/root/ros2_ws/src/install/livox_ros_driver2:/root/ros2_ws/src/install/goalpoint_rviz_plugin:/root/ros2_ws/src/install/go2_h264_repub:/root/ros2_ws/src/install/transform_sensors:/root/ros2_ws/src/install/ros_tcp_endpoint:/opt/ros/humble LD_LIBRARY_PATH=/root/ros2_ws/src/install/go2_sport_api/lib:/root/ros2_ws/src/install/unitree_go/lib:/root/ros2_ws/src/install/unitree_api/lib:/root/ros2_ws/src/install/visibility_graph_msg/lib:/root/ros2_ws/src/install/super_odometry/lib:/root/ros2_ws/src/install/super_odometry_msgs/lib:/root/ros2_ws/src/install/rviz_2d_overlay_plugins/lib:/root/ros2_ws/src/install/rviz_2d_overlay_msgs/lib:/root/ros2_ws/src/install/livox_ros_driver2/lib:/opt/ros/humble/opt/rviz_ogre_vendor/lib:/opt/ros/humble/lib/x86_64-linux-gnu:/opt/ros/humble/lib /usr/bin/cmake /root/ros2_ws/src/utilities/calibrate_imu -DCMAKE_INSTALL_PREFIX=/root/ros2_ws/src/install/calibrate_imu
[4.671s] DEBUG:colcon.colcon_core.event_handler.log_command:Invoking command in '/root/ros2_ws/src/build/calibrate_imu': CMAKE_PREFIX_PATH=/root/ros2_ws/src/install/go2_sport_api:/root/ros2_ws/src/install/unitree_go:/root/ros2_ws/src/install/unitree_api:/root/ros2_ws/src/install/waypoint_rviz_plugin:/root/ros2_ws/src/install/waypoint_example:/root/ros2_ws/src/install/visualization_tools:/root/ros2_ws/src/install/graph_decoder:/root/ros2_ws/src/install/far_planner:/root/ros2_ws/src/install/boundary_handler:/root/ros2_ws/src/install/visibility_graph_msg:/root/ros2_ws/src/install/vehicle_simulator:/root/ros2_ws/src/install/local_planner:/root/ros2_ws/src/install/calibrate_imu:/root/ros2_ws/src/install/point_lio_unilidar:/root/ros2_ws/src/install/terrain_analysis_ext:/root/ros2_ws/src/install/terrain_analysis:/root/ros2_ws/src/install/teleop_rviz_plugin_plus:/root/ros2_ws/src/install/teleop_rviz_plugin:/root/ros2_ws/src/install/super_odometry:/root/ros2_ws/src/install/super_odometry_msgs:/root/ros2_ws/src/install/sensor_scan_generation:/root/ros2_ws/src/install/rviz_2d_overlay_plugins:/root/ros2_ws/src/install/rviz_2d_overlay_msgs:/root/ros2_ws/src/install/livox_ros_driver2:/root/ros2_ws/src/install/goalpoint_rviz_plugin:/root/ros2_ws/src/install/go2_h264_repub:/root/ros2_ws/src/install/transform_sensors:/root/ros2_ws/src/install/ros_tcp_endpoint:/opt/ros/humble LD_LIBRARY_PATH=/root/ros2_ws/src/install/go2_sport_api/lib:/root/ros2_ws/src/install/unitree_go/lib:/root/ros2_ws/src/install/unitree_api/lib:/root/ros2_ws/src/install/visibility_graph_msg/lib:/root/ros2_ws/src/install/super_odometry/lib:/root/ros2_ws/src/install/super_odometry_msgs/lib:/root/ros2_ws/src/install/rviz_2d_overlay_plugins/lib:/root/ros2_ws/src/install/rviz_2d_overlay_msgs/lib:/root/ros2_ws/src/install/livox_ros_driver2/lib:/opt/ros/humble/opt/rviz_ogre_vendor/lib:/opt/ros/humble/lib/x86_64-linux-gnu:/opt/ros/humble/lib /usr/bin/cmake --build /root/ros2_ws/src/build/calibrate_imu -- -j24 -l24
[4.727s] DEBUG:colcon.colcon_core.event_handler.log_command:Invoked command in '/root/ros2_ws/src/build/calibrate_imu' returned '0': CMAKE_PREFIX_PATH=/root/ros2_ws/src/install/go2_sport_api:/root/ros2_ws/src/install/unitree_go:/root/ros2_ws/src/install/unitree_api:/root/ros2_ws/src/install/waypoint_rviz_plugin:/root/ros2_ws/src/install/waypoint_example:/root/ros2_ws/src/install/visualization_tools:/root/ros2_ws/src/install/graph_decoder:/root/ros2_ws/src/install/far_planner:/root/ros2_ws/src/install/boundary_handler:/root/ros2_ws/src/install/visibility_graph_msg:/root/ros2_ws/src/install/vehicle_simulator:/root/ros2_ws/src/install/local_planner:/root/ros2_ws/src/install/calibrate_imu:/root/ros2_ws/src/install/point_lio_unilidar:/root/ros2_ws/src/install/terrain_analysis_ext:/root/ros2_ws/src/install/terrain_analysis:/root/ros2_ws/src/install/teleop_rviz_plugin_plus:/root/ros2_ws/src/install/teleop_rviz_plugin:/root/ros2_ws/src/install/super_odometry:/root/ros2_ws/src/install/super_odometry_msgs:/root/ros2_ws/src/install/sensor_scan_generation:/root/ros2_ws/src/install/rviz_2d_overlay_plugins:/root/ros2_ws/src/install/rviz_2d_overlay_msgs:/root/ros2_ws/src/install/livox_ros_driver2:/root/ros2_ws/src/install/goalpoint_rviz_plugin:/root/ros2_ws/src/install/go2_h264_repub:/root/ros2_ws/src/install/transform_sensors:/root/ros2_ws/src/install/ros_tcp_endpoint:/opt/ros/humble LD_LIBRARY_PATH=/root/ros2_ws/src/install/go2_sport_api/lib:/root/ros2_ws/src/install/unitree_go/lib:/root/ros2_ws/src/install/unitree_api/lib:/root/ros2_ws/src/install/visibility_graph_msg/lib:/root/ros2_ws/src/install/super_odometry/lib:/root/ros2_ws/src/install/super_odometry_msgs/lib:/root/ros2_ws/src/install/rviz_2d_overlay_plugins/lib:/root/ros2_ws/src/install/rviz_2d_overlay_msgs/lib:/root/ros2_ws/src/install/livox_ros_driver2/lib:/opt/ros/humble/opt/rviz_ogre_vendor/lib:/opt/ros/humble/lib/x86_64-linux-gnu:/opt/ros/humble/lib /usr/bin/cmake --build /root/ros2_ws/src/build/calibrate_imu -- -j24 -l24
[4.728s] DEBUG:colcon.colcon_core.event_handler.log_command:Invoking command in '/root/ros2_ws/src/build/calibrate_imu': CMAKE_PREFIX_PATH=/root/ros2_ws/src/install/go2_sport_api:/root/ros2_ws/src/install/unitree_go:/root/ros2_ws/src/install/unitree_api:/root/ros2_ws/src/install/waypoint_rviz_plugin:/root/ros2_ws/src/install/waypoint_example:/root/ros2_ws/src/install/visualization_tools:/root/ros2_ws/src/install/graph_decoder:/root/ros2_ws/src/install/far_planner:/root/ros2_ws/src/install/boundary_handler:/root/ros2_ws/src/install/visibility_graph_msg:/root/ros2_ws/src/install/vehicle_simulator:/root/ros2_ws/src/install/local_planner:/root/ros2_ws/src/install/calibrate_imu:/root/ros2_ws/src/install/point_lio_unilidar:/root/ros2_ws/src/install/terrain_analysis_ext:/root/ros2_ws/src/install/terrain_analysis:/root/ros2_ws/src/install/teleop_rviz_plugin_plus:/root/ros2_ws/src/install/teleop_rviz_plugin:/root/ros2_ws/src/install/super_odometry:/root/ros2_ws/src/install/super_odometry_msgs:/root/ros2_ws/src/install/sensor_scan_generation:/root/ros2_ws/src/install/rviz_2d_overlay_plugins:/root/ros2_ws/src/install/rviz_2d_overlay_msgs:/root/ros2_ws/src/install/livox_ros_driver2:/root/ros2_ws/src/install/goalpoint_rviz_plugin:/root/ros2_ws/src/install/go2_h264_repub:/root/ros2_ws/src/install/transform_sensors:/root/ros2_ws/src/install/ros_tcp_endpoint:/opt/ros/humble LD_LIBRARY_PATH=/root/ros2_ws/src/install/go2_sport_api/lib:/root/ros2_ws/src/install/unitree_go/lib:/root/ros2_ws/src/install/unitree_api/lib:/root/ros2_ws/src/install/visibility_graph_msg/lib:/root/ros2_ws/src/install/super_odometry/lib:/root/ros2_ws/src/install/super_odometry_msgs/lib:/root/ros2_ws/src/install/rviz_2d_overlay_plugins/lib:/root/ros2_ws/src/install/rviz_2d_overlay_msgs/lib:/root/ros2_ws/src/install/livox_ros_driver2/lib:/opt/ros/humble/opt/rviz_ogre_vendor/lib:/opt/ros/humble/lib/x86_64-linux-gnu:/opt/ros/humble/lib /usr/bin/cmake --install /root/ros2_ws/src/build/calibrate_imu
[4.741s] Level 1:colcon.colcon_core.environment:create_environment_scripts_only(calibrate_imu)
[4.742s] Level 1:colcon.colcon_core.environment:checking '/root/ros2_ws/src/install/calibrate_imu' for CMake module files
[4.742s] DEBUG:colcon.colcon_core.event_handler.log_command:Invoked command in '/root/ros2_ws/src/build/calibrate_imu' returned '0': CMAKE_PREFIX_PATH=/root/ros2_ws/src/install/go2_sport_api:/root/ros2_ws/src/install/unitree_go:/root/ros2_ws/src/install/unitree_api:/root/ros2_ws/src/install/waypoint_rviz_plugin:/root/ros2_ws/src/install/waypoint_example:/root/ros2_ws/src/install/visualization_tools:/root/ros2_ws/src/install/graph_decoder:/root/ros2_ws/src/install/far_planner:/root/ros2_ws/src/install/boundary_handler:/root/ros2_ws/src/install/visibility_graph_msg:/root/ros2_ws/src/install/vehicle_simulator:/root/ros2_ws/src/install/local_planner:/root/ros2_ws/src/install/calibrate_imu:/root/ros2_ws/src/install/point_lio_unilidar:/root/ros2_ws/src/install/terrain_analysis_ext:/root/ros2_ws/src/install/terrain_analysis:/root/ros2_ws/src/install/teleop_rviz_plugin_plus:/root/ros2_ws/src/install/teleop_rviz_plugin:/root/ros2_ws/src/install/super_odometry:/root/ros2_ws/src/install/super_odometry_msgs:/root/ros2_ws/src/install/sensor_scan_generation:/root/ros2_ws/src/install/rviz_2d_overlay_plugins:/root/ros2_ws/src/install/rviz_2d_overlay_msgs:/root/ros2_ws/src/install/livox_ros_driver2:/root/ros2_ws/src/install/goalpoint_rviz_plugin:/root/ros2_ws/src/install/go2_h264_repub:/root/ros2_ws/src/install/transform_sensors:/root/ros2_ws/src/install/ros_tcp_endpoint:/opt/ros/humble LD_LIBRARY_PATH=/root/ros2_ws/src/install/go2_sport_api/lib:/root/ros2_ws/src/install/unitree_go/lib:/root/ros2_ws/src/install/unitree_api/lib:/root/ros2_ws/src/install/visibility_graph_msg/lib:/root/ros2_ws/src/install/super_odometry/lib:/root/ros2_ws/src/install/super_odometry_msgs/lib:/root/ros2_ws/src/install/rviz_2d_overlay_plugins/lib:/root/ros2_ws/src/install/rviz_2d_overlay_msgs/lib:/root/ros2_ws/src/install/livox_ros_driver2/lib:/opt/ros/humble/opt/rviz_ogre_vendor/lib:/opt/ros/humble/lib/x86_64-linux-gnu:/opt/ros/humble/lib /usr/bin/cmake --install /root/ros2_ws/src/build/calibrate_imu
[4.742s] Level 1:colcon.colcon_core.environment:checking '/root/ros2_ws/src/install/calibrate_imu' for CMake config files
[4.742s] Level 1:colcon.colcon_core.shell:create_environment_hook('calibrate_imu', 'cmake_prefix_path')
[4.742s] INFO:colcon.colcon_core.shell:Creating environment hook '/root/ros2_ws/src/install/calibrate_imu/share/calibrate_imu/hook/cmake_prefix_path.ps1'
[4.743s] INFO:colcon.colcon_core.shell:Creating environment descriptor '/root/ros2_ws/src/install/calibrate_imu/share/calibrate_imu/hook/cmake_prefix_path.dsv'
[4.743s] INFO:colcon.colcon_core.shell:Creating environment hook '/root/ros2_ws/src/install/calibrate_imu/share/calibrate_imu/hook/cmake_prefix_path.sh'
[4.743s] Level 1:colcon.colcon_core.environment:checking '/root/ros2_ws/src/install/calibrate_imu/lib'
[4.744s] Level 1:colcon.colcon_core.environment:checking '/root/ros2_ws/src/install/calibrate_imu/bin'
[4.744s] Level 1:colcon.colcon_core.environment:checking '/root/ros2_ws/src/install/calibrate_imu/lib/pkgconfig/calibrate_imu.pc'
[4.744s] Level 1:colcon.colcon_core.environment:checking '/root/ros2_ws/src/install/calibrate_imu/lib/python3.10/site-packages'
[4.744s] Level 1:colcon.colcon_core.environment:checking '/root/ros2_ws/src/install/calibrate_imu/bin'
[4.744s] INFO:colcon.colcon_core.shell:Creating package script '/root/ros2_ws/src/install/calibrate_imu/share/calibrate_imu/package.ps1'
[4.745s] INFO:colcon.colcon_core.shell:Creating package descriptor '/root/ros2_ws/src/install/calibrate_imu/share/calibrate_imu/package.dsv'
[4.745s] INFO:colcon.colcon_core.shell:Creating package script '/root/ros2_ws/src/install/calibrate_imu/share/calibrate_imu/package.sh'
[4.745s] INFO:colcon.colcon_core.shell:Creating package script '/root/ros2_ws/src/install/calibrate_imu/share/calibrate_imu/package.bash'
[4.745s] INFO:colcon.colcon_core.shell:Creating package script '/root/ros2_ws/src/install/calibrate_imu/share/calibrate_imu/package.zsh'
[4.746s] Level 1:colcon.colcon_core.environment:create_file_with_runtime_dependencies(/root/ros2_ws/src/install/calibrate_imu/share/colcon-core/packages/calibrate_imu)
[4.746s] Level 1:colcon.colcon_core.environment:create_environment_scripts_only(calibrate_imu)
[4.746s] Level 1:colcon.colcon_core.environment:checking '/root/ros2_ws/src/install/calibrate_imu' for CMake module files
[4.746s] Level 1:colcon.colcon_core.environment:checking '/root/ros2_ws/src/install/calibrate_imu' for CMake config files
[4.746s] Level 1:colcon.colcon_core.shell:create_environment_hook('calibrate_imu', 'cmake_prefix_path')
[4.747s] INFO:colcon.colcon_core.shell:Creating environment hook '/root/ros2_ws/src/install/calibrate_imu/share/calibrate_imu/hook/cmake_prefix_path.ps1'
[4.747s] INFO:colcon.colcon_core.shell:Creating environment descriptor '/root/ros2_ws/src/install/calibrate_imu/share/calibrate_imu/hook/cmake_prefix_path.dsv'
[4.747s] INFO:colcon.colcon_core.shell:Creating environment hook '/root/ros2_ws/src/install/calibrate_imu/share/calibrate_imu/hook/cmake_prefix_path.sh'
[4.747s] Level 1:colcon.colcon_core.environment:checking '/root/ros2_ws/src/install/calibrate_imu/lib'
[4.747s] Level 1:colcon.colcon_core.environment:checking '/root/ros2_ws/src/install/calibrate_imu/bin'
[4.747s] Level 1:colcon.colcon_core.environment:checking '/root/ros2_ws/src/install/calibrate_imu/lib/pkgconfig/calibrate_imu.pc'
[4.748s] Level 1:colcon.colcon_core.environment:checking '/root/ros2_ws/src/install/calibrate_imu/lib/python3.10/site-packages'
[4.748s] Level 1:colcon.colcon_core.environment:checking '/root/ros2_ws/src/install/calibrate_imu/bin'
[4.748s] INFO:colcon.colcon_core.shell:Creating package script '/root/ros2_ws/src/install/calibrate_imu/share/calibrate_imu/package.ps1'
[4.749s] INFO:colcon.colcon_core.shell:Creating package descriptor '/root/ros2_ws/src/install/calibrate_imu/share/calibrate_imu/package.dsv'
[4.749s] INFO:colcon.colcon_core.shell:Creating package script '/root/ros2_ws/src/install/calibrate_imu/share/calibrate_imu/package.sh'
[4.749s] INFO:colcon.colcon_core.shell:Creating package script '/root/ros2_ws/src/install/calibrate_imu/share/calibrate_imu/package.bash'
[4.749s] INFO:colcon.colcon_core.shell:Creating package script '/root/ros2_ws/src/install/calibrate_imu/share/calibrate_imu/package.zsh'
[4.750s] Level 1:colcon.colcon_core.environment:create_file_with_runtime_dependencies(/root/ros2_ws/src/install/calibrate_imu/share/colcon-core/packages/calibrate_imu)
[4.751s] DEBUG:colcon.colcon_core.event_handler.log_command:Invoked command in '/root/ros2_ws/src/build/boundary_handler' returned '0': CMAKE_PREFIX_PATH=/root/ros2_ws/src/install/visibility_graph_msg:/root/ros2_ws/src/install/waypoint_rviz_plugin:/root/ros2_ws/src/install/waypoint_example:/root/ros2_ws/src/install/visualization_tools:/root/ros2_ws/src/install/graph_decoder:/root/ros2_ws/src/install/far_planner:/root/ros2_ws/src/install/boundary_handler:/root/ros2_ws/src/install/vehicle_simulator:/root/ros2_ws/src/install/local_planner:/root/ros2_ws/src/install/calibrate_imu:/root/ros2_ws/src/install/go2_sport_api:/root/ros2_ws/src/install/unitree_go:/root/ros2_ws/src/install/unitree_api:/root/ros2_ws/src/install/point_lio_unilidar:/root/ros2_ws/src/install/terrain_analysis_ext:/root/ros2_ws/src/install/terrain_analysis:/root/ros2_ws/src/install/teleop_rviz_plugin_plus:/root/ros2_ws/src/install/teleop_rviz_plugin:/root/ros2_ws/src/install/super_odometry:/root/ros2_ws/src/install/super_odometry_msgs:/root/ros2_ws/src/install/sensor_scan_generation:/root/ros2_ws/src/install/rviz_2d_overlay_plugins:/root/ros2_ws/src/install/rviz_2d_overlay_msgs:/root/ros2_ws/src/install/livox_ros_driver2:/root/ros2_ws/src/install/goalpoint_rviz_plugin:/root/ros2_ws/src/install/go2_h264_repub:/root/ros2_ws/src/install/transform_sensors:/root/ros2_ws/src/install/ros_tcp_endpoint:/opt/ros/humble /usr/bin/cmake /root/ros2_ws/src/route_planner/boundary_handler -DCMAKE_INSTALL_PREFIX=/root/ros2_ws/src/install/boundary_handler
[4.752s] DEBUG:colcon.colcon_core.event_handler.log_command:Invoking command in '/root/ros2_ws/src/build/boundary_handler': CMAKE_PREFIX_PATH=/root/ros2_ws/src/install/visibility_graph_msg:/root/ros2_ws/src/install/waypoint_rviz_plugin:/root/ros2_ws/src/install/waypoint_example:/root/ros2_ws/src/install/visualization_tools:/root/ros2_ws/src/install/graph_decoder:/root/ros2_ws/src/install/far_planner:/root/ros2_ws/src/install/boundary_handler:/root/ros2_ws/src/install/vehicle_simulator:/root/ros2_ws/src/install/local_planner:/root/ros2_ws/src/install/calibrate_imu:/root/ros2_ws/src/install/go2_sport_api:/root/ros2_ws/src/install/unitree_go:/root/ros2_ws/src/install/unitree_api:/root/ros2_ws/src/install/point_lio_unilidar:/root/ros2_ws/src/install/terrain_analysis_ext:/root/ros2_ws/src/install/terrain_analysis:/root/ros2_ws/src/install/teleop_rviz_plugin_plus:/root/ros2_ws/src/install/teleop_rviz_plugin:/root/ros2_ws/src/install/super_odometry:/root/ros2_ws/src/install/super_odometry_msgs:/root/ros2_ws/src/install/sensor_scan_generation:/root/ros2_ws/src/install/rviz_2d_overlay_plugins:/root/ros2_ws/src/install/rviz_2d_overlay_msgs:/root/ros2_ws/src/install/livox_ros_driver2:/root/ros2_ws/src/install/goalpoint_rviz_plugin:/root/ros2_ws/src/install/go2_h264_repub:/root/ros2_ws/src/install/transform_sensors:/root/ros2_ws/src/install/ros_tcp_endpoint:/opt/ros/humble /usr/bin/cmake --build /root/ros2_ws/src/build/boundary_handler -- -j24 -l24
[4.815s] DEBUG:colcon.colcon_core.event_handler.log_command:Invoked command in '/root/ros2_ws/src/build/boundary_handler' returned '0': CMAKE_PREFIX_PATH=/root/ros2_ws/src/install/visibility_graph_msg:/root/ros2_ws/src/install/waypoint_rviz_plugin:/root/ros2_ws/src/install/waypoint_example:/root/ros2_ws/src/install/visualization_tools:/root/ros2_ws/src/install/graph_decoder:/root/ros2_ws/src/install/far_planner:/root/ros2_ws/src/install/boundary_handler:/root/ros2_ws/src/install/vehicle_simulator:/root/ros2_ws/src/install/local_planner:/root/ros2_ws/src/install/calibrate_imu:/root/ros2_ws/src/install/go2_sport_api:/root/ros2_ws/src/install/unitree_go:/root/ros2_ws/src/install/unitree_api:/root/ros2_ws/src/install/point_lio_unilidar:/root/ros2_ws/src/install/terrain_analysis_ext:/root/ros2_ws/src/install/terrain_analysis:/root/ros2_ws/src/install/teleop_rviz_plugin_plus:/root/ros2_ws/src/install/teleop_rviz_plugin:/root/ros2_ws/src/install/super_odometry:/root/ros2_ws/src/install/super_odometry_msgs:/root/ros2_ws/src/install/sensor_scan_generation:/root/ros2_ws/src/install/rviz_2d_overlay_plugins:/root/ros2_ws/src/install/rviz_2d_overlay_msgs:/root/ros2_ws/src/install/livox_ros_driver2:/root/ros2_ws/src/install/goalpoint_rviz_plugin:/root/ros2_ws/src/install/go2_h264_repub:/root/ros2_ws/src/install/transform_sensors:/root/ros2_ws/src/install/ros_tcp_endpoint:/opt/ros/humble /usr/bin/cmake --build /root/ros2_ws/src/build/boundary_handler -- -j24 -l24
[4.817s] DEBUG:colcon.colcon_core.event_handler.log_command:Invoking command in '/root/ros2_ws/src/build/boundary_handler': CMAKE_PREFIX_PATH=/root/ros2_ws/src/install/visibility_graph_msg:/root/ros2_ws/src/install/waypoint_rviz_plugin:/root/ros2_ws/src/install/waypoint_example:/root/ros2_ws/src/install/visualization_tools:/root/ros2_ws/src/install/graph_decoder:/root/ros2_ws/src/install/far_planner:/root/ros2_ws/src/install/boundary_handler:/root/ros2_ws/src/install/vehicle_simulator:/root/ros2_ws/src/install/local_planner:/root/ros2_ws/src/install/calibrate_imu:/root/ros2_ws/src/install/go2_sport_api:/root/ros2_ws/src/install/unitree_go:/root/ros2_ws/src/install/unitree_api:/root/ros2_ws/src/install/point_lio_unilidar:/root/ros2_ws/src/install/terrain_analysis_ext:/root/ros2_ws/src/install/terrain_analysis:/root/ros2_ws/src/install/teleop_rviz_plugin_plus:/root/ros2_ws/src/install/teleop_rviz_plugin:/root/ros2_ws/src/install/super_odometry:/root/ros2_ws/src/install/super_odometry_msgs:/root/ros2_ws/src/install/sensor_scan_generation:/root/ros2_ws/src/install/rviz_2d_overlay_plugins:/root/ros2_ws/src/install/rviz_2d_overlay_msgs:/root/ros2_ws/src/install/livox_ros_driver2:/root/ros2_ws/src/install/goalpoint_rviz_plugin:/root/ros2_ws/src/install/go2_h264_repub:/root/ros2_ws/src/install/transform_sensors:/root/ros2_ws/src/install/ros_tcp_endpoint:/opt/ros/humble /usr/bin/cmake --install /root/ros2_ws/src/build/boundary_handler
[4.822s] DEBUG:colcon.colcon_core.event_handler.log_command:Invoked command in '/root/ros2_ws/src/build/graph_decoder' returned '0': CMAKE_PREFIX_PATH=/root/ros2_ws/src/install/visibility_graph_msg:/root/ros2_ws/src/install/waypoint_rviz_plugin:/root/ros2_ws/src/install/waypoint_example:/root/ros2_ws/src/install/visualization_tools:/root/ros2_ws/src/install/graph_decoder:/root/ros2_ws/src/install/far_planner:/root/ros2_ws/src/install/boundary_handler:/root/ros2_ws/src/install/vehicle_simulator:/root/ros2_ws/src/install/local_planner:/root/ros2_ws/src/install/calibrate_imu:/root/ros2_ws/src/install/go2_sport_api:/root/ros2_ws/src/install/unitree_go:/root/ros2_ws/src/install/unitree_api:/root/ros2_ws/src/install/point_lio_unilidar:/root/ros2_ws/src/install/terrain_analysis_ext:/root/ros2_ws/src/install/terrain_analysis:/root/ros2_ws/src/install/teleop_rviz_plugin_plus:/root/ros2_ws/src/install/teleop_rviz_plugin:/root/ros2_ws/src/install/super_odometry:/root/ros2_ws/src/install/super_odometry_msgs:/root/ros2_ws/src/install/sensor_scan_generation:/root/ros2_ws/src/install/rviz_2d_overlay_plugins:/root/ros2_ws/src/install/rviz_2d_overlay_msgs:/root/ros2_ws/src/install/livox_ros_driver2:/root/ros2_ws/src/install/goalpoint_rviz_plugin:/root/ros2_ws/src/install/go2_h264_repub:/root/ros2_ws/src/install/transform_sensors:/root/ros2_ws/src/install/ros_tcp_endpoint:/opt/ros/humble /usr/bin/cmake /root/ros2_ws/src/route_planner/graph_decoder -DCMAKE_INSTALL_PREFIX=/root/ros2_ws/src/install/graph_decoder
[4.824s] DEBUG:colcon.colcon_core.event_handler.log_command:Invoking command in '/root/ros2_ws/src/build/graph_decoder': CMAKE_PREFIX_PATH=/root/ros2_ws/src/install/visibility_graph_msg:/root/ros2_ws/src/install/waypoint_rviz_plugin:/root/ros2_ws/src/install/waypoint_example:/root/ros2_ws/src/install/visualization_tools:/root/ros2_ws/src/install/graph_decoder:/root/ros2_ws/src/install/far_planner:/root/ros2_ws/src/install/boundary_handler:/root/ros2_ws/src/install/vehicle_simulator:/root/ros2_ws/src/install/local_planner:/root/ros2_ws/src/install/calibrate_imu:/root/ros2_ws/src/install/go2_sport_api:/root/ros2_ws/src/install/unitree_go:/root/ros2_ws/src/install/unitree_api:/root/ros2_ws/src/install/point_lio_unilidar:/root/ros2_ws/src/install/terrain_analysis_ext:/root/ros2_ws/src/install/terrain_analysis:/root/ros2_ws/src/install/teleop_rviz_plugin_plus:/root/ros2_ws/src/install/teleop_rviz_plugin:/root/ros2_ws/src/install/super_odometry:/root/ros2_ws/src/install/super_odometry_msgs:/root/ros2_ws/src/install/sensor_scan_generation:/root/ros2_ws/src/install/rviz_2d_overlay_plugins:/root/ros2_ws/src/install/rviz_2d_overlay_msgs:/root/ros2_ws/src/install/livox_ros_driver2:/root/ros2_ws/src/install/goalpoint_rviz_plugin:/root/ros2_ws/src/install/go2_h264_repub:/root/ros2_ws/src/install/transform_sensors:/root/ros2_ws/src/install/ros_tcp_endpoint:/opt/ros/humble /usr/bin/cmake --build /root/ros2_ws/src/build/graph_decoder -- -j24 -l24
[4.831s] Level 1:colcon.colcon_core.environment:create_environment_scripts_only(boundary_handler)
[4.831s] Level 1:colcon.colcon_core.environment:checking '/root/ros2_ws/src/install/boundary_handler' for CMake module files
[4.831s] DEBUG:colcon.colcon_core.event_handler.log_command:Invoked command in '/root/ros2_ws/src/build/boundary_handler' returned '0': CMAKE_PREFIX_PATH=/root/ros2_ws/src/install/visibility_graph_msg:/root/ros2_ws/src/install/waypoint_rviz_plugin:/root/ros2_ws/src/install/waypoint_example:/root/ros2_ws/src/install/visualization_tools:/root/ros2_ws/src/install/graph_decoder:/root/ros2_ws/src/install/far_planner:/root/ros2_ws/src/install/boundary_handler:/root/ros2_ws/src/install/vehicle_simulator:/root/ros2_ws/src/install/local_planner:/root/ros2_ws/src/install/calibrate_imu:/root/ros2_ws/src/install/go2_sport_api:/root/ros2_ws/src/install/unitree_go:/root/ros2_ws/src/install/unitree_api:/root/ros2_ws/src/install/point_lio_unilidar:/root/ros2_ws/src/install/terrain_analysis_ext:/root/ros2_ws/src/install/terrain_analysis:/root/ros2_ws/src/install/teleop_rviz_plugin_plus:/root/ros2_ws/src/install/teleop_rviz_plugin:/root/ros2_ws/src/install/super_odometry:/root/ros2_ws/src/install/super_odometry_msgs:/root/ros2_ws/src/install/sensor_scan_generation:/root/ros2_ws/src/install/rviz_2d_overlay_plugins:/root/ros2_ws/src/install/rviz_2d_overlay_msgs:/root/ros2_ws/src/install/livox_ros_driver2:/root/ros2_ws/src/install/goalpoint_rviz_plugin:/root/ros2_ws/src/install/go2_h264_repub:/root/ros2_ws/src/install/transform_sensors:/root/ros2_ws/src/install/ros_tcp_endpoint:/opt/ros/humble /usr/bin/cmake --install /root/ros2_ws/src/build/boundary_handler
[4.831s] Level 1:colcon.colcon_core.environment:checking '/root/ros2_ws/src/install/boundary_handler' for CMake config files
[4.832s] Level 1:colcon.colcon_core.shell:create_environment_hook('boundary_handler', 'cmake_prefix_path')
[4.832s] INFO:colcon.colcon_core.shell:Creating environment hook '/root/ros2_ws/src/install/boundary_handler/share/boundary_handler/hook/cmake_prefix_path.ps1'
[4.832s] INFO:colcon.colcon_core.shell:Creating environment descriptor '/root/ros2_ws/src/install/boundary_handler/share/boundary_handler/hook/cmake_prefix_path.dsv'
[4.832s] INFO:colcon.colcon_core.shell:Creating environment hook '/root/ros2_ws/src/install/boundary_handler/share/boundary_handler/hook/cmake_prefix_path.sh'
[4.833s] Level 1:colcon.colcon_core.environment:checking '/root/ros2_ws/src/install/boundary_handler/lib'
[4.833s] Level 1:colcon.colcon_core.environment:checking '/root/ros2_ws/src/install/boundary_handler/bin'
[4.833s] Level 1:colcon.colcon_core.environment:checking '/root/ros2_ws/src/install/boundary_handler/lib/pkgconfig/boundary_handler.pc'
[4.833s] Level 1:colcon.colcon_core.environment:checking '/root/ros2_ws/src/install/boundary_handler/lib/python3.10/site-packages'
[4.833s] Level 1:colcon.colcon_core.environment:checking '/root/ros2_ws/src/install/boundary_handler/bin'
[4.833s] INFO:colcon.colcon_core.shell:Creating package script '/root/ros2_ws/src/install/boundary_handler/share/boundary_handler/package.ps1'
[4.834s] INFO:colcon.colcon_core.shell:Creating package descriptor '/root/ros2_ws/src/install/boundary_handler/share/boundary_handler/package.dsv'
[4.834s] INFO:colcon.colcon_core.shell:Creating package script '/root/ros2_ws/src/install/boundary_handler/share/boundary_handler/package.sh'
[4.834s] INFO:colcon.colcon_core.shell:Creating package script '/root/ros2_ws/src/install/boundary_handler/share/boundary_handler/package.bash'
[4.834s] INFO:colcon.colcon_core.shell:Creating package script '/root/ros2_ws/src/install/boundary_handler/share/boundary_handler/package.zsh'
[4.835s] Level 1:colcon.colcon_core.environment:create_file_with_runtime_dependencies(/root/ros2_ws/src/install/boundary_handler/share/colcon-core/packages/boundary_handler)
[4.836s] Level 1:colcon.colcon_core.environment:create_environment_scripts_only(boundary_handler)
[4.836s] Level 1:colcon.colcon_core.environment:checking '/root/ros2_ws/src/install/boundary_handler' for CMake module files
[4.836s] Level 1:colcon.colcon_core.environment:checking '/root/ros2_ws/src/install/boundary_handler' for CMake config files
[4.836s] Level 1:colcon.colcon_core.shell:create_environment_hook('boundary_handler', 'cmake_prefix_path')
[4.837s] INFO:colcon.colcon_core.shell:Creating environment hook '/root/ros2_ws/src/install/boundary_handler/share/boundary_handler/hook/cmake_prefix_path.ps1'
[4.840s] INFO:colcon.colcon_core.shell:Creating environment descriptor '/root/ros2_ws/src/install/boundary_handler/share/boundary_handler/hook/cmake_prefix_path.dsv'
[4.840s] INFO:colcon.colcon_core.shell:Creating environment hook '/root/ros2_ws/src/install/boundary_handler/share/boundary_handler/hook/cmake_prefix_path.sh'
[4.841s] Level 1:colcon.colcon_core.environment:checking '/root/ros2_ws/src/install/boundary_handler/lib'
[4.841s] Level 1:colcon.colcon_core.environment:checking '/root/ros2_ws/src/install/boundary_handler/bin'
[4.841s] Level 1:colcon.colcon_core.environment:checking '/root/ros2_ws/src/install/boundary_handler/lib/pkgconfig/boundary_handler.pc'
[4.841s] Level 1:colcon.colcon_core.environment:checking '/root/ros2_ws/src/install/boundary_handler/lib/python3.10/site-packages'
[4.841s] Level 1:colcon.colcon_core.environment:checking '/root/ros2_ws/src/install/boundary_handler/bin'
[4.841s] INFO:colcon.colcon_core.shell:Creating package script '/root/ros2_ws/src/install/boundary_handler/share/boundary_handler/package.ps1'
[4.842s] INFO:colcon.colcon_core.shell:Creating package descriptor '/root/ros2_ws/src/install/boundary_handler/share/boundary_handler/package.dsv'
[4.842s] INFO:colcon.colcon_core.shell:Creating package script '/root/ros2_ws/src/install/boundary_handler/share/boundary_handler/package.sh'
[4.843s] INFO:colcon.colcon_core.shell:Creating package script '/root/ros2_ws/src/install/boundary_handler/share/boundary_handler/package.bash'
[4.843s] INFO:colcon.colcon_core.shell:Creating package script '/root/ros2_ws/src/install/boundary_handler/share/boundary_handler/package.zsh'
[4.843s] Level 1:colcon.colcon_core.environment:create_file_with_runtime_dependencies(/root/ros2_ws/src/install/boundary_handler/share/colcon-core/packages/boundary_handler)
[4.884s] DEBUG:colcon.colcon_core.event_handler.log_command:Invoked command in '/root/ros2_ws/src/build/graph_decoder' returned '0': CMAKE_PREFIX_PATH=/root/ros2_ws/src/install/visibility_graph_msg:/root/ros2_ws/src/install/waypoint_rviz_plugin:/root/ros2_ws/src/install/waypoint_example:/root/ros2_ws/src/install/visualization_tools:/root/ros2_ws/src/install/graph_decoder:/root/ros2_ws/src/install/far_planner:/root/ros2_ws/src/install/boundary_handler:/root/ros2_ws/src/install/vehicle_simulator:/root/ros2_ws/src/install/local_planner:/root/ros2_ws/src/install/calibrate_imu:/root/ros2_ws/src/install/go2_sport_api:/root/ros2_ws/src/install/unitree_go:/root/ros2_ws/src/install/unitree_api:/root/ros2_ws/src/install/point_lio_unilidar:/root/ros2_ws/src/install/terrain_analysis_ext:/root/ros2_ws/src/install/terrain_analysis:/root/ros2_ws/src/install/teleop_rviz_plugin_plus:/root/ros2_ws/src/install/teleop_rviz_plugin:/root/ros2_ws/src/install/super_odometry:/root/ros2_ws/src/install/super_odometry_msgs:/root/ros2_ws/src/install/sensor_scan_generation:/root/ros2_ws/src/install/rviz_2d_overlay_plugins:/root/ros2_ws/src/install/rviz_2d_overlay_msgs:/root/ros2_ws/src/install/livox_ros_driver2:/root/ros2_ws/src/install/goalpoint_rviz_plugin:/root/ros2_ws/src/install/go2_h264_repub:/root/ros2_ws/src/install/transform_sensors:/root/ros2_ws/src/install/ros_tcp_endpoint:/opt/ros/humble /usr/bin/cmake --build /root/ros2_ws/src/build/graph_decoder -- -j24 -l24
[4.885s] DEBUG:colcon.colcon_core.event_handler.log_command:Invoking command in '/root/ros2_ws/src/build/graph_decoder': CMAKE_PREFIX_PATH=/root/ros2_ws/src/install/visibility_graph_msg:/root/ros2_ws/src/install/waypoint_rviz_plugin:/root/ros2_ws/src/install/waypoint_example:/root/ros2_ws/src/install/visualization_tools:/root/ros2_ws/src/install/graph_decoder:/root/ros2_ws/src/install/far_planner:/root/ros2_ws/src/install/boundary_handler:/root/ros2_ws/src/install/vehicle_simulator:/root/ros2_ws/src/install/local_planner:/root/ros2_ws/src/install/calibrate_imu:/root/ros2_ws/src/install/go2_sport_api:/root/ros2_ws/src/install/unitree_go:/root/ros2_ws/src/install/unitree_api:/root/ros2_ws/src/install/point_lio_unilidar:/root/ros2_ws/src/install/terrain_analysis_ext:/root/ros2_ws/src/install/terrain_analysis:/root/ros2_ws/src/install/teleop_rviz_plugin_plus:/root/ros2_ws/src/install/teleop_rviz_plugin:/root/ros2_ws/src/install/super_odometry:/root/ros2_ws/src/install/super_odometry_msgs:/root/ros2_ws/src/install/sensor_scan_generation:/root/ros2_ws/src/install/rviz_2d_overlay_plugins:/root/ros2_ws/src/install/rviz_2d_overlay_msgs:/root/ros2_ws/src/install/livox_ros_driver2:/root/ros2_ws/src/install/goalpoint_rviz_plugin:/root/ros2_ws/src/install/go2_h264_repub:/root/ros2_ws/src/install/transform_sensors:/root/ros2_ws/src/install/ros_tcp_endpoint:/opt/ros/humble /usr/bin/cmake --install /root/ros2_ws/src/build/graph_decoder
[4.892s] Level 1:colcon.colcon_core.environment:create_environment_scripts_only(graph_decoder)
[4.892s] DEBUG:colcon.colcon_core.event_handler.log_command:Invoked command in '/root/ros2_ws/src/build/graph_decoder' returned '0': CMAKE_PREFIX_PATH=/root/ros2_ws/src/install/visibility_graph_msg:/root/ros2_ws/src/install/waypoint_rviz_plugin:/root/ros2_ws/src/install/waypoint_example:/root/ros2_ws/src/install/visualization_tools:/root/ros2_ws/src/install/graph_decoder:/root/ros2_ws/src/install/far_planner:/root/ros2_ws/src/install/boundary_handler:/root/ros2_ws/src/install/vehicle_simulator:/root/ros2_ws/src/install/local_planner:/root/ros2_ws/src/install/calibrate_imu:/root/ros2_ws/src/install/go2_sport_api:/root/ros2_ws/src/install/unitree_go:/root/ros2_ws/src/install/unitree_api:/root/ros2_ws/src/install/point_lio_unilidar:/root/ros2_ws/src/install/terrain_analysis_ext:/root/ros2_ws/src/install/terrain_analysis:/root/ros2_ws/src/install/teleop_rviz_plugin_plus:/root/ros2_ws/src/install/teleop_rviz_plugin:/root/ros2_ws/src/install/super_odometry:/root/ros2_ws/src/install/super_odometry_msgs:/root/ros2_ws/src/install/sensor_scan_generation:/root/ros2_ws/src/install/rviz_2d_overlay_plugins:/root/ros2_ws/src/install/rviz_2d_overlay_msgs:/root/ros2_ws/src/install/livox_ros_driver2:/root/ros2_ws/src/install/goalpoint_rviz_plugin:/root/ros2_ws/src/install/go2_h264_repub:/root/ros2_ws/src/install/transform_sensors:/root/ros2_ws/src/install/ros_tcp_endpoint:/opt/ros/humble /usr/bin/cmake --install /root/ros2_ws/src/build/graph_decoder
[4.892s] Level 1:colcon.colcon_core.environment:checking '/root/ros2_ws/src/install/graph_decoder' for CMake module files
[4.892s] Level 1:colcon.colcon_core.environment:checking '/root/ros2_ws/src/install/graph_decoder' for CMake config files
[4.893s] Level 1:colcon.colcon_core.shell:create_environment_hook('graph_decoder', 'cmake_prefix_path')
[4.893s] INFO:colcon.colcon_core.shell:Creating environment hook '/root/ros2_ws/src/install/graph_decoder/share/graph_decoder/hook/cmake_prefix_path.ps1'
[4.893s] INFO:colcon.colcon_core.shell:Creating environment descriptor '/root/ros2_ws/src/install/graph_decoder/share/graph_decoder/hook/cmake_prefix_path.dsv'
[4.893s] INFO:colcon.colcon_core.shell:Creating environment hook '/root/ros2_ws/src/install/graph_decoder/share/graph_decoder/hook/cmake_prefix_path.sh'
[4.894s] Level 1:colcon.colcon_core.environment:checking '/root/ros2_ws/src/install/graph_decoder/lib'
[4.894s] Level 1:colcon.colcon_core.environment:checking '/root/ros2_ws/src/install/graph_decoder/bin'
[4.894s] Level 1:colcon.colcon_core.environment:checking '/root/ros2_ws/src/install/graph_decoder/lib/pkgconfig/graph_decoder.pc'
[4.894s] Level 1:colcon.colcon_core.environment:checking '/root/ros2_ws/src/install/graph_decoder/lib/python3.10/site-packages'
[4.894s] Level 1:colcon.colcon_core.environment:checking '/root/ros2_ws/src/install/graph_decoder/bin'
[4.894s] INFO:colcon.colcon_core.shell:Creating package script '/root/ros2_ws/src/install/graph_decoder/share/graph_decoder/package.ps1'
[4.895s] INFO:colcon.colcon_core.shell:Creating package descriptor '/root/ros2_ws/src/install/graph_decoder/share/graph_decoder/package.dsv'
[4.895s] INFO:colcon.colcon_core.shell:Creating package script '/root/ros2_ws/src/install/graph_decoder/share/graph_decoder/package.sh'
[4.895s] INFO:colcon.colcon_core.shell:Creating package script '/root/ros2_ws/src/install/graph_decoder/share/graph_decoder/package.bash'
[4.895s] INFO:colcon.colcon_core.shell:Creating package script '/root/ros2_ws/src/install/graph_decoder/share/graph_decoder/package.zsh'
[4.896s] Level 1:colcon.colcon_core.environment:create_file_with_runtime_dependencies(/root/ros2_ws/src/install/graph_decoder/share/colcon-core/packages/graph_decoder)
[4.896s] Level 1:colcon.colcon_core.environment:create_environment_scripts_only(graph_decoder)
[4.896s] Level 1:colcon.colcon_core.environment:checking '/root/ros2_ws/src/install/graph_decoder' for CMake module files
[4.896s] Level 1:colcon.colcon_core.environment:checking '/root/ros2_ws/src/install/graph_decoder' for CMake config files
[4.897s] Level 1:colcon.colcon_core.shell:create_environment_hook('graph_decoder', 'cmake_prefix_path')
[4.897s] INFO:colcon.colcon_core.shell:Creating environment hook '/root/ros2_ws/src/install/graph_decoder/share/graph_decoder/hook/cmake_prefix_path.ps1'
[4.897s] INFO:colcon.colcon_core.shell:Creating environment descriptor '/root/ros2_ws/src/install/graph_decoder/share/graph_decoder/hook/cmake_prefix_path.dsv'
[4.897s] INFO:colcon.colcon_core.shell:Creating environment hook '/root/ros2_ws/src/install/graph_decoder/share/graph_decoder/hook/cmake_prefix_path.sh'
[4.897s] Level 1:colcon.colcon_core.environment:checking '/root/ros2_ws/src/install/graph_decoder/lib'
[4.898s] Level 1:colcon.colcon_core.environment:checking '/root/ros2_ws/src/install/graph_decoder/bin'
[4.898s] Level 1:colcon.colcon_core.environment:checking '/root/ros2_ws/src/install/graph_decoder/lib/pkgconfig/graph_decoder.pc'
[4.898s] Level 1:colcon.colcon_core.environment:checking '/root/ros2_ws/src/install/graph_decoder/lib/python3.10/site-packages'
[4.898s] Level 1:colcon.colcon_core.environment:checking '/root/ros2_ws/src/install/graph_decoder/bin'
[4.898s] INFO:colcon.colcon_core.shell:Creating package script '/root/ros2_ws/src/install/graph_decoder/share/graph_decoder/package.ps1'
[4.898s] INFO:colcon.colcon_core.shell:Creating package descriptor '/root/ros2_ws/src/install/graph_decoder/share/graph_decoder/package.dsv'
[4.899s] INFO:colcon.colcon_core.shell:Creating package script '/root/ros2_ws/src/install/graph_decoder/share/graph_decoder/package.sh'
[4.899s] INFO:colcon.colcon_core.shell:Creating package script '/root/ros2_ws/src/install/graph_decoder/share/graph_decoder/package.bash'
[4.899s] INFO:colcon.colcon_core.shell:Creating package script '/root/ros2_ws/src/install/graph_decoder/share/graph_decoder/package.zsh'
[4.899s] Level 1:colcon.colcon_core.environment:create_file_with_runtime_dependencies(/root/ros2_ws/src/install/graph_decoder/share/colcon-core/packages/graph_decoder)
[4.901s] DEBUG:colcon.colcon_core.event_handler.log_command:Invoked command in '/root/ros2_ws/src/build/far_planner' returned '0': CMAKE_PREFIX_PATH=/root/ros2_ws/src/install/visibility_graph_msg:/root/ros2_ws/src/install/waypoint_rviz_plugin:/root/ros2_ws/src/install/waypoint_example:/root/ros2_ws/src/install/visualization_tools:/root/ros2_ws/src/install/graph_decoder:/root/ros2_ws/src/install/far_planner:/root/ros2_ws/src/install/boundary_handler:/root/ros2_ws/src/install/vehicle_simulator:/root/ros2_ws/src/install/local_planner:/root/ros2_ws/src/install/calibrate_imu:/root/ros2_ws/src/install/go2_sport_api:/root/ros2_ws/src/install/unitree_go:/root/ros2_ws/src/install/unitree_api:/root/ros2_ws/src/install/point_lio_unilidar:/root/ros2_ws/src/install/terrain_analysis_ext:/root/ros2_ws/src/install/terrain_analysis:/root/ros2_ws/src/install/teleop_rviz_plugin_plus:/root/ros2_ws/src/install/teleop_rviz_plugin:/root/ros2_ws/src/install/super_odometry:/root/ros2_ws/src/install/super_odometry_msgs:/root/ros2_ws/src/install/sensor_scan_generation:/root/ros2_ws/src/install/rviz_2d_overlay_plugins:/root/ros2_ws/src/install/rviz_2d_overlay_msgs:/root/ros2_ws/src/install/livox_ros_driver2:/root/ros2_ws/src/install/goalpoint_rviz_plugin:/root/ros2_ws/src/install/go2_h264_repub:/root/ros2_ws/src/install/transform_sensors:/root/ros2_ws/src/install/ros_tcp_endpoint:/opt/ros/humble /usr/bin/cmake /root/ros2_ws/src/route_planner/far_planner -DCMAKE_INSTALL_PREFIX=/root/ros2_ws/src/install/far_planner
[4.903s] DEBUG:colcon.colcon_core.event_handler.log_command:Invoking command in '/root/ros2_ws/src/build/far_planner': CMAKE_PREFIX_PATH=/root/ros2_ws/src/install/visibility_graph_msg:/root/ros2_ws/src/install/waypoint_rviz_plugin:/root/ros2_ws/src/install/waypoint_example:/root/ros2_ws/src/install/visualization_tools:/root/ros2_ws/src/install/graph_decoder:/root/ros2_ws/src/install/far_planner:/root/ros2_ws/src/install/boundary_handler:/root/ros2_ws/src/install/vehicle_simulator:/root/ros2_ws/src/install/local_planner:/root/ros2_ws/src/install/calibrate_imu:/root/ros2_ws/src/install/go2_sport_api:/root/ros2_ws/src/install/unitree_go:/root/ros2_ws/src/install/unitree_api:/root/ros2_ws/src/install/point_lio_unilidar:/root/ros2_ws/src/install/terrain_analysis_ext:/root/ros2_ws/src/install/terrain_analysis:/root/ros2_ws/src/install/teleop_rviz_plugin_plus:/root/ros2_ws/src/install/teleop_rviz_plugin:/root/ros2_ws/src/install/super_odometry:/root/ros2_ws/src/install/super_odometry_msgs:/root/ros2_ws/src/install/sensor_scan_generation:/root/ros2_ws/src/install/rviz_2d_overlay_plugins:/root/ros2_ws/src/install/rviz_2d_overlay_msgs:/root/ros2_ws/src/install/livox_ros_driver2:/root/ros2_ws/src/install/goalpoint_rviz_plugin:/root/ros2_ws/src/install/go2_h264_repub:/root/ros2_ws/src/install/transform_sensors:/root/ros2_ws/src/install/ros_tcp_endpoint:/opt/ros/humble /usr/bin/cmake --build /root/ros2_ws/src/build/far_planner -- -j24 -l24
[5.010s] DEBUG:colcon.colcon_core.event_handler.log_command:Invoked command in '/root/ros2_ws/src/build/far_planner' returned '0': CMAKE_PREFIX_PATH=/root/ros2_ws/src/install/visibility_graph_msg:/root/ros2_ws/src/install/waypoint_rviz_plugin:/root/ros2_ws/src/install/waypoint_example:/root/ros2_ws/src/install/visualization_tools:/root/ros2_ws/src/install/graph_decoder:/root/ros2_ws/src/install/far_planner:/root/ros2_ws/src/install/boundary_handler:/root/ros2_ws/src/install/vehicle_simulator:/root/ros2_ws/src/install/local_planner:/root/ros2_ws/src/install/calibrate_imu:/root/ros2_ws/src/install/go2_sport_api:/root/ros2_ws/src/install/unitree_go:/root/ros2_ws/src/install/unitree_api:/root/ros2_ws/src/install/point_lio_unilidar:/root/ros2_ws/src/install/terrain_analysis_ext:/root/ros2_ws/src/install/terrain_analysis:/root/ros2_ws/src/install/teleop_rviz_plugin_plus:/root/ros2_ws/src/install/teleop_rviz_plugin:/root/ros2_ws/src/install/super_odometry:/root/ros2_ws/src/install/super_odometry_msgs:/root/ros2_ws/src/install/sensor_scan_generation:/root/ros2_ws/src/install/rviz_2d_overlay_plugins:/root/ros2_ws/src/install/rviz_2d_overlay_msgs:/root/ros2_ws/src/install/livox_ros_driver2:/root/ros2_ws/src/install/goalpoint_rviz_plugin:/root/ros2_ws/src/install/go2_h264_repub:/root/ros2_ws/src/install/transform_sensors:/root/ros2_ws/src/install/ros_tcp_endpoint:/opt/ros/humble /usr/bin/cmake --build /root/ros2_ws/src/build/far_planner -- -j24 -l24
[5.010s] DEBUG:colcon.colcon_core.event_handler.log_command:Invoking command in '/root/ros2_ws/src/build/far_planner': CMAKE_PREFIX_PATH=/root/ros2_ws/src/install/visibility_graph_msg:/root/ros2_ws/src/install/waypoint_rviz_plugin:/root/ros2_ws/src/install/waypoint_example:/root/ros2_ws/src/install/visualization_tools:/root/ros2_ws/src/install/graph_decoder:/root/ros2_ws/src/install/far_planner:/root/ros2_ws/src/install/boundary_handler:/root/ros2_ws/src/install/vehicle_simulator:/root/ros2_ws/src/install/local_planner:/root/ros2_ws/src/install/calibrate_imu:/root/ros2_ws/src/install/go2_sport_api:/root/ros2_ws/src/install/unitree_go:/root/ros2_ws/src/install/unitree_api:/root/ros2_ws/src/install/point_lio_unilidar:/root/ros2_ws/src/install/terrain_analysis_ext:/root/ros2_ws/src/install/terrain_analysis:/root/ros2_ws/src/install/teleop_rviz_plugin_plus:/root/ros2_ws/src/install/teleop_rviz_plugin:/root/ros2_ws/src/install/super_odometry:/root/ros2_ws/src/install/super_odometry_msgs:/root/ros2_ws/src/install/sensor_scan_generation:/root/ros2_ws/src/install/rviz_2d_overlay_plugins:/root/ros2_ws/src/install/rviz_2d_overlay_msgs:/root/ros2_ws/src/install/livox_ros_driver2:/root/ros2_ws/src/install/goalpoint_rviz_plugin:/root/ros2_ws/src/install/go2_h264_repub:/root/ros2_ws/src/install/transform_sensors:/root/ros2_ws/src/install/ros_tcp_endpoint:/opt/ros/humble /usr/bin/cmake --install /root/ros2_ws/src/build/far_planner
[5.016s] Level 1:colcon.colcon_core.environment:create_environment_scripts_only(far_planner)
[5.016s] Level 1:colcon.colcon_core.environment:checking '/root/ros2_ws/src/install/far_planner' for CMake module files
[5.016s] Level 1:colcon.colcon_core.environment:checking '/root/ros2_ws/src/install/far_planner' for CMake config files
[5.016s] Level 1:colcon.colcon_core.shell:create_environment_hook('far_planner', 'cmake_prefix_path')
[5.016s] INFO:colcon.colcon_core.shell:Creating environment hook '/root/ros2_ws/src/install/far_planner/share/far_planner/hook/cmake_prefix_path.ps1'
[5.017s] INFO:colcon.colcon_core.shell:Creating environment descriptor '/root/ros2_ws/src/install/far_planner/share/far_planner/hook/cmake_prefix_path.dsv'
[5.017s] INFO:colcon.colcon_core.shell:Creating environment hook '/root/ros2_ws/src/install/far_planner/share/far_planner/hook/cmake_prefix_path.sh'
[5.017s] DEBUG:colcon.colcon_core.event_handler.log_command:Invoked command in '/root/ros2_ws/src/build/far_planner' returned '0': CMAKE_PREFIX_PATH=/root/ros2_ws/src/install/visibility_graph_msg:/root/ros2_ws/src/install/waypoint_rviz_plugin:/root/ros2_ws/src/install/waypoint_example:/root/ros2_ws/src/install/visualization_tools:/root/ros2_ws/src/install/graph_decoder:/root/ros2_ws/src/install/far_planner:/root/ros2_ws/src/install/boundary_handler:/root/ros2_ws/src/install/vehicle_simulator:/root/ros2_ws/src/install/local_planner:/root/ros2_ws/src/install/calibrate_imu:/root/ros2_ws/src/install/go2_sport_api:/root/ros2_ws/src/install/unitree_go:/root/ros2_ws/src/install/unitree_api:/root/ros2_ws/src/install/point_lio_unilidar:/root/ros2_ws/src/install/terrain_analysis_ext:/root/ros2_ws/src/install/terrain_analysis:/root/ros2_ws/src/install/teleop_rviz_plugin_plus:/root/ros2_ws/src/install/teleop_rviz_plugin:/root/ros2_ws/src/install/super_odometry:/root/ros2_ws/src/install/super_odometry_msgs:/root/ros2_ws/src/install/sensor_scan_generation:/root/ros2_ws/src/install/rviz_2d_overlay_plugins:/root/ros2_ws/src/install/rviz_2d_overlay_msgs:/root/ros2_ws/src/install/livox_ros_driver2:/root/ros2_ws/src/install/goalpoint_rviz_plugin:/root/ros2_ws/src/install/go2_h264_repub:/root/ros2_ws/src/install/transform_sensors:/root/ros2_ws/src/install/ros_tcp_endpoint:/opt/ros/humble /usr/bin/cmake --install /root/ros2_ws/src/build/far_planner
[5.017s] Level 1:colcon.colcon_core.environment:checking '/root/ros2_ws/src/install/far_planner/lib'
[5.017s] Level 1:colcon.colcon_core.environment:checking '/root/ros2_ws/src/install/far_planner/bin'
[5.017s] Level 1:colcon.colcon_core.environment:checking '/root/ros2_ws/src/install/far_planner/lib/pkgconfig/far_planner.pc'
[5.018s] Level 1:colcon.colcon_core.environment:checking '/root/ros2_ws/src/install/far_planner/lib/python3.10/site-packages'
[5.018s] Level 1:colcon.colcon_core.environment:checking '/root/ros2_ws/src/install/far_planner/bin'
[5.018s] INFO:colcon.colcon_core.shell:Creating package script '/root/ros2_ws/src/install/far_planner/share/far_planner/package.ps1'
[5.018s] INFO:colcon.colcon_core.shell:Creating package descriptor '/root/ros2_ws/src/install/far_planner/share/far_planner/package.dsv'
[5.019s] INFO:colcon.colcon_core.shell:Creating package script '/root/ros2_ws/src/install/far_planner/share/far_planner/package.sh'
[5.019s] INFO:colcon.colcon_core.shell:Creating package script '/root/ros2_ws/src/install/far_planner/share/far_planner/package.bash'
[5.019s] INFO:colcon.colcon_core.shell:Creating package script '/root/ros2_ws/src/install/far_planner/share/far_planner/package.zsh'
[5.019s] Level 1:colcon.colcon_core.environment:create_file_with_runtime_dependencies(/root/ros2_ws/src/install/far_planner/share/colcon-core/packages/far_planner)
[5.019s] Level 1:colcon.colcon_core.environment:create_environment_scripts_only(far_planner)
[5.019s] Level 1:colcon.colcon_core.environment:checking '/root/ros2_ws/src/install/far_planner' for CMake module files
[5.020s] Level 1:colcon.colcon_core.environment:checking '/root/ros2_ws/src/install/far_planner' for CMake config files
[5.020s] Level 1:colcon.colcon_core.shell:create_environment_hook('far_planner', 'cmake_prefix_path')
[5.020s] INFO:colcon.colcon_core.shell:Creating environment hook '/root/ros2_ws/src/install/far_planner/share/far_planner/hook/cmake_prefix_path.ps1'
[5.020s] INFO:colcon.colcon_core.shell:Creating environment descriptor '/root/ros2_ws/src/install/far_planner/share/far_planner/hook/cmake_prefix_path.dsv'
[5.020s] INFO:colcon.colcon_core.shell:Creating environment hook '/root/ros2_ws/src/install/far_planner/share/far_planner/hook/cmake_prefix_path.sh'
[5.021s] Level 1:colcon.colcon_core.environment:checking '/root/ros2_ws/src/install/far_planner/lib'
[5.021s] Level 1:colcon.colcon_core.environment:checking '/root/ros2_ws/src/install/far_planner/bin'
[5.021s] Level 1:colcon.colcon_core.environment:checking '/root/ros2_ws/src/install/far_planner/lib/pkgconfig/far_planner.pc'
[5.021s] Level 1:colcon.colcon_core.environment:checking '/root/ros2_ws/src/install/far_planner/lib/python3.10/site-packages'
[5.021s] Level 1:colcon.colcon_core.environment:checking '/root/ros2_ws/src/install/far_planner/bin'
[5.021s] INFO:colcon.colcon_core.shell:Creating package script '/root/ros2_ws/src/install/far_planner/share/far_planner/package.ps1'
[5.022s] INFO:colcon.colcon_core.shell:Creating package descriptor '/root/ros2_ws/src/install/far_planner/share/far_planner/package.dsv'
[5.022s] INFO:colcon.colcon_core.shell:Creating package script '/root/ros2_ws/src/install/far_planner/share/far_planner/package.sh'
[5.022s] INFO:colcon.colcon_core.shell:Creating package script '/root/ros2_ws/src/install/far_planner/share/far_planner/package.bash'
[5.022s] INFO:colcon.colcon_core.shell:Creating package script '/root/ros2_ws/src/install/far_planner/share/far_planner/package.zsh'
[5.022s] Level 1:colcon.colcon_core.environment:create_file_with_runtime_dependencies(/root/ros2_ws/src/install/far_planner/share/colcon-core/packages/far_planner)
[5.407s] DEBUG:colcon.colcon_core.event_handler.log_command:Invoked command in '/root/ros2_ws/src/build/local_planner' returned '0': CMAKE_PREFIX_PATH=/root/ros2_ws/src/install/go2_sport_api:/root/ros2_ws/src/install/unitree_go:/root/ros2_ws/src/install/unitree_api:/root/ros2_ws/src/install/waypoint_rviz_plugin:/root/ros2_ws/src/install/waypoint_example:/root/ros2_ws/src/install/visualization_tools:/root/ros2_ws/src/install/graph_decoder:/root/ros2_ws/src/install/far_planner:/root/ros2_ws/src/install/boundary_handler:/root/ros2_ws/src/install/visibility_graph_msg:/root/ros2_ws/src/install/vehicle_simulator:/root/ros2_ws/src/install/local_planner:/root/ros2_ws/src/install/calibrate_imu:/root/ros2_ws/src/install/point_lio_unilidar:/root/ros2_ws/src/install/terrain_analysis_ext:/root/ros2_ws/src/install/terrain_analysis:/root/ros2_ws/src/install/teleop_rviz_plugin_plus:/root/ros2_ws/src/install/teleop_rviz_plugin:/root/ros2_ws/src/install/super_odometry:/root/ros2_ws/src/install/super_odometry_msgs:/root/ros2_ws/src/install/sensor_scan_generation:/root/ros2_ws/src/install/rviz_2d_overlay_plugins:/root/ros2_ws/src/install/rviz_2d_overlay_msgs:/root/ros2_ws/src/install/livox_ros_driver2:/root/ros2_ws/src/install/goalpoint_rviz_plugin:/root/ros2_ws/src/install/go2_h264_repub:/root/ros2_ws/src/install/transform_sensors:/root/ros2_ws/src/install/ros_tcp_endpoint:/opt/ros/humble LD_LIBRARY_PATH=/root/ros2_ws/src/install/go2_sport_api/lib:/root/ros2_ws/src/install/unitree_go/lib:/root/ros2_ws/src/install/unitree_api/lib:/root/ros2_ws/src/install/visibility_graph_msg/lib:/root/ros2_ws/src/install/super_odometry/lib:/root/ros2_ws/src/install/super_odometry_msgs/lib:/root/ros2_ws/src/install/rviz_2d_overlay_plugins/lib:/root/ros2_ws/src/install/rviz_2d_overlay_msgs/lib:/root/ros2_ws/src/install/livox_ros_driver2/lib:/opt/ros/humble/opt/rviz_ogre_vendor/lib:/opt/ros/humble/lib/x86_64-linux-gnu:/opt/ros/humble/lib /usr/bin/cmake /root/ros2_ws/src/base_autonomy/local_planner -DCMAKE_INSTALL_PREFIX=/root/ros2_ws/src/install/local_planner
[5.408s] DEBUG:colcon.colcon_core.event_handler.log_command:Invoking command in '/root/ros2_ws/src/build/local_planner': CMAKE_PREFIX_PATH=/root/ros2_ws/src/install/go2_sport_api:/root/ros2_ws/src/install/unitree_go:/root/ros2_ws/src/install/unitree_api:/root/ros2_ws/src/install/waypoint_rviz_plugin:/root/ros2_ws/src/install/waypoint_example:/root/ros2_ws/src/install/visualization_tools:/root/ros2_ws/src/install/graph_decoder:/root/ros2_ws/src/install/far_planner:/root/ros2_ws/src/install/boundary_handler:/root/ros2_ws/src/install/visibility_graph_msg:/root/ros2_ws/src/install/vehicle_simulator:/root/ros2_ws/src/install/local_planner:/root/ros2_ws/src/install/calibrate_imu:/root/ros2_ws/src/install/point_lio_unilidar:/root/ros2_ws/src/install/terrain_analysis_ext:/root/ros2_ws/src/install/terrain_analysis:/root/ros2_ws/src/install/teleop_rviz_plugin_plus:/root/ros2_ws/src/install/teleop_rviz_plugin:/root/ros2_ws/src/install/super_odometry:/root/ros2_ws/src/install/super_odometry_msgs:/root/ros2_ws/src/install/sensor_scan_generation:/root/ros2_ws/src/install/rviz_2d_overlay_plugins:/root/ros2_ws/src/install/rviz_2d_overlay_msgs:/root/ros2_ws/src/install/livox_ros_driver2:/root/ros2_ws/src/install/goalpoint_rviz_plugin:/root/ros2_ws/src/install/go2_h264_repub:/root/ros2_ws/src/install/transform_sensors:/root/ros2_ws/src/install/ros_tcp_endpoint:/opt/ros/humble LD_LIBRARY_PATH=/root/ros2_ws/src/install/go2_sport_api/lib:/root/ros2_ws/src/install/unitree_go/lib:/root/ros2_ws/src/install/unitree_api/lib:/root/ros2_ws/src/install/visibility_graph_msg/lib:/root/ros2_ws/src/install/super_odometry/lib:/root/ros2_ws/src/install/super_odometry_msgs/lib:/root/ros2_ws/src/install/rviz_2d_overlay_plugins/lib:/root/ros2_ws/src/install/rviz_2d_overlay_msgs/lib:/root/ros2_ws/src/install/livox_ros_driver2/lib:/opt/ros/humble/opt/rviz_ogre_vendor/lib:/opt/ros/humble/lib/x86_64-linux-gnu:/opt/ros/humble/lib /usr/bin/cmake --build /root/ros2_ws/src/build/local_planner -- -j24 -l24
[5.464s] DEBUG:colcon.colcon_core.event_handler.log_command:Invoked command in '/root/ros2_ws/src/build/local_planner' returned '0': CMAKE_PREFIX_PATH=/root/ros2_ws/src/install/go2_sport_api:/root/ros2_ws/src/install/unitree_go:/root/ros2_ws/src/install/unitree_api:/root/ros2_ws/src/install/waypoint_rviz_plugin:/root/ros2_ws/src/install/waypoint_example:/root/ros2_ws/src/install/visualization_tools:/root/ros2_ws/src/install/graph_decoder:/root/ros2_ws/src/install/far_planner:/root/ros2_ws/src/install/boundary_handler:/root/ros2_ws/src/install/visibility_graph_msg:/root/ros2_ws/src/install/vehicle_simulator:/root/ros2_ws/src/install/local_planner:/root/ros2_ws/src/install/calibrate_imu:/root/ros2_ws/src/install/point_lio_unilidar:/root/ros2_ws/src/install/terrain_analysis_ext:/root/ros2_ws/src/install/terrain_analysis:/root/ros2_ws/src/install/teleop_rviz_plugin_plus:/root/ros2_ws/src/install/teleop_rviz_plugin:/root/ros2_ws/src/install/super_odometry:/root/ros2_ws/src/install/super_odometry_msgs:/root/ros2_ws/src/install/sensor_scan_generation:/root/ros2_ws/src/install/rviz_2d_overlay_plugins:/root/ros2_ws/src/install/rviz_2d_overlay_msgs:/root/ros2_ws/src/install/livox_ros_driver2:/root/ros2_ws/src/install/goalpoint_rviz_plugin:/root/ros2_ws/src/install/go2_h264_repub:/root/ros2_ws/src/install/transform_sensors:/root/ros2_ws/src/install/ros_tcp_endpoint:/opt/ros/humble LD_LIBRARY_PATH=/root/ros2_ws/src/install/go2_sport_api/lib:/root/ros2_ws/src/install/unitree_go/lib:/root/ros2_ws/src/install/unitree_api/lib:/root/ros2_ws/src/install/visibility_graph_msg/lib:/root/ros2_ws/src/install/super_odometry/lib:/root/ros2_ws/src/install/super_odometry_msgs/lib:/root/ros2_ws/src/install/rviz_2d_overlay_plugins/lib:/root/ros2_ws/src/install/rviz_2d_overlay_msgs/lib:/root/ros2_ws/src/install/livox_ros_driver2/lib:/opt/ros/humble/opt/rviz_ogre_vendor/lib:/opt/ros/humble/lib/x86_64-linux-gnu:/opt/ros/humble/lib /usr/bin/cmake --build /root/ros2_ws/src/build/local_planner -- -j24 -l24
[5.468s] DEBUG:colcon.colcon_core.event_handler.log_command:Invoking command in '/root/ros2_ws/src/build/local_planner': CMAKE_PREFIX_PATH=/root/ros2_ws/src/install/go2_sport_api:/root/ros2_ws/src/install/unitree_go:/root/ros2_ws/src/install/unitree_api:/root/ros2_ws/src/install/waypoint_rviz_plugin:/root/ros2_ws/src/install/waypoint_example:/root/ros2_ws/src/install/visualization_tools:/root/ros2_ws/src/install/graph_decoder:/root/ros2_ws/src/install/far_planner:/root/ros2_ws/src/install/boundary_handler:/root/ros2_ws/src/install/visibility_graph_msg:/root/ros2_ws/src/install/vehicle_simulator:/root/ros2_ws/src/install/local_planner:/root/ros2_ws/src/install/calibrate_imu:/root/ros2_ws/src/install/point_lio_unilidar:/root/ros2_ws/src/install/terrain_analysis_ext:/root/ros2_ws/src/install/terrain_analysis:/root/ros2_ws/src/install/teleop_rviz_plugin_plus:/root/ros2_ws/src/install/teleop_rviz_plugin:/root/ros2_ws/src/install/super_odometry:/root/ros2_ws/src/install/super_odometry_msgs:/root/ros2_ws/src/install/sensor_scan_generation:/root/ros2_ws/src/install/rviz_2d_overlay_plugins:/root/ros2_ws/src/install/rviz_2d_overlay_msgs:/root/ros2_ws/src/install/livox_ros_driver2:/root/ros2_ws/src/install/goalpoint_rviz_plugin:/root/ros2_ws/src/install/go2_h264_repub:/root/ros2_ws/src/install/transform_sensors:/root/ros2_ws/src/install/ros_tcp_endpoint:/opt/ros/humble LD_LIBRARY_PATH=/root/ros2_ws/src/install/go2_sport_api/lib:/root/ros2_ws/src/install/unitree_go/lib:/root/ros2_ws/src/install/unitree_api/lib:/root/ros2_ws/src/install/visibility_graph_msg/lib:/root/ros2_ws/src/install/super_odometry/lib:/root/ros2_ws/src/install/super_odometry_msgs/lib:/root/ros2_ws/src/install/rviz_2d_overlay_plugins/lib:/root/ros2_ws/src/install/rviz_2d_overlay_msgs/lib:/root/ros2_ws/src/install/livox_ros_driver2/lib:/opt/ros/humble/opt/rviz_ogre_vendor/lib:/opt/ros/humble/lib/x86_64-linux-gnu:/opt/ros/humble/lib /usr/bin/cmake --install /root/ros2_ws/src/build/local_planner
[5.474s] Level 1:colcon.colcon_core.environment:create_environment_scripts_only(local_planner)
[5.474s] Level 1:colcon.colcon_core.environment:checking '/root/ros2_ws/src/install/local_planner' for CMake module files
[5.474s] Level 1:colcon.colcon_core.environment:checking '/root/ros2_ws/src/install/local_planner' for CMake config files
[5.474s] DEBUG:colcon.colcon_core.event_handler.log_command:Invoked command in '/root/ros2_ws/src/build/local_planner' returned '0': CMAKE_PREFIX_PATH=/root/ros2_ws/src/install/go2_sport_api:/root/ros2_ws/src/install/unitree_go:/root/ros2_ws/src/install/unitree_api:/root/ros2_ws/src/install/waypoint_rviz_plugin:/root/ros2_ws/src/install/waypoint_example:/root/ros2_ws/src/install/visualization_tools:/root/ros2_ws/src/install/graph_decoder:/root/ros2_ws/src/install/far_planner:/root/ros2_ws/src/install/boundary_handler:/root/ros2_ws/src/install/visibility_graph_msg:/root/ros2_ws/src/install/vehicle_simulator:/root/ros2_ws/src/install/local_planner:/root/ros2_ws/src/install/calibrate_imu:/root/ros2_ws/src/install/point_lio_unilidar:/root/ros2_ws/src/install/terrain_analysis_ext:/root/ros2_ws/src/install/terrain_analysis:/root/ros2_ws/src/install/teleop_rviz_plugin_plus:/root/ros2_ws/src/install/teleop_rviz_plugin:/root/ros2_ws/src/install/super_odometry:/root/ros2_ws/src/install/super_odometry_msgs:/root/ros2_ws/src/install/sensor_scan_generation:/root/ros2_ws/src/install/rviz_2d_overlay_plugins:/root/ros2_ws/src/install/rviz_2d_overlay_msgs:/root/ros2_ws/src/install/livox_ros_driver2:/root/ros2_ws/src/install/goalpoint_rviz_plugin:/root/ros2_ws/src/install/go2_h264_repub:/root/ros2_ws/src/install/transform_sensors:/root/ros2_ws/src/install/ros_tcp_endpoint:/opt/ros/humble LD_LIBRARY_PATH=/root/ros2_ws/src/install/go2_sport_api/lib:/root/ros2_ws/src/install/unitree_go/lib:/root/ros2_ws/src/install/unitree_api/lib:/root/ros2_ws/src/install/visibility_graph_msg/lib:/root/ros2_ws/src/install/super_odometry/lib:/root/ros2_ws/src/install/super_odometry_msgs/lib:/root/ros2_ws/src/install/rviz_2d_overlay_plugins/lib:/root/ros2_ws/src/install/rviz_2d_overlay_msgs/lib:/root/ros2_ws/src/install/livox_ros_driver2/lib:/opt/ros/humble/opt/rviz_ogre_vendor/lib:/opt/ros/humble/lib/x86_64-linux-gnu:/opt/ros/humble/lib /usr/bin/cmake --install /root/ros2_ws/src/build/local_planner
[5.475s] Level 1:colcon.colcon_core.shell:create_environment_hook('local_planner', 'cmake_prefix_path')
[5.475s] INFO:colcon.colcon_core.shell:Creating environment hook '/root/ros2_ws/src/install/local_planner/share/local_planner/hook/cmake_prefix_path.ps1'
[5.475s] INFO:colcon.colcon_core.shell:Creating environment descriptor '/root/ros2_ws/src/install/local_planner/share/local_planner/hook/cmake_prefix_path.dsv'
[5.475s] INFO:colcon.colcon_core.shell:Creating environment hook '/root/ros2_ws/src/install/local_planner/share/local_planner/hook/cmake_prefix_path.sh'
[5.476s] Level 1:colcon.colcon_core.environment:checking '/root/ros2_ws/src/install/local_planner/lib'
[5.476s] Level 1:colcon.colcon_core.environment:checking '/root/ros2_ws/src/install/local_planner/bin'
[5.476s] Level 1:colcon.colcon_core.environment:checking '/root/ros2_ws/src/install/local_planner/lib/pkgconfig/local_planner.pc'
[5.476s] Level 1:colcon.colcon_core.environment:checking '/root/ros2_ws/src/install/local_planner/lib/python3.10/site-packages'
[5.476s] Level 1:colcon.colcon_core.environment:checking '/root/ros2_ws/src/install/local_planner/bin'
[5.476s] INFO:colcon.colcon_core.shell:Creating package script '/root/ros2_ws/src/install/local_planner/share/local_planner/package.ps1'
[5.477s] INFO:colcon.colcon_core.shell:Creating package descriptor '/root/ros2_ws/src/install/local_planner/share/local_planner/package.dsv'
[5.477s] INFO:colcon.colcon_core.shell:Creating package script '/root/ros2_ws/src/install/local_planner/share/local_planner/package.sh'
[5.477s] INFO:colcon.colcon_core.shell:Creating package script '/root/ros2_ws/src/install/local_planner/share/local_planner/package.bash'
[5.477s] INFO:colcon.colcon_core.shell:Creating package script '/root/ros2_ws/src/install/local_planner/share/local_planner/package.zsh'
[5.478s] Level 1:colcon.colcon_core.environment:create_file_with_runtime_dependencies(/root/ros2_ws/src/install/local_planner/share/colcon-core/packages/local_planner)
[5.478s] Level 1:colcon.colcon_core.environment:create_environment_scripts_only(local_planner)
[5.478s] Level 1:colcon.colcon_core.environment:checking '/root/ros2_ws/src/install/local_planner' for CMake module files
[5.478s] Level 1:colcon.colcon_core.environment:checking '/root/ros2_ws/src/install/local_planner' for CMake config files
[5.479s] Level 1:colcon.colcon_core.shell:create_environment_hook('local_planner', 'cmake_prefix_path')
[5.479s] INFO:colcon.colcon_core.shell:Creating environment hook '/root/ros2_ws/src/install/local_planner/share/local_planner/hook/cmake_prefix_path.ps1'
[5.479s] INFO:colcon.colcon_core.shell:Creating environment descriptor '/root/ros2_ws/src/install/local_planner/share/local_planner/hook/cmake_prefix_path.dsv'
[5.479s] INFO:colcon.colcon_core.shell:Creating environment hook '/root/ros2_ws/src/install/local_planner/share/local_planner/hook/cmake_prefix_path.sh'
[5.479s] Level 1:colcon.colcon_core.environment:checking '/root/ros2_ws/src/install/local_planner/lib'
[5.479s] Level 1:colcon.colcon_core.environment:checking '/root/ros2_ws/src/install/local_planner/bin'
[5.480s] Level 1:colcon.colcon_core.environment:checking '/root/ros2_ws/src/install/local_planner/lib/pkgconfig/local_planner.pc'
[5.480s] Level 1:colcon.colcon_core.environment:checking '/root/ros2_ws/src/install/local_planner/lib/python3.10/site-packages'
[5.480s] Level 1:colcon.colcon_core.environment:checking '/root/ros2_ws/src/install/local_planner/bin'
[5.480s] INFO:colcon.colcon_core.shell:Creating package script '/root/ros2_ws/src/install/local_planner/share/local_planner/package.ps1'
[5.480s] INFO:colcon.colcon_core.shell:Creating package descriptor '/root/ros2_ws/src/install/local_planner/share/local_planner/package.dsv'
[5.481s] INFO:colcon.colcon_core.shell:Creating package script '/root/ros2_ws/src/install/local_planner/share/local_planner/package.sh'
[5.481s] INFO:colcon.colcon_core.shell:Creating package script '/root/ros2_ws/src/install/local_planner/share/local_planner/package.bash'
[5.481s] INFO:colcon.colcon_core.shell:Creating package script '/root/ros2_ws/src/install/local_planner/share/local_planner/package.zsh'
[5.481s] Level 1:colcon.colcon_core.environment:create_file_with_runtime_dependencies(/root/ros2_ws/src/install/local_planner/share/colcon-core/packages/local_planner)
[5.668s] DEBUG:colcon.colcon_core.event_handler.log_command:Invoked command in '/root/ros2_ws/src/build/super_odometry' returned '0': CMAKE_PREFIX_PATH=/root/ros2_ws/src/install/super_odometry_msgs:/root/ros2_ws/src/install/livox_ros_driver2:/root/ros2_ws/src/install/waypoint_rviz_plugin:/root/ros2_ws/src/install/waypoint_example:/root/ros2_ws/src/install/visualization_tools:/root/ros2_ws/src/install/graph_decoder:/root/ros2_ws/src/install/far_planner:/root/ros2_ws/src/install/boundary_handler:/root/ros2_ws/src/install/visibility_graph_msg:/root/ros2_ws/src/install/vehicle_simulator:/root/ros2_ws/src/install/local_planner:/root/ros2_ws/src/install/calibrate_imu:/root/ros2_ws/src/install/go2_sport_api:/root/ros2_ws/src/install/unitree_go:/root/ros2_ws/src/install/unitree_api:/root/ros2_ws/src/install/point_lio_unilidar:/root/ros2_ws/src/install/terrain_analysis_ext:/root/ros2_ws/src/install/terrain_analysis:/root/ros2_ws/src/install/teleop_rviz_plugin_plus:/root/ros2_ws/src/install/teleop_rviz_plugin:/root/ros2_ws/src/install/super_odometry:/root/ros2_ws/src/install/sensor_scan_generation:/root/ros2_ws/src/install/rviz_2d_overlay_plugins:/root/ros2_ws/src/install/rviz_2d_overlay_msgs:/root/ros2_ws/src/install/goalpoint_rviz_plugin:/root/ros2_ws/src/install/go2_h264_repub:/root/ros2_ws/src/install/transform_sensors:/root/ros2_ws/src/install/ros_tcp_endpoint:/opt/ros/humble LD_LIBRARY_PATH=/root/ros2_ws/src/install/super_odometry_msgs/lib:/root/ros2_ws/src/install/livox_ros_driver2/lib:/root/ros2_ws/src/install/visibility_graph_msg/lib:/root/ros2_ws/src/install/go2_sport_api/lib:/root/ros2_ws/src/install/unitree_go/lib:/root/ros2_ws/src/install/unitree_api/lib:/root/ros2_ws/src/install/super_odometry/lib:/root/ros2_ws/src/install/rviz_2d_overlay_plugins/lib:/root/ros2_ws/src/install/rviz_2d_overlay_msgs/lib:/opt/ros/humble/opt/rviz_ogre_vendor/lib:/opt/ros/humble/lib/x86_64-linux-gnu:/opt/ros/humble/lib /usr/bin/cmake /root/ros2_ws/src/slam/SuperOdom/super_odometry -DCMAKE_INSTALL_PREFIX=/root/ros2_ws/src/install/super_odometry
[5.670s] DEBUG:colcon.colcon_core.event_handler.log_command:Invoking command in '/root/ros2_ws/src/build/super_odometry': CMAKE_PREFIX_PATH=/root/ros2_ws/src/install/super_odometry_msgs:/root/ros2_ws/src/install/livox_ros_driver2:/root/ros2_ws/src/install/waypoint_rviz_plugin:/root/ros2_ws/src/install/waypoint_example:/root/ros2_ws/src/install/visualization_tools:/root/ros2_ws/src/install/graph_decoder:/root/ros2_ws/src/install/far_planner:/root/ros2_ws/src/install/boundary_handler:/root/ros2_ws/src/install/visibility_graph_msg:/root/ros2_ws/src/install/vehicle_simulator:/root/ros2_ws/src/install/local_planner:/root/ros2_ws/src/install/calibrate_imu:/root/ros2_ws/src/install/go2_sport_api:/root/ros2_ws/src/install/unitree_go:/root/ros2_ws/src/install/unitree_api:/root/ros2_ws/src/install/point_lio_unilidar:/root/ros2_ws/src/install/terrain_analysis_ext:/root/ros2_ws/src/install/terrain_analysis:/root/ros2_ws/src/install/teleop_rviz_plugin_plus:/root/ros2_ws/src/install/teleop_rviz_plugin:/root/ros2_ws/src/install/super_odometry:/root/ros2_ws/src/install/sensor_scan_generation:/root/ros2_ws/src/install/rviz_2d_overlay_plugins:/root/ros2_ws/src/install/rviz_2d_overlay_msgs:/root/ros2_ws/src/install/goalpoint_rviz_plugin:/root/ros2_ws/src/install/go2_h264_repub:/root/ros2_ws/src/install/transform_sensors:/root/ros2_ws/src/install/ros_tcp_endpoint:/opt/ros/humble LD_LIBRARY_PATH=/root/ros2_ws/src/install/super_odometry_msgs/lib:/root/ros2_ws/src/install/livox_ros_driver2/lib:/root/ros2_ws/src/install/visibility_graph_msg/lib:/root/ros2_ws/src/install/go2_sport_api/lib:/root/ros2_ws/src/install/unitree_go/lib:/root/ros2_ws/src/install/unitree_api/lib:/root/ros2_ws/src/install/super_odometry/lib:/root/ros2_ws/src/install/rviz_2d_overlay_plugins/lib:/root/ros2_ws/src/install/rviz_2d_overlay_msgs/lib:/opt/ros/humble/opt/rviz_ogre_vendor/lib:/opt/ros/humble/lib/x86_64-linux-gnu:/opt/ros/humble/lib /usr/bin/cmake --build /root/ros2_ws/src/build/super_odometry -- -j24 -l24
[5.773s] DEBUG:colcon.colcon_core.event_handler.log_command:Invoked command in '/root/ros2_ws/src/build/super_odometry' returned '0': CMAKE_PREFIX_PATH=/root/ros2_ws/src/install/super_odometry_msgs:/root/ros2_ws/src/install/livox_ros_driver2:/root/ros2_ws/src/install/waypoint_rviz_plugin:/root/ros2_ws/src/install/waypoint_example:/root/ros2_ws/src/install/visualization_tools:/root/ros2_ws/src/install/graph_decoder:/root/ros2_ws/src/install/far_planner:/root/ros2_ws/src/install/boundary_handler:/root/ros2_ws/src/install/visibility_graph_msg:/root/ros2_ws/src/install/vehicle_simulator:/root/ros2_ws/src/install/local_planner:/root/ros2_ws/src/install/calibrate_imu:/root/ros2_ws/src/install/go2_sport_api:/root/ros2_ws/src/install/unitree_go:/root/ros2_ws/src/install/unitree_api:/root/ros2_ws/src/install/point_lio_unilidar:/root/ros2_ws/src/install/terrain_analysis_ext:/root/ros2_ws/src/install/terrain_analysis:/root/ros2_ws/src/install/teleop_rviz_plugin_plus:/root/ros2_ws/src/install/teleop_rviz_plugin:/root/ros2_ws/src/install/super_odometry:/root/ros2_ws/src/install/sensor_scan_generation:/root/ros2_ws/src/install/rviz_2d_overlay_plugins:/root/ros2_ws/src/install/rviz_2d_overlay_msgs:/root/ros2_ws/src/install/goalpoint_rviz_plugin:/root/ros2_ws/src/install/go2_h264_repub:/root/ros2_ws/src/install/transform_sensors:/root/ros2_ws/src/install/ros_tcp_endpoint:/opt/ros/humble LD_LIBRARY_PATH=/root/ros2_ws/src/install/super_odometry_msgs/lib:/root/ros2_ws/src/install/livox_ros_driver2/lib:/root/ros2_ws/src/install/visibility_graph_msg/lib:/root/ros2_ws/src/install/go2_sport_api/lib:/root/ros2_ws/src/install/unitree_go/lib:/root/ros2_ws/src/install/unitree_api/lib:/root/ros2_ws/src/install/super_odometry/lib:/root/ros2_ws/src/install/rviz_2d_overlay_plugins/lib:/root/ros2_ws/src/install/rviz_2d_overlay_msgs/lib:/opt/ros/humble/opt/rviz_ogre_vendor/lib:/opt/ros/humble/lib/x86_64-linux-gnu:/opt/ros/humble/lib /usr/bin/cmake --build /root/ros2_ws/src/build/super_odometry -- -j24 -l24
[5.774s] DEBUG:colcon.colcon_core.event_handler.log_command:Invoking command in '/root/ros2_ws/src/build/super_odometry': CMAKE_PREFIX_PATH=/root/ros2_ws/src/install/super_odometry_msgs:/root/ros2_ws/src/install/livox_ros_driver2:/root/ros2_ws/src/install/waypoint_rviz_plugin:/root/ros2_ws/src/install/waypoint_example:/root/ros2_ws/src/install/visualization_tools:/root/ros2_ws/src/install/graph_decoder:/root/ros2_ws/src/install/far_planner:/root/ros2_ws/src/install/boundary_handler:/root/ros2_ws/src/install/visibility_graph_msg:/root/ros2_ws/src/install/vehicle_simulator:/root/ros2_ws/src/install/local_planner:/root/ros2_ws/src/install/calibrate_imu:/root/ros2_ws/src/install/go2_sport_api:/root/ros2_ws/src/install/unitree_go:/root/ros2_ws/src/install/unitree_api:/root/ros2_ws/src/install/point_lio_unilidar:/root/ros2_ws/src/install/terrain_analysis_ext:/root/ros2_ws/src/install/terrain_analysis:/root/ros2_ws/src/install/teleop_rviz_plugin_plus:/root/ros2_ws/src/install/teleop_rviz_plugin:/root/ros2_ws/src/install/super_odometry:/root/ros2_ws/src/install/sensor_scan_generation:/root/ros2_ws/src/install/rviz_2d_overlay_plugins:/root/ros2_ws/src/install/rviz_2d_overlay_msgs:/root/ros2_ws/src/install/goalpoint_rviz_plugin:/root/ros2_ws/src/install/go2_h264_repub:/root/ros2_ws/src/install/transform_sensors:/root/ros2_ws/src/install/ros_tcp_endpoint:/opt/ros/humble LD_LIBRARY_PATH=/root/ros2_ws/src/install/super_odometry_msgs/lib:/root/ros2_ws/src/install/livox_ros_driver2/lib:/root/ros2_ws/src/install/visibility_graph_msg/lib:/root/ros2_ws/src/install/go2_sport_api/lib:/root/ros2_ws/src/install/unitree_go/lib:/root/ros2_ws/src/install/unitree_api/lib:/root/ros2_ws/src/install/super_odometry/lib:/root/ros2_ws/src/install/rviz_2d_overlay_plugins/lib:/root/ros2_ws/src/install/rviz_2d_overlay_msgs/lib:/opt/ros/humble/opt/rviz_ogre_vendor/lib:/opt/ros/humble/lib/x86_64-linux-gnu:/opt/ros/humble/lib /usr/bin/cmake --install /root/ros2_ws/src/build/super_odometry
[5.782s] Level 1:colcon.colcon_core.environment:create_environment_scripts_only(super_odometry)
[5.782s] Level 1:colcon.colcon_core.environment:checking '/root/ros2_ws/src/install/super_odometry' for CMake module files
[5.783s] DEBUG:colcon.colcon_core.event_handler.log_command:Invoked command in '/root/ros2_ws/src/build/super_odometry' returned '0': CMAKE_PREFIX_PATH=/root/ros2_ws/src/install/super_odometry_msgs:/root/ros2_ws/src/install/livox_ros_driver2:/root/ros2_ws/src/install/waypoint_rviz_plugin:/root/ros2_ws/src/install/waypoint_example:/root/ros2_ws/src/install/visualization_tools:/root/ros2_ws/src/install/graph_decoder:/root/ros2_ws/src/install/far_planner:/root/ros2_ws/src/install/boundary_handler:/root/ros2_ws/src/install/visibility_graph_msg:/root/ros2_ws/src/install/vehicle_simulator:/root/ros2_ws/src/install/local_planner:/root/ros2_ws/src/install/calibrate_imu:/root/ros2_ws/src/install/go2_sport_api:/root/ros2_ws/src/install/unitree_go:/root/ros2_ws/src/install/unitree_api:/root/ros2_ws/src/install/point_lio_unilidar:/root/ros2_ws/src/install/terrain_analysis_ext:/root/ros2_ws/src/install/terrain_analysis:/root/ros2_ws/src/install/teleop_rviz_plugin_plus:/root/ros2_ws/src/install/teleop_rviz_plugin:/root/ros2_ws/src/install/super_odometry:/root/ros2_ws/src/install/sensor_scan_generation:/root/ros2_ws/src/install/rviz_2d_overlay_plugins:/root/ros2_ws/src/install/rviz_2d_overlay_msgs:/root/ros2_ws/src/install/goalpoint_rviz_plugin:/root/ros2_ws/src/install/go2_h264_repub:/root/ros2_ws/src/install/transform_sensors:/root/ros2_ws/src/install/ros_tcp_endpoint:/opt/ros/humble LD_LIBRARY_PATH=/root/ros2_ws/src/install/super_odometry_msgs/lib:/root/ros2_ws/src/install/livox_ros_driver2/lib:/root/ros2_ws/src/install/visibility_graph_msg/lib:/root/ros2_ws/src/install/go2_sport_api/lib:/root/ros2_ws/src/install/unitree_go/lib:/root/ros2_ws/src/install/unitree_api/lib:/root/ros2_ws/src/install/super_odometry/lib:/root/ros2_ws/src/install/rviz_2d_overlay_plugins/lib:/root/ros2_ws/src/install/rviz_2d_overlay_msgs/lib:/opt/ros/humble/opt/rviz_ogre_vendor/lib:/opt/ros/humble/lib/x86_64-linux-gnu:/opt/ros/humble/lib /usr/bin/cmake --install /root/ros2_ws/src/build/super_odometry
[5.783s] Level 1:colcon.colcon_core.environment:checking '/root/ros2_ws/src/install/super_odometry' for CMake config files
[5.783s] Level 1:colcon.colcon_core.shell:create_environment_hook('super_odometry', 'cmake_prefix_path')
[5.783s] INFO:colcon.colcon_core.shell:Creating environment hook '/root/ros2_ws/src/install/super_odometry/share/super_odometry/hook/cmake_prefix_path.ps1'
[5.783s] INFO:colcon.colcon_core.shell:Creating environment descriptor '/root/ros2_ws/src/install/super_odometry/share/super_odometry/hook/cmake_prefix_path.dsv'
[5.784s] INFO:colcon.colcon_core.shell:Creating environment hook '/root/ros2_ws/src/install/super_odometry/share/super_odometry/hook/cmake_prefix_path.sh'
[5.784s] Level 1:colcon.colcon_core.environment:checking '/root/ros2_ws/src/install/super_odometry/lib'
[5.784s] Level 1:colcon.colcon_core.shell:create_environment_hook('super_odometry', 'ld_library_path_lib')
[5.784s] INFO:colcon.colcon_core.shell:Creating environment hook '/root/ros2_ws/src/install/super_odometry/share/super_odometry/hook/ld_library_path_lib.ps1'
[5.784s] INFO:colcon.colcon_core.shell:Creating environment descriptor '/root/ros2_ws/src/install/super_odometry/share/super_odometry/hook/ld_library_path_lib.dsv'
[5.784s] INFO:colcon.colcon_core.shell:Creating environment hook '/root/ros2_ws/src/install/super_odometry/share/super_odometry/hook/ld_library_path_lib.sh'
[5.785s] Level 1:colcon.colcon_core.environment:checking '/root/ros2_ws/src/install/super_odometry/bin'
[5.785s] Level 1:colcon.colcon_core.environment:checking '/root/ros2_ws/src/install/super_odometry/lib/pkgconfig/super_odometry.pc'
[5.785s] Level 1:colcon.colcon_core.environment:checking '/root/ros2_ws/src/install/super_odometry/lib/python3.10/site-packages'
[5.785s] Level 1:colcon.colcon_core.environment:checking '/root/ros2_ws/src/install/super_odometry/bin'
[5.785s] INFO:colcon.colcon_core.shell:Creating package script '/root/ros2_ws/src/install/super_odometry/share/super_odometry/package.ps1'
[5.785s] INFO:colcon.colcon_core.shell:Creating package descriptor '/root/ros2_ws/src/install/super_odometry/share/super_odometry/package.dsv'
[5.786s] INFO:colcon.colcon_core.shell:Creating package script '/root/ros2_ws/src/install/super_odometry/share/super_odometry/package.sh'
[5.786s] INFO:colcon.colcon_core.shell:Creating package script '/root/ros2_ws/src/install/super_odometry/share/super_odometry/package.bash'
[5.786s] INFO:colcon.colcon_core.shell:Creating package script '/root/ros2_ws/src/install/super_odometry/share/super_odometry/package.zsh'
[5.786s] Level 1:colcon.colcon_core.environment:create_file_with_runtime_dependencies(/root/ros2_ws/src/install/super_odometry/share/colcon-core/packages/super_odometry)
[5.786s] Level 1:colcon.colcon_core.environment:create_environment_scripts_only(super_odometry)
[5.786s] Level 1:colcon.colcon_core.environment:checking '/root/ros2_ws/src/install/super_odometry' for CMake module files
[5.787s] Level 1:colcon.colcon_core.environment:checking '/root/ros2_ws/src/install/super_odometry' for CMake config files
[5.787s] Level 1:colcon.colcon_core.shell:create_environment_hook('super_odometry', 'cmake_prefix_path')
[5.787s] INFO:colcon.colcon_core.shell:Creating environment hook '/root/ros2_ws/src/install/super_odometry/share/super_odometry/hook/cmake_prefix_path.ps1'
[5.787s] INFO:colcon.colcon_core.shell:Creating environment descriptor '/root/ros2_ws/src/install/super_odometry/share/super_odometry/hook/cmake_prefix_path.dsv'
[5.787s] INFO:colcon.colcon_core.shell:Creating environment hook '/root/ros2_ws/src/install/super_odometry/share/super_odometry/hook/cmake_prefix_path.sh'
[5.788s] Level 1:colcon.colcon_core.environment:checking '/root/ros2_ws/src/install/super_odometry/lib'
[5.788s] Level 1:colcon.colcon_core.shell:create_environment_hook('super_odometry', 'ld_library_path_lib')
[5.788s] INFO:colcon.colcon_core.shell:Creating environment hook '/root/ros2_ws/src/install/super_odometry/share/super_odometry/hook/ld_library_path_lib.ps1'
[5.788s] INFO:colcon.colcon_core.shell:Creating environment descriptor '/root/ros2_ws/src/install/super_odometry/share/super_odometry/hook/ld_library_path_lib.dsv'
[5.788s] INFO:colcon.colcon_core.shell:Creating environment hook '/root/ros2_ws/src/install/super_odometry/share/super_odometry/hook/ld_library_path_lib.sh'
[5.788s] Level 1:colcon.colcon_core.environment:checking '/root/ros2_ws/src/install/super_odometry/bin'
[5.788s] Level 1:colcon.colcon_core.environment:checking '/root/ros2_ws/src/install/super_odometry/lib/pkgconfig/super_odometry.pc'
[5.788s] Level 1:colcon.colcon_core.environment:checking '/root/ros2_ws/src/install/super_odometry/lib/python3.10/site-packages'
[5.789s] Level 1:colcon.colcon_core.environment:checking '/root/ros2_ws/src/install/super_odometry/bin'
[5.789s] INFO:colcon.colcon_core.shell:Creating package script '/root/ros2_ws/src/install/super_odometry/share/super_odometry/package.ps1'
[5.789s] INFO:colcon.colcon_core.shell:Creating package descriptor '/root/ros2_ws/src/install/super_odometry/share/super_odometry/package.dsv'
[5.789s] INFO:colcon.colcon_core.shell:Creating package script '/root/ros2_ws/src/install/super_odometry/share/super_odometry/package.sh'
[5.789s] INFO:colcon.colcon_core.shell:Creating package script '/root/ros2_ws/src/install/super_odometry/share/super_odometry/package.bash'
[5.790s] INFO:colcon.colcon_core.shell:Creating package script '/root/ros2_ws/src/install/super_odometry/share/super_odometry/package.zsh'
[5.790s] Level 1:colcon.colcon_core.environment:create_file_with_runtime_dependencies(/root/ros2_ws/src/install/super_odometry/share/colcon-core/packages/super_odometry)
[5.790s] DEBUG:colcon.colcon_parallel_executor.executor.parallel:closing loop
[5.790s] DEBUG:colcon.colcon_parallel_executor.executor.parallel:loop closed
[5.790s] DEBUG:colcon.colcon_parallel_executor.executor.parallel:run_until_complete finished with '0'
[5.790s] DEBUG:colcon.colcon_core.event_reactor:joining thread
[5.794s] INFO:colcon.colcon_core.plugin_system:Skipping extension 'colcon_notification.desktop_notification.notify_send': Could not find 'notify-send'
[5.794s] INFO:colcon.colcon_core.plugin_system:Skipping extension 'colcon_notification.desktop_notification.terminal_notifier': Not used on non-Darwin systems
[5.794s] INFO:colcon.colcon_core.plugin_system:Skipping extension 'colcon_notification.desktop_notification.win32': Not used on non-Windows systems
[5.794s] INFO:colcon.colcon_notification.desktop_notification:Sending desktop notification using 'notify2'
[5.796s] DEBUG:colcon.colcon_notification.desktop_notification.notify2:Failed to initialize notify2: org.freedesktop.DBus.Error.Spawn.ExecFailed: /usr/bin/dbus-launch terminated abnormally without any error message
[5.796s] DEBUG:colcon.colcon_core.event_reactor:joined thread
[5.796s] INFO:colcon.colcon_core.shell:Creating prefix script '/root/ros2_ws/src/install/local_setup.ps1'
[5.797s] INFO:colcon.colcon_core.shell:Creating prefix util module '/root/ros2_ws/src/install/_local_setup_util_ps1.py'
[5.797s] INFO:colcon.colcon_core.shell:Creating prefix chain script '/root/ros2_ws/src/install/setup.ps1'
[5.798s] INFO:colcon.colcon_core.shell:Creating prefix script '/root/ros2_ws/src/install/local_setup.sh'
[5.799s] INFO:colcon.colcon_core.shell:Creating prefix util module '/root/ros2_ws/src/install/_local_setup_util_sh.py'
[5.799s] INFO:colcon.colcon_core.shell:Creating prefix chain script '/root/ros2_ws/src/install/setup.sh'
[5.800s] INFO:colcon.colcon_core.shell:Creating prefix script '/root/ros2_ws/src/install/local_setup.bash'
[5.800s] INFO:colcon.colcon_core.shell:Creating prefix chain script '/root/ros2_ws/src/install/setup.bash'
[5.801s] INFO:colcon.colcon_core.shell:Creating prefix script '/root/ros2_ws/src/install/local_setup.zsh'
[5.801s] INFO:colcon.colcon_core.shell:Creating prefix chain script '/root/ros2_ws/src/install/setup.zsh'
