[0.050s] DEBUG:colcon:Command line arguments: ['/usr/bin/colcon', 'build', '--cmake-args', '-DROS_EDITION=ROS2', '-DHUMBLE_ROS=humble']
[0.050s] DEBUG:colcon:Parsed command line arguments: Namespace(log_base=None, log_level=None, verb_name='build', build_base='build', install_base='install', merge_install=False, symlink_install=False, test_result_base=None, continue_on_error=False, executor='parallel', parallel_workers=24, event_handlers=None, ignore_user_meta=False, metas=['./colcon.meta'], base_paths=['.'], packages_ignore=None, packages_ignore_regex=None, paths=None, packages_up_to=None, packages_up_to_regex=None, packages_above=None, packages_above_and_dependencies=None, packages_above_depth=None, packages_select_by_dep=None, packages_skip_by_dep=None, packages_skip_up_to=None, packages_select_build_failed=False, packages_skip_build_finished=False, packages_select_test_failures=False, packages_skip_test_passed=False, packages_select=None, packages_skip=None, packages_select_regex=None, packages_skip_regex=None, packages_start=None, packages_end=None, cmake_args=['-DROS_EDITION=ROS2', '-DHUMBLE_ROS=humble'], cmake_target=None, cmake_target_skip_unavailable=False, cmake_clean_cache=False, cmake_clean_first=False, cmake_force_configure=False, ament_cmake_args=None, catkin_cmake_args=None, catkin_skip_building_tests=False, mixin_files=None, mixin=None, verb_parser=<colcon_mixin.mixin.mixin_argument.MixinArgumentDecorator object at 0x717f50382650>, verb_extension=<colcon_core.verb.build.BuildVerb object at 0x717f50381fc0>, main=<bound method BuildVerb.main of <colcon_core.verb.build.BuildVerb object at 0x717f50381fc0>>, mixin_verb=('build',))
[0.112s] Level 1:colcon.colcon_core.package_discovery:discover_packages(colcon_meta) check parameters
[0.113s] INFO:colcon.colcon_metadata.package_discovery.colcon_meta:Using configuration from '/root/.colcon/metadata/default/Gazebo.meta'
[0.113s] INFO:colcon.colcon_metadata.package_discovery.colcon_meta:Using configuration from '/root/.colcon/metadata/default/fastdds.meta'
[0.113s] INFO:colcon.colcon_metadata.package_discovery.colcon_meta:Using configuration from '/root/.colcon/metadata/default/fastrtps.meta'
[0.113s] Level 1:colcon.colcon_core.package_discovery:discover_packages(recursive) check parameters
[0.113s] Level 1:colcon.colcon_core.package_discovery:discover_packages(ignore) check parameters
[0.113s] Level 1:colcon.colcon_core.package_discovery:discover_packages(path) check parameters
[0.113s] Level 1:colcon.colcon_core.package_discovery:discover_packages(colcon_meta) discover
[0.113s] Level 1:colcon.colcon_core.package_discovery:discover_packages(recursive) discover
[0.113s] INFO:colcon.colcon_core.package_discovery:Crawling recursively for packages in '/root/ros2_ws/src'
[0.113s] Level 1:colcon.colcon_core.package_identification:_identify(.) by extensions ['ignore', 'ignore_ament_install']
[0.113s] Level 1:colcon.colcon_core.package_identification:_identify(.) by extension 'ignore'
[0.113s] Level 1:colcon.colcon_core.package_identification:_identify(.) by extension 'ignore_ament_install'
[0.113s] Level 1:colcon.colcon_core.package_identification:_identify(.) by extensions ['colcon_pkg']
[0.113s] Level 1:colcon.colcon_core.package_identification:_identify(.) by extension 'colcon_pkg'
[0.113s] Level 1:colcon.colcon_core.package_identification:_identify(.) by extensions ['colcon_meta']
[0.113s] Level 1:colcon.colcon_core.package_identification:_identify(.) by extension 'colcon_meta'
[0.113s] Level 1:colcon.colcon_core.package_identification:_identify(.) by extensions ['ros']
[0.113s] Level 1:colcon.colcon_core.package_identification:_identify(.) by extension 'ros'
[0.118s] Level 1:colcon.colcon_core.package_identification:_identify(.) by extensions ['cmake', 'python']
[0.118s] Level 1:colcon.colcon_core.package_identification:_identify(.) by extension 'cmake'
[0.118s] Level 1:colcon.colcon_core.package_identification:_identify(.) by extension 'python'
[0.118s] Level 1:colcon.colcon_core.package_identification:_identify(.) by extensions ['python_setup_py']
[0.118s] Level 1:colcon.colcon_core.package_identification:_identify(.) by extension 'python_setup_py'
[0.118s] Level 1:colcon.colcon_core.package_identification:_identify(base_autonomy) by extensions ['ignore', 'ignore_ament_install']
[0.118s] Level 1:colcon.colcon_core.package_identification:_identify(base_autonomy) by extension 'ignore'
[0.118s] Level 1:colcon.colcon_core.package_identification:_identify(base_autonomy) by extension 'ignore_ament_install'
[0.118s] Level 1:colcon.colcon_core.package_identification:_identify(base_autonomy) by extensions ['colcon_pkg']
[0.118s] Level 1:colcon.colcon_core.package_identification:_identify(base_autonomy) by extension 'colcon_pkg'
[0.118s] Level 1:colcon.colcon_core.package_identification:_identify(base_autonomy) by extensions ['colcon_meta']
[0.118s] Level 1:colcon.colcon_core.package_identification:_identify(base_autonomy) by extension 'colcon_meta'
[0.118s] Level 1:colcon.colcon_core.package_identification:_identify(base_autonomy) by extensions ['ros']
[0.118s] Level 1:colcon.colcon_core.package_identification:_identify(base_autonomy) by extension 'ros'
[0.118s] Level 1:colcon.colcon_core.package_identification:_identify(base_autonomy) by extensions ['cmake', 'python']
[0.118s] Level 1:colcon.colcon_core.package_identification:_identify(base_autonomy) by extension 'cmake'
[0.118s] Level 1:colcon.colcon_core.package_identification:_identify(base_autonomy) by extension 'python'
[0.118s] Level 1:colcon.colcon_core.package_identification:_identify(base_autonomy) by extensions ['python_setup_py']
[0.118s] Level 1:colcon.colcon_core.package_identification:_identify(base_autonomy) by extension 'python_setup_py'
[0.118s] Level 1:colcon.colcon_core.package_identification:_identify(base_autonomy/local_planner) by extensions ['ignore', 'ignore_ament_install']
[0.118s] Level 1:colcon.colcon_core.package_identification:_identify(base_autonomy/local_planner) by extension 'ignore'
[0.118s] Level 1:colcon.colcon_core.package_identification:_identify(base_autonomy/local_planner) by extension 'ignore_ament_install'
[0.118s] Level 1:colcon.colcon_core.package_identification:_identify(base_autonomy/local_planner) by extensions ['colcon_pkg']
[0.118s] Level 1:colcon.colcon_core.package_identification:_identify(base_autonomy/local_planner) by extension 'colcon_pkg'
[0.118s] Level 1:colcon.colcon_core.package_identification:_identify(base_autonomy/local_planner) by extensions ['colcon_meta']
[0.118s] Level 1:colcon.colcon_core.package_identification:_identify(base_autonomy/local_planner) by extension 'colcon_meta'
[0.118s] Level 1:colcon.colcon_core.package_identification:_identify(base_autonomy/local_planner) by extensions ['ros']
[0.119s] Level 1:colcon.colcon_core.package_identification:_identify(base_autonomy/local_planner) by extension 'ros'
[0.120s] DEBUG:colcon.colcon_core.package_identification:Package 'base_autonomy/local_planner' with type 'ros.ament_cmake' and name 'local_planner'
[0.120s] Level 1:colcon.colcon_core.package_identification:_identify(base_autonomy/sensor_scan_generation) by extensions ['ignore', 'ignore_ament_install']
[0.120s] Level 1:colcon.colcon_core.package_identification:_identify(base_autonomy/sensor_scan_generation) by extension 'ignore'
[0.120s] Level 1:colcon.colcon_core.package_identification:_identify(base_autonomy/sensor_scan_generation) by extension 'ignore_ament_install'
[0.120s] Level 1:colcon.colcon_core.package_identification:_identify(base_autonomy/sensor_scan_generation) by extensions ['colcon_pkg']
[0.120s] Level 1:colcon.colcon_core.package_identification:_identify(base_autonomy/sensor_scan_generation) by extension 'colcon_pkg'
[0.120s] Level 1:colcon.colcon_core.package_identification:_identify(base_autonomy/sensor_scan_generation) by extensions ['colcon_meta']
[0.120s] Level 1:colcon.colcon_core.package_identification:_identify(base_autonomy/sensor_scan_generation) by extension 'colcon_meta'
[0.120s] Level 1:colcon.colcon_core.package_identification:_identify(base_autonomy/sensor_scan_generation) by extensions ['ros']
[0.120s] Level 1:colcon.colcon_core.package_identification:_identify(base_autonomy/sensor_scan_generation) by extension 'ros'
[0.121s] DEBUG:colcon.colcon_core.package_identification:Package 'base_autonomy/sensor_scan_generation' with type 'ros.ament_cmake' and name 'sensor_scan_generation'
[0.121s] Level 1:colcon.colcon_core.package_identification:_identify(base_autonomy/terrain_analysis) by extensions ['ignore', 'ignore_ament_install']
[0.121s] Level 1:colcon.colcon_core.package_identification:_identify(base_autonomy/terrain_analysis) by extension 'ignore'
[0.121s] Level 1:colcon.colcon_core.package_identification:_identify(base_autonomy/terrain_analysis) by extension 'ignore_ament_install'
[0.121s] Level 1:colcon.colcon_core.package_identification:_identify(base_autonomy/terrain_analysis) by extensions ['colcon_pkg']
[0.121s] Level 1:colcon.colcon_core.package_identification:_identify(base_autonomy/terrain_analysis) by extension 'colcon_pkg'
[0.121s] Level 1:colcon.colcon_core.package_identification:_identify(base_autonomy/terrain_analysis) by extensions ['colcon_meta']
[0.121s] Level 1:colcon.colcon_core.package_identification:_identify(base_autonomy/terrain_analysis) by extension 'colcon_meta'
[0.121s] Level 1:colcon.colcon_core.package_identification:_identify(base_autonomy/terrain_analysis) by extensions ['ros']
[0.121s] Level 1:colcon.colcon_core.package_identification:_identify(base_autonomy/terrain_analysis) by extension 'ros'
[0.121s] DEBUG:colcon.colcon_core.package_identification:Package 'base_autonomy/terrain_analysis' with type 'ros.ament_cmake' and name 'terrain_analysis'
[0.121s] Level 1:colcon.colcon_core.package_identification:_identify(base_autonomy/terrain_analysis_ext) by extensions ['ignore', 'ignore_ament_install']
[0.121s] Level 1:colcon.colcon_core.package_identification:_identify(base_autonomy/terrain_analysis_ext) by extension 'ignore'
[0.121s] Level 1:colcon.colcon_core.package_identification:_identify(base_autonomy/terrain_analysis_ext) by extension 'ignore_ament_install'
[0.121s] Level 1:colcon.colcon_core.package_identification:_identify(base_autonomy/terrain_analysis_ext) by extensions ['colcon_pkg']
[0.121s] Level 1:colcon.colcon_core.package_identification:_identify(base_autonomy/terrain_analysis_ext) by extension 'colcon_pkg'
[0.121s] Level 1:colcon.colcon_core.package_identification:_identify(base_autonomy/terrain_analysis_ext) by extensions ['colcon_meta']
[0.121s] Level 1:colcon.colcon_core.package_identification:_identify(base_autonomy/terrain_analysis_ext) by extension 'colcon_meta'
[0.121s] Level 1:colcon.colcon_core.package_identification:_identify(base_autonomy/terrain_analysis_ext) by extensions ['ros']
[0.121s] Level 1:colcon.colcon_core.package_identification:_identify(base_autonomy/terrain_analysis_ext) by extension 'ros'
[0.122s] DEBUG:colcon.colcon_core.package_identification:Package 'base_autonomy/terrain_analysis_ext' with type 'ros.ament_cmake' and name 'terrain_analysis_ext'
[0.122s] Level 1:colcon.colcon_core.package_identification:_identify(base_autonomy/vehicle_simulator) by extensions ['ignore', 'ignore_ament_install']
[0.122s] Level 1:colcon.colcon_core.package_identification:_identify(base_autonomy/vehicle_simulator) by extension 'ignore'
[0.122s] Level 1:colcon.colcon_core.package_identification:_identify(base_autonomy/vehicle_simulator) by extension 'ignore_ament_install'
[0.122s] Level 1:colcon.colcon_core.package_identification:_identify(base_autonomy/vehicle_simulator) by extensions ['colcon_pkg']
[0.122s] Level 1:colcon.colcon_core.package_identification:_identify(base_autonomy/vehicle_simulator) by extension 'colcon_pkg'
[0.122s] Level 1:colcon.colcon_core.package_identification:_identify(base_autonomy/vehicle_simulator) by extensions ['colcon_meta']
[0.122s] Level 1:colcon.colcon_core.package_identification:_identify(base_autonomy/vehicle_simulator) by extension 'colcon_meta'
[0.122s] Level 1:colcon.colcon_core.package_identification:_identify(base_autonomy/vehicle_simulator) by extensions ['ros']
[0.122s] Level 1:colcon.colcon_core.package_identification:_identify(base_autonomy/vehicle_simulator) by extension 'ros'
[0.123s] DEBUG:colcon.colcon_core.package_identification:Package 'base_autonomy/vehicle_simulator' with type 'ros.ament_cmake' and name 'vehicle_simulator'
[0.123s] Level 1:colcon.colcon_core.package_identification:_identify(base_autonomy/visualization_tools) by extensions ['ignore', 'ignore_ament_install']
[0.123s] Level 1:colcon.colcon_core.package_identification:_identify(base_autonomy/visualization_tools) by extension 'ignore'
[0.123s] Level 1:colcon.colcon_core.package_identification:_identify(base_autonomy/visualization_tools) by extension 'ignore_ament_install'
[0.123s] Level 1:colcon.colcon_core.package_identification:_identify(base_autonomy/visualization_tools) by extensions ['colcon_pkg']
[0.123s] Level 1:colcon.colcon_core.package_identification:_identify(base_autonomy/visualization_tools) by extension 'colcon_pkg'
[0.123s] Level 1:colcon.colcon_core.package_identification:_identify(base_autonomy/visualization_tools) by extensions ['colcon_meta']
[0.123s] Level 1:colcon.colcon_core.package_identification:_identify(base_autonomy/visualization_tools) by extension 'colcon_meta'
[0.123s] Level 1:colcon.colcon_core.package_identification:_identify(base_autonomy/visualization_tools) by extensions ['ros']
[0.123s] Level 1:colcon.colcon_core.package_identification:_identify(base_autonomy/visualization_tools) by extension 'ros'
[0.124s] DEBUG:colcon.colcon_core.package_identification:Package 'base_autonomy/visualization_tools' with type 'ros.ament_cmake' and name 'visualization_tools'
[0.124s] Level 1:colcon.colcon_core.package_identification:_identify(base_autonomy/waypoint_example) by extensions ['ignore', 'ignore_ament_install']
[0.124s] Level 1:colcon.colcon_core.package_identification:_identify(base_autonomy/waypoint_example) by extension 'ignore'
[0.124s] Level 1:colcon.colcon_core.package_identification:_identify(base_autonomy/waypoint_example) by extension 'ignore_ament_install'
[0.124s] Level 1:colcon.colcon_core.package_identification:_identify(base_autonomy/waypoint_example) by extensions ['colcon_pkg']
[0.124s] Level 1:colcon.colcon_core.package_identification:_identify(base_autonomy/waypoint_example) by extension 'colcon_pkg'
[0.124s] Level 1:colcon.colcon_core.package_identification:_identify(base_autonomy/waypoint_example) by extensions ['colcon_meta']
[0.124s] Level 1:colcon.colcon_core.package_identification:_identify(base_autonomy/waypoint_example) by extension 'colcon_meta'
[0.124s] Level 1:colcon.colcon_core.package_identification:_identify(base_autonomy/waypoint_example) by extensions ['ros']
[0.124s] Level 1:colcon.colcon_core.package_identification:_identify(base_autonomy/waypoint_example) by extension 'ros'
[0.128s] DEBUG:colcon.colcon_core.package_identification:Package 'base_autonomy/waypoint_example' with type 'ros.ament_cmake' and name 'waypoint_example'
[0.128s] Level 1:colcon.colcon_core.package_identification:_identify(build) by extensions ['ignore', 'ignore_ament_install']
[0.128s] Level 1:colcon.colcon_core.package_identification:_identify(build) by extension 'ignore'
[0.128s] Level 1:colcon.colcon_core.package_identification:_identify(build) ignored
[0.128s] Level 1:colcon.colcon_core.package_identification:_identify(install) by extensions ['ignore', 'ignore_ament_install']
[0.128s] Level 1:colcon.colcon_core.package_identification:_identify(install) by extension 'ignore'
[0.128s] Level 1:colcon.colcon_core.package_identification:_identify(install) ignored
[0.129s] Level 1:colcon.colcon_core.package_identification:_identify(log) by extensions ['ignore', 'ignore_ament_install']
[0.129s] Level 1:colcon.colcon_core.package_identification:_identify(log) by extension 'ignore'
[0.129s] Level 1:colcon.colcon_core.package_identification:_identify(log) ignored
[0.129s] Level 1:colcon.colcon_core.package_identification:_identify(route_planner) by extensions ['ignore', 'ignore_ament_install']
[0.129s] Level 1:colcon.colcon_core.package_identification:_identify(route_planner) by extension 'ignore'
[0.129s] Level 1:colcon.colcon_core.package_identification:_identify(route_planner) by extension 'ignore_ament_install'
[0.129s] Level 1:colcon.colcon_core.package_identification:_identify(route_planner) by extensions ['colcon_pkg']
[0.129s] Level 1:colcon.colcon_core.package_identification:_identify(route_planner) by extension 'colcon_pkg'
[0.129s] Level 1:colcon.colcon_core.package_identification:_identify(route_planner) by extensions ['colcon_meta']
[0.129s] Level 1:colcon.colcon_core.package_identification:_identify(route_planner) by extension 'colcon_meta'
[0.129s] Level 1:colcon.colcon_core.package_identification:_identify(route_planner) by extensions ['ros']
[0.129s] Level 1:colcon.colcon_core.package_identification:_identify(route_planner) by extension 'ros'
[0.129s] Level 1:colcon.colcon_core.package_identification:_identify(route_planner) by extensions ['cmake', 'python']
[0.129s] Level 1:colcon.colcon_core.package_identification:_identify(route_planner) by extension 'cmake'
[0.129s] Level 1:colcon.colcon_core.package_identification:_identify(route_planner) by extension 'python'
[0.129s] Level 1:colcon.colcon_core.package_identification:_identify(route_planner) by extensions ['python_setup_py']
[0.129s] Level 1:colcon.colcon_core.package_identification:_identify(route_planner) by extension 'python_setup_py'
[0.129s] Level 1:colcon.colcon_core.package_identification:_identify(route_planner/boundary_handler) by extensions ['ignore', 'ignore_ament_install']
[0.129s] Level 1:colcon.colcon_core.package_identification:_identify(route_planner/boundary_handler) by extension 'ignore'
[0.129s] Level 1:colcon.colcon_core.package_identification:_identify(route_planner/boundary_handler) by extension 'ignore_ament_install'
[0.129s] Level 1:colcon.colcon_core.package_identification:_identify(route_planner/boundary_handler) by extensions ['colcon_pkg']
[0.129s] Level 1:colcon.colcon_core.package_identification:_identify(route_planner/boundary_handler) by extension 'colcon_pkg'
[0.129s] Level 1:colcon.colcon_core.package_identification:_identify(route_planner/boundary_handler) by extensions ['colcon_meta']
[0.129s] Level 1:colcon.colcon_core.package_identification:_identify(route_planner/boundary_handler) by extension 'colcon_meta'
[0.129s] Level 1:colcon.colcon_core.package_identification:_identify(route_planner/boundary_handler) by extensions ['ros']
[0.129s] Level 1:colcon.colcon_core.package_identification:_identify(route_planner/boundary_handler) by extension 'ros'
[0.129s] DEBUG:colcon.colcon_core.package_identification:Package 'route_planner/boundary_handler' with type 'ros.ament_cmake' and name 'boundary_handler'
[0.129s] Level 1:colcon.colcon_core.package_identification:_identify(route_planner/far_planner) by extensions ['ignore', 'ignore_ament_install']
[0.129s] Level 1:colcon.colcon_core.package_identification:_identify(route_planner/far_planner) by extension 'ignore'
[0.129s] Level 1:colcon.colcon_core.package_identification:_identify(route_planner/far_planner) by extension 'ignore_ament_install'
[0.129s] Level 1:colcon.colcon_core.package_identification:_identify(route_planner/far_planner) by extensions ['colcon_pkg']
[0.129s] Level 1:colcon.colcon_core.package_identification:_identify(route_planner/far_planner) by extension 'colcon_pkg'
[0.129s] Level 1:colcon.colcon_core.package_identification:_identify(route_planner/far_planner) by extensions ['colcon_meta']
[0.130s] Level 1:colcon.colcon_core.package_identification:_identify(route_planner/far_planner) by extension 'colcon_meta'
[0.130s] Level 1:colcon.colcon_core.package_identification:_identify(route_planner/far_planner) by extensions ['ros']
[0.130s] Level 1:colcon.colcon_core.package_identification:_identify(route_planner/far_planner) by extension 'ros'
[0.130s] DEBUG:colcon.colcon_core.package_identification:Package 'route_planner/far_planner' with type 'ros.ament_cmake' and name 'far_planner'
[0.130s] Level 1:colcon.colcon_core.package_identification:_identify(route_planner/graph_decoder) by extensions ['ignore', 'ignore_ament_install']
[0.130s] Level 1:colcon.colcon_core.package_identification:_identify(route_planner/graph_decoder) by extension 'ignore'
[0.130s] Level 1:colcon.colcon_core.package_identification:_identify(route_planner/graph_decoder) by extension 'ignore_ament_install'
[0.130s] Level 1:colcon.colcon_core.package_identification:_identify(route_planner/graph_decoder) by extensions ['colcon_pkg']
[0.130s] Level 1:colcon.colcon_core.package_identification:_identify(route_planner/graph_decoder) by extension 'colcon_pkg'
[0.130s] Level 1:colcon.colcon_core.package_identification:_identify(route_planner/graph_decoder) by extensions ['colcon_meta']
[0.130s] Level 1:colcon.colcon_core.package_identification:_identify(route_planner/graph_decoder) by extension 'colcon_meta'
[0.130s] Level 1:colcon.colcon_core.package_identification:_identify(route_planner/graph_decoder) by extensions ['ros']
[0.130s] Level 1:colcon.colcon_core.package_identification:_identify(route_planner/graph_decoder) by extension 'ros'
[0.131s] DEBUG:colcon.colcon_core.package_identification:Package 'route_planner/graph_decoder' with type 'ros.ament_cmake' and name 'graph_decoder'
[0.131s] Level 1:colcon.colcon_core.package_identification:_identify(route_planner/visibility_graph_msg) by extensions ['ignore', 'ignore_ament_install']
[0.131s] Level 1:colcon.colcon_core.package_identification:_identify(route_planner/visibility_graph_msg) by extension 'ignore'
[0.131s] Level 1:colcon.colcon_core.package_identification:_identify(route_planner/visibility_graph_msg) by extension 'ignore_ament_install'
[0.131s] Level 1:colcon.colcon_core.package_identification:_identify(route_planner/visibility_graph_msg) by extensions ['colcon_pkg']
[0.131s] Level 1:colcon.colcon_core.package_identification:_identify(route_planner/visibility_graph_msg) by extension 'colcon_pkg'
[0.131s] Level 1:colcon.colcon_core.package_identification:_identify(route_planner/visibility_graph_msg) by extensions ['colcon_meta']
[0.131s] Level 1:colcon.colcon_core.package_identification:_identify(route_planner/visibility_graph_msg) by extension 'colcon_meta'
[0.131s] Level 1:colcon.colcon_core.package_identification:_identify(route_planner/visibility_graph_msg) by extensions ['ros']
[0.131s] Level 1:colcon.colcon_core.package_identification:_identify(route_planner/visibility_graph_msg) by extension 'ros'
[0.131s] DEBUG:colcon.colcon_core.package_identification:Package 'route_planner/visibility_graph_msg' with type 'ros.ament_cmake' and name 'visibility_graph_msg'
[0.131s] Level 1:colcon.colcon_core.package_identification:_identify(slam) by extensions ['ignore', 'ignore_ament_install']
[0.131s] Level 1:colcon.colcon_core.package_identification:_identify(slam) by extension 'ignore'
[0.131s] Level 1:colcon.colcon_core.package_identification:_identify(slam) by extension 'ignore_ament_install'
[0.131s] Level 1:colcon.colcon_core.package_identification:_identify(slam) by extensions ['colcon_pkg']
[0.131s] Level 1:colcon.colcon_core.package_identification:_identify(slam) by extension 'colcon_pkg'
[0.131s] Level 1:colcon.colcon_core.package_identification:_identify(slam) by extensions ['colcon_meta']
[0.131s] Level 1:colcon.colcon_core.package_identification:_identify(slam) by extension 'colcon_meta'
[0.131s] Level 1:colcon.colcon_core.package_identification:_identify(slam) by extensions ['ros']
[0.131s] Level 1:colcon.colcon_core.package_identification:_identify(slam) by extension 'ros'
[0.131s] Level 1:colcon.colcon_core.package_identification:_identify(slam) by extensions ['cmake', 'python']
[0.131s] Level 1:colcon.colcon_core.package_identification:_identify(slam) by extension 'cmake'
[0.131s] Level 1:colcon.colcon_core.package_identification:_identify(slam) by extension 'python'
[0.131s] Level 1:colcon.colcon_core.package_identification:_identify(slam) by extensions ['python_setup_py']
[0.131s] Level 1:colcon.colcon_core.package_identification:_identify(slam) by extension 'python_setup_py'
[0.131s] Level 1:colcon.colcon_core.package_identification:_identify(slam/SuperOdom) by extensions ['ignore', 'ignore_ament_install']
[0.131s] Level 1:colcon.colcon_core.package_identification:_identify(slam/SuperOdom) by extension 'ignore'
[0.131s] Level 1:colcon.colcon_core.package_identification:_identify(slam/SuperOdom) by extension 'ignore_ament_install'
[0.131s] Level 1:colcon.colcon_core.package_identification:_identify(slam/SuperOdom) by extensions ['colcon_pkg']
[0.131s] Level 1:colcon.colcon_core.package_identification:_identify(slam/SuperOdom) by extension 'colcon_pkg'
[0.131s] Level 1:colcon.colcon_core.package_identification:_identify(slam/SuperOdom) by extensions ['colcon_meta']
[0.131s] Level 1:colcon.colcon_core.package_identification:_identify(slam/SuperOdom) by extension 'colcon_meta'
[0.131s] Level 1:colcon.colcon_core.package_identification:_identify(slam/SuperOdom) by extensions ['ros']
[0.131s] Level 1:colcon.colcon_core.package_identification:_identify(slam/SuperOdom) by extension 'ros'
[0.132s] Level 1:colcon.colcon_core.package_identification:_identify(slam/SuperOdom) by extensions ['cmake', 'python']
[0.132s] Level 1:colcon.colcon_core.package_identification:_identify(slam/SuperOdom) by extension 'cmake'
[0.132s] Level 1:colcon.colcon_core.package_identification:_identify(slam/SuperOdom) by extension 'python'
[0.132s] Level 1:colcon.colcon_core.package_identification:_identify(slam/SuperOdom) by extensions ['python_setup_py']
[0.132s] Level 1:colcon.colcon_core.package_identification:_identify(slam/SuperOdom) by extension 'python_setup_py'
[0.132s] Level 1:colcon.colcon_core.package_identification:_identify(slam/SuperOdom/doc) by extensions ['ignore', 'ignore_ament_install']
[0.132s] Level 1:colcon.colcon_core.package_identification:_identify(slam/SuperOdom/doc) by extension 'ignore'
[0.132s] Level 1:colcon.colcon_core.package_identification:_identify(slam/SuperOdom/doc) by extension 'ignore_ament_install'
[0.132s] Level 1:colcon.colcon_core.package_identification:_identify(slam/SuperOdom/doc) by extensions ['colcon_pkg']
[0.132s] Level 1:colcon.colcon_core.package_identification:_identify(slam/SuperOdom/doc) by extension 'colcon_pkg'
[0.132s] Level 1:colcon.colcon_core.package_identification:_identify(slam/SuperOdom/doc) by extensions ['colcon_meta']
[0.132s] Level 1:colcon.colcon_core.package_identification:_identify(slam/SuperOdom/doc) by extension 'colcon_meta'
[0.132s] Level 1:colcon.colcon_core.package_identification:_identify(slam/SuperOdom/doc) by extensions ['ros']
[0.132s] Level 1:colcon.colcon_core.package_identification:_identify(slam/SuperOdom/doc) by extension 'ros'
[0.132s] Level 1:colcon.colcon_core.package_identification:_identify(slam/SuperOdom/doc) by extensions ['cmake', 'python']
[0.132s] Level 1:colcon.colcon_core.package_identification:_identify(slam/SuperOdom/doc) by extension 'cmake'
[0.132s] Level 1:colcon.colcon_core.package_identification:_identify(slam/SuperOdom/doc) by extension 'python'
[0.132s] Level 1:colcon.colcon_core.package_identification:_identify(slam/SuperOdom/doc) by extensions ['python_setup_py']
[0.132s] Level 1:colcon.colcon_core.package_identification:_identify(slam/SuperOdom/doc) by extension 'python_setup_py'
[0.132s] Level 1:colcon.colcon_core.package_identification:_identify(slam/SuperOdom/ros2_humble_docker) by extensions ['ignore', 'ignore_ament_install']
[0.132s] Level 1:colcon.colcon_core.package_identification:_identify(slam/SuperOdom/ros2_humble_docker) by extension 'ignore'
[0.132s] Level 1:colcon.colcon_core.package_identification:_identify(slam/SuperOdom/ros2_humble_docker) by extension 'ignore_ament_install'
[0.132s] Level 1:colcon.colcon_core.package_identification:_identify(slam/SuperOdom/ros2_humble_docker) by extensions ['colcon_pkg']
[0.132s] Level 1:colcon.colcon_core.package_identification:_identify(slam/SuperOdom/ros2_humble_docker) by extension 'colcon_pkg'
[0.132s] Level 1:colcon.colcon_core.package_identification:_identify(slam/SuperOdom/ros2_humble_docker) by extensions ['colcon_meta']
[0.132s] Level 1:colcon.colcon_core.package_identification:_identify(slam/SuperOdom/ros2_humble_docker) by extension 'colcon_meta'
[0.132s] Level 1:colcon.colcon_core.package_identification:_identify(slam/SuperOdom/ros2_humble_docker) by extensions ['ros']
[0.132s] Level 1:colcon.colcon_core.package_identification:_identify(slam/SuperOdom/ros2_humble_docker) by extension 'ros'
[0.132s] Level 1:colcon.colcon_core.package_identification:_identify(slam/SuperOdom/ros2_humble_docker) by extensions ['cmake', 'python']
[0.132s] Level 1:colcon.colcon_core.package_identification:_identify(slam/SuperOdom/ros2_humble_docker) by extension 'cmake'
[0.132s] Level 1:colcon.colcon_core.package_identification:_identify(slam/SuperOdom/ros2_humble_docker) by extension 'python'
[0.132s] Level 1:colcon.colcon_core.package_identification:_identify(slam/SuperOdom/ros2_humble_docker) by extensions ['python_setup_py']
[0.132s] Level 1:colcon.colcon_core.package_identification:_identify(slam/SuperOdom/ros2_humble_docker) by extension 'python_setup_py'
[0.132s] Level 1:colcon.colcon_core.package_identification:_identify(slam/SuperOdom/script) by extensions ['ignore', 'ignore_ament_install']
[0.132s] Level 1:colcon.colcon_core.package_identification:_identify(slam/SuperOdom/script) by extension 'ignore'
[0.132s] Level 1:colcon.colcon_core.package_identification:_identify(slam/SuperOdom/script) by extension 'ignore_ament_install'
[0.132s] Level 1:colcon.colcon_core.package_identification:_identify(slam/SuperOdom/script) by extensions ['colcon_pkg']
[0.132s] Level 1:colcon.colcon_core.package_identification:_identify(slam/SuperOdom/script) by extension 'colcon_pkg'
[0.132s] Level 1:colcon.colcon_core.package_identification:_identify(slam/SuperOdom/script) by extensions ['colcon_meta']
[0.132s] Level 1:colcon.colcon_core.package_identification:_identify(slam/SuperOdom/script) by extension 'colcon_meta'
[0.132s] Level 1:colcon.colcon_core.package_identification:_identify(slam/SuperOdom/script) by extensions ['ros']
[0.132s] Level 1:colcon.colcon_core.package_identification:_identify(slam/SuperOdom/script) by extension 'ros'
[0.132s] Level 1:colcon.colcon_core.package_identification:_identify(slam/SuperOdom/script) by extensions ['cmake', 'python']
[0.132s] Level 1:colcon.colcon_core.package_identification:_identify(slam/SuperOdom/script) by extension 'cmake'
[0.132s] Level 1:colcon.colcon_core.package_identification:_identify(slam/SuperOdom/script) by extension 'python'
[0.132s] Level 1:colcon.colcon_core.package_identification:_identify(slam/SuperOdom/script) by extensions ['python_setup_py']
[0.132s] Level 1:colcon.colcon_core.package_identification:_identify(slam/SuperOdom/script) by extension 'python_setup_py'
[0.132s] Level 1:colcon.colcon_core.package_identification:_identify(slam/SuperOdom/script/visualizers) by extensions ['ignore', 'ignore_ament_install']
[0.132s] Level 1:colcon.colcon_core.package_identification:_identify(slam/SuperOdom/script/visualizers) by extension 'ignore'
[0.132s] Level 1:colcon.colcon_core.package_identification:_identify(slam/SuperOdom/script/visualizers) by extension 'ignore_ament_install'
[0.133s] Level 1:colcon.colcon_core.package_identification:_identify(slam/SuperOdom/script/visualizers) by extensions ['colcon_pkg']
[0.133s] Level 1:colcon.colcon_core.package_identification:_identify(slam/SuperOdom/script/visualizers) by extension 'colcon_pkg'
[0.133s] Level 1:colcon.colcon_core.package_identification:_identify(slam/SuperOdom/script/visualizers) by extensions ['colcon_meta']
[0.133s] Level 1:colcon.colcon_core.package_identification:_identify(slam/SuperOdom/script/visualizers) by extension 'colcon_meta'
[0.133s] Level 1:colcon.colcon_core.package_identification:_identify(slam/SuperOdom/script/visualizers) by extensions ['ros']
[0.133s] Level 1:colcon.colcon_core.package_identification:_identify(slam/SuperOdom/script/visualizers) by extension 'ros'
[0.133s] Level 1:colcon.colcon_core.package_identification:_identify(slam/SuperOdom/script/visualizers) by extensions ['cmake', 'python']
[0.133s] Level 1:colcon.colcon_core.package_identification:_identify(slam/SuperOdom/script/visualizers) by extension 'cmake'
[0.133s] Level 1:colcon.colcon_core.package_identification:_identify(slam/SuperOdom/script/visualizers) by extension 'python'
[0.133s] Level 1:colcon.colcon_core.package_identification:_identify(slam/SuperOdom/script/visualizers) by extensions ['python_setup_py']
[0.133s] Level 1:colcon.colcon_core.package_identification:_identify(slam/SuperOdom/script/visualizers) by extension 'python_setup_py'
[0.133s] Level 1:colcon.colcon_core.package_identification:_identify(slam/SuperOdom/super_odometry) by extensions ['ignore', 'ignore_ament_install']
[0.133s] Level 1:colcon.colcon_core.package_identification:_identify(slam/SuperOdom/super_odometry) by extension 'ignore'
[0.133s] Level 1:colcon.colcon_core.package_identification:_identify(slam/SuperOdom/super_odometry) by extension 'ignore_ament_install'
[0.133s] Level 1:colcon.colcon_core.package_identification:_identify(slam/SuperOdom/super_odometry) by extensions ['colcon_pkg']
[0.133s] Level 1:colcon.colcon_core.package_identification:_identify(slam/SuperOdom/super_odometry) by extension 'colcon_pkg'
[0.133s] Level 1:colcon.colcon_core.package_identification:_identify(slam/SuperOdom/super_odometry) by extensions ['colcon_meta']
[0.133s] Level 1:colcon.colcon_core.package_identification:_identify(slam/SuperOdom/super_odometry) by extension 'colcon_meta'
[0.133s] Level 1:colcon.colcon_core.package_identification:_identify(slam/SuperOdom/super_odometry) by extensions ['ros']
[0.133s] Level 1:colcon.colcon_core.package_identification:_identify(slam/SuperOdom/super_odometry) by extension 'ros'
[0.133s] DEBUG:colcon.colcon_core.package_identification:Package 'slam/SuperOdom/super_odometry' with type 'ros.ament_cmake' and name 'super_odometry'
[0.133s] Level 1:colcon.colcon_core.package_identification:_identify(slam/SuperOdom/super_odometry_msgs) by extensions ['ignore', 'ignore_ament_install']
[0.133s] Level 1:colcon.colcon_core.package_identification:_identify(slam/SuperOdom/super_odometry_msgs) by extension 'ignore'
[0.134s] Level 1:colcon.colcon_core.package_identification:_identify(slam/SuperOdom/super_odometry_msgs) by extension 'ignore_ament_install'
[0.134s] Level 1:colcon.colcon_core.package_identification:_identify(slam/SuperOdom/super_odometry_msgs) by extensions ['colcon_pkg']
[0.134s] Level 1:colcon.colcon_core.package_identification:_identify(slam/SuperOdom/super_odometry_msgs) by extension 'colcon_pkg'
[0.134s] Level 1:colcon.colcon_core.package_identification:_identify(slam/SuperOdom/super_odometry_msgs) by extensions ['colcon_meta']
[0.134s] Level 1:colcon.colcon_core.package_identification:_identify(slam/SuperOdom/super_odometry_msgs) by extension 'colcon_meta'
[0.134s] Level 1:colcon.colcon_core.package_identification:_identify(slam/SuperOdom/super_odometry_msgs) by extensions ['ros']
[0.134s] Level 1:colcon.colcon_core.package_identification:_identify(slam/SuperOdom/super_odometry_msgs) by extension 'ros'
[0.134s] DEBUG:colcon.colcon_core.package_identification:Package 'slam/SuperOdom/super_odometry_msgs' with type 'ros.ament_cmake' and name 'super_odometry_msgs'
[0.134s] Level 1:colcon.colcon_core.package_identification:_identify(slam/livox_ros_driver2) by extensions ['ignore', 'ignore_ament_install']
[0.134s] Level 1:colcon.colcon_core.package_identification:_identify(slam/livox_ros_driver2) by extension 'ignore'
[0.134s] Level 1:colcon.colcon_core.package_identification:_identify(slam/livox_ros_driver2) by extension 'ignore_ament_install'
[0.134s] Level 1:colcon.colcon_core.package_identification:_identify(slam/livox_ros_driver2) by extensions ['colcon_pkg']
[0.134s] Level 1:colcon.colcon_core.package_identification:_identify(slam/livox_ros_driver2) by extension 'colcon_pkg'
[0.134s] Level 1:colcon.colcon_core.package_identification:_identify(slam/livox_ros_driver2) by extensions ['colcon_meta']
[0.134s] Level 1:colcon.colcon_core.package_identification:_identify(slam/livox_ros_driver2) by extension 'colcon_meta'
[0.134s] Level 1:colcon.colcon_core.package_identification:_identify(slam/livox_ros_driver2) by extensions ['ros']
[0.134s] Level 1:colcon.colcon_core.package_identification:_identify(slam/livox_ros_driver2) by extension 'ros'
[0.135s] DEBUG:colcon.colcon_core.package_identification:Package 'slam/livox_ros_driver2' with type 'ros.ament_cmake' and name 'livox_ros_driver2'
[0.135s] Level 1:colcon.colcon_core.package_identification:_identify(slam/rviz_2d_overlay_plugins) by extensions ['ignore', 'ignore_ament_install']
[0.135s] Level 1:colcon.colcon_core.package_identification:_identify(slam/rviz_2d_overlay_plugins) by extension 'ignore'
[0.135s] Level 1:colcon.colcon_core.package_identification:_identify(slam/rviz_2d_overlay_plugins) by extension 'ignore_ament_install'
[0.135s] Level 1:colcon.colcon_core.package_identification:_identify(slam/rviz_2d_overlay_plugins) by extensions ['colcon_pkg']
[0.135s] Level 1:colcon.colcon_core.package_identification:_identify(slam/rviz_2d_overlay_plugins) by extension 'colcon_pkg'
[0.135s] Level 1:colcon.colcon_core.package_identification:_identify(slam/rviz_2d_overlay_plugins) by extensions ['colcon_meta']
[0.135s] Level 1:colcon.colcon_core.package_identification:_identify(slam/rviz_2d_overlay_plugins) by extension 'colcon_meta'
[0.135s] Level 1:colcon.colcon_core.package_identification:_identify(slam/rviz_2d_overlay_plugins) by extensions ['ros']
[0.135s] Level 1:colcon.colcon_core.package_identification:_identify(slam/rviz_2d_overlay_plugins) by extension 'ros'
[0.135s] Level 1:colcon.colcon_core.package_identification:_identify(slam/rviz_2d_overlay_plugins) by extensions ['cmake', 'python']
[0.135s] Level 1:colcon.colcon_core.package_identification:_identify(slam/rviz_2d_overlay_plugins) by extension 'cmake'
[0.135s] Level 1:colcon.colcon_core.package_identification:_identify(slam/rviz_2d_overlay_plugins) by extension 'python'
[0.135s] Level 1:colcon.colcon_core.package_identification:_identify(slam/rviz_2d_overlay_plugins) by extensions ['python_setup_py']
[0.135s] Level 1:colcon.colcon_core.package_identification:_identify(slam/rviz_2d_overlay_plugins) by extension 'python_setup_py'
[0.135s] Level 1:colcon.colcon_core.package_identification:_identify(slam/rviz_2d_overlay_plugins/rviz_2d_overlay_msgs) by extensions ['ignore', 'ignore_ament_install']
[0.135s] Level 1:colcon.colcon_core.package_identification:_identify(slam/rviz_2d_overlay_plugins/rviz_2d_overlay_msgs) by extension 'ignore'
[0.135s] Level 1:colcon.colcon_core.package_identification:_identify(slam/rviz_2d_overlay_plugins/rviz_2d_overlay_msgs) by extension 'ignore_ament_install'
[0.135s] Level 1:colcon.colcon_core.package_identification:_identify(slam/rviz_2d_overlay_plugins/rviz_2d_overlay_msgs) by extensions ['colcon_pkg']
[0.135s] Level 1:colcon.colcon_core.package_identification:_identify(slam/rviz_2d_overlay_plugins/rviz_2d_overlay_msgs) by extension 'colcon_pkg'
[0.135s] Level 1:colcon.colcon_core.package_identification:_identify(slam/rviz_2d_overlay_plugins/rviz_2d_overlay_msgs) by extensions ['colcon_meta']
[0.135s] Level 1:colcon.colcon_core.package_identification:_identify(slam/rviz_2d_overlay_plugins/rviz_2d_overlay_msgs) by extension 'colcon_meta'
[0.135s] Level 1:colcon.colcon_core.package_identification:_identify(slam/rviz_2d_overlay_plugins/rviz_2d_overlay_msgs) by extensions ['ros']
[0.135s] Level 1:colcon.colcon_core.package_identification:_identify(slam/rviz_2d_overlay_plugins/rviz_2d_overlay_msgs) by extension 'ros'
[0.135s] DEBUG:colcon.colcon_core.package_identification:Package 'slam/rviz_2d_overlay_plugins/rviz_2d_overlay_msgs' with type 'ros.ament_cmake' and name 'rviz_2d_overlay_msgs'
[0.135s] Level 1:colcon.colcon_core.package_identification:_identify(slam/rviz_2d_overlay_plugins/rviz_2d_overlay_plugins) by extensions ['ignore', 'ignore_ament_install']
[0.135s] Level 1:colcon.colcon_core.package_identification:_identify(slam/rviz_2d_overlay_plugins/rviz_2d_overlay_plugins) by extension 'ignore'
[0.136s] Level 1:colcon.colcon_core.package_identification:_identify(slam/rviz_2d_overlay_plugins/rviz_2d_overlay_plugins) by extension 'ignore_ament_install'
[0.136s] Level 1:colcon.colcon_core.package_identification:_identify(slam/rviz_2d_overlay_plugins/rviz_2d_overlay_plugins) by extensions ['colcon_pkg']
[0.136s] Level 1:colcon.colcon_core.package_identification:_identify(slam/rviz_2d_overlay_plugins/rviz_2d_overlay_plugins) by extension 'colcon_pkg'
[0.136s] Level 1:colcon.colcon_core.package_identification:_identify(slam/rviz_2d_overlay_plugins/rviz_2d_overlay_plugins) by extensions ['colcon_meta']
[0.136s] Level 1:colcon.colcon_core.package_identification:_identify(slam/rviz_2d_overlay_plugins/rviz_2d_overlay_plugins) by extension 'colcon_meta'
[0.136s] Level 1:colcon.colcon_core.package_identification:_identify(slam/rviz_2d_overlay_plugins/rviz_2d_overlay_plugins) by extensions ['ros']
[0.136s] Level 1:colcon.colcon_core.package_identification:_identify(slam/rviz_2d_overlay_plugins/rviz_2d_overlay_plugins) by extension 'ros'
[0.136s] DEBUG:colcon.colcon_core.package_identification:Package 'slam/rviz_2d_overlay_plugins/rviz_2d_overlay_plugins' with type 'ros.ament_cmake' and name 'rviz_2d_overlay_plugins'
[0.136s] Level 1:colcon.colcon_core.package_identification:_identify(utilities) by extensions ['ignore', 'ignore_ament_install']
[0.136s] Level 1:colcon.colcon_core.package_identification:_identify(utilities) by extension 'ignore'
[0.136s] Level 1:colcon.colcon_core.package_identification:_identify(utilities) by extension 'ignore_ament_install'
[0.136s] Level 1:colcon.colcon_core.package_identification:_identify(utilities) by extensions ['colcon_pkg']
[0.136s] Level 1:colcon.colcon_core.package_identification:_identify(utilities) by extension 'colcon_pkg'
[0.136s] Level 1:colcon.colcon_core.package_identification:_identify(utilities) by extensions ['colcon_meta']
[0.136s] Level 1:colcon.colcon_core.package_identification:_identify(utilities) by extension 'colcon_meta'
[0.136s] Level 1:colcon.colcon_core.package_identification:_identify(utilities) by extensions ['ros']
[0.136s] Level 1:colcon.colcon_core.package_identification:_identify(utilities) by extension 'ros'
[0.136s] Level 1:colcon.colcon_core.package_identification:_identify(utilities) by extensions ['cmake', 'python']
[0.136s] Level 1:colcon.colcon_core.package_identification:_identify(utilities) by extension 'cmake'
[0.136s] Level 1:colcon.colcon_core.package_identification:_identify(utilities) by extension 'python'
[0.136s] Level 1:colcon.colcon_core.package_identification:_identify(utilities) by extensions ['python_setup_py']
[0.136s] Level 1:colcon.colcon_core.package_identification:_identify(utilities) by extension 'python_setup_py'
[0.136s] Level 1:colcon.colcon_core.package_identification:_identify(utilities/ROS-TCP-Endpoint) by extensions ['ignore', 'ignore_ament_install']
[0.136s] Level 1:colcon.colcon_core.package_identification:_identify(utilities/ROS-TCP-Endpoint) by extension 'ignore'
[0.136s] Level 1:colcon.colcon_core.package_identification:_identify(utilities/ROS-TCP-Endpoint) by extension 'ignore_ament_install'
[0.136s] Level 1:colcon.colcon_core.package_identification:_identify(utilities/ROS-TCP-Endpoint) by extensions ['colcon_pkg']
[0.136s] Level 1:colcon.colcon_core.package_identification:_identify(utilities/ROS-TCP-Endpoint) by extension 'colcon_pkg'
[0.136s] Level 1:colcon.colcon_core.package_identification:_identify(utilities/ROS-TCP-Endpoint) by extensions ['colcon_meta']
[0.136s] Level 1:colcon.colcon_core.package_identification:_identify(utilities/ROS-TCP-Endpoint) by extension 'colcon_meta'
[0.136s] Level 1:colcon.colcon_core.package_identification:_identify(utilities/ROS-TCP-Endpoint) by extensions ['ros']
[0.136s] Level 1:colcon.colcon_core.package_identification:_identify(utilities/ROS-TCP-Endpoint) by extension 'ros'
[0.137s] DEBUG:colcon.colcon_core.package_identification:Package 'utilities/ROS-TCP-Endpoint' with type 'ros.ament_python' and name 'ros_tcp_endpoint'
[0.137s] Level 1:colcon.colcon_core.package_identification:_identify(utilities/calibrate_imu) by extensions ['ignore', 'ignore_ament_install']
[0.137s] Level 1:colcon.colcon_core.package_identification:_identify(utilities/calibrate_imu) by extension 'ignore'
[0.137s] Level 1:colcon.colcon_core.package_identification:_identify(utilities/calibrate_imu) by extension 'ignore_ament_install'
[0.137s] Level 1:colcon.colcon_core.package_identification:_identify(utilities/calibrate_imu) by extensions ['colcon_pkg']
[0.137s] Level 1:colcon.colcon_core.package_identification:_identify(utilities/calibrate_imu) by extension 'colcon_pkg'
[0.137s] Level 1:colcon.colcon_core.package_identification:_identify(utilities/calibrate_imu) by extensions ['colcon_meta']
[0.137s] Level 1:colcon.colcon_core.package_identification:_identify(utilities/calibrate_imu) by extension 'colcon_meta'
[0.137s] Level 1:colcon.colcon_core.package_identification:_identify(utilities/calibrate_imu) by extensions ['ros']
[0.137s] Level 1:colcon.colcon_core.package_identification:_identify(utilities/calibrate_imu) by extension 'ros'
[0.137s] DEBUG:colcon.colcon_core.package_identification:Package 'utilities/calibrate_imu' with type 'ros.ament_cmake' and name 'calibrate_imu'
[0.137s] Level 1:colcon.colcon_core.package_identification:_identify(utilities/goalpoint_rviz_plugin) by extensions ['ignore', 'ignore_ament_install']
[0.137s] Level 1:colcon.colcon_core.package_identification:_identify(utilities/goalpoint_rviz_plugin) by extension 'ignore'
[0.137s] Level 1:colcon.colcon_core.package_identification:_identify(utilities/goalpoint_rviz_plugin) by extension 'ignore_ament_install'
[0.137s] Level 1:colcon.colcon_core.package_identification:_identify(utilities/goalpoint_rviz_plugin) by extensions ['colcon_pkg']
[0.137s] Level 1:colcon.colcon_core.package_identification:_identify(utilities/goalpoint_rviz_plugin) by extension 'colcon_pkg'
[0.137s] Level 1:colcon.colcon_core.package_identification:_identify(utilities/goalpoint_rviz_plugin) by extensions ['colcon_meta']
[0.137s] Level 1:colcon.colcon_core.package_identification:_identify(utilities/goalpoint_rviz_plugin) by extension 'colcon_meta'
[0.137s] Level 1:colcon.colcon_core.package_identification:_identify(utilities/goalpoint_rviz_plugin) by extensions ['ros']
[0.137s] Level 1:colcon.colcon_core.package_identification:_identify(utilities/goalpoint_rviz_plugin) by extension 'ros'
[0.138s] DEBUG:colcon.colcon_core.package_identification:Package 'utilities/goalpoint_rviz_plugin' with type 'ros.ament_cmake' and name 'goalpoint_rviz_plugin'
[0.138s] Level 1:colcon.colcon_core.package_identification:_identify(utilities/teleop_rviz_plugin) by extensions ['ignore', 'ignore_ament_install']
[0.138s] Level 1:colcon.colcon_core.package_identification:_identify(utilities/teleop_rviz_plugin) by extension 'ignore'
[0.138s] Level 1:colcon.colcon_core.package_identification:_identify(utilities/teleop_rviz_plugin) by extension 'ignore_ament_install'
[0.138s] Level 1:colcon.colcon_core.package_identification:_identify(utilities/teleop_rviz_plugin) by extensions ['colcon_pkg']
[0.138s] Level 1:colcon.colcon_core.package_identification:_identify(utilities/teleop_rviz_plugin) by extension 'colcon_pkg'
[0.138s] Level 1:colcon.colcon_core.package_identification:_identify(utilities/teleop_rviz_plugin) by extensions ['colcon_meta']
[0.138s] Level 1:colcon.colcon_core.package_identification:_identify(utilities/teleop_rviz_plugin) by extension 'colcon_meta'
[0.138s] Level 1:colcon.colcon_core.package_identification:_identify(utilities/teleop_rviz_plugin) by extensions ['ros']
[0.138s] Level 1:colcon.colcon_core.package_identification:_identify(utilities/teleop_rviz_plugin) by extension 'ros'
[0.139s] DEBUG:colcon.colcon_core.package_identification:Package 'utilities/teleop_rviz_plugin' with type 'ros.ament_cmake' and name 'teleop_rviz_plugin'
[0.139s] Level 1:colcon.colcon_core.package_identification:_identify(utilities/teleop_rviz_plugin_plus) by extensions ['ignore', 'ignore_ament_install']
[0.139s] Level 1:colcon.colcon_core.package_identification:_identify(utilities/teleop_rviz_plugin_plus) by extension 'ignore'
[0.139s] Level 1:colcon.colcon_core.package_identification:_identify(utilities/teleop_rviz_plugin_plus) by extension 'ignore_ament_install'
[0.139s] Level 1:colcon.colcon_core.package_identification:_identify(utilities/teleop_rviz_plugin_plus) by extensions ['colcon_pkg']
[0.139s] Level 1:colcon.colcon_core.package_identification:_identify(utilities/teleop_rviz_plugin_plus) by extension 'colcon_pkg'
[0.139s] Level 1:colcon.colcon_core.package_identification:_identify(utilities/teleop_rviz_plugin_plus) by extensions ['colcon_meta']
[0.139s] Level 1:colcon.colcon_core.package_identification:_identify(utilities/teleop_rviz_plugin_plus) by extension 'colcon_meta'
[0.139s] Level 1:colcon.colcon_core.package_identification:_identify(utilities/teleop_rviz_plugin_plus) by extensions ['ros']
[0.139s] Level 1:colcon.colcon_core.package_identification:_identify(utilities/teleop_rviz_plugin_plus) by extension 'ros'
[0.139s] DEBUG:colcon.colcon_core.package_identification:Package 'utilities/teleop_rviz_plugin_plus' with type 'ros.ament_cmake' and name 'teleop_rviz_plugin_plus'
[0.139s] Level 1:colcon.colcon_core.package_identification:_identify(utilities/transform_sensors) by extensions ['ignore', 'ignore_ament_install']
[0.139s] Level 1:colcon.colcon_core.package_identification:_identify(utilities/transform_sensors) by extension 'ignore'
[0.139s] Level 1:colcon.colcon_core.package_identification:_identify(utilities/transform_sensors) by extension 'ignore_ament_install'
[0.140s] Level 1:colcon.colcon_core.package_identification:_identify(utilities/transform_sensors) by extensions ['colcon_pkg']
[0.140s] Level 1:colcon.colcon_core.package_identification:_identify(utilities/transform_sensors) by extension 'colcon_pkg'
[0.140s] Level 1:colcon.colcon_core.package_identification:_identify(utilities/transform_sensors) by extensions ['colcon_meta']
[0.140s] Level 1:colcon.colcon_core.package_identification:_identify(utilities/transform_sensors) by extension 'colcon_meta'
[0.140s] Level 1:colcon.colcon_core.package_identification:_identify(utilities/transform_sensors) by extensions ['ros']
[0.140s] Level 1:colcon.colcon_core.package_identification:_identify(utilities/transform_sensors) by extension 'ros'
[0.140s] DEBUG:colcon.colcon_core.package_identification:Package 'utilities/transform_sensors' with type 'ros.ament_python' and name 'transform_sensors'
[0.140s] Level 1:colcon.colcon_core.package_identification:_identify(utilities/unitree_pkgs) by extensions ['ignore', 'ignore_ament_install']
[0.140s] Level 1:colcon.colcon_core.package_identification:_identify(utilities/unitree_pkgs) by extension 'ignore'
[0.140s] Level 1:colcon.colcon_core.package_identification:_identify(utilities/unitree_pkgs) by extension 'ignore_ament_install'
[0.140s] Level 1:colcon.colcon_core.package_identification:_identify(utilities/unitree_pkgs) by extensions ['colcon_pkg']
[0.140s] Level 1:colcon.colcon_core.package_identification:_identify(utilities/unitree_pkgs) by extension 'colcon_pkg'
[0.140s] Level 1:colcon.colcon_core.package_identification:_identify(utilities/unitree_pkgs) by extensions ['colcon_meta']
[0.140s] Level 1:colcon.colcon_core.package_identification:_identify(utilities/unitree_pkgs) by extension 'colcon_meta'
[0.140s] Level 1:colcon.colcon_core.package_identification:_identify(utilities/unitree_pkgs) by extensions ['ros']
[0.140s] Level 1:colcon.colcon_core.package_identification:_identify(utilities/unitree_pkgs) by extension 'ros'
[0.140s] Level 1:colcon.colcon_core.package_identification:_identify(utilities/unitree_pkgs) by extensions ['cmake', 'python']
[0.140s] Level 1:colcon.colcon_core.package_identification:_identify(utilities/unitree_pkgs) by extension 'cmake'
[0.140s] Level 1:colcon.colcon_core.package_identification:_identify(utilities/unitree_pkgs) by extension 'python'
[0.140s] Level 1:colcon.colcon_core.package_identification:_identify(utilities/unitree_pkgs) by extensions ['python_setup_py']
[0.140s] Level 1:colcon.colcon_core.package_identification:_identify(utilities/unitree_pkgs) by extension 'python_setup_py'
[0.140s] Level 1:colcon.colcon_core.package_identification:_identify(utilities/unitree_pkgs/go2_h264_repub) by extensions ['ignore', 'ignore_ament_install']
[0.140s] Level 1:colcon.colcon_core.package_identification:_identify(utilities/unitree_pkgs/go2_h264_repub) by extension 'ignore'
[0.140s] Level 1:colcon.colcon_core.package_identification:_identify(utilities/unitree_pkgs/go2_h264_repub) by extension 'ignore_ament_install'
[0.140s] Level 1:colcon.colcon_core.package_identification:_identify(utilities/unitree_pkgs/go2_h264_repub) by extensions ['colcon_pkg']
[0.140s] Level 1:colcon.colcon_core.package_identification:_identify(utilities/unitree_pkgs/go2_h264_repub) by extension 'colcon_pkg'
[0.140s] Level 1:colcon.colcon_core.package_identification:_identify(utilities/unitree_pkgs/go2_h264_repub) by extensions ['colcon_meta']
[0.140s] Level 1:colcon.colcon_core.package_identification:_identify(utilities/unitree_pkgs/go2_h264_repub) by extension 'colcon_meta'
[0.140s] Level 1:colcon.colcon_core.package_identification:_identify(utilities/unitree_pkgs/go2_h264_repub) by extensions ['ros']
[0.140s] Level 1:colcon.colcon_core.package_identification:_identify(utilities/unitree_pkgs/go2_h264_repub) by extension 'ros'
[0.141s] DEBUG:colcon.colcon_core.package_identification:Package 'utilities/unitree_pkgs/go2_h264_repub' with type 'ros.ament_cmake' and name 'go2_h264_repub'
[0.141s] Level 1:colcon.colcon_core.package_identification:_identify(utilities/unitree_pkgs/go2_sport_api) by extensions ['ignore', 'ignore_ament_install']
[0.141s] Level 1:colcon.colcon_core.package_identification:_identify(utilities/unitree_pkgs/go2_sport_api) by extension 'ignore'
[0.141s] Level 1:colcon.colcon_core.package_identification:_identify(utilities/unitree_pkgs/go2_sport_api) by extension 'ignore_ament_install'
[0.141s] Level 1:colcon.colcon_core.package_identification:_identify(utilities/unitree_pkgs/go2_sport_api) by extensions ['colcon_pkg']
[0.141s] Level 1:colcon.colcon_core.package_identification:_identify(utilities/unitree_pkgs/go2_sport_api) by extension 'colcon_pkg'
[0.141s] Level 1:colcon.colcon_core.package_identification:_identify(utilities/unitree_pkgs/go2_sport_api) by extensions ['colcon_meta']
[0.141s] Level 1:colcon.colcon_core.package_identification:_identify(utilities/unitree_pkgs/go2_sport_api) by extension 'colcon_meta'
[0.141s] Level 1:colcon.colcon_core.package_identification:_identify(utilities/unitree_pkgs/go2_sport_api) by extensions ['ros']
[0.141s] Level 1:colcon.colcon_core.package_identification:_identify(utilities/unitree_pkgs/go2_sport_api) by extension 'ros'
[0.141s] DEBUG:colcon.colcon_core.package_identification:Package 'utilities/unitree_pkgs/go2_sport_api' with type 'ros.ament_cmake' and name 'go2_sport_api'
[0.141s] Level 1:colcon.colcon_core.package_identification:_identify(utilities/unitree_pkgs/unitree_api) by extensions ['ignore', 'ignore_ament_install']
[0.141s] Level 1:colcon.colcon_core.package_identification:_identify(utilities/unitree_pkgs/unitree_api) by extension 'ignore'
[0.141s] Level 1:colcon.colcon_core.package_identification:_identify(utilities/unitree_pkgs/unitree_api) by extension 'ignore_ament_install'
[0.141s] Level 1:colcon.colcon_core.package_identification:_identify(utilities/unitree_pkgs/unitree_api) by extensions ['colcon_pkg']
[0.141s] Level 1:colcon.colcon_core.package_identification:_identify(utilities/unitree_pkgs/unitree_api) by extension 'colcon_pkg'
[0.141s] Level 1:colcon.colcon_core.package_identification:_identify(utilities/unitree_pkgs/unitree_api) by extensions ['colcon_meta']
[0.141s] Level 1:colcon.colcon_core.package_identification:_identify(utilities/unitree_pkgs/unitree_api) by extension 'colcon_meta'
[0.141s] Level 1:colcon.colcon_core.package_identification:_identify(utilities/unitree_pkgs/unitree_api) by extensions ['ros']
[0.141s] Level 1:colcon.colcon_core.package_identification:_identify(utilities/unitree_pkgs/unitree_api) by extension 'ros'
[0.142s] DEBUG:colcon.colcon_core.package_identification:Package 'utilities/unitree_pkgs/unitree_api' with type 'ros.ament_cmake' and name 'unitree_api'
[0.142s] Level 1:colcon.colcon_core.package_identification:_identify(utilities/unitree_pkgs/unitree_go) by extensions ['ignore', 'ignore_ament_install']
[0.142s] Level 1:colcon.colcon_core.package_identification:_identify(utilities/unitree_pkgs/unitree_go) by extension 'ignore'
[0.142s] Level 1:colcon.colcon_core.package_identification:_identify(utilities/unitree_pkgs/unitree_go) by extension 'ignore_ament_install'
[0.142s] Level 1:colcon.colcon_core.package_identification:_identify(utilities/unitree_pkgs/unitree_go) by extensions ['colcon_pkg']
[0.142s] Level 1:colcon.colcon_core.package_identification:_identify(utilities/unitree_pkgs/unitree_go) by extension 'colcon_pkg'
[0.142s] Level 1:colcon.colcon_core.package_identification:_identify(utilities/unitree_pkgs/unitree_go) by extensions ['colcon_meta']
[0.142s] Level 1:colcon.colcon_core.package_identification:_identify(utilities/unitree_pkgs/unitree_go) by extension 'colcon_meta'
[0.142s] Level 1:colcon.colcon_core.package_identification:_identify(utilities/unitree_pkgs/unitree_go) by extensions ['ros']
[0.142s] Level 1:colcon.colcon_core.package_identification:_identify(utilities/unitree_pkgs/unitree_go) by extension 'ros'
[0.142s] DEBUG:colcon.colcon_core.package_identification:Package 'utilities/unitree_pkgs/unitree_go' with type 'ros.ament_cmake' and name 'unitree_go'
[0.142s] Level 1:colcon.colcon_core.package_identification:_identify(utilities/waypoint_rviz_plugin) by extensions ['ignore', 'ignore_ament_install']
[0.142s] Level 1:colcon.colcon_core.package_identification:_identify(utilities/waypoint_rviz_plugin) by extension 'ignore'
[0.142s] Level 1:colcon.colcon_core.package_identification:_identify(utilities/waypoint_rviz_plugin) by extension 'ignore_ament_install'
[0.142s] Level 1:colcon.colcon_core.package_identification:_identify(utilities/waypoint_rviz_plugin) by extensions ['colcon_pkg']
[0.142s] Level 1:colcon.colcon_core.package_identification:_identify(utilities/waypoint_rviz_plugin) by extension 'colcon_pkg'
[0.142s] Level 1:colcon.colcon_core.package_identification:_identify(utilities/waypoint_rviz_plugin) by extensions ['colcon_meta']
[0.142s] Level 1:colcon.colcon_core.package_identification:_identify(utilities/waypoint_rviz_plugin) by extension 'colcon_meta'
[0.142s] Level 1:colcon.colcon_core.package_identification:_identify(utilities/waypoint_rviz_plugin) by extensions ['ros']
[0.142s] Level 1:colcon.colcon_core.package_identification:_identify(utilities/waypoint_rviz_plugin) by extension 'ros'
[0.143s] DEBUG:colcon.colcon_core.package_identification:Package 'utilities/waypoint_rviz_plugin' with type 'ros.ament_cmake' and name 'waypoint_rviz_plugin'
[0.143s] Level 1:colcon.colcon_core.package_discovery:discover_packages(recursive) using defaults
[0.143s] Level 1:colcon.colcon_core.package_discovery:discover_packages(ignore) discover
[0.143s] Level 1:colcon.colcon_core.package_discovery:discover_packages(ignore) using defaults
[0.143s] Level 1:colcon.colcon_core.package_discovery:discover_packages(path) discover
[0.143s] Level 1:colcon.colcon_core.package_discovery:discover_packages(path) using defaults
[0.154s] Level 5:colcon.colcon_core.verb:set package 'go2_h264_repub' build argument 'cmake_args' from command line to '['-DROS_EDITION=ROS2', '-DHUMBLE_ROS=humble']'
[0.154s] Level 5:colcon.colcon_core.verb:set package 'go2_h264_repub' build argument 'cmake_target' from command line to 'None'
[0.154s] Level 5:colcon.colcon_core.verb:set package 'go2_h264_repub' build argument 'cmake_target_skip_unavailable' from command line to 'False'
[0.154s] Level 5:colcon.colcon_core.verb:set package 'go2_h264_repub' build argument 'cmake_clean_cache' from command line to 'False'
[0.154s] Level 5:colcon.colcon_core.verb:set package 'go2_h264_repub' build argument 'cmake_clean_first' from command line to 'False'
[0.154s] Level 5:colcon.colcon_core.verb:set package 'go2_h264_repub' build argument 'cmake_force_configure' from command line to 'False'
[0.154s] Level 5:colcon.colcon_core.verb:set package 'go2_h264_repub' build argument 'ament_cmake_args' from command line to 'None'
[0.154s] Level 5:colcon.colcon_core.verb:set package 'go2_h264_repub' build argument 'catkin_cmake_args' from command line to 'None'
[0.154s] Level 5:colcon.colcon_core.verb:set package 'go2_h264_repub' build argument 'catkin_skip_building_tests' from command line to 'False'
[0.154s] DEBUG:colcon.colcon_core.verb:Building package 'go2_h264_repub' with the following arguments: {'ament_cmake_args': None, 'build_base': '/root/ros2_ws/src/build/go2_h264_repub', 'catkin_cmake_args': None, 'catkin_skip_building_tests': False, 'cmake_args': ['-DROS_EDITION=ROS2', '-DHUMBLE_ROS=humble'], 'cmake_clean_cache': False, 'cmake_clean_first': False, 'cmake_force_configure': False, 'cmake_target': None, 'cmake_target_skip_unavailable': False, 'install_base': '/root/ros2_ws/src/install/go2_h264_repub', 'merge_install': False, 'path': '/root/ros2_ws/src/utilities/unitree_pkgs/go2_h264_repub', 'symlink_install': False, 'test_result_base': None}
[0.154s] Level 5:colcon.colcon_core.verb:set package 'goalpoint_rviz_plugin' build argument 'cmake_args' from command line to '['-DROS_EDITION=ROS2', '-DHUMBLE_ROS=humble']'
[0.154s] Level 5:colcon.colcon_core.verb:set package 'goalpoint_rviz_plugin' build argument 'cmake_target' from command line to 'None'
[0.154s] Level 5:colcon.colcon_core.verb:set package 'goalpoint_rviz_plugin' build argument 'cmake_target_skip_unavailable' from command line to 'False'
[0.154s] Level 5:colcon.colcon_core.verb:set package 'goalpoint_rviz_plugin' build argument 'cmake_clean_cache' from command line to 'False'
[0.154s] Level 5:colcon.colcon_core.verb:set package 'goalpoint_rviz_plugin' build argument 'cmake_clean_first' from command line to 'False'
[0.154s] Level 5:colcon.colcon_core.verb:set package 'goalpoint_rviz_plugin' build argument 'cmake_force_configure' from command line to 'False'
[0.154s] Level 5:colcon.colcon_core.verb:set package 'goalpoint_rviz_plugin' build argument 'ament_cmake_args' from command line to 'None'
[0.154s] Level 5:colcon.colcon_core.verb:set package 'goalpoint_rviz_plugin' build argument 'catkin_cmake_args' from command line to 'None'
[0.154s] Level 5:colcon.colcon_core.verb:set package 'goalpoint_rviz_plugin' build argument 'catkin_skip_building_tests' from command line to 'False'
[0.154s] DEBUG:colcon.colcon_core.verb:Building package 'goalpoint_rviz_plugin' with the following arguments: {'ament_cmake_args': None, 'build_base': '/root/ros2_ws/src/build/goalpoint_rviz_plugin', 'catkin_cmake_args': None, 'catkin_skip_building_tests': False, 'cmake_args': ['-DROS_EDITION=ROS2', '-DHUMBLE_ROS=humble'], 'cmake_clean_cache': False, 'cmake_clean_first': False, 'cmake_force_configure': False, 'cmake_target': None, 'cmake_target_skip_unavailable': False, 'install_base': '/root/ros2_ws/src/install/goalpoint_rviz_plugin', 'merge_install': False, 'path': '/root/ros2_ws/src/utilities/goalpoint_rviz_plugin', 'symlink_install': False, 'test_result_base': None}
[0.154s] Level 5:colcon.colcon_core.verb:set package 'livox_ros_driver2' build argument 'cmake_args' from command line to '['-DROS_EDITION=ROS2', '-DHUMBLE_ROS=humble']'
[0.154s] Level 5:colcon.colcon_core.verb:set package 'livox_ros_driver2' build argument 'cmake_target' from command line to 'None'
[0.154s] Level 5:colcon.colcon_core.verb:set package 'livox_ros_driver2' build argument 'cmake_target_skip_unavailable' from command line to 'False'
[0.154s] Level 5:colcon.colcon_core.verb:set package 'livox_ros_driver2' build argument 'cmake_clean_cache' from command line to 'False'
[0.154s] Level 5:colcon.colcon_core.verb:set package 'livox_ros_driver2' build argument 'cmake_clean_first' from command line to 'False'
[0.154s] Level 5:colcon.colcon_core.verb:set package 'livox_ros_driver2' build argument 'cmake_force_configure' from command line to 'False'
[0.154s] Level 5:colcon.colcon_core.verb:set package 'livox_ros_driver2' build argument 'ament_cmake_args' from command line to 'None'
[0.154s] Level 5:colcon.colcon_core.verb:set package 'livox_ros_driver2' build argument 'catkin_cmake_args' from command line to 'None'
[0.154s] Level 5:colcon.colcon_core.verb:set package 'livox_ros_driver2' build argument 'catkin_skip_building_tests' from command line to 'False'
[0.154s] DEBUG:colcon.colcon_core.verb:Building package 'livox_ros_driver2' with the following arguments: {'ament_cmake_args': None, 'build_base': '/root/ros2_ws/src/build/livox_ros_driver2', 'catkin_cmake_args': None, 'catkin_skip_building_tests': False, 'cmake_args': ['-DROS_EDITION=ROS2', '-DHUMBLE_ROS=humble'], 'cmake_clean_cache': False, 'cmake_clean_first': False, 'cmake_force_configure': False, 'cmake_target': None, 'cmake_target_skip_unavailable': False, 'install_base': '/root/ros2_ws/src/install/livox_ros_driver2', 'merge_install': False, 'path': '/root/ros2_ws/src/slam/livox_ros_driver2', 'symlink_install': False, 'test_result_base': None}
[0.154s] Level 5:colcon.colcon_core.verb:set package 'ros_tcp_endpoint' build argument 'cmake_args' from command line to '['-DROS_EDITION=ROS2', '-DHUMBLE_ROS=humble']'
[0.154s] Level 5:colcon.colcon_core.verb:set package 'ros_tcp_endpoint' build argument 'cmake_target' from command line to 'None'
[0.154s] Level 5:colcon.colcon_core.verb:set package 'ros_tcp_endpoint' build argument 'cmake_target_skip_unavailable' from command line to 'False'
[0.154s] Level 5:colcon.colcon_core.verb:set package 'ros_tcp_endpoint' build argument 'cmake_clean_cache' from command line to 'False'
[0.154s] Level 5:colcon.colcon_core.verb:set package 'ros_tcp_endpoint' build argument 'cmake_clean_first' from command line to 'False'
[0.154s] Level 5:colcon.colcon_core.verb:set package 'ros_tcp_endpoint' build argument 'cmake_force_configure' from command line to 'False'
[0.154s] Level 5:colcon.colcon_core.verb:set package 'ros_tcp_endpoint' build argument 'ament_cmake_args' from command line to 'None'
[0.154s] Level 5:colcon.colcon_core.verb:set package 'ros_tcp_endpoint' build argument 'catkin_cmake_args' from command line to 'None'
[0.154s] Level 5:colcon.colcon_core.verb:set package 'ros_tcp_endpoint' build argument 'catkin_skip_building_tests' from command line to 'False'
[0.154s] DEBUG:colcon.colcon_core.verb:Building package 'ros_tcp_endpoint' with the following arguments: {'ament_cmake_args': None, 'build_base': '/root/ros2_ws/src/build/ros_tcp_endpoint', 'catkin_cmake_args': None, 'catkin_skip_building_tests': False, 'cmake_args': ['-DROS_EDITION=ROS2', '-DHUMBLE_ROS=humble'], 'cmake_clean_cache': False, 'cmake_clean_first': False, 'cmake_force_configure': False, 'cmake_target': None, 'cmake_target_skip_unavailable': False, 'install_base': '/root/ros2_ws/src/install/ros_tcp_endpoint', 'merge_install': False, 'path': '/root/ros2_ws/src/utilities/ROS-TCP-Endpoint', 'symlink_install': False, 'test_result_base': None}
[0.154s] Level 5:colcon.colcon_core.verb:set package 'rviz_2d_overlay_msgs' build argument 'cmake_args' from command line to '['-DROS_EDITION=ROS2', '-DHUMBLE_ROS=humble']'
[0.154s] Level 5:colcon.colcon_core.verb:set package 'rviz_2d_overlay_msgs' build argument 'cmake_target' from command line to 'None'
[0.154s] Level 5:colcon.colcon_core.verb:set package 'rviz_2d_overlay_msgs' build argument 'cmake_target_skip_unavailable' from command line to 'False'
[0.154s] Level 5:colcon.colcon_core.verb:set package 'rviz_2d_overlay_msgs' build argument 'cmake_clean_cache' from command line to 'False'
[0.154s] Level 5:colcon.colcon_core.verb:set package 'rviz_2d_overlay_msgs' build argument 'cmake_clean_first' from command line to 'False'
[0.154s] Level 5:colcon.colcon_core.verb:set package 'rviz_2d_overlay_msgs' build argument 'cmake_force_configure' from command line to 'False'
[0.154s] Level 5:colcon.colcon_core.verb:set package 'rviz_2d_overlay_msgs' build argument 'ament_cmake_args' from command line to 'None'
[0.154s] Level 5:colcon.colcon_core.verb:set package 'rviz_2d_overlay_msgs' build argument 'catkin_cmake_args' from command line to 'None'
[0.154s] Level 5:colcon.colcon_core.verb:set package 'rviz_2d_overlay_msgs' build argument 'catkin_skip_building_tests' from command line to 'False'
[0.154s] DEBUG:colcon.colcon_core.verb:Building package 'rviz_2d_overlay_msgs' with the following arguments: {'ament_cmake_args': None, 'build_base': '/root/ros2_ws/src/build/rviz_2d_overlay_msgs', 'catkin_cmake_args': None, 'catkin_skip_building_tests': False, 'cmake_args': ['-DROS_EDITION=ROS2', '-DHUMBLE_ROS=humble'], 'cmake_clean_cache': False, 'cmake_clean_first': False, 'cmake_force_configure': False, 'cmake_target': None, 'cmake_target_skip_unavailable': False, 'install_base': '/root/ros2_ws/src/install/rviz_2d_overlay_msgs', 'merge_install': False, 'path': '/root/ros2_ws/src/slam/rviz_2d_overlay_plugins/rviz_2d_overlay_msgs', 'symlink_install': False, 'test_result_base': None}
[0.155s] Level 5:colcon.colcon_core.verb:set package 'sensor_scan_generation' build argument 'cmake_args' from command line to '['-DROS_EDITION=ROS2', '-DHUMBLE_ROS=humble']'
[0.155s] Level 5:colcon.colcon_core.verb:set package 'sensor_scan_generation' build argument 'cmake_target' from command line to 'None'
[0.155s] Level 5:colcon.colcon_core.verb:set package 'sensor_scan_generation' build argument 'cmake_target_skip_unavailable' from command line to 'False'
[0.155s] Level 5:colcon.colcon_core.verb:set package 'sensor_scan_generation' build argument 'cmake_clean_cache' from command line to 'False'
[0.155s] Level 5:colcon.colcon_core.verb:set package 'sensor_scan_generation' build argument 'cmake_clean_first' from command line to 'False'
[0.155s] Level 5:colcon.colcon_core.verb:set package 'sensor_scan_generation' build argument 'cmake_force_configure' from command line to 'False'
[0.155s] Level 5:colcon.colcon_core.verb:set package 'sensor_scan_generation' build argument 'ament_cmake_args' from command line to 'None'
[0.155s] Level 5:colcon.colcon_core.verb:set package 'sensor_scan_generation' build argument 'catkin_cmake_args' from command line to 'None'
[0.155s] Level 5:colcon.colcon_core.verb:set package 'sensor_scan_generation' build argument 'catkin_skip_building_tests' from command line to 'False'
[0.155s] DEBUG:colcon.colcon_core.verb:Building package 'sensor_scan_generation' with the following arguments: {'ament_cmake_args': None, 'build_base': '/root/ros2_ws/src/build/sensor_scan_generation', 'catkin_cmake_args': None, 'catkin_skip_building_tests': False, 'cmake_args': ['-DROS_EDITION=ROS2', '-DHUMBLE_ROS=humble'], 'cmake_clean_cache': False, 'cmake_clean_first': False, 'cmake_force_configure': False, 'cmake_target': None, 'cmake_target_skip_unavailable': False, 'install_base': '/root/ros2_ws/src/install/sensor_scan_generation', 'merge_install': False, 'path': '/root/ros2_ws/src/base_autonomy/sensor_scan_generation', 'symlink_install': False, 'test_result_base': None}
[0.155s] Level 5:colcon.colcon_core.verb:set package 'super_odometry_msgs' build argument 'cmake_args' from command line to '['-DROS_EDITION=ROS2', '-DHUMBLE_ROS=humble']'
[0.155s] Level 5:colcon.colcon_core.verb:set package 'super_odometry_msgs' build argument 'cmake_target' from command line to 'None'
[0.155s] Level 5:colcon.colcon_core.verb:set package 'super_odometry_msgs' build argument 'cmake_target_skip_unavailable' from command line to 'False'
[0.155s] Level 5:colcon.colcon_core.verb:set package 'super_odometry_msgs' build argument 'cmake_clean_cache' from command line to 'False'
[0.155s] Level 5:colcon.colcon_core.verb:set package 'super_odometry_msgs' build argument 'cmake_clean_first' from command line to 'False'
[0.155s] Level 5:colcon.colcon_core.verb:set package 'super_odometry_msgs' build argument 'cmake_force_configure' from command line to 'False'
[0.155s] Level 5:colcon.colcon_core.verb:set package 'super_odometry_msgs' build argument 'ament_cmake_args' from command line to 'None'
[0.155s] Level 5:colcon.colcon_core.verb:set package 'super_odometry_msgs' build argument 'catkin_cmake_args' from command line to 'None'
[0.155s] Level 5:colcon.colcon_core.verb:set package 'super_odometry_msgs' build argument 'catkin_skip_building_tests' from command line to 'False'
[0.155s] DEBUG:colcon.colcon_core.verb:Building package 'super_odometry_msgs' with the following arguments: {'ament_cmake_args': None, 'build_base': '/root/ros2_ws/src/build/super_odometry_msgs', 'catkin_cmake_args': None, 'catkin_skip_building_tests': False, 'cmake_args': ['-DROS_EDITION=ROS2', '-DHUMBLE_ROS=humble'], 'cmake_clean_cache': False, 'cmake_clean_first': False, 'cmake_force_configure': False, 'cmake_target': None, 'cmake_target_skip_unavailable': False, 'install_base': '/root/ros2_ws/src/install/super_odometry_msgs', 'merge_install': False, 'path': '/root/ros2_ws/src/slam/SuperOdom/super_odometry_msgs', 'symlink_install': False, 'test_result_base': None}
[0.155s] Level 5:colcon.colcon_core.verb:set package 'teleop_rviz_plugin' build argument 'cmake_args' from command line to '['-DROS_EDITION=ROS2', '-DHUMBLE_ROS=humble']'
[0.155s] Level 5:colcon.colcon_core.verb:set package 'teleop_rviz_plugin' build argument 'cmake_target' from command line to 'None'
[0.155s] Level 5:colcon.colcon_core.verb:set package 'teleop_rviz_plugin' build argument 'cmake_target_skip_unavailable' from command line to 'False'
[0.155s] Level 5:colcon.colcon_core.verb:set package 'teleop_rviz_plugin' build argument 'cmake_clean_cache' from command line to 'False'
[0.155s] Level 5:colcon.colcon_core.verb:set package 'teleop_rviz_plugin' build argument 'cmake_clean_first' from command line to 'False'
[0.155s] Level 5:colcon.colcon_core.verb:set package 'teleop_rviz_plugin' build argument 'cmake_force_configure' from command line to 'False'
[0.155s] Level 5:colcon.colcon_core.verb:set package 'teleop_rviz_plugin' build argument 'ament_cmake_args' from command line to 'None'
[0.155s] Level 5:colcon.colcon_core.verb:set package 'teleop_rviz_plugin' build argument 'catkin_cmake_args' from command line to 'None'
[0.155s] Level 5:colcon.colcon_core.verb:set package 'teleop_rviz_plugin' build argument 'catkin_skip_building_tests' from command line to 'False'
[0.155s] DEBUG:colcon.colcon_core.verb:Building package 'teleop_rviz_plugin' with the following arguments: {'ament_cmake_args': None, 'build_base': '/root/ros2_ws/src/build/teleop_rviz_plugin', 'catkin_cmake_args': None, 'catkin_skip_building_tests': False, 'cmake_args': ['-DROS_EDITION=ROS2', '-DHUMBLE_ROS=humble'], 'cmake_clean_cache': False, 'cmake_clean_first': False, 'cmake_force_configure': False, 'cmake_target': None, 'cmake_target_skip_unavailable': False, 'install_base': '/root/ros2_ws/src/install/teleop_rviz_plugin', 'merge_install': False, 'path': '/root/ros2_ws/src/utilities/teleop_rviz_plugin', 'symlink_install': False, 'test_result_base': None}
[0.155s] Level 5:colcon.colcon_core.verb:set package 'teleop_rviz_plugin_plus' build argument 'cmake_args' from command line to '['-DROS_EDITION=ROS2', '-DHUMBLE_ROS=humble']'
[0.155s] Level 5:colcon.colcon_core.verb:set package 'teleop_rviz_plugin_plus' build argument 'cmake_target' from command line to 'None'
[0.155s] Level 5:colcon.colcon_core.verb:set package 'teleop_rviz_plugin_plus' build argument 'cmake_target_skip_unavailable' from command line to 'False'
[0.155s] Level 5:colcon.colcon_core.verb:set package 'teleop_rviz_plugin_plus' build argument 'cmake_clean_cache' from command line to 'False'
[0.155s] Level 5:colcon.colcon_core.verb:set package 'teleop_rviz_plugin_plus' build argument 'cmake_clean_first' from command line to 'False'
[0.155s] Level 5:colcon.colcon_core.verb:set package 'teleop_rviz_plugin_plus' build argument 'cmake_force_configure' from command line to 'False'
[0.155s] Level 5:colcon.colcon_core.verb:set package 'teleop_rviz_plugin_plus' build argument 'ament_cmake_args' from command line to 'None'
[0.155s] Level 5:colcon.colcon_core.verb:set package 'teleop_rviz_plugin_plus' build argument 'catkin_cmake_args' from command line to 'None'
[0.155s] Level 5:colcon.colcon_core.verb:set package 'teleop_rviz_plugin_plus' build argument 'catkin_skip_building_tests' from command line to 'False'
[0.155s] DEBUG:colcon.colcon_core.verb:Building package 'teleop_rviz_plugin_plus' with the following arguments: {'ament_cmake_args': None, 'build_base': '/root/ros2_ws/src/build/teleop_rviz_plugin_plus', 'catkin_cmake_args': None, 'catkin_skip_building_tests': False, 'cmake_args': ['-DROS_EDITION=ROS2', '-DHUMBLE_ROS=humble'], 'cmake_clean_cache': False, 'cmake_clean_first': False, 'cmake_force_configure': False, 'cmake_target': None, 'cmake_target_skip_unavailable': False, 'install_base': '/root/ros2_ws/src/install/teleop_rviz_plugin_plus', 'merge_install': False, 'path': '/root/ros2_ws/src/utilities/teleop_rviz_plugin_plus', 'symlink_install': False, 'test_result_base': None}
[0.155s] Level 5:colcon.colcon_core.verb:set package 'terrain_analysis' build argument 'cmake_args' from command line to '['-DROS_EDITION=ROS2', '-DHUMBLE_ROS=humble']'
[0.155s] Level 5:colcon.colcon_core.verb:set package 'terrain_analysis' build argument 'cmake_target' from command line to 'None'
[0.155s] Level 5:colcon.colcon_core.verb:set package 'terrain_analysis' build argument 'cmake_target_skip_unavailable' from command line to 'False'
[0.155s] Level 5:colcon.colcon_core.verb:set package 'terrain_analysis' build argument 'cmake_clean_cache' from command line to 'False'
[0.155s] Level 5:colcon.colcon_core.verb:set package 'terrain_analysis' build argument 'cmake_clean_first' from command line to 'False'
[0.155s] Level 5:colcon.colcon_core.verb:set package 'terrain_analysis' build argument 'cmake_force_configure' from command line to 'False'
[0.155s] Level 5:colcon.colcon_core.verb:set package 'terrain_analysis' build argument 'ament_cmake_args' from command line to 'None'
[0.155s] Level 5:colcon.colcon_core.verb:set package 'terrain_analysis' build argument 'catkin_cmake_args' from command line to 'None'
[0.155s] Level 5:colcon.colcon_core.verb:set package 'terrain_analysis' build argument 'catkin_skip_building_tests' from command line to 'False'
[0.155s] DEBUG:colcon.colcon_core.verb:Building package 'terrain_analysis' with the following arguments: {'ament_cmake_args': None, 'build_base': '/root/ros2_ws/src/build/terrain_analysis', 'catkin_cmake_args': None, 'catkin_skip_building_tests': False, 'cmake_args': ['-DROS_EDITION=ROS2', '-DHUMBLE_ROS=humble'], 'cmake_clean_cache': False, 'cmake_clean_first': False, 'cmake_force_configure': False, 'cmake_target': None, 'cmake_target_skip_unavailable': False, 'install_base': '/root/ros2_ws/src/install/terrain_analysis', 'merge_install': False, 'path': '/root/ros2_ws/src/base_autonomy/terrain_analysis', 'symlink_install': False, 'test_result_base': None}
[0.155s] Level 5:colcon.colcon_core.verb:set package 'terrain_analysis_ext' build argument 'cmake_args' from command line to '['-DROS_EDITION=ROS2', '-DHUMBLE_ROS=humble']'
[0.155s] Level 5:colcon.colcon_core.verb:set package 'terrain_analysis_ext' build argument 'cmake_target' from command line to 'None'
[0.155s] Level 5:colcon.colcon_core.verb:set package 'terrain_analysis_ext' build argument 'cmake_target_skip_unavailable' from command line to 'False'
[0.155s] Level 5:colcon.colcon_core.verb:set package 'terrain_analysis_ext' build argument 'cmake_clean_cache' from command line to 'False'
[0.155s] Level 5:colcon.colcon_core.verb:set package 'terrain_analysis_ext' build argument 'cmake_clean_first' from command line to 'False'
[0.155s] Level 5:colcon.colcon_core.verb:set package 'terrain_analysis_ext' build argument 'cmake_force_configure' from command line to 'False'
[0.155s] Level 5:colcon.colcon_core.verb:set package 'terrain_analysis_ext' build argument 'ament_cmake_args' from command line to 'None'
[0.155s] Level 5:colcon.colcon_core.verb:set package 'terrain_analysis_ext' build argument 'catkin_cmake_args' from command line to 'None'
[0.155s] Level 5:colcon.colcon_core.verb:set package 'terrain_analysis_ext' build argument 'catkin_skip_building_tests' from command line to 'False'
[0.156s] DEBUG:colcon.colcon_core.verb:Building package 'terrain_analysis_ext' with the following arguments: {'ament_cmake_args': None, 'build_base': '/root/ros2_ws/src/build/terrain_analysis_ext', 'catkin_cmake_args': None, 'catkin_skip_building_tests': False, 'cmake_args': ['-DROS_EDITION=ROS2', '-DHUMBLE_ROS=humble'], 'cmake_clean_cache': False, 'cmake_clean_first': False, 'cmake_force_configure': False, 'cmake_target': None, 'cmake_target_skip_unavailable': False, 'install_base': '/root/ros2_ws/src/install/terrain_analysis_ext', 'merge_install': False, 'path': '/root/ros2_ws/src/base_autonomy/terrain_analysis_ext', 'symlink_install': False, 'test_result_base': None}
[0.156s] Level 5:colcon.colcon_core.verb:set package 'transform_sensors' build argument 'cmake_args' from command line to '['-DROS_EDITION=ROS2', '-DHUMBLE_ROS=humble']'
[0.156s] Level 5:colcon.colcon_core.verb:set package 'transform_sensors' build argument 'cmake_target' from command line to 'None'
[0.156s] Level 5:colcon.colcon_core.verb:set package 'transform_sensors' build argument 'cmake_target_skip_unavailable' from command line to 'False'
[0.156s] Level 5:colcon.colcon_core.verb:set package 'transform_sensors' build argument 'cmake_clean_cache' from command line to 'False'
[0.156s] Level 5:colcon.colcon_core.verb:set package 'transform_sensors' build argument 'cmake_clean_first' from command line to 'False'
[0.156s] Level 5:colcon.colcon_core.verb:set package 'transform_sensors' build argument 'cmake_force_configure' from command line to 'False'
[0.156s] Level 5:colcon.colcon_core.verb:set package 'transform_sensors' build argument 'ament_cmake_args' from command line to 'None'
[0.156s] Level 5:colcon.colcon_core.verb:set package 'transform_sensors' build argument 'catkin_cmake_args' from command line to 'None'
[0.156s] Level 5:colcon.colcon_core.verb:set package 'transform_sensors' build argument 'catkin_skip_building_tests' from command line to 'False'
[0.156s] DEBUG:colcon.colcon_core.verb:Building package 'transform_sensors' with the following arguments: {'ament_cmake_args': None, 'build_base': '/root/ros2_ws/src/build/transform_sensors', 'catkin_cmake_args': None, 'catkin_skip_building_tests': False, 'cmake_args': ['-DROS_EDITION=ROS2', '-DHUMBLE_ROS=humble'], 'cmake_clean_cache': False, 'cmake_clean_first': False, 'cmake_force_configure': False, 'cmake_target': None, 'cmake_target_skip_unavailable': False, 'install_base': '/root/ros2_ws/src/install/transform_sensors', 'merge_install': False, 'path': '/root/ros2_ws/src/utilities/transform_sensors', 'symlink_install': False, 'test_result_base': None}
[0.156s] Level 5:colcon.colcon_core.verb:set package 'unitree_api' build argument 'cmake_args' from command line to '['-DROS_EDITION=ROS2', '-DHUMBLE_ROS=humble']'
[0.156s] Level 5:colcon.colcon_core.verb:set package 'unitree_api' build argument 'cmake_target' from command line to 'None'
[0.156s] Level 5:colcon.colcon_core.verb:set package 'unitree_api' build argument 'cmake_target_skip_unavailable' from command line to 'False'
[0.156s] Level 5:colcon.colcon_core.verb:set package 'unitree_api' build argument 'cmake_clean_cache' from command line to 'False'
[0.156s] Level 5:colcon.colcon_core.verb:set package 'unitree_api' build argument 'cmake_clean_first' from command line to 'False'
[0.156s] Level 5:colcon.colcon_core.verb:set package 'unitree_api' build argument 'cmake_force_configure' from command line to 'False'
[0.156s] Level 5:colcon.colcon_core.verb:set package 'unitree_api' build argument 'ament_cmake_args' from command line to 'None'
[0.156s] Level 5:colcon.colcon_core.verb:set package 'unitree_api' build argument 'catkin_cmake_args' from command line to 'None'
[0.156s] Level 5:colcon.colcon_core.verb:set package 'unitree_api' build argument 'catkin_skip_building_tests' from command line to 'False'
[0.156s] DEBUG:colcon.colcon_core.verb:Building package 'unitree_api' with the following arguments: {'ament_cmake_args': None, 'build_base': '/root/ros2_ws/src/build/unitree_api', 'catkin_cmake_args': None, 'catkin_skip_building_tests': False, 'cmake_args': ['-DROS_EDITION=ROS2', '-DHUMBLE_ROS=humble'], 'cmake_clean_cache': False, 'cmake_clean_first': False, 'cmake_force_configure': False, 'cmake_target': None, 'cmake_target_skip_unavailable': False, 'install_base': '/root/ros2_ws/src/install/unitree_api', 'merge_install': False, 'path': '/root/ros2_ws/src/utilities/unitree_pkgs/unitree_api', 'symlink_install': False, 'test_result_base': None}
[0.156s] Level 5:colcon.colcon_core.verb:set package 'unitree_go' build argument 'cmake_args' from command line to '['-DROS_EDITION=ROS2', '-DHUMBLE_ROS=humble']'
[0.156s] Level 5:colcon.colcon_core.verb:set package 'unitree_go' build argument 'cmake_target' from command line to 'None'
[0.156s] Level 5:colcon.colcon_core.verb:set package 'unitree_go' build argument 'cmake_target_skip_unavailable' from command line to 'False'
[0.156s] Level 5:colcon.colcon_core.verb:set package 'unitree_go' build argument 'cmake_clean_cache' from command line to 'False'
[0.156s] Level 5:colcon.colcon_core.verb:set package 'unitree_go' build argument 'cmake_clean_first' from command line to 'False'
[0.156s] Level 5:colcon.colcon_core.verb:set package 'unitree_go' build argument 'cmake_force_configure' from command line to 'False'
[0.156s] Level 5:colcon.colcon_core.verb:set package 'unitree_go' build argument 'ament_cmake_args' from command line to 'None'
[0.156s] Level 5:colcon.colcon_core.verb:set package 'unitree_go' build argument 'catkin_cmake_args' from command line to 'None'
[0.156s] Level 5:colcon.colcon_core.verb:set package 'unitree_go' build argument 'catkin_skip_building_tests' from command line to 'False'
[0.156s] DEBUG:colcon.colcon_core.verb:Building package 'unitree_go' with the following arguments: {'ament_cmake_args': None, 'build_base': '/root/ros2_ws/src/build/unitree_go', 'catkin_cmake_args': None, 'catkin_skip_building_tests': False, 'cmake_args': ['-DROS_EDITION=ROS2', '-DHUMBLE_ROS=humble'], 'cmake_clean_cache': False, 'cmake_clean_first': False, 'cmake_force_configure': False, 'cmake_target': None, 'cmake_target_skip_unavailable': False, 'install_base': '/root/ros2_ws/src/install/unitree_go', 'merge_install': False, 'path': '/root/ros2_ws/src/utilities/unitree_pkgs/unitree_go', 'symlink_install': False, 'test_result_base': None}
[0.156s] Level 5:colcon.colcon_core.verb:set package 'visibility_graph_msg' build argument 'cmake_args' from command line to '['-DROS_EDITION=ROS2', '-DHUMBLE_ROS=humble']'
[0.156s] Level 5:colcon.colcon_core.verb:set package 'visibility_graph_msg' build argument 'cmake_target' from command line to 'None'
[0.156s] Level 5:colcon.colcon_core.verb:set package 'visibility_graph_msg' build argument 'cmake_target_skip_unavailable' from command line to 'False'
[0.156s] Level 5:colcon.colcon_core.verb:set package 'visibility_graph_msg' build argument 'cmake_clean_cache' from command line to 'False'
[0.156s] Level 5:colcon.colcon_core.verb:set package 'visibility_graph_msg' build argument 'cmake_clean_first' from command line to 'False'
[0.156s] Level 5:colcon.colcon_core.verb:set package 'visibility_graph_msg' build argument 'cmake_force_configure' from command line to 'False'
[0.156s] Level 5:colcon.colcon_core.verb:set package 'visibility_graph_msg' build argument 'ament_cmake_args' from command line to 'None'
[0.156s] Level 5:colcon.colcon_core.verb:set package 'visibility_graph_msg' build argument 'catkin_cmake_args' from command line to 'None'
[0.156s] Level 5:colcon.colcon_core.verb:set package 'visibility_graph_msg' build argument 'catkin_skip_building_tests' from command line to 'False'
[0.156s] DEBUG:colcon.colcon_core.verb:Building package 'visibility_graph_msg' with the following arguments: {'ament_cmake_args': None, 'build_base': '/root/ros2_ws/src/build/visibility_graph_msg', 'catkin_cmake_args': None, 'catkin_skip_building_tests': False, 'cmake_args': ['-DROS_EDITION=ROS2', '-DHUMBLE_ROS=humble'], 'cmake_clean_cache': False, 'cmake_clean_first': False, 'cmake_force_configure': False, 'cmake_target': None, 'cmake_target_skip_unavailable': False, 'install_base': '/root/ros2_ws/src/install/visibility_graph_msg', 'merge_install': False, 'path': '/root/ros2_ws/src/route_planner/visibility_graph_msg', 'symlink_install': False, 'test_result_base': None}
[0.156s] Level 5:colcon.colcon_core.verb:set package 'visualization_tools' build argument 'cmake_args' from command line to '['-DROS_EDITION=ROS2', '-DHUMBLE_ROS=humble']'
[0.156s] Level 5:colcon.colcon_core.verb:set package 'visualization_tools' build argument 'cmake_target' from command line to 'None'
[0.156s] Level 5:colcon.colcon_core.verb:set package 'visualization_tools' build argument 'cmake_target_skip_unavailable' from command line to 'False'
[0.156s] Level 5:colcon.colcon_core.verb:set package 'visualization_tools' build argument 'cmake_clean_cache' from command line to 'False'
[0.156s] Level 5:colcon.colcon_core.verb:set package 'visualization_tools' build argument 'cmake_clean_first' from command line to 'False'
[0.156s] Level 5:colcon.colcon_core.verb:set package 'visualization_tools' build argument 'cmake_force_configure' from command line to 'False'
[0.157s] Level 5:colcon.colcon_core.verb:set package 'visualization_tools' build argument 'ament_cmake_args' from command line to 'None'
[0.157s] Level 5:colcon.colcon_core.verb:set package 'visualization_tools' build argument 'catkin_cmake_args' from command line to 'None'
[0.157s] Level 5:colcon.colcon_core.verb:set package 'visualization_tools' build argument 'catkin_skip_building_tests' from command line to 'False'
[0.157s] DEBUG:colcon.colcon_core.verb:Building package 'visualization_tools' with the following arguments: {'ament_cmake_args': None, 'build_base': '/root/ros2_ws/src/build/visualization_tools', 'catkin_cmake_args': None, 'catkin_skip_building_tests': False, 'cmake_args': ['-DROS_EDITION=ROS2', '-DHUMBLE_ROS=humble'], 'cmake_clean_cache': False, 'cmake_clean_first': False, 'cmake_force_configure': False, 'cmake_target': None, 'cmake_target_skip_unavailable': False, 'install_base': '/root/ros2_ws/src/install/visualization_tools', 'merge_install': False, 'path': '/root/ros2_ws/src/base_autonomy/visualization_tools', 'symlink_install': False, 'test_result_base': None}
[0.157s] Level 5:colcon.colcon_core.verb:set package 'waypoint_example' build argument 'cmake_args' from command line to '['-DROS_EDITION=ROS2', '-DHUMBLE_ROS=humble']'
[0.157s] Level 5:colcon.colcon_core.verb:set package 'waypoint_example' build argument 'cmake_target' from command line to 'None'
[0.157s] Level 5:colcon.colcon_core.verb:set package 'waypoint_example' build argument 'cmake_target_skip_unavailable' from command line to 'False'
[0.157s] Level 5:colcon.colcon_core.verb:set package 'waypoint_example' build argument 'cmake_clean_cache' from command line to 'False'
[0.157s] Level 5:colcon.colcon_core.verb:set package 'waypoint_example' build argument 'cmake_clean_first' from command line to 'False'
[0.157s] Level 5:colcon.colcon_core.verb:set package 'waypoint_example' build argument 'cmake_force_configure' from command line to 'False'
[0.157s] Level 5:colcon.colcon_core.verb:set package 'waypoint_example' build argument 'ament_cmake_args' from command line to 'None'
[0.157s] Level 5:colcon.colcon_core.verb:set package 'waypoint_example' build argument 'catkin_cmake_args' from command line to 'None'
[0.157s] Level 5:colcon.colcon_core.verb:set package 'waypoint_example' build argument 'catkin_skip_building_tests' from command line to 'False'
[0.157s] DEBUG:colcon.colcon_core.verb:Building package 'waypoint_example' with the following arguments: {'ament_cmake_args': None, 'build_base': '/root/ros2_ws/src/build/waypoint_example', 'catkin_cmake_args': None, 'catkin_skip_building_tests': False, 'cmake_args': ['-DROS_EDITION=ROS2', '-DHUMBLE_ROS=humble'], 'cmake_clean_cache': False, 'cmake_clean_first': False, 'cmake_force_configure': False, 'cmake_target': None, 'cmake_target_skip_unavailable': False, 'install_base': '/root/ros2_ws/src/install/waypoint_example', 'merge_install': False, 'path': '/root/ros2_ws/src/base_autonomy/waypoint_example', 'symlink_install': False, 'test_result_base': None}
[0.157s] Level 5:colcon.colcon_core.verb:set package 'waypoint_rviz_plugin' build argument 'cmake_args' from command line to '['-DROS_EDITION=ROS2', '-DHUMBLE_ROS=humble']'
[0.157s] Level 5:colcon.colcon_core.verb:set package 'waypoint_rviz_plugin' build argument 'cmake_target' from command line to 'None'
[0.157s] Level 5:colcon.colcon_core.verb:set package 'waypoint_rviz_plugin' build argument 'cmake_target_skip_unavailable' from command line to 'False'
[0.157s] Level 5:colcon.colcon_core.verb:set package 'waypoint_rviz_plugin' build argument 'cmake_clean_cache' from command line to 'False'
[0.157s] Level 5:colcon.colcon_core.verb:set package 'waypoint_rviz_plugin' build argument 'cmake_clean_first' from command line to 'False'
[0.157s] Level 5:colcon.colcon_core.verb:set package 'waypoint_rviz_plugin' build argument 'cmake_force_configure' from command line to 'False'
[0.157s] Level 5:colcon.colcon_core.verb:set package 'waypoint_rviz_plugin' build argument 'ament_cmake_args' from command line to 'None'
[0.157s] Level 5:colcon.colcon_core.verb:set package 'waypoint_rviz_plugin' build argument 'catkin_cmake_args' from command line to 'None'
[0.157s] Level 5:colcon.colcon_core.verb:set package 'waypoint_rviz_plugin' build argument 'catkin_skip_building_tests' from command line to 'False'
[0.157s] DEBUG:colcon.colcon_core.verb:Building package 'waypoint_rviz_plugin' with the following arguments: {'ament_cmake_args': None, 'build_base': '/root/ros2_ws/src/build/waypoint_rviz_plugin', 'catkin_cmake_args': None, 'catkin_skip_building_tests': False, 'cmake_args': ['-DROS_EDITION=ROS2', '-DHUMBLE_ROS=humble'], 'cmake_clean_cache': False, 'cmake_clean_first': False, 'cmake_force_configure': False, 'cmake_target': None, 'cmake_target_skip_unavailable': False, 'install_base': '/root/ros2_ws/src/install/waypoint_rviz_plugin', 'merge_install': False, 'path': '/root/ros2_ws/src/utilities/waypoint_rviz_plugin', 'symlink_install': False, 'test_result_base': None}
[0.157s] Level 5:colcon.colcon_core.verb:set package 'boundary_handler' build argument 'cmake_args' from command line to '['-DROS_EDITION=ROS2', '-DHUMBLE_ROS=humble']'
[0.157s] Level 5:colcon.colcon_core.verb:set package 'boundary_handler' build argument 'cmake_target' from command line to 'None'
[0.157s] Level 5:colcon.colcon_core.verb:set package 'boundary_handler' build argument 'cmake_target_skip_unavailable' from command line to 'False'
[0.157s] Level 5:colcon.colcon_core.verb:set package 'boundary_handler' build argument 'cmake_clean_cache' from command line to 'False'
[0.157s] Level 5:colcon.colcon_core.verb:set package 'boundary_handler' build argument 'cmake_clean_first' from command line to 'False'
[0.157s] Level 5:colcon.colcon_core.verb:set package 'boundary_handler' build argument 'cmake_force_configure' from command line to 'False'
[0.157s] Level 5:colcon.colcon_core.verb:set package 'boundary_handler' build argument 'ament_cmake_args' from command line to 'None'
[0.157s] Level 5:colcon.colcon_core.verb:set package 'boundary_handler' build argument 'catkin_cmake_args' from command line to 'None'
[0.157s] Level 5:colcon.colcon_core.verb:set package 'boundary_handler' build argument 'catkin_skip_building_tests' from command line to 'False'
[0.157s] DEBUG:colcon.colcon_core.verb:Building package 'boundary_handler' with the following arguments: {'ament_cmake_args': None, 'build_base': '/root/ros2_ws/src/build/boundary_handler', 'catkin_cmake_args': None, 'catkin_skip_building_tests': False, 'cmake_args': ['-DROS_EDITION=ROS2', '-DHUMBLE_ROS=humble'], 'cmake_clean_cache': False, 'cmake_clean_first': False, 'cmake_force_configure': False, 'cmake_target': None, 'cmake_target_skip_unavailable': False, 'install_base': '/root/ros2_ws/src/install/boundary_handler', 'merge_install': False, 'path': '/root/ros2_ws/src/route_planner/boundary_handler', 'symlink_install': False, 'test_result_base': None}
[0.157s] Level 5:colcon.colcon_core.verb:set package 'far_planner' build argument 'cmake_args' from command line to '['-DROS_EDITION=ROS2', '-DHUMBLE_ROS=humble']'
[0.157s] Level 5:colcon.colcon_core.verb:set package 'far_planner' build argument 'cmake_target' from command line to 'None'
[0.157s] Level 5:colcon.colcon_core.verb:set package 'far_planner' build argument 'cmake_target_skip_unavailable' from command line to 'False'
[0.157s] Level 5:colcon.colcon_core.verb:set package 'far_planner' build argument 'cmake_clean_cache' from command line to 'False'
[0.157s] Level 5:colcon.colcon_core.verb:set package 'far_planner' build argument 'cmake_clean_first' from command line to 'False'
[0.157s] Level 5:colcon.colcon_core.verb:set package 'far_planner' build argument 'cmake_force_configure' from command line to 'False'
[0.157s] Level 5:colcon.colcon_core.verb:set package 'far_planner' build argument 'ament_cmake_args' from command line to 'None'
[0.157s] Level 5:colcon.colcon_core.verb:set package 'far_planner' build argument 'catkin_cmake_args' from command line to 'None'
[0.157s] Level 5:colcon.colcon_core.verb:set package 'far_planner' build argument 'catkin_skip_building_tests' from command line to 'False'
[0.157s] DEBUG:colcon.colcon_core.verb:Building package 'far_planner' with the following arguments: {'ament_cmake_args': None, 'build_base': '/root/ros2_ws/src/build/far_planner', 'catkin_cmake_args': None, 'catkin_skip_building_tests': False, 'cmake_args': ['-DROS_EDITION=ROS2', '-DHUMBLE_ROS=humble'], 'cmake_clean_cache': False, 'cmake_clean_first': False, 'cmake_force_configure': False, 'cmake_target': None, 'cmake_target_skip_unavailable': False, 'install_base': '/root/ros2_ws/src/install/far_planner', 'merge_install': False, 'path': '/root/ros2_ws/src/route_planner/far_planner', 'symlink_install': False, 'test_result_base': None}
[0.158s] Level 5:colcon.colcon_core.verb:set package 'go2_sport_api' build argument 'cmake_args' from command line to '['-DROS_EDITION=ROS2', '-DHUMBLE_ROS=humble']'
[0.158s] Level 5:colcon.colcon_core.verb:set package 'go2_sport_api' build argument 'cmake_target' from command line to 'None'
[0.158s] Level 5:colcon.colcon_core.verb:set package 'go2_sport_api' build argument 'cmake_target_skip_unavailable' from command line to 'False'
[0.158s] Level 5:colcon.colcon_core.verb:set package 'go2_sport_api' build argument 'cmake_clean_cache' from command line to 'False'
[0.158s] Level 5:colcon.colcon_core.verb:set package 'go2_sport_api' build argument 'cmake_clean_first' from command line to 'False'
[0.158s] Level 5:colcon.colcon_core.verb:set package 'go2_sport_api' build argument 'cmake_force_configure' from command line to 'False'
[0.158s] Level 5:colcon.colcon_core.verb:set package 'go2_sport_api' build argument 'ament_cmake_args' from command line to 'None'
[0.158s] Level 5:colcon.colcon_core.verb:set package 'go2_sport_api' build argument 'catkin_cmake_args' from command line to 'None'
[0.158s] Level 5:colcon.colcon_core.verb:set package 'go2_sport_api' build argument 'catkin_skip_building_tests' from command line to 'False'
[0.158s] DEBUG:colcon.colcon_core.verb:Building package 'go2_sport_api' with the following arguments: {'ament_cmake_args': None, 'build_base': '/root/ros2_ws/src/build/go2_sport_api', 'catkin_cmake_args': None, 'catkin_skip_building_tests': False, 'cmake_args': ['-DROS_EDITION=ROS2', '-DHUMBLE_ROS=humble'], 'cmake_clean_cache': False, 'cmake_clean_first': False, 'cmake_force_configure': False, 'cmake_target': None, 'cmake_target_skip_unavailable': False, 'install_base': '/root/ros2_ws/src/install/go2_sport_api', 'merge_install': False, 'path': '/root/ros2_ws/src/utilities/unitree_pkgs/go2_sport_api', 'symlink_install': False, 'test_result_base': None}
[0.158s] Level 5:colcon.colcon_core.verb:set package 'graph_decoder' build argument 'cmake_args' from command line to '['-DROS_EDITION=ROS2', '-DHUMBLE_ROS=humble']'
[0.158s] Level 5:colcon.colcon_core.verb:set package 'graph_decoder' build argument 'cmake_target' from command line to 'None'
[0.158s] Level 5:colcon.colcon_core.verb:set package 'graph_decoder' build argument 'cmake_target_skip_unavailable' from command line to 'False'
[0.158s] Level 5:colcon.colcon_core.verb:set package 'graph_decoder' build argument 'cmake_clean_cache' from command line to 'False'
[0.158s] Level 5:colcon.colcon_core.verb:set package 'graph_decoder' build argument 'cmake_clean_first' from command line to 'False'
[0.158s] Level 5:colcon.colcon_core.verb:set package 'graph_decoder' build argument 'cmake_force_configure' from command line to 'False'
[0.158s] Level 5:colcon.colcon_core.verb:set package 'graph_decoder' build argument 'ament_cmake_args' from command line to 'None'
[0.158s] Level 5:colcon.colcon_core.verb:set package 'graph_decoder' build argument 'catkin_cmake_args' from command line to 'None'
[0.158s] Level 5:colcon.colcon_core.verb:set package 'graph_decoder' build argument 'catkin_skip_building_tests' from command line to 'False'
[0.158s] DEBUG:colcon.colcon_core.verb:Building package 'graph_decoder' with the following arguments: {'ament_cmake_args': None, 'build_base': '/root/ros2_ws/src/build/graph_decoder', 'catkin_cmake_args': None, 'catkin_skip_building_tests': False, 'cmake_args': ['-DROS_EDITION=ROS2', '-DHUMBLE_ROS=humble'], 'cmake_clean_cache': False, 'cmake_clean_first': False, 'cmake_force_configure': False, 'cmake_target': None, 'cmake_target_skip_unavailable': False, 'install_base': '/root/ros2_ws/src/install/graph_decoder', 'merge_install': False, 'path': '/root/ros2_ws/src/route_planner/graph_decoder', 'symlink_install': False, 'test_result_base': None}
[0.158s] Level 5:colcon.colcon_core.verb:set package 'rviz_2d_overlay_plugins' build argument 'cmake_args' from command line to '['-DROS_EDITION=ROS2', '-DHUMBLE_ROS=humble']'
[0.158s] Level 5:colcon.colcon_core.verb:set package 'rviz_2d_overlay_plugins' build argument 'cmake_target' from command line to 'None'
[0.158s] Level 5:colcon.colcon_core.verb:set package 'rviz_2d_overlay_plugins' build argument 'cmake_target_skip_unavailable' from command line to 'False'
[0.158s] Level 5:colcon.colcon_core.verb:set package 'rviz_2d_overlay_plugins' build argument 'cmake_clean_cache' from command line to 'False'
[0.158s] Level 5:colcon.colcon_core.verb:set package 'rviz_2d_overlay_plugins' build argument 'cmake_clean_first' from command line to 'False'
[0.158s] Level 5:colcon.colcon_core.verb:set package 'rviz_2d_overlay_plugins' build argument 'cmake_force_configure' from command line to 'False'
[0.158s] Level 5:colcon.colcon_core.verb:set package 'rviz_2d_overlay_plugins' build argument 'ament_cmake_args' from command line to 'None'
[0.158s] Level 5:colcon.colcon_core.verb:set package 'rviz_2d_overlay_plugins' build argument 'catkin_cmake_args' from command line to 'None'
[0.158s] Level 5:colcon.colcon_core.verb:set package 'rviz_2d_overlay_plugins' build argument 'catkin_skip_building_tests' from command line to 'False'
[0.158s] DEBUG:colcon.colcon_core.verb:Building package 'rviz_2d_overlay_plugins' with the following arguments: {'ament_cmake_args': None, 'build_base': '/root/ros2_ws/src/build/rviz_2d_overlay_plugins', 'catkin_cmake_args': None, 'catkin_skip_building_tests': False, 'cmake_args': ['-DROS_EDITION=ROS2', '-DHUMBLE_ROS=humble'], 'cmake_clean_cache': False, 'cmake_clean_first': False, 'cmake_force_configure': False, 'cmake_target': None, 'cmake_target_skip_unavailable': False, 'install_base': '/root/ros2_ws/src/install/rviz_2d_overlay_plugins', 'merge_install': False, 'path': '/root/ros2_ws/src/slam/rviz_2d_overlay_plugins/rviz_2d_overlay_plugins', 'symlink_install': False, 'test_result_base': None}
[0.158s] Level 5:colcon.colcon_core.verb:set package 'super_odometry' build argument 'cmake_args' from command line to '['-DROS_EDITION=ROS2', '-DHUMBLE_ROS=humble']'
[0.158s] Level 5:colcon.colcon_core.verb:set package 'super_odometry' build argument 'cmake_target' from command line to 'None'
[0.158s] Level 5:colcon.colcon_core.verb:set package 'super_odometry' build argument 'cmake_target_skip_unavailable' from command line to 'False'
[0.158s] Level 5:colcon.colcon_core.verb:set package 'super_odometry' build argument 'cmake_clean_cache' from command line to 'False'
[0.158s] Level 5:colcon.colcon_core.verb:set package 'super_odometry' build argument 'cmake_clean_first' from command line to 'False'
[0.158s] Level 5:colcon.colcon_core.verb:set package 'super_odometry' build argument 'cmake_force_configure' from command line to 'False'
[0.158s] Level 5:colcon.colcon_core.verb:set package 'super_odometry' build argument 'ament_cmake_args' from command line to 'None'
[0.158s] Level 5:colcon.colcon_core.verb:set package 'super_odometry' build argument 'catkin_cmake_args' from command line to 'None'
[0.158s] Level 5:colcon.colcon_core.verb:set package 'super_odometry' build argument 'catkin_skip_building_tests' from command line to 'False'
[0.158s] DEBUG:colcon.colcon_core.verb:Building package 'super_odometry' with the following arguments: {'ament_cmake_args': None, 'build_base': '/root/ros2_ws/src/build/super_odometry', 'catkin_cmake_args': None, 'catkin_skip_building_tests': False, 'cmake_args': ['-DROS_EDITION=ROS2', '-DHUMBLE_ROS=humble'], 'cmake_clean_cache': False, 'cmake_clean_first': False, 'cmake_force_configure': False, 'cmake_target': None, 'cmake_target_skip_unavailable': False, 'install_base': '/root/ros2_ws/src/install/super_odometry', 'merge_install': False, 'path': '/root/ros2_ws/src/slam/SuperOdom/super_odometry', 'symlink_install': False, 'test_result_base': None}
[0.158s] Level 5:colcon.colcon_core.verb:set package 'vehicle_simulator' build argument 'cmake_args' from command line to '['-DROS_EDITION=ROS2', '-DHUMBLE_ROS=humble']'
[0.158s] Level 5:colcon.colcon_core.verb:set package 'vehicle_simulator' build argument 'cmake_target' from command line to 'None'
[0.158s] Level 5:colcon.colcon_core.verb:set package 'vehicle_simulator' build argument 'cmake_target_skip_unavailable' from command line to 'False'
[0.158s] Level 5:colcon.colcon_core.verb:set package 'vehicle_simulator' build argument 'cmake_clean_cache' from command line to 'False'
[0.158s] Level 5:colcon.colcon_core.verb:set package 'vehicle_simulator' build argument 'cmake_clean_first' from command line to 'False'
[0.158s] Level 5:colcon.colcon_core.verb:set package 'vehicle_simulator' build argument 'cmake_force_configure' from command line to 'False'
[0.158s] Level 5:colcon.colcon_core.verb:set package 'vehicle_simulator' build argument 'ament_cmake_args' from command line to 'None'
[0.158s] Level 5:colcon.colcon_core.verb:set package 'vehicle_simulator' build argument 'catkin_cmake_args' from command line to 'None'
[0.158s] Level 5:colcon.colcon_core.verb:set package 'vehicle_simulator' build argument 'catkin_skip_building_tests' from command line to 'False'
[0.158s] DEBUG:colcon.colcon_core.verb:Building package 'vehicle_simulator' with the following arguments: {'ament_cmake_args': None, 'build_base': '/root/ros2_ws/src/build/vehicle_simulator', 'catkin_cmake_args': None, 'catkin_skip_building_tests': False, 'cmake_args': ['-DROS_EDITION=ROS2', '-DHUMBLE_ROS=humble'], 'cmake_clean_cache': False, 'cmake_clean_first': False, 'cmake_force_configure': False, 'cmake_target': None, 'cmake_target_skip_unavailable': False, 'install_base': '/root/ros2_ws/src/install/vehicle_simulator', 'merge_install': False, 'path': '/root/ros2_ws/src/base_autonomy/vehicle_simulator', 'symlink_install': False, 'test_result_base': None}
[0.159s] Level 5:colcon.colcon_core.verb:set package 'calibrate_imu' build argument 'cmake_args' from command line to '['-DROS_EDITION=ROS2', '-DHUMBLE_ROS=humble']'
[0.159s] Level 5:colcon.colcon_core.verb:set package 'calibrate_imu' build argument 'cmake_target' from command line to 'None'
[0.159s] Level 5:colcon.colcon_core.verb:set package 'calibrate_imu' build argument 'cmake_target_skip_unavailable' from command line to 'False'
[0.159s] Level 5:colcon.colcon_core.verb:set package 'calibrate_imu' build argument 'cmake_clean_cache' from command line to 'False'
[0.159s] Level 5:colcon.colcon_core.verb:set package 'calibrate_imu' build argument 'cmake_clean_first' from command line to 'False'
[0.159s] Level 5:colcon.colcon_core.verb:set package 'calibrate_imu' build argument 'cmake_force_configure' from command line to 'False'
[0.159s] Level 5:colcon.colcon_core.verb:set package 'calibrate_imu' build argument 'ament_cmake_args' from command line to 'None'
[0.159s] Level 5:colcon.colcon_core.verb:set package 'calibrate_imu' build argument 'catkin_cmake_args' from command line to 'None'
[0.159s] Level 5:colcon.colcon_core.verb:set package 'calibrate_imu' build argument 'catkin_skip_building_tests' from command line to 'False'
[0.159s] DEBUG:colcon.colcon_core.verb:Building package 'calibrate_imu' with the following arguments: {'ament_cmake_args': None, 'build_base': '/root/ros2_ws/src/build/calibrate_imu', 'catkin_cmake_args': None, 'catkin_skip_building_tests': False, 'cmake_args': ['-DROS_EDITION=ROS2', '-DHUMBLE_ROS=humble'], 'cmake_clean_cache': False, 'cmake_clean_first': False, 'cmake_force_configure': False, 'cmake_target': None, 'cmake_target_skip_unavailable': False, 'install_base': '/root/ros2_ws/src/install/calibrate_imu', 'merge_install': False, 'path': '/root/ros2_ws/src/utilities/calibrate_imu', 'symlink_install': False, 'test_result_base': None}
[0.159s] Level 5:colcon.colcon_core.verb:set package 'local_planner' build argument 'cmake_args' from command line to '['-DROS_EDITION=ROS2', '-DHUMBLE_ROS=humble']'
[0.159s] Level 5:colcon.colcon_core.verb:set package 'local_planner' build argument 'cmake_target' from command line to 'None'
[0.159s] Level 5:colcon.colcon_core.verb:set package 'local_planner' build argument 'cmake_target_skip_unavailable' from command line to 'False'
[0.159s] Level 5:colcon.colcon_core.verb:set package 'local_planner' build argument 'cmake_clean_cache' from command line to 'False'
[0.159s] Level 5:colcon.colcon_core.verb:set package 'local_planner' build argument 'cmake_clean_first' from command line to 'False'
[0.159s] Level 5:colcon.colcon_core.verb:set package 'local_planner' build argument 'cmake_force_configure' from command line to 'False'
[0.159s] Level 5:colcon.colcon_core.verb:set package 'local_planner' build argument 'ament_cmake_args' from command line to 'None'
[0.159s] Level 5:colcon.colcon_core.verb:set package 'local_planner' build argument 'catkin_cmake_args' from command line to 'None'
[0.159s] Level 5:colcon.colcon_core.verb:set package 'local_planner' build argument 'catkin_skip_building_tests' from command line to 'False'
[0.159s] DEBUG:colcon.colcon_core.verb:Building package 'local_planner' with the following arguments: {'ament_cmake_args': None, 'build_base': '/root/ros2_ws/src/build/local_planner', 'catkin_cmake_args': None, 'catkin_skip_building_tests': False, 'cmake_args': ['-DROS_EDITION=ROS2', '-DHUMBLE_ROS=humble'], 'cmake_clean_cache': False, 'cmake_clean_first': False, 'cmake_force_configure': False, 'cmake_target': None, 'cmake_target_skip_unavailable': False, 'install_base': '/root/ros2_ws/src/install/local_planner', 'merge_install': False, 'path': '/root/ros2_ws/src/base_autonomy/local_planner', 'symlink_install': False, 'test_result_base': None}
[0.159s] INFO:colcon.colcon_core.executor:Executing jobs using 'parallel' executor
[0.159s] DEBUG:colcon.colcon_parallel_executor.executor.parallel:run_until_complete
[0.160s] INFO:colcon.colcon_ros.task.ament_cmake.build:Building ROS package in '/root/ros2_ws/src/utilities/unitree_pkgs/unitree_api' with build type 'ament_cmake'
[0.160s] INFO:colcon.colcon_cmake.task.cmake.build:Building CMake package in '/root/ros2_ws/src/utilities/unitree_pkgs/unitree_api'
[0.161s] INFO:colcon.colcon_core.plugin_system:Skipping extension 'colcon_core.shell.bat': Not used on non-Windows systems
[0.161s] INFO:colcon.colcon_core.shell:Skip shell extension 'powershell' for command environment: Not usable outside of PowerShell
[0.161s] DEBUG:colcon.colcon_core.shell:Skip shell extension 'dsv' for command environment
[0.163s] INFO:colcon.colcon_ros.task.ament_cmake.build:Building ROS package in '/root/ros2_ws/src/utilities/unitree_pkgs/unitree_go' with build type 'ament_cmake'
[0.163s] INFO:colcon.colcon_cmake.task.cmake.build:Building CMake package in '/root/ros2_ws/src/utilities/unitree_pkgs/unitree_go'
[0.163s] INFO:colcon.colcon_core.shell:Skip shell extension 'powershell' for command environment: Not usable outside of PowerShell
[0.163s] DEBUG:colcon.colcon_core.shell:Skip shell extension 'dsv' for command environment
[0.165s] INFO:colcon.colcon_ros.task.ament_cmake.build:Building ROS package in '/root/ros2_ws/src/route_planner/visibility_graph_msg' with build type 'ament_cmake'
[0.165s] INFO:colcon.colcon_cmake.task.cmake.build:Building CMake package in '/root/ros2_ws/src/route_planner/visibility_graph_msg'
[0.165s] INFO:colcon.colcon_core.shell:Skip shell extension 'powershell' for command environment: Not usable outside of PowerShell
[0.165s] DEBUG:colcon.colcon_core.shell:Skip shell extension 'dsv' for command environment
[0.167s] INFO:colcon.colcon_ros.task.ament_cmake.build:Building ROS package in '/root/ros2_ws/src/slam/livox_ros_driver2' with build type 'ament_cmake'
[0.167s] INFO:colcon.colcon_cmake.task.cmake.build:Building CMake package in '/root/ros2_ws/src/slam/livox_ros_driver2'
[0.167s] INFO:colcon.colcon_core.shell:Skip shell extension 'powershell' for command environment: Not usable outside of PowerShell
[0.167s] DEBUG:colcon.colcon_core.shell:Skip shell extension 'dsv' for command environment
[0.169s] INFO:colcon.colcon_ros.task.ament_python.build:Building ROS package in '/root/ros2_ws/src/utilities/ROS-TCP-Endpoint' with build type 'ament_python'
[0.169s] Level 1:colcon.colcon_core.shell:create_environment_hook('ros_tcp_endpoint', 'ament_prefix_path')
[0.169s] INFO:colcon.colcon_core.shell:Creating environment hook '/root/ros2_ws/src/install/ros_tcp_endpoint/share/ros_tcp_endpoint/hook/ament_prefix_path.ps1'
[0.169s] INFO:colcon.colcon_core.shell:Creating environment descriptor '/root/ros2_ws/src/install/ros_tcp_endpoint/share/ros_tcp_endpoint/hook/ament_prefix_path.dsv'
[0.170s] INFO:colcon.colcon_core.shell:Creating environment hook '/root/ros2_ws/src/install/ros_tcp_endpoint/share/ros_tcp_endpoint/hook/ament_prefix_path.sh'
[0.170s] INFO:colcon.colcon_core.shell:Skip shell extension 'powershell' for command environment: Not usable outside of PowerShell
[0.170s] DEBUG:colcon.colcon_core.shell:Skip shell extension 'dsv' for command environment
[0.171s] INFO:colcon.colcon_ros.task.ament_cmake.build:Building ROS package in '/root/ros2_ws/src/slam/rviz_2d_overlay_plugins/rviz_2d_overlay_msgs' with build type 'ament_cmake'
[0.171s] INFO:colcon.colcon_cmake.task.cmake.build:Building CMake package in '/root/ros2_ws/src/slam/rviz_2d_overlay_plugins/rviz_2d_overlay_msgs'
[0.171s] INFO:colcon.colcon_core.shell:Skip shell extension 'powershell' for command environment: Not usable outside of PowerShell
[0.171s] DEBUG:colcon.colcon_core.shell:Skip shell extension 'dsv' for command environment
[0.173s] INFO:colcon.colcon_ros.task.ament_cmake.build:Building ROS package in '/root/ros2_ws/src/slam/SuperOdom/super_odometry_msgs' with build type 'ament_cmake'
[0.173s] INFO:colcon.colcon_cmake.task.cmake.build:Building CMake package in '/root/ros2_ws/src/slam/SuperOdom/super_odometry_msgs'
[0.173s] INFO:colcon.colcon_core.shell:Skip shell extension 'powershell' for command environment: Not usable outside of PowerShell
[0.173s] DEBUG:colcon.colcon_core.shell:Skip shell extension 'dsv' for command environment
[0.175s] INFO:colcon.colcon_ros.task.ament_cmake.build:Building ROS package in '/root/ros2_ws/src/utilities/unitree_pkgs/go2_h264_repub' with build type 'ament_cmake'
[0.175s] INFO:colcon.colcon_cmake.task.cmake.build:Building CMake package in '/root/ros2_ws/src/utilities/unitree_pkgs/go2_h264_repub'
[0.175s] INFO:colcon.colcon_core.shell:Skip shell extension 'powershell' for command environment: Not usable outside of PowerShell
[0.175s] DEBUG:colcon.colcon_core.shell:Skip shell extension 'dsv' for command environment
[0.177s] INFO:colcon.colcon_ros.task.ament_cmake.build:Building ROS package in '/root/ros2_ws/src/utilities/goalpoint_rviz_plugin' with build type 'ament_cmake'
[0.177s] INFO:colcon.colcon_cmake.task.cmake.build:Building CMake package in '/root/ros2_ws/src/utilities/goalpoint_rviz_plugin'
[0.177s] INFO:colcon.colcon_core.shell:Skip shell extension 'powershell' for command environment: Not usable outside of PowerShell
[0.177s] DEBUG:colcon.colcon_core.shell:Skip shell extension 'dsv' for command environment
[0.179s] INFO:colcon.colcon_ros.task.ament_cmake.build:Building ROS package in '/root/ros2_ws/src/base_autonomy/sensor_scan_generation' with build type 'ament_cmake'
[0.179s] INFO:colcon.colcon_cmake.task.cmake.build:Building CMake package in '/root/ros2_ws/src/base_autonomy/sensor_scan_generation'
[0.179s] INFO:colcon.colcon_core.shell:Skip shell extension 'powershell' for command environment: Not usable outside of PowerShell
[0.179s] DEBUG:colcon.colcon_core.shell:Skip shell extension 'dsv' for command environment
[0.181s] INFO:colcon.colcon_ros.task.ament_cmake.build:Building ROS package in '/root/ros2_ws/src/utilities/teleop_rviz_plugin' with build type 'ament_cmake'
[0.181s] INFO:colcon.colcon_cmake.task.cmake.build:Building CMake package in '/root/ros2_ws/src/utilities/teleop_rviz_plugin'
[0.181s] INFO:colcon.colcon_core.shell:Skip shell extension 'powershell' for command environment: Not usable outside of PowerShell
[0.181s] DEBUG:colcon.colcon_core.shell:Skip shell extension 'dsv' for command environment
[0.182s] INFO:colcon.colcon_ros.task.ament_cmake.build:Building ROS package in '/root/ros2_ws/src/utilities/teleop_rviz_plugin_plus' with build type 'ament_cmake'
[0.182s] INFO:colcon.colcon_cmake.task.cmake.build:Building CMake package in '/root/ros2_ws/src/utilities/teleop_rviz_plugin_plus'
[0.182s] INFO:colcon.colcon_core.shell:Skip shell extension 'powershell' for command environment: Not usable outside of PowerShell
[0.182s] DEBUG:colcon.colcon_core.shell:Skip shell extension 'dsv' for command environment
[0.184s] INFO:colcon.colcon_ros.task.ament_cmake.build:Building ROS package in '/root/ros2_ws/src/base_autonomy/terrain_analysis' with build type 'ament_cmake'
[0.184s] INFO:colcon.colcon_cmake.task.cmake.build:Building CMake package in '/root/ros2_ws/src/base_autonomy/terrain_analysis'
[0.184s] INFO:colcon.colcon_core.shell:Skip shell extension 'powershell' for command environment: Not usable outside of PowerShell
[0.184s] DEBUG:colcon.colcon_core.shell:Skip shell extension 'dsv' for command environment
[0.186s] INFO:colcon.colcon_ros.task.ament_cmake.build:Building ROS package in '/root/ros2_ws/src/base_autonomy/terrain_analysis_ext' with build type 'ament_cmake'
[0.186s] INFO:colcon.colcon_cmake.task.cmake.build:Building CMake package in '/root/ros2_ws/src/base_autonomy/terrain_analysis_ext'
[0.186s] INFO:colcon.colcon_core.shell:Skip shell extension 'powershell' for command environment: Not usable outside of PowerShell
[0.186s] DEBUG:colcon.colcon_core.shell:Skip shell extension 'dsv' for command environment
[0.187s] INFO:colcon.colcon_ros.task.ament_python.build:Building ROS package in '/root/ros2_ws/src/utilities/transform_sensors' with build type 'ament_python'
[0.187s] Level 1:colcon.colcon_core.shell:create_environment_hook('transform_sensors', 'ament_prefix_path')
[0.187s] INFO:colcon.colcon_core.shell:Creating environment hook '/root/ros2_ws/src/install/transform_sensors/share/transform_sensors/hook/ament_prefix_path.ps1'
[0.188s] INFO:colcon.colcon_core.shell:Creating environment descriptor '/root/ros2_ws/src/install/transform_sensors/share/transform_sensors/hook/ament_prefix_path.dsv'
[0.188s] INFO:colcon.colcon_core.shell:Creating environment hook '/root/ros2_ws/src/install/transform_sensors/share/transform_sensors/hook/ament_prefix_path.sh'
[0.188s] INFO:colcon.colcon_core.shell:Skip shell extension 'powershell' for command environment: Not usable outside of PowerShell
[0.188s] DEBUG:colcon.colcon_core.shell:Skip shell extension 'dsv' for command environment
[0.189s] INFO:colcon.colcon_ros.task.ament_cmake.build:Building ROS package in '/root/ros2_ws/src/base_autonomy/visualization_tools' with build type 'ament_cmake'
[0.189s] INFO:colcon.colcon_cmake.task.cmake.build:Building CMake package in '/root/ros2_ws/src/base_autonomy/visualization_tools'
[0.190s] INFO:colcon.colcon_core.shell:Skip shell extension 'powershell' for command environment: Not usable outside of PowerShell
[0.190s] DEBUG:colcon.colcon_core.shell:Skip shell extension 'dsv' for command environment
[0.191s] INFO:colcon.colcon_ros.task.ament_cmake.build:Building ROS package in '/root/ros2_ws/src/base_autonomy/waypoint_example' with build type 'ament_cmake'
[0.191s] INFO:colcon.colcon_cmake.task.cmake.build:Building CMake package in '/root/ros2_ws/src/base_autonomy/waypoint_example'
[0.191s] INFO:colcon.colcon_core.shell:Skip shell extension 'powershell' for command environment: Not usable outside of PowerShell
[0.191s] DEBUG:colcon.colcon_core.shell:Skip shell extension 'dsv' for command environment
[0.193s] INFO:colcon.colcon_ros.task.ament_cmake.build:Building ROS package in '/root/ros2_ws/src/utilities/waypoint_rviz_plugin' with build type 'ament_cmake'
[0.193s] INFO:colcon.colcon_cmake.task.cmake.build:Building CMake package in '/root/ros2_ws/src/utilities/waypoint_rviz_plugin'
[0.193s] INFO:colcon.colcon_core.shell:Skip shell extension 'powershell' for command environment: Not usable outside of PowerShell
[0.193s] DEBUG:colcon.colcon_core.shell:Skip shell extension 'dsv' for command environment
[0.197s] DEBUG:colcon.colcon_core.event_handler.log_command:Invoking command in '/root/ros2_ws/src/build/unitree_api': CMAKE_PREFIX_PATH=/opt/ros/humble /usr/bin/cmake /root/ros2_ws/src/utilities/unitree_pkgs/unitree_api -DROS_EDITION=ROS2 -DHUMBLE_ROS=humble -DCMAKE_INSTALL_PREFIX=/root/ros2_ws/src/install/unitree_api
[0.200s] DEBUG:colcon.colcon_core.event_handler.log_command:Invoking command in '/root/ros2_ws/src/build/unitree_go': CMAKE_PREFIX_PATH=/opt/ros/humble /usr/bin/cmake /root/ros2_ws/src/utilities/unitree_pkgs/unitree_go -DROS_EDITION=ROS2 -DHUMBLE_ROS=humble -DCMAKE_INSTALL_PREFIX=/root/ros2_ws/src/install/unitree_go
[0.202s] DEBUG:colcon.colcon_core.event_handler.log_command:Invoking command in '/root/ros2_ws/src/build/visibility_graph_msg': CMAKE_PREFIX_PATH=/opt/ros/humble /usr/bin/cmake /root/ros2_ws/src/route_planner/visibility_graph_msg -DROS_EDITION=ROS2 -DHUMBLE_ROS=humble -DCMAKE_INSTALL_PREFIX=/root/ros2_ws/src/install/visibility_graph_msg
[0.204s] DEBUG:colcon.colcon_core.event_handler.log_command:Invoking command in '/root/ros2_ws/src/build/livox_ros_driver2': CMAKE_PREFIX_PATH=/opt/ros/humble /usr/bin/cmake /root/ros2_ws/src/slam/livox_ros_driver2 -DROS_EDITION=ROS2 -DHUMBLE_ROS=humble -DCMAKE_INSTALL_PREFIX=/root/ros2_ws/src/install/livox_ros_driver2
[0.406s] INFO:colcon.colcon_core.task.python.build:Building Python package in '/root/ros2_ws/src/utilities/ROS-TCP-Endpoint'
[0.406s] INFO:colcon.colcon_core.shell:Skip shell extension 'powershell' for command environment: Not usable outside of PowerShell
[0.406s] DEBUG:colcon.colcon_core.shell:Skip shell extension 'dsv' for command environment
[0.412s] DEBUG:colcon.colcon_core.event_handler.log_command:Invoking command in '/root/ros2_ws/src/build/rviz_2d_overlay_msgs': CMAKE_PREFIX_PATH=/opt/ros/humble /usr/bin/cmake /root/ros2_ws/src/slam/rviz_2d_overlay_plugins/rviz_2d_overlay_msgs -DROS_EDITION=ROS2 -DHUMBLE_ROS=humble -DCMAKE_INSTALL_PREFIX=/root/ros2_ws/src/install/rviz_2d_overlay_msgs
[0.414s] DEBUG:colcon.colcon_core.event_handler.log_command:Invoking command in '/root/ros2_ws/src/build/super_odometry_msgs': CMAKE_PREFIX_PATH=/opt/ros/humble /usr/bin/cmake /root/ros2_ws/src/slam/SuperOdom/super_odometry_msgs -DROS_EDITION=ROS2 -DHUMBLE_ROS=humble -DCMAKE_INSTALL_PREFIX=/root/ros2_ws/src/install/super_odometry_msgs
[0.414s] DEBUG:colcon.colcon_core.event_handler.log_command:Invoking command in '/root/ros2_ws/src/build/go2_h264_repub': CMAKE_PREFIX_PATH=/opt/ros/humble /usr/bin/cmake /root/ros2_ws/src/utilities/unitree_pkgs/go2_h264_repub -DROS_EDITION=ROS2 -DHUMBLE_ROS=humble -DCMAKE_INSTALL_PREFIX=/root/ros2_ws/src/install/go2_h264_repub
[0.418s] DEBUG:colcon.colcon_core.event_handler.log_command:Invoking command in '/root/ros2_ws/src/build/goalpoint_rviz_plugin': CMAKE_PREFIX_PATH=/opt/ros/humble /usr/bin/cmake /root/ros2_ws/src/utilities/goalpoint_rviz_plugin -DROS_EDITION=ROS2 -DHUMBLE_ROS=humble -DCMAKE_INSTALL_PREFIX=/root/ros2_ws/src/install/goalpoint_rviz_plugin
[0.424s] DEBUG:colcon.colcon_core.event_handler.log_command:Invoking command in '/root/ros2_ws/src/build/sensor_scan_generation': CMAKE_PREFIX_PATH=/opt/ros/humble /usr/bin/cmake /root/ros2_ws/src/base_autonomy/sensor_scan_generation -DROS_EDITION=ROS2 -DHUMBLE_ROS=humble -DCMAKE_INSTALL_PREFIX=/root/ros2_ws/src/install/sensor_scan_generation
[0.425s] DEBUG:colcon.colcon_core.event_handler.log_command:Invoking command in '/root/ros2_ws/src/build/teleop_rviz_plugin': CMAKE_PREFIX_PATH=/opt/ros/humble /usr/bin/cmake /root/ros2_ws/src/utilities/teleop_rviz_plugin -DROS_EDITION=ROS2 -DHUMBLE_ROS=humble -DCMAKE_INSTALL_PREFIX=/root/ros2_ws/src/install/teleop_rviz_plugin
[0.426s] DEBUG:colcon.colcon_core.event_handler.log_command:Invoking command in '/root/ros2_ws/src/build/teleop_rviz_plugin_plus': CMAKE_PREFIX_PATH=/opt/ros/humble /usr/bin/cmake /root/ros2_ws/src/utilities/teleop_rviz_plugin_plus -DROS_EDITION=ROS2 -DHUMBLE_ROS=humble -DCMAKE_INSTALL_PREFIX=/root/ros2_ws/src/install/teleop_rviz_plugin_plus
[0.429s] DEBUG:colcon.colcon_core.event_handler.log_command:Invoking command in '/root/ros2_ws/src/build/terrain_analysis': CMAKE_PREFIX_PATH=/opt/ros/humble /usr/bin/cmake /root/ros2_ws/src/base_autonomy/terrain_analysis -DROS_EDITION=ROS2 -DHUMBLE_ROS=humble -DCMAKE_INSTALL_PREFIX=/root/ros2_ws/src/install/terrain_analysis
[0.431s] DEBUG:colcon.colcon_core.event_handler.log_command:Invoking command in '/root/ros2_ws/src/build/terrain_analysis_ext': CMAKE_PREFIX_PATH=/opt/ros/humble /usr/bin/cmake /root/ros2_ws/src/base_autonomy/terrain_analysis_ext -DROS_EDITION=ROS2 -DHUMBLE_ROS=humble -DCMAKE_INSTALL_PREFIX=/root/ros2_ws/src/install/terrain_analysis_ext
[0.769s] INFO:colcon.colcon_core.task.python.build:Building Python package in '/root/ros2_ws/src/utilities/transform_sensors'
[0.770s] INFO:colcon.colcon_core.shell:Skip shell extension 'powershell' for command environment: Not usable outside of PowerShell
[0.770s] DEBUG:colcon.colcon_core.shell:Skip shell extension 'dsv' for command environment
[0.786s] DEBUG:colcon.colcon_core.event_handler.log_command:Invoking command in '/root/ros2_ws/src/build/visualization_tools': CMAKE_PREFIX_PATH=/opt/ros/humble /usr/bin/cmake /root/ros2_ws/src/base_autonomy/visualization_tools -DROS_EDITION=ROS2 -DHUMBLE_ROS=humble -DCMAKE_INSTALL_PREFIX=/root/ros2_ws/src/install/visualization_tools
[0.787s] DEBUG:colcon.colcon_core.event_handler.log_command:Invoking command in '/root/ros2_ws/src/build/waypoint_example': CMAKE_PREFIX_PATH=/opt/ros/humble /usr/bin/cmake /root/ros2_ws/src/base_autonomy/waypoint_example -DROS_EDITION=ROS2 -DHUMBLE_ROS=humble -DCMAKE_INSTALL_PREFIX=/root/ros2_ws/src/install/waypoint_example
[0.814s] DEBUG:colcon.colcon_core.event_handler.log_command:Invoking command in '/root/ros2_ws/src/build/waypoint_rviz_plugin': CMAKE_PREFIX_PATH=/opt/ros/humble /usr/bin/cmake /root/ros2_ws/src/utilities/waypoint_rviz_plugin -DROS_EDITION=ROS2 -DHUMBLE_ROS=humble -DCMAKE_INSTALL_PREFIX=/root/ros2_ws/src/install/waypoint_rviz_plugin
[1.283s] DEBUG:colcon.colcon_core.event_handler.log_command:Invoking command in '/root/ros2_ws/src/utilities/transform_sensors': PYTHONPATH=/root/ros2_ws/src/build/transform_sensors/prefix_override:/usr/lib/python3/dist-packages/colcon_core/task/python/colcon_distutils_commands:/root/ros2_ws/src/install/transform_sensors/lib/python3.10/site-packages:${PYTHONPATH} /usr/bin/python3 -W ignore:setup.py install is deprecated -W ignore:easy_install command is deprecated setup.py egg_info --egg-base ../../build/transform_sensors build --build-base /root/ros2_ws/src/build/transform_sensors/build install --record /root/ros2_ws/src/build/transform_sensors/install.log --install-scripts $base/lib/transform_sensors --single-version-externally-managed install_data
[1.287s] DEBUG:colcon.colcon_core.event_handler.log_command:Invoking command in '/root/ros2_ws/src/utilities/ROS-TCP-Endpoint': PYTHONPATH=/root/ros2_ws/src/build/ros_tcp_endpoint/prefix_override:/usr/lib/python3/dist-packages/colcon_core/task/python/colcon_distutils_commands:/root/ros2_ws/src/install/ros_tcp_endpoint/lib/python3.10/site-packages:${PYTHONPATH} /usr/bin/python3 -W ignore:setup.py install is deprecated -W ignore:easy_install command is deprecated setup.py egg_info --egg-base ../../build/ros_tcp_endpoint build --build-base /root/ros2_ws/src/build/ros_tcp_endpoint/build install --record /root/ros2_ws/src/build/ros_tcp_endpoint/install.log --install-scripts $base/lib/ros_tcp_endpoint --single-version-externally-managed install_data
[2.389s] DEBUG:colcon.colcon_core.event_handler.log_command:Invoked command in '/root/ros2_ws/src/build/go2_h264_repub' returned '0': CMAKE_PREFIX_PATH=/opt/ros/humble /usr/bin/cmake /root/ros2_ws/src/utilities/unitree_pkgs/go2_h264_repub -DROS_EDITION=ROS2 -DHUMBLE_ROS=humble -DCMAKE_INSTALL_PREFIX=/root/ros2_ws/src/install/go2_h264_repub
[2.392s] DEBUG:colcon.colcon_core.event_handler.log_command:Invoking command in '/root/ros2_ws/src/build/go2_h264_repub': CMAKE_PREFIX_PATH=/opt/ros/humble /usr/bin/cmake --build /root/ros2_ws/src/build/go2_h264_repub -- -j24 -l24
[2.865s] DEBUG:colcon.colcon_core.event_handler.log_command:Invoked command in '/root/ros2_ws/src/build/visibility_graph_msg' returned '0': CMAKE_PREFIX_PATH=/opt/ros/humble /usr/bin/cmake /root/ros2_ws/src/route_planner/visibility_graph_msg -DROS_EDITION=ROS2 -DHUMBLE_ROS=humble -DCMAKE_INSTALL_PREFIX=/root/ros2_ws/src/install/visibility_graph_msg
[2.866s] DEBUG:colcon.colcon_core.event_handler.log_command:Invoking command in '/root/ros2_ws/src/build/visibility_graph_msg': CMAKE_PREFIX_PATH=/opt/ros/humble /usr/bin/cmake --build /root/ros2_ws/src/build/visibility_graph_msg -- -j24 -l24
[2.901s] Level 1:colcon.colcon_core.environment:checking '/root/ros2_ws/src/install/transform_sensors' for CMake module files
[2.902s] Level 1:colcon.colcon_core.environment:checking '/root/ros2_ws/src/install/transform_sensors' for CMake config files
[2.914s] Level 1:colcon.colcon_core.environment:checking '/root/ros2_ws/src/install/transform_sensors/lib'
[2.917s] Level 1:colcon.colcon_core.environment:checking '/root/ros2_ws/src/install/transform_sensors/bin'
[2.917s] Level 1:colcon.colcon_core.environment:checking '/root/ros2_ws/src/install/transform_sensors/lib/pkgconfig/transform_sensors.pc'
[2.917s] Level 1:colcon.colcon_core.environment:checking '/root/ros2_ws/src/install/transform_sensors/lib/python3.10/site-packages'
[2.917s] Level 1:colcon.colcon_core.shell:create_environment_hook('transform_sensors', 'pythonpath')
[2.918s] INFO:colcon.colcon_core.shell:Creating environment hook '/root/ros2_ws/src/install/transform_sensors/share/transform_sensors/hook/pythonpath.ps1'
[2.919s] DEBUG:colcon.colcon_core.event_handler.log_command:Invoked command in '/root/ros2_ws/src/utilities/transform_sensors' returned '0': PYTHONPATH=/root/ros2_ws/src/build/transform_sensors/prefix_override:/usr/lib/python3/dist-packages/colcon_core/task/python/colcon_distutils_commands:/root/ros2_ws/src/install/transform_sensors/lib/python3.10/site-packages:${PYTHONPATH} /usr/bin/python3 -W ignore:setup.py install is deprecated -W ignore:easy_install command is deprecated setup.py egg_info --egg-base ../../build/transform_sensors build --build-base /root/ros2_ws/src/build/transform_sensors/build install --record /root/ros2_ws/src/build/transform_sensors/install.log --install-scripts $base/lib/transform_sensors --single-version-externally-managed install_data
[2.922s] INFO:colcon.colcon_core.shell:Creating environment descriptor '/root/ros2_ws/src/install/transform_sensors/share/transform_sensors/hook/pythonpath.dsv'
[2.923s] INFO:colcon.colcon_core.shell:Creating environment hook '/root/ros2_ws/src/install/transform_sensors/share/transform_sensors/hook/pythonpath.sh'
[2.924s] Level 1:colcon.colcon_core.environment:checking '/root/ros2_ws/src/install/transform_sensors/bin'
[2.924s] Level 1:colcon.colcon_core.environment:create_environment_scripts_only(transform_sensors)
[2.925s] INFO:colcon.colcon_core.shell:Creating package script '/root/ros2_ws/src/install/transform_sensors/share/transform_sensors/package.ps1'
[2.936s] INFO:colcon.colcon_core.shell:Creating package descriptor '/root/ros2_ws/src/install/transform_sensors/share/transform_sensors/package.dsv'
[2.938s] INFO:colcon.colcon_core.shell:Creating package script '/root/ros2_ws/src/install/transform_sensors/share/transform_sensors/package.sh'
[2.941s] INFO:colcon.colcon_core.shell:Creating package script '/root/ros2_ws/src/install/transform_sensors/share/transform_sensors/package.bash'
[2.944s] INFO:colcon.colcon_core.shell:Creating package script '/root/ros2_ws/src/install/transform_sensors/share/transform_sensors/package.zsh'
[2.950s] Level 1:colcon.colcon_core.environment:create_file_with_runtime_dependencies(/root/ros2_ws/src/install/transform_sensors/share/colcon-core/packages/transform_sensors)
[2.959s] Level 1:colcon.colcon_core.environment:checking '/root/ros2_ws/src/install/ros_tcp_endpoint' for CMake module files
[2.959s] Level 1:colcon.colcon_core.environment:checking '/root/ros2_ws/src/install/ros_tcp_endpoint' for CMake config files
[2.960s] Level 1:colcon.colcon_core.environment:checking '/root/ros2_ws/src/install/ros_tcp_endpoint/lib'
[2.960s] Level 1:colcon.colcon_core.environment:checking '/root/ros2_ws/src/install/ros_tcp_endpoint/bin'
[2.961s] Level 1:colcon.colcon_core.environment:checking '/root/ros2_ws/src/install/ros_tcp_endpoint/lib/pkgconfig/ros_tcp_endpoint.pc'
[2.964s] Level 1:colcon.colcon_core.environment:checking '/root/ros2_ws/src/install/ros_tcp_endpoint/lib/python3.10/site-packages'
[2.964s] DEBUG:colcon.colcon_core.event_handler.log_command:Invoked command in '/root/ros2_ws/src/build/unitree_api' returned '0': CMAKE_PREFIX_PATH=/opt/ros/humble /usr/bin/cmake /root/ros2_ws/src/utilities/unitree_pkgs/unitree_api -DROS_EDITION=ROS2 -DHUMBLE_ROS=humble -DCMAKE_INSTALL_PREFIX=/root/ros2_ws/src/install/unitree_api
[2.965s] DEBUG:colcon.colcon_core.event_handler.log_command:Invoking command in '/root/ros2_ws/src/build/unitree_api': CMAKE_PREFIX_PATH=/opt/ros/humble /usr/bin/cmake --build /root/ros2_ws/src/build/unitree_api -- -j24 -l24
[2.966s] DEBUG:colcon.colcon_core.event_handler.log_command:Invoked command in '/root/ros2_ws/src/utilities/ROS-TCP-Endpoint' returned '0': PYTHONPATH=/root/ros2_ws/src/build/ros_tcp_endpoint/prefix_override:/usr/lib/python3/dist-packages/colcon_core/task/python/colcon_distutils_commands:/root/ros2_ws/src/install/ros_tcp_endpoint/lib/python3.10/site-packages:${PYTHONPATH} /usr/bin/python3 -W ignore:setup.py install is deprecated -W ignore:easy_install command is deprecated setup.py egg_info --egg-base ../../build/ros_tcp_endpoint build --build-base /root/ros2_ws/src/build/ros_tcp_endpoint/build install --record /root/ros2_ws/src/build/ros_tcp_endpoint/install.log --install-scripts $base/lib/ros_tcp_endpoint --single-version-externally-managed install_data
[2.966s] Level 1:colcon.colcon_core.shell:create_environment_hook('ros_tcp_endpoint', 'pythonpath')
[2.966s] INFO:colcon.colcon_core.shell:Creating environment hook '/root/ros2_ws/src/install/ros_tcp_endpoint/share/ros_tcp_endpoint/hook/pythonpath.ps1'
[2.970s] INFO:colcon.colcon_core.shell:Creating environment descriptor '/root/ros2_ws/src/install/ros_tcp_endpoint/share/ros_tcp_endpoint/hook/pythonpath.dsv'
[2.970s] INFO:colcon.colcon_core.shell:Creating environment hook '/root/ros2_ws/src/install/ros_tcp_endpoint/share/ros_tcp_endpoint/hook/pythonpath.sh'
[2.972s] Level 1:colcon.colcon_core.environment:checking '/root/ros2_ws/src/install/ros_tcp_endpoint/bin'
[2.972s] Level 1:colcon.colcon_core.environment:create_environment_scripts_only(ros_tcp_endpoint)
[2.972s] INFO:colcon.colcon_core.shell:Creating package script '/root/ros2_ws/src/install/ros_tcp_endpoint/share/ros_tcp_endpoint/package.ps1'
[2.978s] INFO:colcon.colcon_core.shell:Creating package descriptor '/root/ros2_ws/src/install/ros_tcp_endpoint/share/ros_tcp_endpoint/package.dsv'
[2.979s] INFO:colcon.colcon_core.shell:Creating package script '/root/ros2_ws/src/install/ros_tcp_endpoint/share/ros_tcp_endpoint/package.sh'
[2.980s] INFO:colcon.colcon_core.shell:Creating package script '/root/ros2_ws/src/install/ros_tcp_endpoint/share/ros_tcp_endpoint/package.bash'
[2.981s] INFO:colcon.colcon_core.shell:Creating package script '/root/ros2_ws/src/install/ros_tcp_endpoint/share/ros_tcp_endpoint/package.zsh'
[2.981s] Level 1:colcon.colcon_core.environment:create_file_with_runtime_dependencies(/root/ros2_ws/src/install/ros_tcp_endpoint/share/colcon-core/packages/ros_tcp_endpoint)
[2.985s] INFO:colcon.colcon_ros.task.ament_cmake.build:Building ROS package in '/root/ros2_ws/src/base_autonomy/vehicle_simulator' with build type 'ament_cmake'
[2.985s] INFO:colcon.colcon_cmake.task.cmake.build:Building CMake package in '/root/ros2_ws/src/base_autonomy/vehicle_simulator'
[2.986s] INFO:colcon.colcon_core.shell:Skip shell extension 'powershell' for command environment: Not usable outside of PowerShell
[2.987s] DEBUG:colcon.colcon_core.shell:Skip shell extension 'dsv' for command environment
[3.011s] DEBUG:colcon.colcon_core.event_handler.log_command:Invoked command in '/root/ros2_ws/src/build/rviz_2d_overlay_msgs' returned '0': CMAKE_PREFIX_PATH=/opt/ros/humble /usr/bin/cmake /root/ros2_ws/src/slam/rviz_2d_overlay_plugins/rviz_2d_overlay_msgs -DROS_EDITION=ROS2 -DHUMBLE_ROS=humble -DCMAKE_INSTALL_PREFIX=/root/ros2_ws/src/install/rviz_2d_overlay_msgs
[3.012s] DEBUG:colcon.colcon_core.event_handler.log_command:Invoking command in '/root/ros2_ws/src/build/rviz_2d_overlay_msgs': CMAKE_PREFIX_PATH=/opt/ros/humble /usr/bin/cmake --build /root/ros2_ws/src/build/rviz_2d_overlay_msgs -- -j24 -l24
[3.019s] DEBUG:colcon.colcon_core.event_handler.log_command:Invoking command in '/root/ros2_ws/src/build/vehicle_simulator': AMENT_PREFIX_PATH=/root/ros2_ws/src/install/ros_tcp_endpoint:${AMENT_PREFIX_PATH} CMAKE_PREFIX_PATH=/opt/ros/humble PYTHONPATH=/root/ros2_ws/src/install/ros_tcp_endpoint/lib/python3.10/site-packages:${PYTHONPATH} /usr/bin/cmake /root/ros2_ws/src/base_autonomy/vehicle_simulator -DROS_EDITION=ROS2 -DHUMBLE_ROS=humble -DCMAKE_INSTALL_PREFIX=/root/ros2_ws/src/install/vehicle_simulator
[3.052s] DEBUG:colcon.colcon_core.event_handler.log_command:Invoked command in '/root/ros2_ws/src/build/unitree_go' returned '0': CMAKE_PREFIX_PATH=/opt/ros/humble /usr/bin/cmake /root/ros2_ws/src/utilities/unitree_pkgs/unitree_go -DROS_EDITION=ROS2 -DHUMBLE_ROS=humble -DCMAKE_INSTALL_PREFIX=/root/ros2_ws/src/install/unitree_go
[3.053s] DEBUG:colcon.colcon_core.event_handler.log_command:Invoking command in '/root/ros2_ws/src/build/unitree_go': CMAKE_PREFIX_PATH=/opt/ros/humble /usr/bin/cmake --build /root/ros2_ws/src/build/unitree_go -- -j24 -l24
[3.741s] DEBUG:colcon.colcon_core.event_handler.log_command:Invoked command in '/root/ros2_ws/src/build/super_odometry_msgs' returned '0': CMAKE_PREFIX_PATH=/opt/ros/humble /usr/bin/cmake /root/ros2_ws/src/slam/SuperOdom/super_odometry_msgs -DROS_EDITION=ROS2 -DHUMBLE_ROS=humble -DCMAKE_INSTALL_PREFIX=/root/ros2_ws/src/install/super_odometry_msgs
[3.741s] DEBUG:colcon.colcon_core.event_handler.log_command:Invoking command in '/root/ros2_ws/src/build/super_odometry_msgs': CMAKE_PREFIX_PATH=/opt/ros/humble /usr/bin/cmake --build /root/ros2_ws/src/build/super_odometry_msgs -- -j24 -l24
[4.819s] DEBUG:colcon.colcon_core.event_handler.log_command:Invoked command in '/root/ros2_ws/src/build/teleop_rviz_plugin_plus' returned '0': CMAKE_PREFIX_PATH=/opt/ros/humble /usr/bin/cmake /root/ros2_ws/src/utilities/teleop_rviz_plugin_plus -DROS_EDITION=ROS2 -DHUMBLE_ROS=humble -DCMAKE_INSTALL_PREFIX=/root/ros2_ws/src/install/teleop_rviz_plugin_plus
[4.822s] DEBUG:colcon.colcon_core.event_handler.log_command:Invoking command in '/root/ros2_ws/src/build/teleop_rviz_plugin_plus': CMAKE_PREFIX_PATH=/opt/ros/humble /usr/bin/cmake --build /root/ros2_ws/src/build/teleop_rviz_plugin_plus -- -j24 -l24
[4.963s] DEBUG:colcon.colcon_core.event_handler.log_command:Invoked command in '/root/ros2_ws/src/build/teleop_rviz_plugin' returned '0': CMAKE_PREFIX_PATH=/opt/ros/humble /usr/bin/cmake /root/ros2_ws/src/utilities/teleop_rviz_plugin -DROS_EDITION=ROS2 -DHUMBLE_ROS=humble -DCMAKE_INSTALL_PREFIX=/root/ros2_ws/src/install/teleop_rviz_plugin
[4.964s] DEBUG:colcon.colcon_core.event_handler.log_command:Invoking command in '/root/ros2_ws/src/build/teleop_rviz_plugin': CMAKE_PREFIX_PATH=/opt/ros/humble /usr/bin/cmake --build /root/ros2_ws/src/build/teleop_rviz_plugin -- -j24 -l24
[5.420s] DEBUG:colcon.colcon_core.event_handler.log_command:Invoked command in '/root/ros2_ws/src/build/goalpoint_rviz_plugin' returned '0': CMAKE_PREFIX_PATH=/opt/ros/humble /usr/bin/cmake /root/ros2_ws/src/utilities/goalpoint_rviz_plugin -DROS_EDITION=ROS2 -DHUMBLE_ROS=humble -DCMAKE_INSTALL_PREFIX=/root/ros2_ws/src/install/goalpoint_rviz_plugin
[5.421s] DEBUG:colcon.colcon_core.event_handler.log_command:Invoking command in '/root/ros2_ws/src/build/goalpoint_rviz_plugin': CMAKE_PREFIX_PATH=/opt/ros/humble /usr/bin/cmake --build /root/ros2_ws/src/build/goalpoint_rviz_plugin -- -j24 -l24
[6.071s] DEBUG:colcon.colcon_core.event_handler.log_command:Invoked command in '/root/ros2_ws/src/build/waypoint_rviz_plugin' returned '0': CMAKE_PREFIX_PATH=/opt/ros/humble /usr/bin/cmake /root/ros2_ws/src/utilities/waypoint_rviz_plugin -DROS_EDITION=ROS2 -DHUMBLE_ROS=humble -DCMAKE_INSTALL_PREFIX=/root/ros2_ws/src/install/waypoint_rviz_plugin
[6.072s] DEBUG:colcon.colcon_core.event_handler.log_command:Invoking command in '/root/ros2_ws/src/build/waypoint_rviz_plugin': CMAKE_PREFIX_PATH=/opt/ros/humble /usr/bin/cmake --build /root/ros2_ws/src/build/waypoint_rviz_plugin -- -j24 -l24
[9.669s] DEBUG:colcon.colcon_core.event_handler.log_command:Invoked command in '/root/ros2_ws/src/build/terrain_analysis_ext' returned '0': CMAKE_PREFIX_PATH=/opt/ros/humble /usr/bin/cmake /root/ros2_ws/src/base_autonomy/terrain_analysis_ext -DROS_EDITION=ROS2 -DHUMBLE_ROS=humble -DCMAKE_INSTALL_PREFIX=/root/ros2_ws/src/install/terrain_analysis_ext
[9.670s] DEBUG:colcon.colcon_core.event_handler.log_command:Invoking command in '/root/ros2_ws/src/build/terrain_analysis_ext': CMAKE_PREFIX_PATH=/opt/ros/humble /usr/bin/cmake --build /root/ros2_ws/src/build/terrain_analysis_ext -- -j24 -l24
[10.191s] DEBUG:colcon.colcon_core.event_handler.log_command:Invoked command in '/root/ros2_ws/src/build/sensor_scan_generation' returned '0': CMAKE_PREFIX_PATH=/opt/ros/humble /usr/bin/cmake /root/ros2_ws/src/base_autonomy/sensor_scan_generation -DROS_EDITION=ROS2 -DHUMBLE_ROS=humble -DCMAKE_INSTALL_PREFIX=/root/ros2_ws/src/install/sensor_scan_generation
[10.192s] DEBUG:colcon.colcon_core.event_handler.log_command:Invoking command in '/root/ros2_ws/src/build/sensor_scan_generation': CMAKE_PREFIX_PATH=/opt/ros/humble /usr/bin/cmake --build /root/ros2_ws/src/build/sensor_scan_generation -- -j24 -l24
[10.228s] DEBUG:colcon.colcon_core.event_handler.log_command:Invoked command in '/root/ros2_ws/src/build/visibility_graph_msg' returned '0': CMAKE_PREFIX_PATH=/opt/ros/humble /usr/bin/cmake --build /root/ros2_ws/src/build/visibility_graph_msg -- -j24 -l24
[10.276s] DEBUG:colcon.colcon_core.event_handler.log_command:Invoking command in '/root/ros2_ws/src/build/visibility_graph_msg': CMAKE_PREFIX_PATH=/opt/ros/humble /usr/bin/cmake --install /root/ros2_ws/src/build/visibility_graph_msg
[10.809s] DEBUG:colcon.colcon_core.event_handler.log_command:Invoked command in '/root/ros2_ws/src/build/rviz_2d_overlay_msgs' returned '0': CMAKE_PREFIX_PATH=/opt/ros/humble /usr/bin/cmake --build /root/ros2_ws/src/build/rviz_2d_overlay_msgs -- -j24 -l24
[10.820s] DEBUG:colcon.colcon_core.event_handler.log_command:Invoking command in '/root/ros2_ws/src/build/rviz_2d_overlay_msgs': CMAKE_PREFIX_PATH=/opt/ros/humble /usr/bin/cmake --install /root/ros2_ws/src/build/rviz_2d_overlay_msgs
[10.839s] DEBUG:colcon.colcon_core.event_handler.log_command:Invoked command in '/root/ros2_ws/src/build/waypoint_example' returned '0': CMAKE_PREFIX_PATH=/opt/ros/humble /usr/bin/cmake /root/ros2_ws/src/base_autonomy/waypoint_example -DROS_EDITION=ROS2 -DHUMBLE_ROS=humble -DCMAKE_INSTALL_PREFIX=/root/ros2_ws/src/install/waypoint_example
[10.841s] DEBUG:colcon.colcon_core.event_handler.log_command:Invoking command in '/root/ros2_ws/src/build/waypoint_example': CMAKE_PREFIX_PATH=/opt/ros/humble /usr/bin/cmake --build /root/ros2_ws/src/build/waypoint_example -- -j24 -l24
[11.158s] DEBUG:colcon.colcon_core.event_handler.log_command:Invoked command in '/root/ros2_ws/src/build/terrain_analysis' returned '0': CMAKE_PREFIX_PATH=/opt/ros/humble /usr/bin/cmake /root/ros2_ws/src/base_autonomy/terrain_analysis -DROS_EDITION=ROS2 -DHUMBLE_ROS=humble -DCMAKE_INSTALL_PREFIX=/root/ros2_ws/src/install/terrain_analysis
[11.180s] Level 1:colcon.colcon_core.environment:create_environment_scripts_only(visibility_graph_msg)
[11.181s] Level 1:colcon.colcon_core.environment:checking '/root/ros2_ws/src/install/visibility_graph_msg' for CMake module files
[11.201s] Level 1:colcon.colcon_core.environment:checking '/root/ros2_ws/src/install/visibility_graph_msg' for CMake config files
[11.208s] Level 1:colcon.colcon_core.shell:create_environment_hook('visibility_graph_msg', 'cmake_prefix_path')
[11.209s] INFO:colcon.colcon_core.shell:Creating environment hook '/root/ros2_ws/src/install/visibility_graph_msg/share/visibility_graph_msg/hook/cmake_prefix_path.ps1'
[11.210s] INFO:colcon.colcon_core.shell:Creating environment descriptor '/root/ros2_ws/src/install/visibility_graph_msg/share/visibility_graph_msg/hook/cmake_prefix_path.dsv'
[11.211s] INFO:colcon.colcon_core.shell:Creating environment hook '/root/ros2_ws/src/install/visibility_graph_msg/share/visibility_graph_msg/hook/cmake_prefix_path.sh'
[11.219s] Level 1:colcon.colcon_core.environment:checking '/root/ros2_ws/src/install/visibility_graph_msg/lib'
[11.219s] Level 1:colcon.colcon_core.shell:create_environment_hook('visibility_graph_msg', 'ld_library_path_lib')
[11.219s] INFO:colcon.colcon_core.shell:Creating environment hook '/root/ros2_ws/src/install/visibility_graph_msg/share/visibility_graph_msg/hook/ld_library_path_lib.ps1'
[11.220s] INFO:colcon.colcon_core.shell:Creating environment descriptor '/root/ros2_ws/src/install/visibility_graph_msg/share/visibility_graph_msg/hook/ld_library_path_lib.dsv'
[11.221s] INFO:colcon.colcon_core.shell:Creating environment hook '/root/ros2_ws/src/install/visibility_graph_msg/share/visibility_graph_msg/hook/ld_library_path_lib.sh'
[11.229s] Level 1:colcon.colcon_core.environment:checking '/root/ros2_ws/src/install/visibility_graph_msg/bin'
[11.229s] Level 1:colcon.colcon_core.environment:checking '/root/ros2_ws/src/install/visibility_graph_msg/lib/pkgconfig/visibility_graph_msg.pc'
[11.230s] Level 1:colcon.colcon_core.environment:checking '/root/ros2_ws/src/install/visibility_graph_msg/lib/python3.10/site-packages'
[11.231s] Level 1:colcon.colcon_core.environment:checking '/root/ros2_ws/src/install/visibility_graph_msg/bin'
[11.231s] INFO:colcon.colcon_core.shell:Creating package script '/root/ros2_ws/src/install/visibility_graph_msg/share/visibility_graph_msg/package.ps1'
[11.248s] INFO:colcon.colcon_core.shell:Creating package descriptor '/root/ros2_ws/src/install/visibility_graph_msg/share/visibility_graph_msg/package.dsv'
[11.249s] INFO:colcon.colcon_core.shell:Creating package script '/root/ros2_ws/src/install/visibility_graph_msg/share/visibility_graph_msg/package.sh'
[11.250s] INFO:colcon.colcon_core.shell:Creating package script '/root/ros2_ws/src/install/visibility_graph_msg/share/visibility_graph_msg/package.bash'
[11.265s] INFO:colcon.colcon_core.shell:Creating package script '/root/ros2_ws/src/install/visibility_graph_msg/share/visibility_graph_msg/package.zsh'
[11.266s] Level 1:colcon.colcon_core.environment:create_file_with_runtime_dependencies(/root/ros2_ws/src/install/visibility_graph_msg/share/colcon-core/packages/visibility_graph_msg)
[11.268s] Level 1:colcon.colcon_core.environment:create_environment_scripts_only(visibility_graph_msg)
[11.268s] Level 1:colcon.colcon_core.environment:checking '/root/ros2_ws/src/install/visibility_graph_msg' for CMake module files
[11.272s] DEBUG:colcon.colcon_core.event_handler.log_command:Invoking command in '/root/ros2_ws/src/build/terrain_analysis': CMAKE_PREFIX_PATH=/opt/ros/humble /usr/bin/cmake --build /root/ros2_ws/src/build/terrain_analysis -- -j24 -l24
[11.274s] DEBUG:colcon.colcon_core.event_handler.log_command:Invoked command in '/root/ros2_ws/src/build/visibility_graph_msg' returned '0': CMAKE_PREFIX_PATH=/opt/ros/humble /usr/bin/cmake --install /root/ros2_ws/src/build/visibility_graph_msg
[11.286s] Level 1:colcon.colcon_core.environment:checking '/root/ros2_ws/src/install/visibility_graph_msg' for CMake config files
[11.287s] Level 1:colcon.colcon_core.shell:create_environment_hook('visibility_graph_msg', 'cmake_prefix_path')
[11.288s] INFO:colcon.colcon_core.shell:Creating environment hook '/root/ros2_ws/src/install/visibility_graph_msg/share/visibility_graph_msg/hook/cmake_prefix_path.ps1'
[11.303s] INFO:colcon.colcon_core.shell:Creating environment descriptor '/root/ros2_ws/src/install/visibility_graph_msg/share/visibility_graph_msg/hook/cmake_prefix_path.dsv'
[11.315s] INFO:colcon.colcon_core.shell:Creating environment hook '/root/ros2_ws/src/install/visibility_graph_msg/share/visibility_graph_msg/hook/cmake_prefix_path.sh'
[11.316s] Level 1:colcon.colcon_core.environment:checking '/root/ros2_ws/src/install/visibility_graph_msg/lib'
[11.320s] Level 1:colcon.colcon_core.shell:create_environment_hook('visibility_graph_msg', 'ld_library_path_lib')
[11.320s] INFO:colcon.colcon_core.shell:Creating environment hook '/root/ros2_ws/src/install/visibility_graph_msg/share/visibility_graph_msg/hook/ld_library_path_lib.ps1'
[11.326s] INFO:colcon.colcon_core.shell:Creating environment descriptor '/root/ros2_ws/src/install/visibility_graph_msg/share/visibility_graph_msg/hook/ld_library_path_lib.dsv'
[11.326s] INFO:colcon.colcon_core.shell:Creating environment hook '/root/ros2_ws/src/install/visibility_graph_msg/share/visibility_graph_msg/hook/ld_library_path_lib.sh'
[11.327s] Level 1:colcon.colcon_core.environment:checking '/root/ros2_ws/src/install/visibility_graph_msg/bin'
[11.327s] Level 1:colcon.colcon_core.environment:checking '/root/ros2_ws/src/install/visibility_graph_msg/lib/pkgconfig/visibility_graph_msg.pc'
[11.328s] Level 1:colcon.colcon_core.environment:checking '/root/ros2_ws/src/install/visibility_graph_msg/lib/python3.10/site-packages'
[11.340s] Level 1:colcon.colcon_core.environment:checking '/root/ros2_ws/src/install/visibility_graph_msg/bin'
[11.341s] INFO:colcon.colcon_core.shell:Creating package script '/root/ros2_ws/src/install/visibility_graph_msg/share/visibility_graph_msg/package.ps1'
[11.342s] INFO:colcon.colcon_core.shell:Creating package descriptor '/root/ros2_ws/src/install/visibility_graph_msg/share/visibility_graph_msg/package.dsv'
[11.347s] INFO:colcon.colcon_core.shell:Creating package script '/root/ros2_ws/src/install/visibility_graph_msg/share/visibility_graph_msg/package.sh'
[11.348s] INFO:colcon.colcon_core.shell:Creating package script '/root/ros2_ws/src/install/visibility_graph_msg/share/visibility_graph_msg/package.bash'
[11.349s] INFO:colcon.colcon_core.shell:Creating package script '/root/ros2_ws/src/install/visibility_graph_msg/share/visibility_graph_msg/package.zsh'
[11.350s] Level 1:colcon.colcon_core.environment:create_file_with_runtime_dependencies(/root/ros2_ws/src/install/visibility_graph_msg/share/colcon-core/packages/visibility_graph_msg)
[11.358s] INFO:colcon.colcon_ros.task.ament_cmake.build:Building ROS package in '/root/ros2_ws/src/route_planner/boundary_handler' with build type 'ament_cmake'
[11.362s] INFO:colcon.colcon_cmake.task.cmake.build:Building CMake package in '/root/ros2_ws/src/route_planner/boundary_handler'
[11.362s] INFO:colcon.colcon_core.shell:Skip shell extension 'powershell' for command environment: Not usable outside of PowerShell
[11.363s] DEBUG:colcon.colcon_core.shell:Skip shell extension 'dsv' for command environment
[11.388s] INFO:colcon.colcon_ros.task.ament_cmake.build:Building ROS package in '/root/ros2_ws/src/route_planner/far_planner' with build type 'ament_cmake'
[11.388s] INFO:colcon.colcon_cmake.task.cmake.build:Building CMake package in '/root/ros2_ws/src/route_planner/far_planner'
[11.389s] INFO:colcon.colcon_core.shell:Skip shell extension 'powershell' for command environment: Not usable outside of PowerShell
[11.389s] DEBUG:colcon.colcon_core.shell:Skip shell extension 'dsv' for command environment
[11.411s] INFO:colcon.colcon_ros.task.ament_cmake.build:Building ROS package in '/root/ros2_ws/src/route_planner/graph_decoder' with build type 'ament_cmake'
[11.411s] INFO:colcon.colcon_cmake.task.cmake.build:Building CMake package in '/root/ros2_ws/src/route_planner/graph_decoder'
[11.412s] INFO:colcon.colcon_core.shell:Skip shell extension 'powershell' for command environment: Not usable outside of PowerShell
[11.420s] DEBUG:colcon.colcon_core.shell:Skip shell extension 'dsv' for command environment
[11.457s] DEBUG:colcon.colcon_core.event_handler.log_command:Invoked command in '/root/ros2_ws/src/build/visualization_tools' returned '0': CMAKE_PREFIX_PATH=/opt/ros/humble /usr/bin/cmake /root/ros2_ws/src/base_autonomy/visualization_tools -DROS_EDITION=ROS2 -DHUMBLE_ROS=humble -DCMAKE_INSTALL_PREFIX=/root/ros2_ws/src/install/visualization_tools
[11.458s] DEBUG:colcon.colcon_core.event_handler.log_command:Invoking command in '/root/ros2_ws/src/build/visualization_tools': CMAKE_PREFIX_PATH=/opt/ros/humble /usr/bin/cmake --build /root/ros2_ws/src/build/visualization_tools -- -j24 -l24
[11.462s] Level 1:colcon.colcon_core.environment:create_environment_scripts_only(rviz_2d_overlay_msgs)
[11.462s] Level 1:colcon.colcon_core.environment:checking '/root/ros2_ws/src/install/rviz_2d_overlay_msgs' for CMake module files
[11.464s] Level 1:colcon.colcon_core.environment:checking '/root/ros2_ws/src/install/rviz_2d_overlay_msgs' for CMake config files
[11.465s] Level 1:colcon.colcon_core.shell:create_environment_hook('rviz_2d_overlay_msgs', 'cmake_prefix_path')
[11.465s] INFO:colcon.colcon_core.shell:Creating environment hook '/root/ros2_ws/src/install/rviz_2d_overlay_msgs/share/rviz_2d_overlay_msgs/hook/cmake_prefix_path.ps1'
[11.474s] DEBUG:colcon.colcon_core.event_handler.log_command:Invoked command in '/root/ros2_ws/src/build/rviz_2d_overlay_msgs' returned '0': CMAKE_PREFIX_PATH=/opt/ros/humble /usr/bin/cmake --install /root/ros2_ws/src/build/rviz_2d_overlay_msgs
[11.475s] INFO:colcon.colcon_core.shell:Creating environment descriptor '/root/ros2_ws/src/install/rviz_2d_overlay_msgs/share/rviz_2d_overlay_msgs/hook/cmake_prefix_path.dsv'
[11.483s] INFO:colcon.colcon_core.shell:Creating environment hook '/root/ros2_ws/src/install/rviz_2d_overlay_msgs/share/rviz_2d_overlay_msgs/hook/cmake_prefix_path.sh'
[11.484s] Level 1:colcon.colcon_core.environment:checking '/root/ros2_ws/src/install/rviz_2d_overlay_msgs/lib'
[11.484s] Level 1:colcon.colcon_core.shell:create_environment_hook('rviz_2d_overlay_msgs', 'ld_library_path_lib')
[11.484s] INFO:colcon.colcon_core.shell:Creating environment hook '/root/ros2_ws/src/install/rviz_2d_overlay_msgs/share/rviz_2d_overlay_msgs/hook/ld_library_path_lib.ps1'
[11.485s] INFO:colcon.colcon_core.shell:Creating environment descriptor '/root/ros2_ws/src/install/rviz_2d_overlay_msgs/share/rviz_2d_overlay_msgs/hook/ld_library_path_lib.dsv'
[11.490s] INFO:colcon.colcon_core.shell:Creating environment hook '/root/ros2_ws/src/install/rviz_2d_overlay_msgs/share/rviz_2d_overlay_msgs/hook/ld_library_path_lib.sh'
[11.491s] Level 1:colcon.colcon_core.environment:checking '/root/ros2_ws/src/install/rviz_2d_overlay_msgs/bin'
[11.491s] Level 1:colcon.colcon_core.environment:checking '/root/ros2_ws/src/install/rviz_2d_overlay_msgs/lib/pkgconfig/rviz_2d_overlay_msgs.pc'
[11.492s] Level 1:colcon.colcon_core.environment:checking '/root/ros2_ws/src/install/rviz_2d_overlay_msgs/lib/python3.10/site-packages'
[11.492s] Level 1:colcon.colcon_core.environment:checking '/root/ros2_ws/src/install/rviz_2d_overlay_msgs/bin'
[11.500s] INFO:colcon.colcon_core.shell:Creating package script '/root/ros2_ws/src/install/rviz_2d_overlay_msgs/share/rviz_2d_overlay_msgs/package.ps1'
[11.501s] INFO:colcon.colcon_core.shell:Creating package descriptor '/root/ros2_ws/src/install/rviz_2d_overlay_msgs/share/rviz_2d_overlay_msgs/package.dsv'
[11.502s] INFO:colcon.colcon_core.shell:Creating package script '/root/ros2_ws/src/install/rviz_2d_overlay_msgs/share/rviz_2d_overlay_msgs/package.sh'
[11.503s] INFO:colcon.colcon_core.shell:Creating package script '/root/ros2_ws/src/install/rviz_2d_overlay_msgs/share/rviz_2d_overlay_msgs/package.bash'
[11.509s] INFO:colcon.colcon_core.shell:Creating package script '/root/ros2_ws/src/install/rviz_2d_overlay_msgs/share/rviz_2d_overlay_msgs/package.zsh'
[11.512s] Level 1:colcon.colcon_core.environment:create_file_with_runtime_dependencies(/root/ros2_ws/src/install/rviz_2d_overlay_msgs/share/colcon-core/packages/rviz_2d_overlay_msgs)
[11.542s] Level 1:colcon.colcon_core.environment:create_environment_scripts_only(rviz_2d_overlay_msgs)
[11.553s] Level 1:colcon.colcon_core.environment:checking '/root/ros2_ws/src/install/rviz_2d_overlay_msgs' for CMake module files
[11.555s] Level 1:colcon.colcon_core.environment:checking '/root/ros2_ws/src/install/rviz_2d_overlay_msgs' for CMake config files
[11.568s] Level 1:colcon.colcon_core.shell:create_environment_hook('rviz_2d_overlay_msgs', 'cmake_prefix_path')
[11.568s] INFO:colcon.colcon_core.shell:Creating environment hook '/root/ros2_ws/src/install/rviz_2d_overlay_msgs/share/rviz_2d_overlay_msgs/hook/cmake_prefix_path.ps1'
[11.570s] INFO:colcon.colcon_core.shell:Creating environment descriptor '/root/ros2_ws/src/install/rviz_2d_overlay_msgs/share/rviz_2d_overlay_msgs/hook/cmake_prefix_path.dsv'
[11.579s] INFO:colcon.colcon_core.shell:Creating environment hook '/root/ros2_ws/src/install/rviz_2d_overlay_msgs/share/rviz_2d_overlay_msgs/hook/cmake_prefix_path.sh'
[11.581s] Level 1:colcon.colcon_core.environment:checking '/root/ros2_ws/src/install/rviz_2d_overlay_msgs/lib'
[11.581s] Level 1:colcon.colcon_core.shell:create_environment_hook('rviz_2d_overlay_msgs', 'ld_library_path_lib')
[11.582s] INFO:colcon.colcon_core.shell:Creating environment hook '/root/ros2_ws/src/install/rviz_2d_overlay_msgs/share/rviz_2d_overlay_msgs/hook/ld_library_path_lib.ps1'
[11.616s] INFO:colcon.colcon_core.shell:Creating environment descriptor '/root/ros2_ws/src/install/rviz_2d_overlay_msgs/share/rviz_2d_overlay_msgs/hook/ld_library_path_lib.dsv'
[11.649s] INFO:colcon.colcon_core.shell:Creating environment hook '/root/ros2_ws/src/install/rviz_2d_overlay_msgs/share/rviz_2d_overlay_msgs/hook/ld_library_path_lib.sh'
[11.650s] Level 1:colcon.colcon_core.environment:checking '/root/ros2_ws/src/install/rviz_2d_overlay_msgs/bin'
[11.650s] Level 1:colcon.colcon_core.environment:checking '/root/ros2_ws/src/install/rviz_2d_overlay_msgs/lib/pkgconfig/rviz_2d_overlay_msgs.pc'
[11.650s] Level 1:colcon.colcon_core.environment:checking '/root/ros2_ws/src/install/rviz_2d_overlay_msgs/lib/python3.10/site-packages'
[11.669s] Level 1:colcon.colcon_core.environment:checking '/root/ros2_ws/src/install/rviz_2d_overlay_msgs/bin'
[11.684s] INFO:colcon.colcon_core.shell:Creating package script '/root/ros2_ws/src/install/rviz_2d_overlay_msgs/share/rviz_2d_overlay_msgs/package.ps1'
[11.709s] INFO:colcon.colcon_core.shell:Creating package descriptor '/root/ros2_ws/src/install/rviz_2d_overlay_msgs/share/rviz_2d_overlay_msgs/package.dsv'
[11.714s] INFO:colcon.colcon_core.shell:Creating package script '/root/ros2_ws/src/install/rviz_2d_overlay_msgs/share/rviz_2d_overlay_msgs/package.sh'
[11.715s] INFO:colcon.colcon_core.shell:Creating package script '/root/ros2_ws/src/install/rviz_2d_overlay_msgs/share/rviz_2d_overlay_msgs/package.bash'
[11.752s] INFO:colcon.colcon_core.shell:Creating package script '/root/ros2_ws/src/install/rviz_2d_overlay_msgs/share/rviz_2d_overlay_msgs/package.zsh'
[11.753s] Level 1:colcon.colcon_core.environment:create_file_with_runtime_dependencies(/root/ros2_ws/src/install/rviz_2d_overlay_msgs/share/colcon-core/packages/rviz_2d_overlay_msgs)
[11.754s] INFO:colcon.colcon_ros.task.ament_cmake.build:Building ROS package in '/root/ros2_ws/src/slam/rviz_2d_overlay_plugins/rviz_2d_overlay_plugins' with build type 'ament_cmake'
[11.758s] INFO:colcon.colcon_cmake.task.cmake.build:Building CMake package in '/root/ros2_ws/src/slam/rviz_2d_overlay_plugins/rviz_2d_overlay_plugins'
[11.758s] INFO:colcon.colcon_core.shell:Skip shell extension 'powershell' for command environment: Not usable outside of PowerShell
[11.758s] DEBUG:colcon.colcon_core.shell:Skip shell extension 'dsv' for command environment
[11.779s] DEBUG:colcon.colcon_core.event_handler.log_command:Invoking command in '/root/ros2_ws/src/build/boundary_handler': AMENT_PREFIX_PATH=/root/ros2_ws/src/install/visibility_graph_msg:${AMENT_PREFIX_PATH} CMAKE_PREFIX_PATH=/root/ros2_ws/src/install/visibility_graph_msg:/opt/ros/humble LD_LIBRARY_PATH=/root/ros2_ws/src/install/visibility_graph_msg/lib:${LD_LIBRARY_PATH} PYTHONPATH=/root/ros2_ws/src/install/visibility_graph_msg/local/lib/python3.10/dist-packages:${PYTHONPATH} /usr/bin/cmake /root/ros2_ws/src/route_planner/boundary_handler -DROS_EDITION=ROS2 -DHUMBLE_ROS=humble -DCMAKE_INSTALL_PREFIX=/root/ros2_ws/src/install/boundary_handler
[11.787s] DEBUG:colcon.colcon_core.event_handler.log_command:Invoking command in '/root/ros2_ws/src/build/far_planner': AMENT_PREFIX_PATH=/root/ros2_ws/src/install/visibility_graph_msg:${AMENT_PREFIX_PATH} CMAKE_PREFIX_PATH=/root/ros2_ws/src/install/visibility_graph_msg:/opt/ros/humble LD_LIBRARY_PATH=/root/ros2_ws/src/install/visibility_graph_msg/lib:${LD_LIBRARY_PATH} PYTHONPATH=/root/ros2_ws/src/install/visibility_graph_msg/local/lib/python3.10/dist-packages:${PYTHONPATH} /usr/bin/cmake /root/ros2_ws/src/route_planner/far_planner -DROS_EDITION=ROS2 -DHUMBLE_ROS=humble -DCMAKE_INSTALL_PREFIX=/root/ros2_ws/src/install/far_planner
[11.804s] DEBUG:colcon.colcon_core.event_handler.log_command:Invoking command in '/root/ros2_ws/src/build/graph_decoder': AMENT_PREFIX_PATH=/root/ros2_ws/src/install/visibility_graph_msg:${AMENT_PREFIX_PATH} CMAKE_PREFIX_PATH=/root/ros2_ws/src/install/visibility_graph_msg:/opt/ros/humble LD_LIBRARY_PATH=/root/ros2_ws/src/install/visibility_graph_msg/lib:${LD_LIBRARY_PATH} PYTHONPATH=/root/ros2_ws/src/install/visibility_graph_msg/local/lib/python3.10/dist-packages:${PYTHONPATH} /usr/bin/cmake /root/ros2_ws/src/route_planner/graph_decoder -DROS_EDITION=ROS2 -DHUMBLE_ROS=humble -DCMAKE_INSTALL_PREFIX=/root/ros2_ws/src/install/graph_decoder
[11.822s] DEBUG:colcon.colcon_core.event_handler.log_command:Invoking command in '/root/ros2_ws/src/build/rviz_2d_overlay_plugins': AMENT_PREFIX_PATH=/root/ros2_ws/src/install/rviz_2d_overlay_msgs:${AMENT_PREFIX_PATH} CMAKE_PREFIX_PATH=/root/ros2_ws/src/install/rviz_2d_overlay_msgs:/opt/ros/humble LD_LIBRARY_PATH=/root/ros2_ws/src/install/rviz_2d_overlay_msgs/lib:${LD_LIBRARY_PATH} PYTHONPATH=/root/ros2_ws/src/install/rviz_2d_overlay_msgs/local/lib/python3.10/dist-packages:${PYTHONPATH} /usr/bin/cmake /root/ros2_ws/src/slam/rviz_2d_overlay_plugins/rviz_2d_overlay_plugins -DROS_EDITION=ROS2 -DHUMBLE_ROS=humble -DCMAKE_INSTALL_PREFIX=/root/ros2_ws/src/install/rviz_2d_overlay_plugins
[12.603s] DEBUG:colcon.colcon_core.event_handler.log_command:Invoked command in '/root/ros2_ws/src/build/livox_ros_driver2' returned '0': CMAKE_PREFIX_PATH=/opt/ros/humble /usr/bin/cmake /root/ros2_ws/src/slam/livox_ros_driver2 -DROS_EDITION=ROS2 -DHUMBLE_ROS=humble -DCMAKE_INSTALL_PREFIX=/root/ros2_ws/src/install/livox_ros_driver2
[12.606s] DEBUG:colcon.colcon_core.event_handler.log_command:Invoking command in '/root/ros2_ws/src/build/livox_ros_driver2': CMAKE_PREFIX_PATH=/opt/ros/humble /usr/bin/cmake --build /root/ros2_ws/src/build/livox_ros_driver2 -- -j24 -l24
[13.854s] DEBUG:colcon.colcon_core.event_handler.log_command:Invoked command in '/root/ros2_ws/src/build/unitree_api' returned '0': CMAKE_PREFIX_PATH=/opt/ros/humble /usr/bin/cmake --build /root/ros2_ws/src/build/unitree_api -- -j24 -l24
[13.854s] DEBUG:colcon.colcon_core.event_handler.log_command:Invoking command in '/root/ros2_ws/src/build/unitree_api': CMAKE_PREFIX_PATH=/opt/ros/humble /usr/bin/cmake --install /root/ros2_ws/src/build/unitree_api
[14.489s] DEBUG:colcon.colcon_core.event_handler.log_command:Invoked command in '/root/ros2_ws/src/build/super_odometry_msgs' returned '0': CMAKE_PREFIX_PATH=/opt/ros/humble /usr/bin/cmake --build /root/ros2_ws/src/build/super_odometry_msgs -- -j24 -l24
[14.489s] DEBUG:colcon.colcon_core.event_handler.log_command:Invoking command in '/root/ros2_ws/src/build/super_odometry_msgs': CMAKE_PREFIX_PATH=/opt/ros/humble /usr/bin/cmake --install /root/ros2_ws/src/build/super_odometry_msgs
[16.026s] DEBUG:colcon.colcon_core.event_handler.log_command:Invoked command in '/root/ros2_ws/src/build/vehicle_simulator' returned '0': AMENT_PREFIX_PATH=/root/ros2_ws/src/install/ros_tcp_endpoint:${AMENT_PREFIX_PATH} CMAKE_PREFIX_PATH=/opt/ros/humble PYTHONPATH=/root/ros2_ws/src/install/ros_tcp_endpoint/lib/python3.10/site-packages:${PYTHONPATH} /usr/bin/cmake /root/ros2_ws/src/base_autonomy/vehicle_simulator -DROS_EDITION=ROS2 -DHUMBLE_ROS=humble -DCMAKE_INSTALL_PREFIX=/root/ros2_ws/src/install/vehicle_simulator
[16.026s] DEBUG:colcon.colcon_core.event_handler.log_command:Invoking command in '/root/ros2_ws/src/build/vehicle_simulator': AMENT_PREFIX_PATH=/root/ros2_ws/src/install/ros_tcp_endpoint:${AMENT_PREFIX_PATH} CMAKE_PREFIX_PATH=/opt/ros/humble PYTHONPATH=/root/ros2_ws/src/install/ros_tcp_endpoint/lib/python3.10/site-packages:${PYTHONPATH} /usr/bin/cmake --build /root/ros2_ws/src/build/vehicle_simulator -- -j24 -l24
[20.021s] DEBUG:colcon.colcon_core.event_handler.log_command:Invoked command in '/root/ros2_ws/src/build/go2_h264_repub' returned '0': CMAKE_PREFIX_PATH=/opt/ros/humble /usr/bin/cmake --build /root/ros2_ws/src/build/go2_h264_repub -- -j24 -l24
[20.022s] DEBUG:colcon.colcon_core.event_handler.log_command:Invoking command in '/root/ros2_ws/src/build/go2_h264_repub': CMAKE_PREFIX_PATH=/opt/ros/humble /usr/bin/cmake --install /root/ros2_ws/src/build/go2_h264_repub
[20.022s] DEBUG:colcon.colcon_core.event_handler.log_command:Invoked command in '/root/ros2_ws/src/build/rviz_2d_overlay_plugins' returned '0': AMENT_PREFIX_PATH=/root/ros2_ws/src/install/rviz_2d_overlay_msgs:${AMENT_PREFIX_PATH} CMAKE_PREFIX_PATH=/root/ros2_ws/src/install/rviz_2d_overlay_msgs:/opt/ros/humble LD_LIBRARY_PATH=/root/ros2_ws/src/install/rviz_2d_overlay_msgs/lib:${LD_LIBRARY_PATH} PYTHONPATH=/root/ros2_ws/src/install/rviz_2d_overlay_msgs/local/lib/python3.10/dist-packages:${PYTHONPATH} /usr/bin/cmake /root/ros2_ws/src/slam/rviz_2d_overlay_plugins/rviz_2d_overlay_plugins -DROS_EDITION=ROS2 -DHUMBLE_ROS=humble -DCMAKE_INSTALL_PREFIX=/root/ros2_ws/src/install/rviz_2d_overlay_plugins
[20.023s] DEBUG:colcon.colcon_core.event_handler.log_command:Invoking command in '/root/ros2_ws/src/build/rviz_2d_overlay_plugins': AMENT_PREFIX_PATH=/root/ros2_ws/src/install/rviz_2d_overlay_msgs:${AMENT_PREFIX_PATH} CMAKE_PREFIX_PATH=/root/ros2_ws/src/install/rviz_2d_overlay_msgs:/opt/ros/humble LD_LIBRARY_PATH=/root/ros2_ws/src/install/rviz_2d_overlay_msgs/lib:${LD_LIBRARY_PATH} PYTHONPATH=/root/ros2_ws/src/install/rviz_2d_overlay_msgs/local/lib/python3.10/dist-packages:${PYTHONPATH} /usr/bin/cmake --build /root/ros2_ws/src/build/rviz_2d_overlay_plugins -- -j24 -l24
[22.454s] DEBUG:colcon.colcon_core.event_handler.log_command:Invoked command in '/root/ros2_ws/src/build/unitree_go' returned '0': CMAKE_PREFIX_PATH=/opt/ros/humble /usr/bin/cmake --build /root/ros2_ws/src/build/unitree_go -- -j24 -l24
[22.457s] DEBUG:colcon.colcon_core.event_handler.log_command:Invoking command in '/root/ros2_ws/src/build/unitree_go': CMAKE_PREFIX_PATH=/opt/ros/humble /usr/bin/cmake --install /root/ros2_ws/src/build/unitree_go
[22.568s] Level 1:colcon.colcon_core.environment:create_environment_scripts_only(unitree_api)
[22.571s] Level 1:colcon.colcon_core.environment:checking '/root/ros2_ws/src/install/unitree_api' for CMake module files
[22.574s] Level 1:colcon.colcon_core.environment:checking '/root/ros2_ws/src/install/unitree_api' for CMake config files
[22.579s] Level 1:colcon.colcon_core.shell:create_environment_hook('unitree_api', 'cmake_prefix_path')
[22.579s] INFO:colcon.colcon_core.shell:Creating environment hook '/root/ros2_ws/src/install/unitree_api/share/unitree_api/hook/cmake_prefix_path.ps1'
[22.581s] DEBUG:colcon.colcon_core.event_handler.log_command:Invoked command in '/root/ros2_ws/src/build/unitree_api' returned '0': CMAKE_PREFIX_PATH=/opt/ros/humble /usr/bin/cmake --install /root/ros2_ws/src/build/unitree_api
[22.581s] INFO:colcon.colcon_core.shell:Creating environment descriptor '/root/ros2_ws/src/install/unitree_api/share/unitree_api/hook/cmake_prefix_path.dsv'
[22.583s] INFO:colcon.colcon_core.shell:Creating environment hook '/root/ros2_ws/src/install/unitree_api/share/unitree_api/hook/cmake_prefix_path.sh'
[22.586s] Level 1:colcon.colcon_core.environment:checking '/root/ros2_ws/src/install/unitree_api/lib'
[22.586s] Level 1:colcon.colcon_core.shell:create_environment_hook('unitree_api', 'ld_library_path_lib')
[22.586s] INFO:colcon.colcon_core.shell:Creating environment hook '/root/ros2_ws/src/install/unitree_api/share/unitree_api/hook/ld_library_path_lib.ps1'
[22.587s] INFO:colcon.colcon_core.shell:Creating environment descriptor '/root/ros2_ws/src/install/unitree_api/share/unitree_api/hook/ld_library_path_lib.dsv'
[22.588s] INFO:colcon.colcon_core.shell:Creating environment hook '/root/ros2_ws/src/install/unitree_api/share/unitree_api/hook/ld_library_path_lib.sh'
[22.588s] Level 1:colcon.colcon_core.environment:checking '/root/ros2_ws/src/install/unitree_api/bin'
[22.589s] Level 1:colcon.colcon_core.environment:checking '/root/ros2_ws/src/install/unitree_api/lib/pkgconfig/unitree_api.pc'
[22.589s] Level 1:colcon.colcon_core.environment:checking '/root/ros2_ws/src/install/unitree_api/lib/python3.10/site-packages'
[22.590s] Level 1:colcon.colcon_core.environment:checking '/root/ros2_ws/src/install/unitree_api/bin'
[22.591s] INFO:colcon.colcon_core.shell:Creating package script '/root/ros2_ws/src/install/unitree_api/share/unitree_api/package.ps1'
[22.592s] INFO:colcon.colcon_core.shell:Creating package descriptor '/root/ros2_ws/src/install/unitree_api/share/unitree_api/package.dsv'
[22.593s] INFO:colcon.colcon_core.shell:Creating package script '/root/ros2_ws/src/install/unitree_api/share/unitree_api/package.sh'
[22.594s] INFO:colcon.colcon_core.shell:Creating package script '/root/ros2_ws/src/install/unitree_api/share/unitree_api/package.bash'
[22.597s] INFO:colcon.colcon_core.shell:Creating package script '/root/ros2_ws/src/install/unitree_api/share/unitree_api/package.zsh'
[22.598s] Level 1:colcon.colcon_core.environment:create_file_with_runtime_dependencies(/root/ros2_ws/src/install/unitree_api/share/colcon-core/packages/unitree_api)
[22.601s] Level 1:colcon.colcon_core.environment:create_environment_scripts_only(unitree_api)
[22.602s] Level 1:colcon.colcon_core.environment:checking '/root/ros2_ws/src/install/unitree_api' for CMake module files
[22.605s] Level 1:colcon.colcon_core.environment:checking '/root/ros2_ws/src/install/unitree_api' for CMake config files
[22.607s] Level 1:colcon.colcon_core.shell:create_environment_hook('unitree_api', 'cmake_prefix_path')
[22.607s] INFO:colcon.colcon_core.shell:Creating environment hook '/root/ros2_ws/src/install/unitree_api/share/unitree_api/hook/cmake_prefix_path.ps1'
[22.609s] INFO:colcon.colcon_core.shell:Creating environment descriptor '/root/ros2_ws/src/install/unitree_api/share/unitree_api/hook/cmake_prefix_path.dsv'
[22.610s] INFO:colcon.colcon_core.shell:Creating environment hook '/root/ros2_ws/src/install/unitree_api/share/unitree_api/hook/cmake_prefix_path.sh'
[22.611s] Level 1:colcon.colcon_core.environment:checking '/root/ros2_ws/src/install/unitree_api/lib'
[22.613s] Level 1:colcon.colcon_core.shell:create_environment_hook('unitree_api', 'ld_library_path_lib')
[22.613s] INFO:colcon.colcon_core.shell:Creating environment hook '/root/ros2_ws/src/install/unitree_api/share/unitree_api/hook/ld_library_path_lib.ps1'
[22.615s] INFO:colcon.colcon_core.shell:Creating environment descriptor '/root/ros2_ws/src/install/unitree_api/share/unitree_api/hook/ld_library_path_lib.dsv'
[22.616s] INFO:colcon.colcon_core.shell:Creating environment hook '/root/ros2_ws/src/install/unitree_api/share/unitree_api/hook/ld_library_path_lib.sh'
[22.620s] Level 1:colcon.colcon_core.environment:checking '/root/ros2_ws/src/install/unitree_api/bin'
[22.620s] Level 1:colcon.colcon_core.environment:checking '/root/ros2_ws/src/install/unitree_api/lib/pkgconfig/unitree_api.pc'
[22.620s] Level 1:colcon.colcon_core.environment:checking '/root/ros2_ws/src/install/unitree_api/lib/python3.10/site-packages'
[22.621s] Level 1:colcon.colcon_core.environment:checking '/root/ros2_ws/src/install/unitree_api/bin'
[22.622s] INFO:colcon.colcon_core.shell:Creating package script '/root/ros2_ws/src/install/unitree_api/share/unitree_api/package.ps1'
[22.625s] INFO:colcon.colcon_core.shell:Creating package descriptor '/root/ros2_ws/src/install/unitree_api/share/unitree_api/package.dsv'
[22.632s] INFO:colcon.colcon_core.shell:Creating package script '/root/ros2_ws/src/install/unitree_api/share/unitree_api/package.sh'
[22.633s] INFO:colcon.colcon_core.shell:Creating package script '/root/ros2_ws/src/install/unitree_api/share/unitree_api/package.bash'
[22.634s] INFO:colcon.colcon_core.shell:Creating package script '/root/ros2_ws/src/install/unitree_api/share/unitree_api/package.zsh'
[22.638s] Level 1:colcon.colcon_core.environment:create_file_with_runtime_dependencies(/root/ros2_ws/src/install/unitree_api/share/colcon-core/packages/unitree_api)
[22.641s] Level 1:colcon.colcon_core.environment:create_environment_scripts_only(super_odometry_msgs)
[22.642s] Level 1:colcon.colcon_core.environment:checking '/root/ros2_ws/src/install/super_odometry_msgs' for CMake module files
[22.645s] Level 1:colcon.colcon_core.environment:checking '/root/ros2_ws/src/install/super_odometry_msgs' for CMake config files
[22.646s] Level 1:colcon.colcon_core.shell:create_environment_hook('super_odometry_msgs', 'cmake_prefix_path')
[22.647s] INFO:colcon.colcon_core.shell:Creating environment hook '/root/ros2_ws/src/install/super_odometry_msgs/share/super_odometry_msgs/hook/cmake_prefix_path.ps1'
[22.648s] DEBUG:colcon.colcon_core.event_handler.log_command:Invoked command in '/root/ros2_ws/src/build/super_odometry_msgs' returned '0': CMAKE_PREFIX_PATH=/opt/ros/humble /usr/bin/cmake --install /root/ros2_ws/src/build/super_odometry_msgs
[22.655s] INFO:colcon.colcon_core.shell:Creating environment descriptor '/root/ros2_ws/src/install/super_odometry_msgs/share/super_odometry_msgs/hook/cmake_prefix_path.dsv'
[22.655s] INFO:colcon.colcon_core.shell:Creating environment hook '/root/ros2_ws/src/install/super_odometry_msgs/share/super_odometry_msgs/hook/cmake_prefix_path.sh'
[22.657s] Level 1:colcon.colcon_core.environment:checking '/root/ros2_ws/src/install/super_odometry_msgs/lib'
[22.657s] Level 1:colcon.colcon_core.shell:create_environment_hook('super_odometry_msgs', 'ld_library_path_lib')
[22.657s] INFO:colcon.colcon_core.shell:Creating environment hook '/root/ros2_ws/src/install/super_odometry_msgs/share/super_odometry_msgs/hook/ld_library_path_lib.ps1'
[22.661s] INFO:colcon.colcon_core.shell:Creating environment descriptor '/root/ros2_ws/src/install/super_odometry_msgs/share/super_odometry_msgs/hook/ld_library_path_lib.dsv'
[22.662s] INFO:colcon.colcon_core.shell:Creating environment hook '/root/ros2_ws/src/install/super_odometry_msgs/share/super_odometry_msgs/hook/ld_library_path_lib.sh'
[22.663s] Level 1:colcon.colcon_core.environment:checking '/root/ros2_ws/src/install/super_odometry_msgs/bin'
[22.663s] Level 1:colcon.colcon_core.environment:checking '/root/ros2_ws/src/install/super_odometry_msgs/lib/pkgconfig/super_odometry_msgs.pc'
[22.668s] Level 1:colcon.colcon_core.environment:checking '/root/ros2_ws/src/install/super_odometry_msgs/lib/python3.10/site-packages'
[22.671s] Level 1:colcon.colcon_core.environment:checking '/root/ros2_ws/src/install/super_odometry_msgs/bin'
[22.672s] INFO:colcon.colcon_core.shell:Creating package script '/root/ros2_ws/src/install/super_odometry_msgs/share/super_odometry_msgs/package.ps1'
[22.677s] INFO:colcon.colcon_core.shell:Creating package descriptor '/root/ros2_ws/src/install/super_odometry_msgs/share/super_odometry_msgs/package.dsv'
[22.678s] INFO:colcon.colcon_core.shell:Creating package script '/root/ros2_ws/src/install/super_odometry_msgs/share/super_odometry_msgs/package.sh'
[22.679s] INFO:colcon.colcon_core.shell:Creating package script '/root/ros2_ws/src/install/super_odometry_msgs/share/super_odometry_msgs/package.bash'
[22.683s] INFO:colcon.colcon_core.shell:Creating package script '/root/ros2_ws/src/install/super_odometry_msgs/share/super_odometry_msgs/package.zsh'
[22.684s] Level 1:colcon.colcon_core.environment:create_file_with_runtime_dependencies(/root/ros2_ws/src/install/super_odometry_msgs/share/colcon-core/packages/super_odometry_msgs)
[22.685s] Level 1:colcon.colcon_core.environment:create_environment_scripts_only(super_odometry_msgs)
[22.691s] Level 1:colcon.colcon_core.environment:checking '/root/ros2_ws/src/install/super_odometry_msgs' for CMake module files
[22.693s] Level 1:colcon.colcon_core.environment:checking '/root/ros2_ws/src/install/super_odometry_msgs' for CMake config files
[22.694s] Level 1:colcon.colcon_core.shell:create_environment_hook('super_odometry_msgs', 'cmake_prefix_path')
[22.694s] INFO:colcon.colcon_core.shell:Creating environment hook '/root/ros2_ws/src/install/super_odometry_msgs/share/super_odometry_msgs/hook/cmake_prefix_path.ps1'
[22.696s] INFO:colcon.colcon_core.shell:Creating environment descriptor '/root/ros2_ws/src/install/super_odometry_msgs/share/super_odometry_msgs/hook/cmake_prefix_path.dsv'
[22.696s] INFO:colcon.colcon_core.shell:Creating environment hook '/root/ros2_ws/src/install/super_odometry_msgs/share/super_odometry_msgs/hook/cmake_prefix_path.sh'
[22.698s] Level 1:colcon.colcon_core.environment:checking '/root/ros2_ws/src/install/super_odometry_msgs/lib'
[22.698s] Level 1:colcon.colcon_core.shell:create_environment_hook('super_odometry_msgs', 'ld_library_path_lib')
[22.699s] INFO:colcon.colcon_core.shell:Creating environment hook '/root/ros2_ws/src/install/super_odometry_msgs/share/super_odometry_msgs/hook/ld_library_path_lib.ps1'
[22.703s] INFO:colcon.colcon_core.shell:Creating environment descriptor '/root/ros2_ws/src/install/super_odometry_msgs/share/super_odometry_msgs/hook/ld_library_path_lib.dsv'
[22.704s] INFO:colcon.colcon_core.shell:Creating environment hook '/root/ros2_ws/src/install/super_odometry_msgs/share/super_odometry_msgs/hook/ld_library_path_lib.sh'
[22.705s] Level 1:colcon.colcon_core.environment:checking '/root/ros2_ws/src/install/super_odometry_msgs/bin'
[22.706s] Level 1:colcon.colcon_core.environment:checking '/root/ros2_ws/src/install/super_odometry_msgs/lib/pkgconfig/super_odometry_msgs.pc'
[22.706s] Level 1:colcon.colcon_core.environment:checking '/root/ros2_ws/src/install/super_odometry_msgs/lib/python3.10/site-packages'
[22.707s] Level 1:colcon.colcon_core.environment:checking '/root/ros2_ws/src/install/super_odometry_msgs/bin'
[22.708s] INFO:colcon.colcon_core.shell:Creating package script '/root/ros2_ws/src/install/super_odometry_msgs/share/super_odometry_msgs/package.ps1'
[22.710s] INFO:colcon.colcon_core.shell:Creating package descriptor '/root/ros2_ws/src/install/super_odometry_msgs/share/super_odometry_msgs/package.dsv'
[22.711s] INFO:colcon.colcon_core.shell:Creating package script '/root/ros2_ws/src/install/super_odometry_msgs/share/super_odometry_msgs/package.sh'
[22.712s] INFO:colcon.colcon_core.shell:Creating package script '/root/ros2_ws/src/install/super_odometry_msgs/share/super_odometry_msgs/package.bash'
[22.713s] INFO:colcon.colcon_core.shell:Creating package script '/root/ros2_ws/src/install/super_odometry_msgs/share/super_odometry_msgs/package.zsh'
[22.714s] Level 1:colcon.colcon_core.environment:create_file_with_runtime_dependencies(/root/ros2_ws/src/install/super_odometry_msgs/share/colcon-core/packages/super_odometry_msgs)
[23.205s] DEBUG:colcon.colcon_core.event_handler.log_command:Invoked command in '/root/ros2_ws/src/build/boundary_handler' returned '0': AMENT_PREFIX_PATH=/root/ros2_ws/src/install/visibility_graph_msg:${AMENT_PREFIX_PATH} CMAKE_PREFIX_PATH=/root/ros2_ws/src/install/visibility_graph_msg:/opt/ros/humble LD_LIBRARY_PATH=/root/ros2_ws/src/install/visibility_graph_msg/lib:${LD_LIBRARY_PATH} PYTHONPATH=/root/ros2_ws/src/install/visibility_graph_msg/local/lib/python3.10/dist-packages:${PYTHONPATH} /usr/bin/cmake /root/ros2_ws/src/route_planner/boundary_handler -DROS_EDITION=ROS2 -DHUMBLE_ROS=humble -DCMAKE_INSTALL_PREFIX=/root/ros2_ws/src/install/boundary_handler
[23.228s] DEBUG:colcon.colcon_core.event_handler.log_command:Invoking command in '/root/ros2_ws/src/build/boundary_handler': AMENT_PREFIX_PATH=/root/ros2_ws/src/install/visibility_graph_msg:${AMENT_PREFIX_PATH} CMAKE_PREFIX_PATH=/root/ros2_ws/src/install/visibility_graph_msg:/opt/ros/humble LD_LIBRARY_PATH=/root/ros2_ws/src/install/visibility_graph_msg/lib:${LD_LIBRARY_PATH} PYTHONPATH=/root/ros2_ws/src/install/visibility_graph_msg/local/lib/python3.10/dist-packages:${PYTHONPATH} /usr/bin/cmake --build /root/ros2_ws/src/build/boundary_handler -- -j24 -l24
[23.231s] Level 1:colcon.colcon_core.environment:create_environment_scripts_only(go2_h264_repub)
[23.232s] Level 1:colcon.colcon_core.environment:checking '/root/ros2_ws/src/install/go2_h264_repub' for CMake module files
[23.233s] DEBUG:colcon.colcon_core.event_handler.log_command:Invoked command in '/root/ros2_ws/src/build/go2_h264_repub' returned '0': CMAKE_PREFIX_PATH=/opt/ros/humble /usr/bin/cmake --install /root/ros2_ws/src/build/go2_h264_repub
[23.236s] Level 1:colcon.colcon_core.environment:checking '/root/ros2_ws/src/install/go2_h264_repub' for CMake config files
[23.237s] Level 1:colcon.colcon_core.shell:create_environment_hook('go2_h264_repub', 'cmake_prefix_path')
[23.239s] INFO:colcon.colcon_core.shell:Creating environment hook '/root/ros2_ws/src/install/go2_h264_repub/share/go2_h264_repub/hook/cmake_prefix_path.ps1'
[23.240s] INFO:colcon.colcon_core.shell:Creating environment descriptor '/root/ros2_ws/src/install/go2_h264_repub/share/go2_h264_repub/hook/cmake_prefix_path.dsv'
[23.245s] INFO:colcon.colcon_core.shell:Creating environment hook '/root/ros2_ws/src/install/go2_h264_repub/share/go2_h264_repub/hook/cmake_prefix_path.sh'
[23.247s] Level 1:colcon.colcon_core.environment:checking '/root/ros2_ws/src/install/go2_h264_repub/lib'
[23.247s] Level 1:colcon.colcon_core.environment:checking '/root/ros2_ws/src/install/go2_h264_repub/bin'
[23.248s] Level 1:colcon.colcon_core.environment:checking '/root/ros2_ws/src/install/go2_h264_repub/lib/pkgconfig/go2_h264_repub.pc'
[23.248s] Level 1:colcon.colcon_core.environment:checking '/root/ros2_ws/src/install/go2_h264_repub/lib/python3.10/site-packages'
[23.249s] Level 1:colcon.colcon_core.environment:checking '/root/ros2_ws/src/install/go2_h264_repub/bin'
[23.251s] INFO:colcon.colcon_core.shell:Creating package script '/root/ros2_ws/src/install/go2_h264_repub/share/go2_h264_repub/package.ps1'
[23.252s] INFO:colcon.colcon_core.shell:Creating package descriptor '/root/ros2_ws/src/install/go2_h264_repub/share/go2_h264_repub/package.dsv'
[23.262s] INFO:colcon.colcon_core.shell:Creating package script '/root/ros2_ws/src/install/go2_h264_repub/share/go2_h264_repub/package.sh'
[23.263s] INFO:colcon.colcon_core.shell:Creating package script '/root/ros2_ws/src/install/go2_h264_repub/share/go2_h264_repub/package.bash'
[23.267s] INFO:colcon.colcon_core.shell:Creating package script '/root/ros2_ws/src/install/go2_h264_repub/share/go2_h264_repub/package.zsh'
[23.268s] Level 1:colcon.colcon_core.environment:create_file_with_runtime_dependencies(/root/ros2_ws/src/install/go2_h264_repub/share/colcon-core/packages/go2_h264_repub)
[23.275s] Level 1:colcon.colcon_core.environment:create_environment_scripts_only(go2_h264_repub)
[23.275s] Level 1:colcon.colcon_core.environment:checking '/root/ros2_ws/src/install/go2_h264_repub' for CMake module files
[23.276s] Level 1:colcon.colcon_core.environment:checking '/root/ros2_ws/src/install/go2_h264_repub' for CMake config files
[23.279s] Level 1:colcon.colcon_core.shell:create_environment_hook('go2_h264_repub', 'cmake_prefix_path')
[23.280s] INFO:colcon.colcon_core.shell:Creating environment hook '/root/ros2_ws/src/install/go2_h264_repub/share/go2_h264_repub/hook/cmake_prefix_path.ps1'
[23.282s] INFO:colcon.colcon_core.shell:Creating environment descriptor '/root/ros2_ws/src/install/go2_h264_repub/share/go2_h264_repub/hook/cmake_prefix_path.dsv'
[23.283s] INFO:colcon.colcon_core.shell:Creating environment hook '/root/ros2_ws/src/install/go2_h264_repub/share/go2_h264_repub/hook/cmake_prefix_path.sh'
[23.284s] Level 1:colcon.colcon_core.environment:checking '/root/ros2_ws/src/install/go2_h264_repub/lib'
[23.284s] Level 1:colcon.colcon_core.environment:checking '/root/ros2_ws/src/install/go2_h264_repub/bin'
[23.284s] Level 1:colcon.colcon_core.environment:checking '/root/ros2_ws/src/install/go2_h264_repub/lib/pkgconfig/go2_h264_repub.pc'
[23.285s] Level 1:colcon.colcon_core.environment:checking '/root/ros2_ws/src/install/go2_h264_repub/lib/python3.10/site-packages'
[23.286s] Level 1:colcon.colcon_core.environment:checking '/root/ros2_ws/src/install/go2_h264_repub/bin'
[23.286s] INFO:colcon.colcon_core.shell:Creating package script '/root/ros2_ws/src/install/go2_h264_repub/share/go2_h264_repub/package.ps1'
[23.288s] INFO:colcon.colcon_core.shell:Creating package descriptor '/root/ros2_ws/src/install/go2_h264_repub/share/go2_h264_repub/package.dsv'
[23.289s] INFO:colcon.colcon_core.shell:Creating package script '/root/ros2_ws/src/install/go2_h264_repub/share/go2_h264_repub/package.sh'
[23.290s] INFO:colcon.colcon_core.shell:Creating package script '/root/ros2_ws/src/install/go2_h264_repub/share/go2_h264_repub/package.bash'
[23.290s] INFO:colcon.colcon_core.shell:Creating package script '/root/ros2_ws/src/install/go2_h264_repub/share/go2_h264_repub/package.zsh'
[23.291s] Level 1:colcon.colcon_core.environment:create_file_with_runtime_dependencies(/root/ros2_ws/src/install/go2_h264_repub/share/colcon-core/packages/go2_h264_repub)
[23.430s] DEBUG:colcon.colcon_core.event_handler.log_command:Invoked command in '/root/ros2_ws/src/build/far_planner' returned '0': AMENT_PREFIX_PATH=/root/ros2_ws/src/install/visibility_graph_msg:${AMENT_PREFIX_PATH} CMAKE_PREFIX_PATH=/root/ros2_ws/src/install/visibility_graph_msg:/opt/ros/humble LD_LIBRARY_PATH=/root/ros2_ws/src/install/visibility_graph_msg/lib:${LD_LIBRARY_PATH} PYTHONPATH=/root/ros2_ws/src/install/visibility_graph_msg/local/lib/python3.10/dist-packages:${PYTHONPATH} /usr/bin/cmake /root/ros2_ws/src/route_planner/far_planner -DROS_EDITION=ROS2 -DHUMBLE_ROS=humble -DCMAKE_INSTALL_PREFIX=/root/ros2_ws/src/install/far_planner
[23.476s] DEBUG:colcon.colcon_core.event_handler.log_command:Invoking command in '/root/ros2_ws/src/build/far_planner': AMENT_PREFIX_PATH=/root/ros2_ws/src/install/visibility_graph_msg:${AMENT_PREFIX_PATH} CMAKE_PREFIX_PATH=/root/ros2_ws/src/install/visibility_graph_msg:/opt/ros/humble LD_LIBRARY_PATH=/root/ros2_ws/src/install/visibility_graph_msg/lib:${LD_LIBRARY_PATH} PYTHONPATH=/root/ros2_ws/src/install/visibility_graph_msg/local/lib/python3.10/dist-packages:${PYTHONPATH} /usr/bin/cmake --build /root/ros2_ws/src/build/far_planner -- -j24 -l24
[23.661s] DEBUG:colcon.colcon_core.event_handler.log_command:Invoked command in '/root/ros2_ws/src/build/graph_decoder' returned '0': AMENT_PREFIX_PATH=/root/ros2_ws/src/install/visibility_graph_msg:${AMENT_PREFIX_PATH} CMAKE_PREFIX_PATH=/root/ros2_ws/src/install/visibility_graph_msg:/opt/ros/humble LD_LIBRARY_PATH=/root/ros2_ws/src/install/visibility_graph_msg/lib:${LD_LIBRARY_PATH} PYTHONPATH=/root/ros2_ws/src/install/visibility_graph_msg/local/lib/python3.10/dist-packages:${PYTHONPATH} /usr/bin/cmake /root/ros2_ws/src/route_planner/graph_decoder -DROS_EDITION=ROS2 -DHUMBLE_ROS=humble -DCMAKE_INSTALL_PREFIX=/root/ros2_ws/src/install/graph_decoder
[23.662s] DEBUG:colcon.colcon_core.event_handler.log_command:Invoking command in '/root/ros2_ws/src/build/graph_decoder': AMENT_PREFIX_PATH=/root/ros2_ws/src/install/visibility_graph_msg:${AMENT_PREFIX_PATH} CMAKE_PREFIX_PATH=/root/ros2_ws/src/install/visibility_graph_msg:/opt/ros/humble LD_LIBRARY_PATH=/root/ros2_ws/src/install/visibility_graph_msg/lib:${LD_LIBRARY_PATH} PYTHONPATH=/root/ros2_ws/src/install/visibility_graph_msg/local/lib/python3.10/dist-packages:${PYTHONPATH} /usr/bin/cmake --build /root/ros2_ws/src/build/graph_decoder -- -j24 -l24
[23.880s] Level 1:colcon.colcon_core.environment:create_environment_scripts_only(unitree_go)
[23.881s] Level 1:colcon.colcon_core.environment:checking '/root/ros2_ws/src/install/unitree_go' for CMake module files
[23.882s] Level 1:colcon.colcon_core.environment:checking '/root/ros2_ws/src/install/unitree_go' for CMake config files
[23.883s] Level 1:colcon.colcon_core.shell:create_environment_hook('unitree_go', 'cmake_prefix_path')
[23.890s] DEBUG:colcon.colcon_core.event_handler.log_command:Invoked command in '/root/ros2_ws/src/build/unitree_go' returned '0': CMAKE_PREFIX_PATH=/opt/ros/humble /usr/bin/cmake --install /root/ros2_ws/src/build/unitree_go
[23.890s] INFO:colcon.colcon_core.shell:Creating environment hook '/root/ros2_ws/src/install/unitree_go/share/unitree_go/hook/cmake_prefix_path.ps1'
[23.891s] INFO:colcon.colcon_core.shell:Creating environment descriptor '/root/ros2_ws/src/install/unitree_go/share/unitree_go/hook/cmake_prefix_path.dsv'
[23.892s] INFO:colcon.colcon_core.shell:Creating environment hook '/root/ros2_ws/src/install/unitree_go/share/unitree_go/hook/cmake_prefix_path.sh'
[23.893s] Level 1:colcon.colcon_core.environment:checking '/root/ros2_ws/src/install/unitree_go/lib'
[23.895s] Level 1:colcon.colcon_core.shell:create_environment_hook('unitree_go', 'ld_library_path_lib')
[23.899s] INFO:colcon.colcon_core.shell:Creating environment hook '/root/ros2_ws/src/install/unitree_go/share/unitree_go/hook/ld_library_path_lib.ps1'
[23.900s] INFO:colcon.colcon_core.shell:Creating environment descriptor '/root/ros2_ws/src/install/unitree_go/share/unitree_go/hook/ld_library_path_lib.dsv'
[23.901s] INFO:colcon.colcon_core.shell:Creating environment hook '/root/ros2_ws/src/install/unitree_go/share/unitree_go/hook/ld_library_path_lib.sh'
[23.901s] Level 1:colcon.colcon_core.environment:checking '/root/ros2_ws/src/install/unitree_go/bin'
[23.901s] Level 1:colcon.colcon_core.environment:checking '/root/ros2_ws/src/install/unitree_go/lib/pkgconfig/unitree_go.pc'
[23.902s] Level 1:colcon.colcon_core.environment:checking '/root/ros2_ws/src/install/unitree_go/lib/python3.10/site-packages'
[23.902s] Level 1:colcon.colcon_core.environment:checking '/root/ros2_ws/src/install/unitree_go/bin'
[23.913s] INFO:colcon.colcon_core.shell:Creating package script '/root/ros2_ws/src/install/unitree_go/share/unitree_go/package.ps1'
[23.914s] INFO:colcon.colcon_core.shell:Creating package descriptor '/root/ros2_ws/src/install/unitree_go/share/unitree_go/package.dsv'
[23.917s] INFO:colcon.colcon_core.shell:Creating package script '/root/ros2_ws/src/install/unitree_go/share/unitree_go/package.sh'
[23.922s] INFO:colcon.colcon_core.shell:Creating package script '/root/ros2_ws/src/install/unitree_go/share/unitree_go/package.bash'
[23.923s] INFO:colcon.colcon_core.shell:Creating package script '/root/ros2_ws/src/install/unitree_go/share/unitree_go/package.zsh'
[23.927s] Level 1:colcon.colcon_core.environment:create_file_with_runtime_dependencies(/root/ros2_ws/src/install/unitree_go/share/colcon-core/packages/unitree_go)
[23.928s] Level 1:colcon.colcon_core.environment:create_environment_scripts_only(unitree_go)
[23.928s] Level 1:colcon.colcon_core.environment:checking '/root/ros2_ws/src/install/unitree_go' for CMake module files
[23.937s] Level 1:colcon.colcon_core.environment:checking '/root/ros2_ws/src/install/unitree_go' for CMake config files
[23.938s] Level 1:colcon.colcon_core.shell:create_environment_hook('unitree_go', 'cmake_prefix_path')
[23.943s] INFO:colcon.colcon_core.shell:Creating environment hook '/root/ros2_ws/src/install/unitree_go/share/unitree_go/hook/cmake_prefix_path.ps1'
[23.944s] INFO:colcon.colcon_core.shell:Creating environment descriptor '/root/ros2_ws/src/install/unitree_go/share/unitree_go/hook/cmake_prefix_path.dsv'
[23.944s] INFO:colcon.colcon_core.shell:Creating environment hook '/root/ros2_ws/src/install/unitree_go/share/unitree_go/hook/cmake_prefix_path.sh'
[23.950s] Level 1:colcon.colcon_core.environment:checking '/root/ros2_ws/src/install/unitree_go/lib'
[23.950s] Level 1:colcon.colcon_core.shell:create_environment_hook('unitree_go', 'ld_library_path_lib')
[23.950s] INFO:colcon.colcon_core.shell:Creating environment hook '/root/ros2_ws/src/install/unitree_go/share/unitree_go/hook/ld_library_path_lib.ps1'
[23.951s] INFO:colcon.colcon_core.shell:Creating environment descriptor '/root/ros2_ws/src/install/unitree_go/share/unitree_go/hook/ld_library_path_lib.dsv'
[23.951s] INFO:colcon.colcon_core.shell:Creating environment hook '/root/ros2_ws/src/install/unitree_go/share/unitree_go/hook/ld_library_path_lib.sh'
[23.952s] Level 1:colcon.colcon_core.environment:checking '/root/ros2_ws/src/install/unitree_go/bin'
[23.952s] Level 1:colcon.colcon_core.environment:checking '/root/ros2_ws/src/install/unitree_go/lib/pkgconfig/unitree_go.pc'
[23.953s] Level 1:colcon.colcon_core.environment:checking '/root/ros2_ws/src/install/unitree_go/lib/python3.10/site-packages'
[23.953s] Level 1:colcon.colcon_core.environment:checking '/root/ros2_ws/src/install/unitree_go/bin'
[23.964s] INFO:colcon.colcon_core.shell:Creating package script '/root/ros2_ws/src/install/unitree_go/share/unitree_go/package.ps1'
[23.965s] INFO:colcon.colcon_core.shell:Creating package descriptor '/root/ros2_ws/src/install/unitree_go/share/unitree_go/package.dsv'
[23.970s] INFO:colcon.colcon_core.shell:Creating package script '/root/ros2_ws/src/install/unitree_go/share/unitree_go/package.sh'
[23.970s] INFO:colcon.colcon_core.shell:Creating package script '/root/ros2_ws/src/install/unitree_go/share/unitree_go/package.bash'
[23.976s] INFO:colcon.colcon_core.shell:Creating package script '/root/ros2_ws/src/install/unitree_go/share/unitree_go/package.zsh'
[23.977s] Level 1:colcon.colcon_core.environment:create_file_with_runtime_dependencies(/root/ros2_ws/src/install/unitree_go/share/colcon-core/packages/unitree_go)
[23.986s] INFO:colcon.colcon_ros.task.ament_cmake.build:Building ROS package in '/root/ros2_ws/src/utilities/unitree_pkgs/go2_sport_api' with build type 'ament_cmake'
[23.986s] INFO:colcon.colcon_cmake.task.cmake.build:Building CMake package in '/root/ros2_ws/src/utilities/unitree_pkgs/go2_sport_api'
[23.987s] INFO:colcon.colcon_core.shell:Skip shell extension 'powershell' for command environment: Not usable outside of PowerShell
[23.987s] DEBUG:colcon.colcon_core.shell:Skip shell extension 'dsv' for command environment
[24.032s] DEBUG:colcon.colcon_core.event_handler.log_command:Invoking command in '/root/ros2_ws/src/build/go2_sport_api': AMENT_PREFIX_PATH=/root/ros2_ws/src/install/unitree_go:/root/ros2_ws/src/install/unitree_api:${AMENT_PREFIX_PATH} CMAKE_PREFIX_PATH=/root/ros2_ws/src/install/unitree_go:/root/ros2_ws/src/install/unitree_api:/opt/ros/humble LD_LIBRARY_PATH=/root/ros2_ws/src/install/unitree_go/lib:/root/ros2_ws/src/install/unitree_api/lib:${LD_LIBRARY_PATH} PYTHONPATH=/root/ros2_ws/src/install/unitree_go/local/lib/python3.10/dist-packages:/root/ros2_ws/src/install/unitree_api/local/lib/python3.10/dist-packages:${PYTHONPATH} /usr/bin/cmake /root/ros2_ws/src/utilities/unitree_pkgs/go2_sport_api -DROS_EDITION=ROS2 -DHUMBLE_ROS=humble -DCMAKE_INSTALL_PREFIX=/root/ros2_ws/src/install/go2_sport_api
[25.316s] DEBUG:colcon.colcon_core.event_handler.log_command:Invoked command in '/root/ros2_ws/src/build/teleop_rviz_plugin' returned '0': CMAKE_PREFIX_PATH=/opt/ros/humble /usr/bin/cmake --build /root/ros2_ws/src/build/teleop_rviz_plugin -- -j24 -l24
[25.325s] DEBUG:colcon.colcon_core.event_handler.log_command:Invoking command in '/root/ros2_ws/src/build/teleop_rviz_plugin': CMAKE_PREFIX_PATH=/opt/ros/humble /usr/bin/cmake --install /root/ros2_ws/src/build/teleop_rviz_plugin
[26.988s] DEBUG:colcon.colcon_core.event_handler.log_command:Invoked command in '/root/ros2_ws/src/build/teleop_rviz_plugin_plus' returned '0': CMAKE_PREFIX_PATH=/opt/ros/humble /usr/bin/cmake --build /root/ros2_ws/src/build/teleop_rviz_plugin_plus -- -j24 -l24
[26.989s] DEBUG:colcon.colcon_core.event_handler.log_command:Invoking command in '/root/ros2_ws/src/build/teleop_rviz_plugin_plus': CMAKE_PREFIX_PATH=/opt/ros/humble /usr/bin/cmake --install /root/ros2_ws/src/build/teleop_rviz_plugin_plus
[29.780s] Level 1:colcon.colcon_core.environment:create_environment_scripts_only(teleop_rviz_plugin)
[29.781s] Level 1:colcon.colcon_core.environment:checking '/root/ros2_ws/src/install/teleop_rviz_plugin' for CMake module files
[29.786s] Level 1:colcon.colcon_core.environment:checking '/root/ros2_ws/src/install/teleop_rviz_plugin' for CMake config files
[29.786s] Level 1:colcon.colcon_core.shell:create_environment_hook('teleop_rviz_plugin', 'cmake_prefix_path')
[29.787s] INFO:colcon.colcon_core.shell:Creating environment hook '/root/ros2_ws/src/install/teleop_rviz_plugin/share/teleop_rviz_plugin/hook/cmake_prefix_path.ps1'
[29.792s] INFO:colcon.colcon_core.shell:Creating environment descriptor '/root/ros2_ws/src/install/teleop_rviz_plugin/share/teleop_rviz_plugin/hook/cmake_prefix_path.dsv'
[29.793s] INFO:colcon.colcon_core.shell:Creating environment hook '/root/ros2_ws/src/install/teleop_rviz_plugin/share/teleop_rviz_plugin/hook/cmake_prefix_path.sh'
[29.794s] Level 1:colcon.colcon_core.environment:checking '/root/ros2_ws/src/install/teleop_rviz_plugin/lib'
[29.794s] Level 1:colcon.colcon_core.environment:checking '/root/ros2_ws/src/install/teleop_rviz_plugin/bin'
[29.794s] Level 1:colcon.colcon_core.environment:checking '/root/ros2_ws/src/install/teleop_rviz_plugin/lib/pkgconfig/teleop_rviz_plugin.pc'
[29.795s] Level 1:colcon.colcon_core.environment:checking '/root/ros2_ws/src/install/teleop_rviz_plugin/lib/python3.10/site-packages'
[29.795s] Level 1:colcon.colcon_core.environment:checking '/root/ros2_ws/src/install/teleop_rviz_plugin/bin'
[29.800s] INFO:colcon.colcon_core.shell:Creating package script '/root/ros2_ws/src/install/teleop_rviz_plugin/share/teleop_rviz_plugin/package.ps1'
[29.803s] INFO:colcon.colcon_core.shell:Creating package descriptor '/root/ros2_ws/src/install/teleop_rviz_plugin/share/teleop_rviz_plugin/package.dsv'
[29.804s] INFO:colcon.colcon_core.shell:Creating package script '/root/ros2_ws/src/install/teleop_rviz_plugin/share/teleop_rviz_plugin/package.sh'
[29.802s] DEBUG:colcon.colcon_core.event_handler.log_command:Invoked command in '/root/ros2_ws/src/build/teleop_rviz_plugin' returned '0': CMAKE_PREFIX_PATH=/opt/ros/humble /usr/bin/cmake --install /root/ros2_ws/src/build/teleop_rviz_plugin
[29.809s] INFO:colcon.colcon_core.shell:Creating package script '/root/ros2_ws/src/install/teleop_rviz_plugin/share/teleop_rviz_plugin/package.bash'
[29.813s] INFO:colcon.colcon_core.shell:Creating package script '/root/ros2_ws/src/install/teleop_rviz_plugin/share/teleop_rviz_plugin/package.zsh'
[29.813s] Level 1:colcon.colcon_core.environment:create_file_with_runtime_dependencies(/root/ros2_ws/src/install/teleop_rviz_plugin/share/colcon-core/packages/teleop_rviz_plugin)
[29.815s] Level 1:colcon.colcon_core.environment:create_environment_scripts_only(teleop_rviz_plugin)
[29.815s] Level 1:colcon.colcon_core.environment:checking '/root/ros2_ws/src/install/teleop_rviz_plugin' for CMake module files
[29.819s] Level 1:colcon.colcon_core.environment:checking '/root/ros2_ws/src/install/teleop_rviz_plugin' for CMake config files
[29.820s] Level 1:colcon.colcon_core.shell:create_environment_hook('teleop_rviz_plugin', 'cmake_prefix_path')
[29.820s] INFO:colcon.colcon_core.shell:Creating environment hook '/root/ros2_ws/src/install/teleop_rviz_plugin/share/teleop_rviz_plugin/hook/cmake_prefix_path.ps1'
[29.825s] INFO:colcon.colcon_core.shell:Creating environment descriptor '/root/ros2_ws/src/install/teleop_rviz_plugin/share/teleop_rviz_plugin/hook/cmake_prefix_path.dsv'
[29.826s] INFO:colcon.colcon_core.shell:Creating environment hook '/root/ros2_ws/src/install/teleop_rviz_plugin/share/teleop_rviz_plugin/hook/cmake_prefix_path.sh'
[29.828s] Level 1:colcon.colcon_core.environment:checking '/root/ros2_ws/src/install/teleop_rviz_plugin/lib'
[29.828s] Level 1:colcon.colcon_core.environment:checking '/root/ros2_ws/src/install/teleop_rviz_plugin/bin'
[29.832s] Level 1:colcon.colcon_core.environment:checking '/root/ros2_ws/src/install/teleop_rviz_plugin/lib/pkgconfig/teleop_rviz_plugin.pc'
[29.832s] Level 1:colcon.colcon_core.environment:checking '/root/ros2_ws/src/install/teleop_rviz_plugin/lib/python3.10/site-packages'
[29.833s] Level 1:colcon.colcon_core.environment:checking '/root/ros2_ws/src/install/teleop_rviz_plugin/bin'
[29.834s] INFO:colcon.colcon_core.shell:Creating package script '/root/ros2_ws/src/install/teleop_rviz_plugin/share/teleop_rviz_plugin/package.ps1'
[29.839s] INFO:colcon.colcon_core.shell:Creating package descriptor '/root/ros2_ws/src/install/teleop_rviz_plugin/share/teleop_rviz_plugin/package.dsv'
[29.840s] INFO:colcon.colcon_core.shell:Creating package script '/root/ros2_ws/src/install/teleop_rviz_plugin/share/teleop_rviz_plugin/package.sh'
[29.841s] INFO:colcon.colcon_core.shell:Creating package script '/root/ros2_ws/src/install/teleop_rviz_plugin/share/teleop_rviz_plugin/package.bash'
[29.845s] INFO:colcon.colcon_core.shell:Creating package script '/root/ros2_ws/src/install/teleop_rviz_plugin/share/teleop_rviz_plugin/package.zsh'
[29.846s] Level 1:colcon.colcon_core.environment:create_file_with_runtime_dependencies(/root/ros2_ws/src/install/teleop_rviz_plugin/share/colcon-core/packages/teleop_rviz_plugin)
[29.848s] Level 1:colcon.colcon_core.environment:create_environment_scripts_only(teleop_rviz_plugin_plus)
[29.852s] Level 1:colcon.colcon_core.environment:checking '/root/ros2_ws/src/install/teleop_rviz_plugin_plus' for CMake module files
[29.853s] Level 1:colcon.colcon_core.environment:checking '/root/ros2_ws/src/install/teleop_rviz_plugin_plus' for CMake config files
[29.855s] DEBUG:colcon.colcon_core.event_handler.log_command:Invoked command in '/root/ros2_ws/src/build/teleop_rviz_plugin_plus' returned '0': CMAKE_PREFIX_PATH=/opt/ros/humble /usr/bin/cmake --install /root/ros2_ws/src/build/teleop_rviz_plugin_plus
[29.857s] Level 1:colcon.colcon_core.shell:create_environment_hook('teleop_rviz_plugin_plus', 'cmake_prefix_path')
[29.857s] INFO:colcon.colcon_core.shell:Creating environment hook '/root/ros2_ws/src/install/teleop_rviz_plugin_plus/share/teleop_rviz_plugin_plus/hook/cmake_prefix_path.ps1'
[29.859s] INFO:colcon.colcon_core.shell:Creating environment descriptor '/root/ros2_ws/src/install/teleop_rviz_plugin_plus/share/teleop_rviz_plugin_plus/hook/cmake_prefix_path.dsv'
[29.863s] INFO:colcon.colcon_core.shell:Creating environment hook '/root/ros2_ws/src/install/teleop_rviz_plugin_plus/share/teleop_rviz_plugin_plus/hook/cmake_prefix_path.sh'
[29.869s] Level 1:colcon.colcon_core.environment:checking '/root/ros2_ws/src/install/teleop_rviz_plugin_plus/lib'
[29.869s] Level 1:colcon.colcon_core.environment:checking '/root/ros2_ws/src/install/teleop_rviz_plugin_plus/bin'
[29.869s] Level 1:colcon.colcon_core.environment:checking '/root/ros2_ws/src/install/teleop_rviz_plugin_plus/lib/pkgconfig/teleop_rviz_plugin_plus.pc'
[29.870s] Level 1:colcon.colcon_core.environment:checking '/root/ros2_ws/src/install/teleop_rviz_plugin_plus/lib/python3.10/site-packages'
[29.871s] Level 1:colcon.colcon_core.environment:checking '/root/ros2_ws/src/install/teleop_rviz_plugin_plus/bin'
[29.871s] INFO:colcon.colcon_core.shell:Creating package script '/root/ros2_ws/src/install/teleop_rviz_plugin_plus/share/teleop_rviz_plugin_plus/package.ps1'
[29.872s] INFO:colcon.colcon_core.shell:Creating package descriptor '/root/ros2_ws/src/install/teleop_rviz_plugin_plus/share/teleop_rviz_plugin_plus/package.dsv'
[29.877s] INFO:colcon.colcon_core.shell:Creating package script '/root/ros2_ws/src/install/teleop_rviz_plugin_plus/share/teleop_rviz_plugin_plus/package.sh'
[29.879s] INFO:colcon.colcon_core.shell:Creating package script '/root/ros2_ws/src/install/teleop_rviz_plugin_plus/share/teleop_rviz_plugin_plus/package.bash'
[29.880s] INFO:colcon.colcon_core.shell:Creating package script '/root/ros2_ws/src/install/teleop_rviz_plugin_plus/share/teleop_rviz_plugin_plus/package.zsh'
[29.881s] Level 1:colcon.colcon_core.environment:create_file_with_runtime_dependencies(/root/ros2_ws/src/install/teleop_rviz_plugin_plus/share/colcon-core/packages/teleop_rviz_plugin_plus)
[29.886s] Level 1:colcon.colcon_core.environment:create_environment_scripts_only(teleop_rviz_plugin_plus)
[29.886s] Level 1:colcon.colcon_core.environment:checking '/root/ros2_ws/src/install/teleop_rviz_plugin_plus' for CMake module files
[29.887s] Level 1:colcon.colcon_core.environment:checking '/root/ros2_ws/src/install/teleop_rviz_plugin_plus' for CMake config files
[29.891s] Level 1:colcon.colcon_core.shell:create_environment_hook('teleop_rviz_plugin_plus', 'cmake_prefix_path')
[29.892s] INFO:colcon.colcon_core.shell:Creating environment hook '/root/ros2_ws/src/install/teleop_rviz_plugin_plus/share/teleop_rviz_plugin_plus/hook/cmake_prefix_path.ps1'
[29.893s] INFO:colcon.colcon_core.shell:Creating environment descriptor '/root/ros2_ws/src/install/teleop_rviz_plugin_plus/share/teleop_rviz_plugin_plus/hook/cmake_prefix_path.dsv'
[29.897s] INFO:colcon.colcon_core.shell:Creating environment hook '/root/ros2_ws/src/install/teleop_rviz_plugin_plus/share/teleop_rviz_plugin_plus/hook/cmake_prefix_path.sh'
[29.899s] Level 1:colcon.colcon_core.environment:checking '/root/ros2_ws/src/install/teleop_rviz_plugin_plus/lib'
[29.899s] Level 1:colcon.colcon_core.environment:checking '/root/ros2_ws/src/install/teleop_rviz_plugin_plus/bin'
[29.899s] Level 1:colcon.colcon_core.environment:checking '/root/ros2_ws/src/install/teleop_rviz_plugin_plus/lib/pkgconfig/teleop_rviz_plugin_plus.pc'
[29.900s] Level 1:colcon.colcon_core.environment:checking '/root/ros2_ws/src/install/teleop_rviz_plugin_plus/lib/python3.10/site-packages'
[29.902s] Level 1:colcon.colcon_core.environment:checking '/root/ros2_ws/src/install/teleop_rviz_plugin_plus/bin'
[29.902s] INFO:colcon.colcon_core.shell:Creating package script '/root/ros2_ws/src/install/teleop_rviz_plugin_plus/share/teleop_rviz_plugin_plus/package.ps1'
[29.906s] INFO:colcon.colcon_core.shell:Creating package descriptor '/root/ros2_ws/src/install/teleop_rviz_plugin_plus/share/teleop_rviz_plugin_plus/package.dsv'
[29.908s] INFO:colcon.colcon_core.shell:Creating package script '/root/ros2_ws/src/install/teleop_rviz_plugin_plus/share/teleop_rviz_plugin_plus/package.sh'
[29.914s] INFO:colcon.colcon_core.shell:Creating package script '/root/ros2_ws/src/install/teleop_rviz_plugin_plus/share/teleop_rviz_plugin_plus/package.bash'
[29.915s] INFO:colcon.colcon_core.shell:Creating package script '/root/ros2_ws/src/install/teleop_rviz_plugin_plus/share/teleop_rviz_plugin_plus/package.zsh'
[29.916s] Level 1:colcon.colcon_core.environment:create_file_with_runtime_dependencies(/root/ros2_ws/src/install/teleop_rviz_plugin_plus/share/colcon-core/packages/teleop_rviz_plugin_plus)
[29.927s] DEBUG:colcon.colcon_core.event_handler.log_command:Invoked command in '/root/ros2_ws/src/build/go2_sport_api' returned '0': AMENT_PREFIX_PATH=/root/ros2_ws/src/install/unitree_go:/root/ros2_ws/src/install/unitree_api:${AMENT_PREFIX_PATH} CMAKE_PREFIX_PATH=/root/ros2_ws/src/install/unitree_go:/root/ros2_ws/src/install/unitree_api:/opt/ros/humble LD_LIBRARY_PATH=/root/ros2_ws/src/install/unitree_go/lib:/root/ros2_ws/src/install/unitree_api/lib:${LD_LIBRARY_PATH} PYTHONPATH=/root/ros2_ws/src/install/unitree_go/local/lib/python3.10/dist-packages:/root/ros2_ws/src/install/unitree_api/local/lib/python3.10/dist-packages:${PYTHONPATH} /usr/bin/cmake /root/ros2_ws/src/utilities/unitree_pkgs/go2_sport_api -DROS_EDITION=ROS2 -DHUMBLE_ROS=humble -DCMAKE_INSTALL_PREFIX=/root/ros2_ws/src/install/go2_sport_api
[29.927s] DEBUG:colcon.colcon_core.event_handler.log_command:Invoking command in '/root/ros2_ws/src/build/go2_sport_api': AMENT_PREFIX_PATH=/root/ros2_ws/src/install/unitree_go:/root/ros2_ws/src/install/unitree_api:${AMENT_PREFIX_PATH} CMAKE_PREFIX_PATH=/root/ros2_ws/src/install/unitree_go:/root/ros2_ws/src/install/unitree_api:/opt/ros/humble LD_LIBRARY_PATH=/root/ros2_ws/src/install/unitree_go/lib:/root/ros2_ws/src/install/unitree_api/lib:${LD_LIBRARY_PATH} PYTHONPATH=/root/ros2_ws/src/install/unitree_go/local/lib/python3.10/dist-packages:/root/ros2_ws/src/install/unitree_api/local/lib/python3.10/dist-packages:${PYTHONPATH} /usr/bin/cmake --build /root/ros2_ws/src/build/go2_sport_api -- -j24 -l24
[34.570s] DEBUG:colcon.colcon_core.event_handler.log_command:Invoked command in '/root/ros2_ws/src/build/waypoint_rviz_plugin' returned '0': CMAKE_PREFIX_PATH=/opt/ros/humble /usr/bin/cmake --build /root/ros2_ws/src/build/waypoint_rviz_plugin -- -j24 -l24
[34.570s] DEBUG:colcon.colcon_core.event_handler.log_command:Invoking command in '/root/ros2_ws/src/build/waypoint_rviz_plugin': CMAKE_PREFIX_PATH=/opt/ros/humble /usr/bin/cmake --install /root/ros2_ws/src/build/waypoint_rviz_plugin
[34.613s] Level 1:colcon.colcon_core.environment:create_environment_scripts_only(waypoint_rviz_plugin)
[34.614s] Level 1:colcon.colcon_core.environment:checking '/root/ros2_ws/src/install/waypoint_rviz_plugin' for CMake module files
[34.615s] Level 1:colcon.colcon_core.environment:checking '/root/ros2_ws/src/install/waypoint_rviz_plugin' for CMake config files
[34.616s] Level 1:colcon.colcon_core.shell:create_environment_hook('waypoint_rviz_plugin', 'cmake_prefix_path')
[34.616s] INFO:colcon.colcon_core.shell:Creating environment hook '/root/ros2_ws/src/install/waypoint_rviz_plugin/share/waypoint_rviz_plugin/hook/cmake_prefix_path.ps1'
[34.624s] INFO:colcon.colcon_core.shell:Creating environment descriptor '/root/ros2_ws/src/install/waypoint_rviz_plugin/share/waypoint_rviz_plugin/hook/cmake_prefix_path.dsv'
[34.625s] DEBUG:colcon.colcon_core.event_handler.log_command:Invoked command in '/root/ros2_ws/src/build/waypoint_rviz_plugin' returned '0': CMAKE_PREFIX_PATH=/opt/ros/humble /usr/bin/cmake --install /root/ros2_ws/src/build/waypoint_rviz_plugin
[34.626s] INFO:colcon.colcon_core.shell:Creating environment hook '/root/ros2_ws/src/install/waypoint_rviz_plugin/share/waypoint_rviz_plugin/hook/cmake_prefix_path.sh'
[34.631s] Level 1:colcon.colcon_core.environment:checking '/root/ros2_ws/src/install/waypoint_rviz_plugin/lib'
[34.631s] Level 1:colcon.colcon_core.environment:checking '/root/ros2_ws/src/install/waypoint_rviz_plugin/bin'
[34.631s] Level 1:colcon.colcon_core.environment:checking '/root/ros2_ws/src/install/waypoint_rviz_plugin/lib/pkgconfig/waypoint_rviz_plugin.pc'
[34.632s] Level 1:colcon.colcon_core.environment:checking '/root/ros2_ws/src/install/waypoint_rviz_plugin/lib/python3.10/site-packages'
[34.633s] Level 1:colcon.colcon_core.environment:checking '/root/ros2_ws/src/install/waypoint_rviz_plugin/bin'
[34.637s] INFO:colcon.colcon_core.shell:Creating package script '/root/ros2_ws/src/install/waypoint_rviz_plugin/share/waypoint_rviz_plugin/package.ps1'
[34.639s] INFO:colcon.colcon_core.shell:Creating package descriptor '/root/ros2_ws/src/install/waypoint_rviz_plugin/share/waypoint_rviz_plugin/package.dsv'
[34.644s] INFO:colcon.colcon_core.shell:Creating package script '/root/ros2_ws/src/install/waypoint_rviz_plugin/share/waypoint_rviz_plugin/package.sh'
[34.646s] INFO:colcon.colcon_core.shell:Creating package script '/root/ros2_ws/src/install/waypoint_rviz_plugin/share/waypoint_rviz_plugin/package.bash'
[34.647s] INFO:colcon.colcon_core.shell:Creating package script '/root/ros2_ws/src/install/waypoint_rviz_plugin/share/waypoint_rviz_plugin/package.zsh'
[34.651s] Level 1:colcon.colcon_core.environment:create_file_with_runtime_dependencies(/root/ros2_ws/src/install/waypoint_rviz_plugin/share/colcon-core/packages/waypoint_rviz_plugin)
[34.653s] Level 1:colcon.colcon_core.environment:create_environment_scripts_only(waypoint_rviz_plugin)
[34.654s] Level 1:colcon.colcon_core.environment:checking '/root/ros2_ws/src/install/waypoint_rviz_plugin' for CMake module files
[34.659s] Level 1:colcon.colcon_core.environment:checking '/root/ros2_ws/src/install/waypoint_rviz_plugin' for CMake config files
[34.659s] Level 1:colcon.colcon_core.shell:create_environment_hook('waypoint_rviz_plugin', 'cmake_prefix_path')
[34.660s] INFO:colcon.colcon_core.shell:Creating environment hook '/root/ros2_ws/src/install/waypoint_rviz_plugin/share/waypoint_rviz_plugin/hook/cmake_prefix_path.ps1'
[34.661s] INFO:colcon.colcon_core.shell:Creating environment descriptor '/root/ros2_ws/src/install/waypoint_rviz_plugin/share/waypoint_rviz_plugin/hook/cmake_prefix_path.dsv'
[34.666s] INFO:colcon.colcon_core.shell:Creating environment hook '/root/ros2_ws/src/install/waypoint_rviz_plugin/share/waypoint_rviz_plugin/hook/cmake_prefix_path.sh'
[34.668s] Level 1:colcon.colcon_core.environment:checking '/root/ros2_ws/src/install/waypoint_rviz_plugin/lib'
[34.669s] Level 1:colcon.colcon_core.environment:checking '/root/ros2_ws/src/install/waypoint_rviz_plugin/bin'
[34.669s] Level 1:colcon.colcon_core.environment:checking '/root/ros2_ws/src/install/waypoint_rviz_plugin/lib/pkgconfig/waypoint_rviz_plugin.pc'
[34.673s] Level 1:colcon.colcon_core.environment:checking '/root/ros2_ws/src/install/waypoint_rviz_plugin/lib/python3.10/site-packages'
[34.674s] Level 1:colcon.colcon_core.environment:checking '/root/ros2_ws/src/install/waypoint_rviz_plugin/bin'
[34.675s] INFO:colcon.colcon_core.shell:Creating package script '/root/ros2_ws/src/install/waypoint_rviz_plugin/share/waypoint_rviz_plugin/package.ps1'
[34.679s] INFO:colcon.colcon_core.shell:Creating package descriptor '/root/ros2_ws/src/install/waypoint_rviz_plugin/share/waypoint_rviz_plugin/package.dsv'
[34.681s] INFO:colcon.colcon_core.shell:Creating package script '/root/ros2_ws/src/install/waypoint_rviz_plugin/share/waypoint_rviz_plugin/package.sh'
[34.684s] INFO:colcon.colcon_core.shell:Creating package script '/root/ros2_ws/src/install/waypoint_rviz_plugin/share/waypoint_rviz_plugin/package.bash'
[34.689s] INFO:colcon.colcon_core.shell:Creating package script '/root/ros2_ws/src/install/waypoint_rviz_plugin/share/waypoint_rviz_plugin/package.zsh'
[34.690s] Level 1:colcon.colcon_core.environment:create_file_with_runtime_dependencies(/root/ros2_ws/src/install/waypoint_rviz_plugin/share/colcon-core/packages/waypoint_rviz_plugin)
[38.945s] DEBUG:colcon.colcon_core.event_handler.log_command:Invoked command in '/root/ros2_ws/src/build/waypoint_example' returned '0': CMAKE_PREFIX_PATH=/opt/ros/humble /usr/bin/cmake --build /root/ros2_ws/src/build/waypoint_example -- -j24 -l24
[38.945s] DEBUG:colcon.colcon_core.event_handler.log_command:Invoking command in '/root/ros2_ws/src/build/waypoint_example': CMAKE_PREFIX_PATH=/opt/ros/humble /usr/bin/cmake --install /root/ros2_ws/src/build/waypoint_example
[39.008s] Level 1:colcon.colcon_core.environment:create_environment_scripts_only(waypoint_example)
[39.009s] Level 1:colcon.colcon_core.environment:checking '/root/ros2_ws/src/install/waypoint_example' for CMake module files
[39.010s] Level 1:colcon.colcon_core.environment:checking '/root/ros2_ws/src/install/waypoint_example' for CMake config files
[39.010s] Level 1:colcon.colcon_core.shell:create_environment_hook('waypoint_example', 'cmake_prefix_path')
[39.011s] INFO:colcon.colcon_core.shell:Creating environment hook '/root/ros2_ws/src/install/waypoint_example/share/waypoint_example/hook/cmake_prefix_path.ps1'
[39.012s] DEBUG:colcon.colcon_core.event_handler.log_command:Invoked command in '/root/ros2_ws/src/build/waypoint_example' returned '0': CMAKE_PREFIX_PATH=/opt/ros/humble /usr/bin/cmake --install /root/ros2_ws/src/build/waypoint_example
[39.016s] INFO:colcon.colcon_core.shell:Creating environment descriptor '/root/ros2_ws/src/install/waypoint_example/share/waypoint_example/hook/cmake_prefix_path.dsv'
[39.017s] INFO:colcon.colcon_core.shell:Creating environment hook '/root/ros2_ws/src/install/waypoint_example/share/waypoint_example/hook/cmake_prefix_path.sh'
[39.018s] Level 1:colcon.colcon_core.environment:checking '/root/ros2_ws/src/install/waypoint_example/lib'
[39.018s] Level 1:colcon.colcon_core.environment:checking '/root/ros2_ws/src/install/waypoint_example/bin'
[39.018s] Level 1:colcon.colcon_core.environment:checking '/root/ros2_ws/src/install/waypoint_example/lib/pkgconfig/waypoint_example.pc'
[39.023s] Level 1:colcon.colcon_core.environment:checking '/root/ros2_ws/src/install/waypoint_example/lib/python3.10/site-packages'
[39.024s] Level 1:colcon.colcon_core.environment:checking '/root/ros2_ws/src/install/waypoint_example/bin'
[39.025s] INFO:colcon.colcon_core.shell:Creating package script '/root/ros2_ws/src/install/waypoint_example/share/waypoint_example/package.ps1'
[39.029s] INFO:colcon.colcon_core.shell:Creating package descriptor '/root/ros2_ws/src/install/waypoint_example/share/waypoint_example/package.dsv'
[39.030s] INFO:colcon.colcon_core.shell:Creating package script '/root/ros2_ws/src/install/waypoint_example/share/waypoint_example/package.sh'
[39.031s] INFO:colcon.colcon_core.shell:Creating package script '/root/ros2_ws/src/install/waypoint_example/share/waypoint_example/package.bash'
[39.034s] INFO:colcon.colcon_core.shell:Creating package script '/root/ros2_ws/src/install/waypoint_example/share/waypoint_example/package.zsh'
[39.035s] Level 1:colcon.colcon_core.environment:create_file_with_runtime_dependencies(/root/ros2_ws/src/install/waypoint_example/share/colcon-core/packages/waypoint_example)
[39.037s] Level 1:colcon.colcon_core.environment:create_environment_scripts_only(waypoint_example)
[39.037s] Level 1:colcon.colcon_core.environment:checking '/root/ros2_ws/src/install/waypoint_example' for CMake module files
[39.038s] Level 1:colcon.colcon_core.environment:checking '/root/ros2_ws/src/install/waypoint_example' for CMake config files
[39.044s] Level 1:colcon.colcon_core.shell:create_environment_hook('waypoint_example', 'cmake_prefix_path')
[39.045s] INFO:colcon.colcon_core.shell:Creating environment hook '/root/ros2_ws/src/install/waypoint_example/share/waypoint_example/hook/cmake_prefix_path.ps1'
[39.046s] INFO:colcon.colcon_core.shell:Creating environment descriptor '/root/ros2_ws/src/install/waypoint_example/share/waypoint_example/hook/cmake_prefix_path.dsv'
[39.047s] INFO:colcon.colcon_core.shell:Creating environment hook '/root/ros2_ws/src/install/waypoint_example/share/waypoint_example/hook/cmake_prefix_path.sh'
[39.050s] Level 1:colcon.colcon_core.environment:checking '/root/ros2_ws/src/install/waypoint_example/lib'
[39.051s] Level 1:colcon.colcon_core.environment:checking '/root/ros2_ws/src/install/waypoint_example/bin'
[39.051s] Level 1:colcon.colcon_core.environment:checking '/root/ros2_ws/src/install/waypoint_example/lib/pkgconfig/waypoint_example.pc'
[39.051s] Level 1:colcon.colcon_core.environment:checking '/root/ros2_ws/src/install/waypoint_example/lib/python3.10/site-packages'
[39.052s] Level 1:colcon.colcon_core.environment:checking '/root/ros2_ws/src/install/waypoint_example/bin'
[39.053s] INFO:colcon.colcon_core.shell:Creating package script '/root/ros2_ws/src/install/waypoint_example/share/waypoint_example/package.ps1'
[39.059s] INFO:colcon.colcon_core.shell:Creating package descriptor '/root/ros2_ws/src/install/waypoint_example/share/waypoint_example/package.dsv'
[39.060s] INFO:colcon.colcon_core.shell:Creating package script '/root/ros2_ws/src/install/waypoint_example/share/waypoint_example/package.sh'
[39.061s] INFO:colcon.colcon_core.shell:Creating package script '/root/ros2_ws/src/install/waypoint_example/share/waypoint_example/package.bash'
[39.067s] INFO:colcon.colcon_core.shell:Creating package script '/root/ros2_ws/src/install/waypoint_example/share/waypoint_example/package.zsh'
[39.068s] Level 1:colcon.colcon_core.environment:create_file_with_runtime_dependencies(/root/ros2_ws/src/install/waypoint_example/share/colcon-core/packages/waypoint_example)
[40.062s] DEBUG:colcon.colcon_core.event_handler.log_command:Invoked command in '/root/ros2_ws/src/build/livox_ros_driver2' returned '0': CMAKE_PREFIX_PATH=/opt/ros/humble /usr/bin/cmake --build /root/ros2_ws/src/build/livox_ros_driver2 -- -j24 -l24
[40.067s] DEBUG:colcon.colcon_core.event_handler.log_command:Invoking command in '/root/ros2_ws/src/build/livox_ros_driver2': CMAKE_PREFIX_PATH=/opt/ros/humble /usr/bin/cmake --install /root/ros2_ws/src/build/livox_ros_driver2
[40.239s] DEBUG:colcon.colcon_core.event_handler.log_command:Invoked command in '/root/ros2_ws/src/build/goalpoint_rviz_plugin' returned '0': CMAKE_PREFIX_PATH=/opt/ros/humble /usr/bin/cmake --build /root/ros2_ws/src/build/goalpoint_rviz_plugin -- -j24 -l24
[40.243s] DEBUG:colcon.colcon_core.event_handler.log_command:Invoking command in '/root/ros2_ws/src/build/goalpoint_rviz_plugin': CMAKE_PREFIX_PATH=/opt/ros/humble /usr/bin/cmake --install /root/ros2_ws/src/build/goalpoint_rviz_plugin
[40.299s] Level 1:colcon.colcon_core.environment:create_environment_scripts_only(goalpoint_rviz_plugin)
[40.300s] Level 1:colcon.colcon_core.environment:checking '/root/ros2_ws/src/install/goalpoint_rviz_plugin' for CMake module files
[40.301s] DEBUG:colcon.colcon_core.event_handler.log_command:Invoked command in '/root/ros2_ws/src/build/goalpoint_rviz_plugin' returned '0': CMAKE_PREFIX_PATH=/opt/ros/humble /usr/bin/cmake --install /root/ros2_ws/src/build/goalpoint_rviz_plugin
[40.302s] Level 1:colcon.colcon_core.environment:checking '/root/ros2_ws/src/install/goalpoint_rviz_plugin' for CMake config files
[40.303s] Level 1:colcon.colcon_core.shell:create_environment_hook('goalpoint_rviz_plugin', 'cmake_prefix_path')
[40.303s] INFO:colcon.colcon_core.shell:Creating environment hook '/root/ros2_ws/src/install/goalpoint_rviz_plugin/share/goalpoint_rviz_plugin/hook/cmake_prefix_path.ps1'
[40.304s] INFO:colcon.colcon_core.shell:Creating environment descriptor '/root/ros2_ws/src/install/goalpoint_rviz_plugin/share/goalpoint_rviz_plugin/hook/cmake_prefix_path.dsv'
[40.309s] INFO:colcon.colcon_core.shell:Creating environment hook '/root/ros2_ws/src/install/goalpoint_rviz_plugin/share/goalpoint_rviz_plugin/hook/cmake_prefix_path.sh'
[40.311s] Level 1:colcon.colcon_core.environment:checking '/root/ros2_ws/src/install/goalpoint_rviz_plugin/lib'
[40.311s] Level 1:colcon.colcon_core.environment:checking '/root/ros2_ws/src/install/goalpoint_rviz_plugin/bin'
[40.311s] Level 1:colcon.colcon_core.environment:checking '/root/ros2_ws/src/install/goalpoint_rviz_plugin/lib/pkgconfig/goalpoint_rviz_plugin.pc'
[40.312s] Level 1:colcon.colcon_core.environment:checking '/root/ros2_ws/src/install/goalpoint_rviz_plugin/lib/python3.10/site-packages'
[40.313s] Level 1:colcon.colcon_core.environment:checking '/root/ros2_ws/src/install/goalpoint_rviz_plugin/bin'
[40.315s] INFO:colcon.colcon_core.shell:Creating package script '/root/ros2_ws/src/install/goalpoint_rviz_plugin/share/goalpoint_rviz_plugin/package.ps1'
[40.316s] INFO:colcon.colcon_core.shell:Creating package descriptor '/root/ros2_ws/src/install/goalpoint_rviz_plugin/share/goalpoint_rviz_plugin/package.dsv'
[40.317s] INFO:colcon.colcon_core.shell:Creating package script '/root/ros2_ws/src/install/goalpoint_rviz_plugin/share/goalpoint_rviz_plugin/package.sh'
[40.322s] INFO:colcon.colcon_core.shell:Creating package script '/root/ros2_ws/src/install/goalpoint_rviz_plugin/share/goalpoint_rviz_plugin/package.bash'
[40.323s] INFO:colcon.colcon_core.shell:Creating package script '/root/ros2_ws/src/install/goalpoint_rviz_plugin/share/goalpoint_rviz_plugin/package.zsh'
[40.324s] Level 1:colcon.colcon_core.environment:create_file_with_runtime_dependencies(/root/ros2_ws/src/install/goalpoint_rviz_plugin/share/colcon-core/packages/goalpoint_rviz_plugin)
[40.327s] Level 1:colcon.colcon_core.environment:create_environment_scripts_only(goalpoint_rviz_plugin)
[40.327s] Level 1:colcon.colcon_core.environment:checking '/root/ros2_ws/src/install/goalpoint_rviz_plugin' for CMake module files
[40.328s] Level 1:colcon.colcon_core.environment:checking '/root/ros2_ws/src/install/goalpoint_rviz_plugin' for CMake config files
[40.329s] Level 1:colcon.colcon_core.shell:create_environment_hook('goalpoint_rviz_plugin', 'cmake_prefix_path')
[40.329s] INFO:colcon.colcon_core.shell:Creating environment hook '/root/ros2_ws/src/install/goalpoint_rviz_plugin/share/goalpoint_rviz_plugin/hook/cmake_prefix_path.ps1'
[40.336s] INFO:colcon.colcon_core.shell:Creating environment descriptor '/root/ros2_ws/src/install/goalpoint_rviz_plugin/share/goalpoint_rviz_plugin/hook/cmake_prefix_path.dsv'
[40.337s] INFO:colcon.colcon_core.shell:Creating environment hook '/root/ros2_ws/src/install/goalpoint_rviz_plugin/share/goalpoint_rviz_plugin/hook/cmake_prefix_path.sh'
[40.338s] Level 1:colcon.colcon_core.environment:checking '/root/ros2_ws/src/install/goalpoint_rviz_plugin/lib'
[40.340s] Level 1:colcon.colcon_core.environment:checking '/root/ros2_ws/src/install/goalpoint_rviz_plugin/bin'
[40.341s] Level 1:colcon.colcon_core.environment:checking '/root/ros2_ws/src/install/goalpoint_rviz_plugin/lib/pkgconfig/goalpoint_rviz_plugin.pc'
[40.341s] Level 1:colcon.colcon_core.environment:checking '/root/ros2_ws/src/install/goalpoint_rviz_plugin/lib/python3.10/site-packages'
[40.342s] Level 1:colcon.colcon_core.environment:checking '/root/ros2_ws/src/install/goalpoint_rviz_plugin/bin'
[40.343s] INFO:colcon.colcon_core.shell:Creating package script '/root/ros2_ws/src/install/goalpoint_rviz_plugin/share/goalpoint_rviz_plugin/package.ps1'
[40.346s] INFO:colcon.colcon_core.shell:Creating package descriptor '/root/ros2_ws/src/install/goalpoint_rviz_plugin/share/goalpoint_rviz_plugin/package.dsv'
[40.347s] INFO:colcon.colcon_core.shell:Creating package script '/root/ros2_ws/src/install/goalpoint_rviz_plugin/share/goalpoint_rviz_plugin/package.sh'
[40.348s] INFO:colcon.colcon_core.shell:Creating package script '/root/ros2_ws/src/install/goalpoint_rviz_plugin/share/goalpoint_rviz_plugin/package.bash'
[40.357s] INFO:colcon.colcon_core.shell:Creating package script '/root/ros2_ws/src/install/goalpoint_rviz_plugin/share/goalpoint_rviz_plugin/package.zsh'
[40.358s] Level 1:colcon.colcon_core.environment:create_file_with_runtime_dependencies(/root/ros2_ws/src/install/goalpoint_rviz_plugin/share/colcon-core/packages/goalpoint_rviz_plugin)
[40.444s] Level 1:colcon.colcon_core.environment:create_environment_scripts_only(livox_ros_driver2)
[40.444s] Level 1:colcon.colcon_core.environment:checking '/root/ros2_ws/src/install/livox_ros_driver2' for CMake module files
[40.446s] DEBUG:colcon.colcon_core.event_handler.log_command:Invoked command in '/root/ros2_ws/src/build/livox_ros_driver2' returned '0': CMAKE_PREFIX_PATH=/opt/ros/humble /usr/bin/cmake --install /root/ros2_ws/src/build/livox_ros_driver2
[40.447s] Level 1:colcon.colcon_core.environment:checking '/root/ros2_ws/src/install/livox_ros_driver2' for CMake config files
[40.448s] Level 1:colcon.colcon_core.shell:create_environment_hook('livox_ros_driver2', 'cmake_prefix_path')
[40.448s] INFO:colcon.colcon_core.shell:Creating environment hook '/root/ros2_ws/src/install/livox_ros_driver2/share/livox_ros_driver2/hook/cmake_prefix_path.ps1'
[40.449s] INFO:colcon.colcon_core.shell:Creating environment descriptor '/root/ros2_ws/src/install/livox_ros_driver2/share/livox_ros_driver2/hook/cmake_prefix_path.dsv'
[40.456s] INFO:colcon.colcon_core.shell:Creating environment hook '/root/ros2_ws/src/install/livox_ros_driver2/share/livox_ros_driver2/hook/cmake_prefix_path.sh'
[40.457s] Level 1:colcon.colcon_core.environment:checking '/root/ros2_ws/src/install/livox_ros_driver2/lib'
[40.458s] Level 1:colcon.colcon_core.shell:create_environment_hook('livox_ros_driver2', 'ld_library_path_lib')
[40.458s] INFO:colcon.colcon_core.shell:Creating environment hook '/root/ros2_ws/src/install/livox_ros_driver2/share/livox_ros_driver2/hook/ld_library_path_lib.ps1'
[40.463s] INFO:colcon.colcon_core.shell:Creating environment descriptor '/root/ros2_ws/src/install/livox_ros_driver2/share/livox_ros_driver2/hook/ld_library_path_lib.dsv'
[40.464s] INFO:colcon.colcon_core.shell:Creating environment hook '/root/ros2_ws/src/install/livox_ros_driver2/share/livox_ros_driver2/hook/ld_library_path_lib.sh'
[40.465s] Level 1:colcon.colcon_core.environment:checking '/root/ros2_ws/src/install/livox_ros_driver2/bin'
[40.465s] Level 1:colcon.colcon_core.environment:checking '/root/ros2_ws/src/install/livox_ros_driver2/lib/pkgconfig/livox_ros_driver2.pc'
[40.465s] Level 1:colcon.colcon_core.environment:checking '/root/ros2_ws/src/install/livox_ros_driver2/lib/python3.10/site-packages'
[40.466s] Level 1:colcon.colcon_core.environment:checking '/root/ros2_ws/src/install/livox_ros_driver2/bin'
[40.467s] INFO:colcon.colcon_core.shell:Creating package script '/root/ros2_ws/src/install/livox_ros_driver2/share/livox_ros_driver2/package.ps1'
[40.468s] INFO:colcon.colcon_core.shell:Creating package descriptor '/root/ros2_ws/src/install/livox_ros_driver2/share/livox_ros_driver2/package.dsv'
[40.473s] INFO:colcon.colcon_core.shell:Creating package script '/root/ros2_ws/src/install/livox_ros_driver2/share/livox_ros_driver2/package.sh'
[40.474s] INFO:colcon.colcon_core.shell:Creating package script '/root/ros2_ws/src/install/livox_ros_driver2/share/livox_ros_driver2/package.bash'
[40.475s] INFO:colcon.colcon_core.shell:Creating package script '/root/ros2_ws/src/install/livox_ros_driver2/share/livox_ros_driver2/package.zsh'
[40.475s] Level 1:colcon.colcon_core.environment:create_file_with_runtime_dependencies(/root/ros2_ws/src/install/livox_ros_driver2/share/colcon-core/packages/livox_ros_driver2)
[40.481s] Level 1:colcon.colcon_core.environment:create_environment_scripts_only(livox_ros_driver2)
[40.481s] Level 1:colcon.colcon_core.environment:checking '/root/ros2_ws/src/install/livox_ros_driver2' for CMake module files
[40.482s] Level 1:colcon.colcon_core.environment:checking '/root/ros2_ws/src/install/livox_ros_driver2' for CMake config files
[40.487s] Level 1:colcon.colcon_core.shell:create_environment_hook('livox_ros_driver2', 'cmake_prefix_path')
[40.488s] INFO:colcon.colcon_core.shell:Creating environment hook '/root/ros2_ws/src/install/livox_ros_driver2/share/livox_ros_driver2/hook/cmake_prefix_path.ps1'
[40.489s] INFO:colcon.colcon_core.shell:Creating environment descriptor '/root/ros2_ws/src/install/livox_ros_driver2/share/livox_ros_driver2/hook/cmake_prefix_path.dsv'
[40.490s] INFO:colcon.colcon_core.shell:Creating environment hook '/root/ros2_ws/src/install/livox_ros_driver2/share/livox_ros_driver2/hook/cmake_prefix_path.sh'
[40.491s] Level 1:colcon.colcon_core.environment:checking '/root/ros2_ws/src/install/livox_ros_driver2/lib'
[40.491s] Level 1:colcon.colcon_core.shell:create_environment_hook('livox_ros_driver2', 'ld_library_path_lib')
[40.492s] INFO:colcon.colcon_core.shell:Creating environment hook '/root/ros2_ws/src/install/livox_ros_driver2/share/livox_ros_driver2/hook/ld_library_path_lib.ps1'
[40.492s] INFO:colcon.colcon_core.shell:Creating environment descriptor '/root/ros2_ws/src/install/livox_ros_driver2/share/livox_ros_driver2/hook/ld_library_path_lib.dsv'
[40.493s] INFO:colcon.colcon_core.shell:Creating environment hook '/root/ros2_ws/src/install/livox_ros_driver2/share/livox_ros_driver2/hook/ld_library_path_lib.sh'
[40.494s] Level 1:colcon.colcon_core.environment:checking '/root/ros2_ws/src/install/livox_ros_driver2/bin'
[40.494s] Level 1:colcon.colcon_core.environment:checking '/root/ros2_ws/src/install/livox_ros_driver2/lib/pkgconfig/livox_ros_driver2.pc'
[40.494s] Level 1:colcon.colcon_core.environment:checking '/root/ros2_ws/src/install/livox_ros_driver2/lib/python3.10/site-packages'
[40.495s] Level 1:colcon.colcon_core.environment:checking '/root/ros2_ws/src/install/livox_ros_driver2/bin'
[40.496s] INFO:colcon.colcon_core.shell:Creating package script '/root/ros2_ws/src/install/livox_ros_driver2/share/livox_ros_driver2/package.ps1'
[40.497s] INFO:colcon.colcon_core.shell:Creating package descriptor '/root/ros2_ws/src/install/livox_ros_driver2/share/livox_ros_driver2/package.dsv'
[40.498s] INFO:colcon.colcon_core.shell:Creating package script '/root/ros2_ws/src/install/livox_ros_driver2/share/livox_ros_driver2/package.sh'
[40.499s] INFO:colcon.colcon_core.shell:Creating package script '/root/ros2_ws/src/install/livox_ros_driver2/share/livox_ros_driver2/package.bash'
[40.499s] INFO:colcon.colcon_core.shell:Creating package script '/root/ros2_ws/src/install/livox_ros_driver2/share/livox_ros_driver2/package.zsh'
[40.500s] Level 1:colcon.colcon_core.environment:create_file_with_runtime_dependencies(/root/ros2_ws/src/install/livox_ros_driver2/share/colcon-core/packages/livox_ros_driver2)
[40.501s] INFO:colcon.colcon_ros.task.ament_cmake.build:Building ROS package in '/root/ros2_ws/src/slam/SuperOdom/super_odometry' with build type 'ament_cmake'
[40.501s] INFO:colcon.colcon_cmake.task.cmake.build:Building CMake package in '/root/ros2_ws/src/slam/SuperOdom/super_odometry'
[40.502s] INFO:colcon.colcon_core.shell:Skip shell extension 'powershell' for command environment: Not usable outside of PowerShell
[40.502s] DEBUG:colcon.colcon_core.shell:Skip shell extension 'dsv' for command environment
[40.531s] DEBUG:colcon.colcon_core.event_handler.log_command:Invoking command in '/root/ros2_ws/src/build/super_odometry': AMENT_PREFIX_PATH=/root/ros2_ws/src/install/super_odometry_msgs:/root/ros2_ws/src/install/livox_ros_driver2:${AMENT_PREFIX_PATH} CMAKE_PREFIX_PATH=/root/ros2_ws/src/install/super_odometry_msgs:/root/ros2_ws/src/install/livox_ros_driver2:/opt/ros/humble LD_LIBRARY_PATH=/root/ros2_ws/src/install/super_odometry_msgs/lib:/root/ros2_ws/src/install/livox_ros_driver2/lib:${LD_LIBRARY_PATH} PYTHONPATH=/root/ros2_ws/src/install/super_odometry_msgs/local/lib/python3.10/dist-packages:/root/ros2_ws/src/install/livox_ros_driver2/local/lib/python3.10/dist-packages:${PYTHONPATH} /usr/bin/cmake /root/ros2_ws/src/slam/SuperOdom/super_odometry -DROS_EDITION=ROS2 -DHUMBLE_ROS=humble -DCMAKE_INSTALL_PREFIX=/root/ros2_ws/src/install/super_odometry
[42.746s] DEBUG:colcon.colcon_core.event_handler.log_command:Invoked command in '/root/ros2_ws/src/build/sensor_scan_generation' returned '0': CMAKE_PREFIX_PATH=/opt/ros/humble /usr/bin/cmake --build /root/ros2_ws/src/build/sensor_scan_generation -- -j24 -l24
[42.747s] DEBUG:colcon.colcon_core.event_handler.log_command:Invoking command in '/root/ros2_ws/src/build/sensor_scan_generation': CMAKE_PREFIX_PATH=/opt/ros/humble /usr/bin/cmake --install /root/ros2_ws/src/build/sensor_scan_generation
[42.775s] Level 1:colcon.colcon_core.environment:create_environment_scripts_only(sensor_scan_generation)
[42.776s] Level 1:colcon.colcon_core.environment:checking '/root/ros2_ws/src/install/sensor_scan_generation' for CMake module files
[42.779s] Level 1:colcon.colcon_core.environment:checking '/root/ros2_ws/src/install/sensor_scan_generation' for CMake config files
[42.779s] Level 1:colcon.colcon_core.shell:create_environment_hook('sensor_scan_generation', 'cmake_prefix_path')
[42.780s] INFO:colcon.colcon_core.shell:Creating environment hook '/root/ros2_ws/src/install/sensor_scan_generation/share/sensor_scan_generation/hook/cmake_prefix_path.ps1'
[42.781s] INFO:colcon.colcon_core.shell:Creating environment descriptor '/root/ros2_ws/src/install/sensor_scan_generation/share/sensor_scan_generation/hook/cmake_prefix_path.dsv'
[42.782s] INFO:colcon.colcon_core.shell:Creating environment hook '/root/ros2_ws/src/install/sensor_scan_generation/share/sensor_scan_generation/hook/cmake_prefix_path.sh'
[42.783s] Level 1:colcon.colcon_core.environment:checking '/root/ros2_ws/src/install/sensor_scan_generation/lib'
[42.784s] Level 1:colcon.colcon_core.environment:checking '/root/ros2_ws/src/install/sensor_scan_generation/bin'
[42.784s] Level 1:colcon.colcon_core.environment:checking '/root/ros2_ws/src/install/sensor_scan_generation/lib/pkgconfig/sensor_scan_generation.pc'
[42.785s] Level 1:colcon.colcon_core.environment:checking '/root/ros2_ws/src/install/sensor_scan_generation/lib/python3.10/site-packages'
[42.786s] Level 1:colcon.colcon_core.environment:checking '/root/ros2_ws/src/install/sensor_scan_generation/bin'
[42.787s] INFO:colcon.colcon_core.shell:Creating package script '/root/ros2_ws/src/install/sensor_scan_generation/share/sensor_scan_generation/package.ps1'
[42.788s] INFO:colcon.colcon_core.shell:Creating package descriptor '/root/ros2_ws/src/install/sensor_scan_generation/share/sensor_scan_generation/package.dsv'
[42.789s] INFO:colcon.colcon_core.shell:Creating package script '/root/ros2_ws/src/install/sensor_scan_generation/share/sensor_scan_generation/package.sh'
[42.790s] INFO:colcon.colcon_core.shell:Creating package script '/root/ros2_ws/src/install/sensor_scan_generation/share/sensor_scan_generation/package.bash'
[42.791s] INFO:colcon.colcon_core.shell:Creating package script '/root/ros2_ws/src/install/sensor_scan_generation/share/sensor_scan_generation/package.zsh'
[42.792s] Level 1:colcon.colcon_core.environment:create_file_with_runtime_dependencies(/root/ros2_ws/src/install/sensor_scan_generation/share/colcon-core/packages/sensor_scan_generation)
[42.793s] Level 1:colcon.colcon_core.environment:create_environment_scripts_only(sensor_scan_generation)
[42.794s] Level 1:colcon.colcon_core.environment:checking '/root/ros2_ws/src/install/sensor_scan_generation' for CMake module files
[42.795s] Level 1:colcon.colcon_core.environment:checking '/root/ros2_ws/src/install/sensor_scan_generation' for CMake config files
[42.796s] Level 1:colcon.colcon_core.shell:create_environment_hook('sensor_scan_generation', 'cmake_prefix_path')
[42.796s] INFO:colcon.colcon_core.shell:Creating environment hook '/root/ros2_ws/src/install/sensor_scan_generation/share/sensor_scan_generation/hook/cmake_prefix_path.ps1'
[42.797s] INFO:colcon.colcon_core.shell:Creating environment descriptor '/root/ros2_ws/src/install/sensor_scan_generation/share/sensor_scan_generation/hook/cmake_prefix_path.dsv'
[42.799s] INFO:colcon.colcon_core.shell:Creating environment hook '/root/ros2_ws/src/install/sensor_scan_generation/share/sensor_scan_generation/hook/cmake_prefix_path.sh'
[42.800s] Level 1:colcon.colcon_core.environment:checking '/root/ros2_ws/src/install/sensor_scan_generation/lib'
[42.800s] Level 1:colcon.colcon_core.environment:checking '/root/ros2_ws/src/install/sensor_scan_generation/bin'
[42.801s] Level 1:colcon.colcon_core.environment:checking '/root/ros2_ws/src/install/sensor_scan_generation/lib/pkgconfig/sensor_scan_generation.pc'
[42.801s] Level 1:colcon.colcon_core.environment:checking '/root/ros2_ws/src/install/sensor_scan_generation/lib/python3.10/site-packages'
[42.802s] Level 1:colcon.colcon_core.environment:checking '/root/ros2_ws/src/install/sensor_scan_generation/bin'
[42.803s] INFO:colcon.colcon_core.shell:Creating package script '/root/ros2_ws/src/install/sensor_scan_generation/share/sensor_scan_generation/package.ps1'
[42.804s] INFO:colcon.colcon_core.shell:Creating package descriptor '/root/ros2_ws/src/install/sensor_scan_generation/share/sensor_scan_generation/package.dsv'
[42.805s] INFO:colcon.colcon_core.shell:Creating package script '/root/ros2_ws/src/install/sensor_scan_generation/share/sensor_scan_generation/package.sh'
[42.808s] INFO:colcon.colcon_core.shell:Creating package script '/root/ros2_ws/src/install/sensor_scan_generation/share/sensor_scan_generation/package.bash'
[42.809s] INFO:colcon.colcon_core.shell:Creating package script '/root/ros2_ws/src/install/sensor_scan_generation/share/sensor_scan_generation/package.zsh'
[42.810s] Level 1:colcon.colcon_core.environment:create_file_with_runtime_dependencies(/root/ros2_ws/src/install/sensor_scan_generation/share/colcon-core/packages/sensor_scan_generation)
[42.813s] DEBUG:colcon.colcon_core.event_handler.log_command:Invoked command in '/root/ros2_ws/src/build/sensor_scan_generation' returned '0': CMAKE_PREFIX_PATH=/opt/ros/humble /usr/bin/cmake --install /root/ros2_ws/src/build/sensor_scan_generation
[46.511s] DEBUG:colcon.colcon_core.event_handler.log_command:Invoked command in '/root/ros2_ws/src/build/go2_sport_api' returned '0': AMENT_PREFIX_PATH=/root/ros2_ws/src/install/unitree_go:/root/ros2_ws/src/install/unitree_api:${AMENT_PREFIX_PATH} CMAKE_PREFIX_PATH=/root/ros2_ws/src/install/unitree_go:/root/ros2_ws/src/install/unitree_api:/opt/ros/humble LD_LIBRARY_PATH=/root/ros2_ws/src/install/unitree_go/lib:/root/ros2_ws/src/install/unitree_api/lib:${LD_LIBRARY_PATH} PYTHONPATH=/root/ros2_ws/src/install/unitree_go/local/lib/python3.10/dist-packages:/root/ros2_ws/src/install/unitree_api/local/lib/python3.10/dist-packages:${PYTHONPATH} /usr/bin/cmake --build /root/ros2_ws/src/build/go2_sport_api -- -j24 -l24
[46.515s] DEBUG:colcon.colcon_core.event_handler.log_command:Invoking command in '/root/ros2_ws/src/build/go2_sport_api': AMENT_PREFIX_PATH=/root/ros2_ws/src/install/unitree_go:/root/ros2_ws/src/install/unitree_api:${AMENT_PREFIX_PATH} CMAKE_PREFIX_PATH=/root/ros2_ws/src/install/unitree_go:/root/ros2_ws/src/install/unitree_api:/opt/ros/humble LD_LIBRARY_PATH=/root/ros2_ws/src/install/unitree_go/lib:/root/ros2_ws/src/install/unitree_api/lib:${LD_LIBRARY_PATH} PYTHONPATH=/root/ros2_ws/src/install/unitree_go/local/lib/python3.10/dist-packages:/root/ros2_ws/src/install/unitree_api/local/lib/python3.10/dist-packages:${PYTHONPATH} /usr/bin/cmake --install /root/ros2_ws/src/build/go2_sport_api
[46.562s] Level 1:colcon.colcon_core.environment:create_environment_scripts_only(go2_sport_api)
[46.562s] Level 1:colcon.colcon_core.environment:checking '/root/ros2_ws/src/install/go2_sport_api' for CMake module files
[46.563s] Level 1:colcon.colcon_core.environment:checking '/root/ros2_ws/src/install/go2_sport_api' for CMake config files
[46.564s] DEBUG:colcon.colcon_core.event_handler.log_command:Invoked command in '/root/ros2_ws/src/build/go2_sport_api' returned '0': AMENT_PREFIX_PATH=/root/ros2_ws/src/install/unitree_go:/root/ros2_ws/src/install/unitree_api:${AMENT_PREFIX_PATH} CMAKE_PREFIX_PATH=/root/ros2_ws/src/install/unitree_go:/root/ros2_ws/src/install/unitree_api:/opt/ros/humble LD_LIBRARY_PATH=/root/ros2_ws/src/install/unitree_go/lib:/root/ros2_ws/src/install/unitree_api/lib:${LD_LIBRARY_PATH} PYTHONPATH=/root/ros2_ws/src/install/unitree_go/local/lib/python3.10/dist-packages:/root/ros2_ws/src/install/unitree_api/local/lib/python3.10/dist-packages:${PYTHONPATH} /usr/bin/cmake --install /root/ros2_ws/src/build/go2_sport_api
[46.565s] Level 1:colcon.colcon_core.shell:create_environment_hook('go2_sport_api', 'cmake_prefix_path')
[46.565s] INFO:colcon.colcon_core.shell:Creating environment hook '/root/ros2_ws/src/install/go2_sport_api/share/go2_sport_api/hook/cmake_prefix_path.ps1'
[46.566s] INFO:colcon.colcon_core.shell:Creating environment descriptor '/root/ros2_ws/src/install/go2_sport_api/share/go2_sport_api/hook/cmake_prefix_path.dsv'
[46.567s] INFO:colcon.colcon_core.shell:Creating environment hook '/root/ros2_ws/src/install/go2_sport_api/share/go2_sport_api/hook/cmake_prefix_path.sh'
[46.568s] Level 1:colcon.colcon_core.environment:checking '/root/ros2_ws/src/install/go2_sport_api/lib'
[46.568s] Level 1:colcon.colcon_core.shell:create_environment_hook('go2_sport_api', 'ld_library_path_lib')
[46.568s] INFO:colcon.colcon_core.shell:Creating environment hook '/root/ros2_ws/src/install/go2_sport_api/share/go2_sport_api/hook/ld_library_path_lib.ps1'
[46.569s] INFO:colcon.colcon_core.shell:Creating environment descriptor '/root/ros2_ws/src/install/go2_sport_api/share/go2_sport_api/hook/ld_library_path_lib.dsv'
[46.570s] INFO:colcon.colcon_core.shell:Creating environment hook '/root/ros2_ws/src/install/go2_sport_api/share/go2_sport_api/hook/ld_library_path_lib.sh'
[46.570s] Level 1:colcon.colcon_core.environment:checking '/root/ros2_ws/src/install/go2_sport_api/bin'
[46.570s] Level 1:colcon.colcon_core.environment:checking '/root/ros2_ws/src/install/go2_sport_api/lib/pkgconfig/go2_sport_api.pc'
[46.571s] Level 1:colcon.colcon_core.environment:checking '/root/ros2_ws/src/install/go2_sport_api/lib/python3.10/site-packages'
[46.571s] Level 1:colcon.colcon_core.environment:checking '/root/ros2_ws/src/install/go2_sport_api/bin'
[46.572s] INFO:colcon.colcon_core.shell:Creating package script '/root/ros2_ws/src/install/go2_sport_api/share/go2_sport_api/package.ps1'
[46.573s] INFO:colcon.colcon_core.shell:Creating package descriptor '/root/ros2_ws/src/install/go2_sport_api/share/go2_sport_api/package.dsv'
[46.574s] INFO:colcon.colcon_core.shell:Creating package script '/root/ros2_ws/src/install/go2_sport_api/share/go2_sport_api/package.sh'
[46.574s] INFO:colcon.colcon_core.shell:Creating package script '/root/ros2_ws/src/install/go2_sport_api/share/go2_sport_api/package.bash'
[46.575s] INFO:colcon.colcon_core.shell:Creating package script '/root/ros2_ws/src/install/go2_sport_api/share/go2_sport_api/package.zsh'
[46.575s] Level 1:colcon.colcon_core.environment:create_file_with_runtime_dependencies(/root/ros2_ws/src/install/go2_sport_api/share/colcon-core/packages/go2_sport_api)
[46.576s] Level 1:colcon.colcon_core.environment:create_environment_scripts_only(go2_sport_api)
[46.577s] Level 1:colcon.colcon_core.environment:checking '/root/ros2_ws/src/install/go2_sport_api' for CMake module files
[46.578s] Level 1:colcon.colcon_core.environment:checking '/root/ros2_ws/src/install/go2_sport_api' for CMake config files
[46.579s] Level 1:colcon.colcon_core.shell:create_environment_hook('go2_sport_api', 'cmake_prefix_path')
[46.579s] INFO:colcon.colcon_core.shell:Creating environment hook '/root/ros2_ws/src/install/go2_sport_api/share/go2_sport_api/hook/cmake_prefix_path.ps1'
[46.580s] INFO:colcon.colcon_core.shell:Creating environment descriptor '/root/ros2_ws/src/install/go2_sport_api/share/go2_sport_api/hook/cmake_prefix_path.dsv'
[46.580s] INFO:colcon.colcon_core.shell:Creating environment hook '/root/ros2_ws/src/install/go2_sport_api/share/go2_sport_api/hook/cmake_prefix_path.sh'
[46.581s] Level 1:colcon.colcon_core.environment:checking '/root/ros2_ws/src/install/go2_sport_api/lib'
[46.581s] Level 1:colcon.colcon_core.shell:create_environment_hook('go2_sport_api', 'ld_library_path_lib')
[46.581s] INFO:colcon.colcon_core.shell:Creating environment hook '/root/ros2_ws/src/install/go2_sport_api/share/go2_sport_api/hook/ld_library_path_lib.ps1'
[46.583s] INFO:colcon.colcon_core.shell:Creating environment descriptor '/root/ros2_ws/src/install/go2_sport_api/share/go2_sport_api/hook/ld_library_path_lib.dsv'
[46.583s] INFO:colcon.colcon_core.shell:Creating environment hook '/root/ros2_ws/src/install/go2_sport_api/share/go2_sport_api/hook/ld_library_path_lib.sh'
[46.583s] Level 1:colcon.colcon_core.environment:checking '/root/ros2_ws/src/install/go2_sport_api/bin'
[46.583s] Level 1:colcon.colcon_core.environment:checking '/root/ros2_ws/src/install/go2_sport_api/lib/pkgconfig/go2_sport_api.pc'
[46.584s] Level 1:colcon.colcon_core.environment:checking '/root/ros2_ws/src/install/go2_sport_api/lib/python3.10/site-packages'
[46.584s] Level 1:colcon.colcon_core.environment:checking '/root/ros2_ws/src/install/go2_sport_api/bin'
[46.584s] INFO:colcon.colcon_core.shell:Creating package script '/root/ros2_ws/src/install/go2_sport_api/share/go2_sport_api/package.ps1'
[46.585s] INFO:colcon.colcon_core.shell:Creating package descriptor '/root/ros2_ws/src/install/go2_sport_api/share/go2_sport_api/package.dsv'
[46.585s] INFO:colcon.colcon_core.shell:Creating package script '/root/ros2_ws/src/install/go2_sport_api/share/go2_sport_api/package.sh'
[46.586s] INFO:colcon.colcon_core.shell:Creating package script '/root/ros2_ws/src/install/go2_sport_api/share/go2_sport_api/package.bash'
[46.586s] INFO:colcon.colcon_core.shell:Creating package script '/root/ros2_ws/src/install/go2_sport_api/share/go2_sport_api/package.zsh'
[46.587s] Level 1:colcon.colcon_core.environment:create_file_with_runtime_dependencies(/root/ros2_ws/src/install/go2_sport_api/share/colcon-core/packages/go2_sport_api)
[46.587s] INFO:colcon.colcon_ros.task.ament_cmake.build:Building ROS package in '/root/ros2_ws/src/utilities/calibrate_imu' with build type 'ament_cmake'
[46.587s] INFO:colcon.colcon_cmake.task.cmake.build:Building CMake package in '/root/ros2_ws/src/utilities/calibrate_imu'
[46.587s] INFO:colcon.colcon_core.shell:Skip shell extension 'powershell' for command environment: Not usable outside of PowerShell
[46.587s] DEBUG:colcon.colcon_core.shell:Skip shell extension 'dsv' for command environment
[46.594s] INFO:colcon.colcon_ros.task.ament_cmake.build:Building ROS package in '/root/ros2_ws/src/base_autonomy/local_planner' with build type 'ament_cmake'
[46.594s] INFO:colcon.colcon_cmake.task.cmake.build:Building CMake package in '/root/ros2_ws/src/base_autonomy/local_planner'
[46.594s] INFO:colcon.colcon_core.shell:Skip shell extension 'powershell' for command environment: Not usable outside of PowerShell
[46.594s] DEBUG:colcon.colcon_core.shell:Skip shell extension 'dsv' for command environment
[46.616s] DEBUG:colcon.colcon_core.event_handler.log_command:Invoking command in '/root/ros2_ws/src/build/calibrate_imu': AMENT_PREFIX_PATH=/root/ros2_ws/src/install/go2_sport_api:/root/ros2_ws/src/install/unitree_go:/root/ros2_ws/src/install/unitree_api:${AMENT_PREFIX_PATH} CMAKE_PREFIX_PATH=/root/ros2_ws/src/install/go2_sport_api:/root/ros2_ws/src/install/unitree_go:/root/ros2_ws/src/install/unitree_api:/opt/ros/humble LD_LIBRARY_PATH=/root/ros2_ws/src/install/go2_sport_api/lib:/root/ros2_ws/src/install/unitree_go/lib:/root/ros2_ws/src/install/unitree_api/lib:${LD_LIBRARY_PATH} PYTHONPATH=/root/ros2_ws/src/install/unitree_go/local/lib/python3.10/dist-packages:/root/ros2_ws/src/install/unitree_api/local/lib/python3.10/dist-packages:${PYTHONPATH} /usr/bin/cmake /root/ros2_ws/src/utilities/calibrate_imu -DROS_EDITION=ROS2 -DHUMBLE_ROS=humble -DCMAKE_INSTALL_PREFIX=/root/ros2_ws/src/install/calibrate_imu
[46.620s] DEBUG:colcon.colcon_core.event_handler.log_command:Invoking command in '/root/ros2_ws/src/build/local_planner': AMENT_PREFIX_PATH=/root/ros2_ws/src/install/go2_sport_api:/root/ros2_ws/src/install/unitree_go:/root/ros2_ws/src/install/unitree_api:${AMENT_PREFIX_PATH} CMAKE_PREFIX_PATH=/root/ros2_ws/src/install/go2_sport_api:/root/ros2_ws/src/install/unitree_go:/root/ros2_ws/src/install/unitree_api:/opt/ros/humble LD_LIBRARY_PATH=/root/ros2_ws/src/install/go2_sport_api/lib:/root/ros2_ws/src/install/unitree_go/lib:/root/ros2_ws/src/install/unitree_api/lib:${LD_LIBRARY_PATH} PYTHONPATH=/root/ros2_ws/src/install/unitree_go/local/lib/python3.10/dist-packages:/root/ros2_ws/src/install/unitree_api/local/lib/python3.10/dist-packages:${PYTHONPATH} /usr/bin/cmake /root/ros2_ws/src/base_autonomy/local_planner -DROS_EDITION=ROS2 -DHUMBLE_ROS=humble -DCMAKE_INSTALL_PREFIX=/root/ros2_ws/src/install/local_planner
[46.622s] DEBUG:colcon.colcon_core.event_handler.log_command:Invoked command in '/root/ros2_ws/src/build/boundary_handler' returned '0': AMENT_PREFIX_PATH=/root/ros2_ws/src/install/visibility_graph_msg:${AMENT_PREFIX_PATH} CMAKE_PREFIX_PATH=/root/ros2_ws/src/install/visibility_graph_msg:/opt/ros/humble LD_LIBRARY_PATH=/root/ros2_ws/src/install/visibility_graph_msg/lib:${LD_LIBRARY_PATH} PYTHONPATH=/root/ros2_ws/src/install/visibility_graph_msg/local/lib/python3.10/dist-packages:${PYTHONPATH} /usr/bin/cmake --build /root/ros2_ws/src/build/boundary_handler -- -j24 -l24
[46.625s] DEBUG:colcon.colcon_core.event_handler.log_command:Invoking command in '/root/ros2_ws/src/build/boundary_handler': AMENT_PREFIX_PATH=/root/ros2_ws/src/install/visibility_graph_msg:${AMENT_PREFIX_PATH} CMAKE_PREFIX_PATH=/root/ros2_ws/src/install/visibility_graph_msg:/opt/ros/humble LD_LIBRARY_PATH=/root/ros2_ws/src/install/visibility_graph_msg/lib:${LD_LIBRARY_PATH} PYTHONPATH=/root/ros2_ws/src/install/visibility_graph_msg/local/lib/python3.10/dist-packages:${PYTHONPATH} /usr/bin/cmake --install /root/ros2_ws/src/build/boundary_handler
[46.648s] Level 1:colcon.colcon_core.environment:create_environment_scripts_only(boundary_handler)
[46.648s] Level 1:colcon.colcon_core.environment:checking '/root/ros2_ws/src/install/boundary_handler' for CMake module files
[46.649s] DEBUG:colcon.colcon_core.event_handler.log_command:Invoked command in '/root/ros2_ws/src/build/boundary_handler' returned '0': AMENT_PREFIX_PATH=/root/ros2_ws/src/install/visibility_graph_msg:${AMENT_PREFIX_PATH} CMAKE_PREFIX_PATH=/root/ros2_ws/src/install/visibility_graph_msg:/opt/ros/humble LD_LIBRARY_PATH=/root/ros2_ws/src/install/visibility_graph_msg/lib:${LD_LIBRARY_PATH} PYTHONPATH=/root/ros2_ws/src/install/visibility_graph_msg/local/lib/python3.10/dist-packages:${PYTHONPATH} /usr/bin/cmake --install /root/ros2_ws/src/build/boundary_handler
[46.650s] Level 1:colcon.colcon_core.environment:checking '/root/ros2_ws/src/install/boundary_handler' for CMake config files
[46.650s] Level 1:colcon.colcon_core.shell:create_environment_hook('boundary_handler', 'cmake_prefix_path')
[46.651s] INFO:colcon.colcon_core.shell:Creating environment hook '/root/ros2_ws/src/install/boundary_handler/share/boundary_handler/hook/cmake_prefix_path.ps1'
[46.652s] INFO:colcon.colcon_core.shell:Creating environment descriptor '/root/ros2_ws/src/install/boundary_handler/share/boundary_handler/hook/cmake_prefix_path.dsv'
[46.652s] INFO:colcon.colcon_core.shell:Creating environment hook '/root/ros2_ws/src/install/boundary_handler/share/boundary_handler/hook/cmake_prefix_path.sh'
[46.653s] Level 1:colcon.colcon_core.environment:checking '/root/ros2_ws/src/install/boundary_handler/lib'
[46.654s] Level 1:colcon.colcon_core.environment:checking '/root/ros2_ws/src/install/boundary_handler/bin'
[46.654s] Level 1:colcon.colcon_core.environment:checking '/root/ros2_ws/src/install/boundary_handler/lib/pkgconfig/boundary_handler.pc'
[46.654s] Level 1:colcon.colcon_core.environment:checking '/root/ros2_ws/src/install/boundary_handler/lib/python3.10/site-packages'
[46.655s] Level 1:colcon.colcon_core.environment:checking '/root/ros2_ws/src/install/boundary_handler/bin'
[46.655s] INFO:colcon.colcon_core.shell:Creating package script '/root/ros2_ws/src/install/boundary_handler/share/boundary_handler/package.ps1'
[46.656s] INFO:colcon.colcon_core.shell:Creating package descriptor '/root/ros2_ws/src/install/boundary_handler/share/boundary_handler/package.dsv'
[46.657s] INFO:colcon.colcon_core.shell:Creating package script '/root/ros2_ws/src/install/boundary_handler/share/boundary_handler/package.sh'
[46.658s] INFO:colcon.colcon_core.shell:Creating package script '/root/ros2_ws/src/install/boundary_handler/share/boundary_handler/package.bash'
[46.658s] INFO:colcon.colcon_core.shell:Creating package script '/root/ros2_ws/src/install/boundary_handler/share/boundary_handler/package.zsh'
[46.659s] Level 1:colcon.colcon_core.environment:create_file_with_runtime_dependencies(/root/ros2_ws/src/install/boundary_handler/share/colcon-core/packages/boundary_handler)
[46.660s] Level 1:colcon.colcon_core.environment:create_environment_scripts_only(boundary_handler)
[46.660s] Level 1:colcon.colcon_core.environment:checking '/root/ros2_ws/src/install/boundary_handler' for CMake module files
[46.661s] Level 1:colcon.colcon_core.environment:checking '/root/ros2_ws/src/install/boundary_handler' for CMake config files
[46.662s] Level 1:colcon.colcon_core.shell:create_environment_hook('boundary_handler', 'cmake_prefix_path')
[46.662s] INFO:colcon.colcon_core.shell:Creating environment hook '/root/ros2_ws/src/install/boundary_handler/share/boundary_handler/hook/cmake_prefix_path.ps1'
[46.663s] INFO:colcon.colcon_core.shell:Creating environment descriptor '/root/ros2_ws/src/install/boundary_handler/share/boundary_handler/hook/cmake_prefix_path.dsv'
[46.663s] INFO:colcon.colcon_core.shell:Creating environment hook '/root/ros2_ws/src/install/boundary_handler/share/boundary_handler/hook/cmake_prefix_path.sh'
[46.664s] Level 1:colcon.colcon_core.environment:checking '/root/ros2_ws/src/install/boundary_handler/lib'
[46.664s] Level 1:colcon.colcon_core.environment:checking '/root/ros2_ws/src/install/boundary_handler/bin'
[46.665s] Level 1:colcon.colcon_core.environment:checking '/root/ros2_ws/src/install/boundary_handler/lib/pkgconfig/boundary_handler.pc'
[46.665s] Level 1:colcon.colcon_core.environment:checking '/root/ros2_ws/src/install/boundary_handler/lib/python3.10/site-packages'
[46.666s] Level 1:colcon.colcon_core.environment:checking '/root/ros2_ws/src/install/boundary_handler/bin'
[46.666s] INFO:colcon.colcon_core.shell:Creating package script '/root/ros2_ws/src/install/boundary_handler/share/boundary_handler/package.ps1'
[46.667s] INFO:colcon.colcon_core.shell:Creating package descriptor '/root/ros2_ws/src/install/boundary_handler/share/boundary_handler/package.dsv'
[46.668s] INFO:colcon.colcon_core.shell:Creating package script '/root/ros2_ws/src/install/boundary_handler/share/boundary_handler/package.sh'
[46.669s] INFO:colcon.colcon_core.shell:Creating package script '/root/ros2_ws/src/install/boundary_handler/share/boundary_handler/package.bash'
[46.669s] INFO:colcon.colcon_core.shell:Creating package script '/root/ros2_ws/src/install/boundary_handler/share/boundary_handler/package.zsh'
[46.670s] Level 1:colcon.colcon_core.environment:create_file_with_runtime_dependencies(/root/ros2_ws/src/install/boundary_handler/share/colcon-core/packages/boundary_handler)
[48.240s] DEBUG:colcon.colcon_core.event_handler.log_command:Invoked command in '/root/ros2_ws/src/build/super_odometry' returned '0': AMENT_PREFIX_PATH=/root/ros2_ws/src/install/super_odometry_msgs:/root/ros2_ws/src/install/livox_ros_driver2:${AMENT_PREFIX_PATH} CMAKE_PREFIX_PATH=/root/ros2_ws/src/install/super_odometry_msgs:/root/ros2_ws/src/install/livox_ros_driver2:/opt/ros/humble LD_LIBRARY_PATH=/root/ros2_ws/src/install/super_odometry_msgs/lib:/root/ros2_ws/src/install/livox_ros_driver2/lib:${LD_LIBRARY_PATH} PYTHONPATH=/root/ros2_ws/src/install/super_odometry_msgs/local/lib/python3.10/dist-packages:/root/ros2_ws/src/install/livox_ros_driver2/local/lib/python3.10/dist-packages:${PYTHONPATH} /usr/bin/cmake /root/ros2_ws/src/slam/SuperOdom/super_odometry -DROS_EDITION=ROS2 -DHUMBLE_ROS=humble -DCMAKE_INSTALL_PREFIX=/root/ros2_ws/src/install/super_odometry
[48.242s] DEBUG:colcon.colcon_core.event_handler.log_command:Invoking command in '/root/ros2_ws/src/build/super_odometry': AMENT_PREFIX_PATH=/root/ros2_ws/src/install/super_odometry_msgs:/root/ros2_ws/src/install/livox_ros_driver2:${AMENT_PREFIX_PATH} CMAKE_PREFIX_PATH=/root/ros2_ws/src/install/super_odometry_msgs:/root/ros2_ws/src/install/livox_ros_driver2:/opt/ros/humble LD_LIBRARY_PATH=/root/ros2_ws/src/install/super_odometry_msgs/lib:/root/ros2_ws/src/install/livox_ros_driver2/lib:${LD_LIBRARY_PATH} PYTHONPATH=/root/ros2_ws/src/install/super_odometry_msgs/local/lib/python3.10/dist-packages:/root/ros2_ws/src/install/livox_ros_driver2/local/lib/python3.10/dist-packages:${PYTHONPATH} /usr/bin/cmake --build /root/ros2_ws/src/build/super_odometry -- -j24 -l24
[49.043s] DEBUG:colcon.colcon_core.event_handler.log_command:Invoked command in '/root/ros2_ws/src/build/calibrate_imu' returned '0': AMENT_PREFIX_PATH=/root/ros2_ws/src/install/go2_sport_api:/root/ros2_ws/src/install/unitree_go:/root/ros2_ws/src/install/unitree_api:${AMENT_PREFIX_PATH} CMAKE_PREFIX_PATH=/root/ros2_ws/src/install/go2_sport_api:/root/ros2_ws/src/install/unitree_go:/root/ros2_ws/src/install/unitree_api:/opt/ros/humble LD_LIBRARY_PATH=/root/ros2_ws/src/install/go2_sport_api/lib:/root/ros2_ws/src/install/unitree_go/lib:/root/ros2_ws/src/install/unitree_api/lib:${LD_LIBRARY_PATH} PYTHONPATH=/root/ros2_ws/src/install/unitree_go/local/lib/python3.10/dist-packages:/root/ros2_ws/src/install/unitree_api/local/lib/python3.10/dist-packages:${PYTHONPATH} /usr/bin/cmake /root/ros2_ws/src/utilities/calibrate_imu -DROS_EDITION=ROS2 -DHUMBLE_ROS=humble -DCMAKE_INSTALL_PREFIX=/root/ros2_ws/src/install/calibrate_imu
[49.044s] DEBUG:colcon.colcon_core.event_handler.log_command:Invoking command in '/root/ros2_ws/src/build/calibrate_imu': AMENT_PREFIX_PATH=/root/ros2_ws/src/install/go2_sport_api:/root/ros2_ws/src/install/unitree_go:/root/ros2_ws/src/install/unitree_api:${AMENT_PREFIX_PATH} CMAKE_PREFIX_PATH=/root/ros2_ws/src/install/go2_sport_api:/root/ros2_ws/src/install/unitree_go:/root/ros2_ws/src/install/unitree_api:/opt/ros/humble LD_LIBRARY_PATH=/root/ros2_ws/src/install/go2_sport_api/lib:/root/ros2_ws/src/install/unitree_go/lib:/root/ros2_ws/src/install/unitree_api/lib:${LD_LIBRARY_PATH} PYTHONPATH=/root/ros2_ws/src/install/unitree_go/local/lib/python3.10/dist-packages:/root/ros2_ws/src/install/unitree_api/local/lib/python3.10/dist-packages:${PYTHONPATH} /usr/bin/cmake --build /root/ros2_ws/src/build/calibrate_imu -- -j24 -l24
[49.155s] DEBUG:colcon.colcon_core.event_handler.log_command:Invoked command in '/root/ros2_ws/src/build/visualization_tools' returned '0': CMAKE_PREFIX_PATH=/opt/ros/humble /usr/bin/cmake --build /root/ros2_ws/src/build/visualization_tools -- -j24 -l24
[49.160s] DEBUG:colcon.colcon_core.event_handler.log_command:Invoking command in '/root/ros2_ws/src/build/visualization_tools': CMAKE_PREFIX_PATH=/opt/ros/humble /usr/bin/cmake --install /root/ros2_ws/src/build/visualization_tools
[49.282s] Level 1:colcon.colcon_core.environment:create_environment_scripts_only(visualization_tools)
[49.282s] Level 1:colcon.colcon_core.environment:checking '/root/ros2_ws/src/install/visualization_tools' for CMake module files
[49.283s] DEBUG:colcon.colcon_core.event_handler.log_command:Invoked command in '/root/ros2_ws/src/build/visualization_tools' returned '0': CMAKE_PREFIX_PATH=/opt/ros/humble /usr/bin/cmake --install /root/ros2_ws/src/build/visualization_tools
[49.285s] Level 1:colcon.colcon_core.environment:checking '/root/ros2_ws/src/install/visualization_tools' for CMake config files
[49.285s] Level 1:colcon.colcon_core.shell:create_environment_hook('visualization_tools', 'cmake_prefix_path')
[49.286s] INFO:colcon.colcon_core.shell:Creating environment hook '/root/ros2_ws/src/install/visualization_tools/share/visualization_tools/hook/cmake_prefix_path.ps1'
[49.286s] INFO:colcon.colcon_core.shell:Creating environment descriptor '/root/ros2_ws/src/install/visualization_tools/share/visualization_tools/hook/cmake_prefix_path.dsv'
[49.286s] INFO:colcon.colcon_core.shell:Creating environment hook '/root/ros2_ws/src/install/visualization_tools/share/visualization_tools/hook/cmake_prefix_path.sh'
[49.287s] Level 1:colcon.colcon_core.environment:checking '/root/ros2_ws/src/install/visualization_tools/lib'
[49.287s] Level 1:colcon.colcon_core.environment:checking '/root/ros2_ws/src/install/visualization_tools/bin'
[49.287s] Level 1:colcon.colcon_core.environment:checking '/root/ros2_ws/src/install/visualization_tools/lib/pkgconfig/visualization_tools.pc'
[49.292s] Level 1:colcon.colcon_core.environment:checking '/root/ros2_ws/src/install/visualization_tools/lib/python3.10/site-packages'
[49.292s] Level 1:colcon.colcon_core.environment:checking '/root/ros2_ws/src/install/visualization_tools/bin'
[49.292s] INFO:colcon.colcon_core.shell:Creating package script '/root/ros2_ws/src/install/visualization_tools/share/visualization_tools/package.ps1'
[49.293s] INFO:colcon.colcon_core.shell:Creating package descriptor '/root/ros2_ws/src/install/visualization_tools/share/visualization_tools/package.dsv'
[49.294s] INFO:colcon.colcon_core.shell:Creating package script '/root/ros2_ws/src/install/visualization_tools/share/visualization_tools/package.sh'
[49.294s] INFO:colcon.colcon_core.shell:Creating package script '/root/ros2_ws/src/install/visualization_tools/share/visualization_tools/package.bash'
[49.294s] INFO:colcon.colcon_core.shell:Creating package script '/root/ros2_ws/src/install/visualization_tools/share/visualization_tools/package.zsh'
[49.295s] Level 1:colcon.colcon_core.environment:create_file_with_runtime_dependencies(/root/ros2_ws/src/install/visualization_tools/share/colcon-core/packages/visualization_tools)
[49.295s] Level 1:colcon.colcon_core.environment:create_environment_scripts_only(visualization_tools)
[49.300s] Level 1:colcon.colcon_core.environment:checking '/root/ros2_ws/src/install/visualization_tools' for CMake module files
[49.300s] Level 1:colcon.colcon_core.environment:checking '/root/ros2_ws/src/install/visualization_tools' for CMake config files
[49.301s] Level 1:colcon.colcon_core.shell:create_environment_hook('visualization_tools', 'cmake_prefix_path')
[49.301s] INFO:colcon.colcon_core.shell:Creating environment hook '/root/ros2_ws/src/install/visualization_tools/share/visualization_tools/hook/cmake_prefix_path.ps1'
[49.301s] INFO:colcon.colcon_core.shell:Creating environment descriptor '/root/ros2_ws/src/install/visualization_tools/share/visualization_tools/hook/cmake_prefix_path.dsv'
[49.302s] INFO:colcon.colcon_core.shell:Creating environment hook '/root/ros2_ws/src/install/visualization_tools/share/visualization_tools/hook/cmake_prefix_path.sh'
[49.302s] Level 1:colcon.colcon_core.environment:checking '/root/ros2_ws/src/install/visualization_tools/lib'
[49.302s] Level 1:colcon.colcon_core.environment:checking '/root/ros2_ws/src/install/visualization_tools/bin'
[49.307s] Level 1:colcon.colcon_core.environment:checking '/root/ros2_ws/src/install/visualization_tools/lib/pkgconfig/visualization_tools.pc'
[49.307s] Level 1:colcon.colcon_core.environment:checking '/root/ros2_ws/src/install/visualization_tools/lib/python3.10/site-packages'
[49.307s] Level 1:colcon.colcon_core.environment:checking '/root/ros2_ws/src/install/visualization_tools/bin'
[49.308s] INFO:colcon.colcon_core.shell:Creating package script '/root/ros2_ws/src/install/visualization_tools/share/visualization_tools/package.ps1'
[49.308s] INFO:colcon.colcon_core.shell:Creating package descriptor '/root/ros2_ws/src/install/visualization_tools/share/visualization_tools/package.dsv'
[49.309s] INFO:colcon.colcon_core.shell:Creating package script '/root/ros2_ws/src/install/visualization_tools/share/visualization_tools/package.sh'
[49.309s] INFO:colcon.colcon_core.shell:Creating package script '/root/ros2_ws/src/install/visualization_tools/share/visualization_tools/package.bash'
[49.310s] INFO:colcon.colcon_core.shell:Creating package script '/root/ros2_ws/src/install/visualization_tools/share/visualization_tools/package.zsh'
[49.311s] Level 1:colcon.colcon_core.environment:create_file_with_runtime_dependencies(/root/ros2_ws/src/install/visualization_tools/share/colcon-core/packages/visualization_tools)
[50.116s] DEBUG:colcon.colcon_core.event_handler.log_command:Invoked command in '/root/ros2_ws/src/build/vehicle_simulator' returned '0': AMENT_PREFIX_PATH=/root/ros2_ws/src/install/ros_tcp_endpoint:${AMENT_PREFIX_PATH} CMAKE_PREFIX_PATH=/opt/ros/humble PYTHONPATH=/root/ros2_ws/src/install/ros_tcp_endpoint/lib/python3.10/site-packages:${PYTHONPATH} /usr/bin/cmake --build /root/ros2_ws/src/build/vehicle_simulator -- -j24 -l24
[50.122s] DEBUG:colcon.colcon_core.event_handler.log_command:Invoking command in '/root/ros2_ws/src/build/vehicle_simulator': AMENT_PREFIX_PATH=/root/ros2_ws/src/install/ros_tcp_endpoint:${AMENT_PREFIX_PATH} CMAKE_PREFIX_PATH=/opt/ros/humble PYTHONPATH=/root/ros2_ws/src/install/ros_tcp_endpoint/lib/python3.10/site-packages:${PYTHONPATH} /usr/bin/cmake --install /root/ros2_ws/src/build/vehicle_simulator
[50.156s] Level 1:colcon.colcon_core.environment:create_environment_scripts_only(vehicle_simulator)
[50.157s] Level 1:colcon.colcon_core.environment:checking '/root/ros2_ws/src/install/vehicle_simulator' for CMake module files
[50.186s] Level 1:colcon.colcon_core.environment:checking '/root/ros2_ws/src/install/vehicle_simulator' for CMake config files
[50.187s] Level 1:colcon.colcon_core.shell:create_environment_hook('vehicle_simulator', 'cmake_prefix_path')
[50.187s] INFO:colcon.colcon_core.shell:Creating environment hook '/root/ros2_ws/src/install/vehicle_simulator/share/vehicle_simulator/hook/cmake_prefix_path.ps1'
[50.188s] INFO:colcon.colcon_core.shell:Creating environment descriptor '/root/ros2_ws/src/install/vehicle_simulator/share/vehicle_simulator/hook/cmake_prefix_path.dsv'
[50.191s] INFO:colcon.colcon_core.shell:Creating environment hook '/root/ros2_ws/src/install/vehicle_simulator/share/vehicle_simulator/hook/cmake_prefix_path.sh'
[50.210s] DEBUG:colcon.colcon_core.event_handler.log_command:Invoked command in '/root/ros2_ws/src/build/vehicle_simulator' returned '0': AMENT_PREFIX_PATH=/root/ros2_ws/src/install/ros_tcp_endpoint:${AMENT_PREFIX_PATH} CMAKE_PREFIX_PATH=/opt/ros/humble PYTHONPATH=/root/ros2_ws/src/install/ros_tcp_endpoint/lib/python3.10/site-packages:${PYTHONPATH} /usr/bin/cmake --install /root/ros2_ws/src/build/vehicle_simulator
[50.212s] Level 1:colcon.colcon_core.environment:checking '/root/ros2_ws/src/install/vehicle_simulator/lib'
[50.213s] Level 1:colcon.colcon_core.environment:checking '/root/ros2_ws/src/install/vehicle_simulator/bin'
[50.213s] Level 1:colcon.colcon_core.environment:checking '/root/ros2_ws/src/install/vehicle_simulator/lib/pkgconfig/vehicle_simulator.pc'
[50.213s] Level 1:colcon.colcon_core.environment:checking '/root/ros2_ws/src/install/vehicle_simulator/lib/python3.10/site-packages'
[50.214s] Level 1:colcon.colcon_core.environment:checking '/root/ros2_ws/src/install/vehicle_simulator/bin'
[50.215s] INFO:colcon.colcon_core.shell:Creating package script '/root/ros2_ws/src/install/vehicle_simulator/share/vehicle_simulator/package.ps1'
[50.221s] INFO:colcon.colcon_core.shell:Creating package descriptor '/root/ros2_ws/src/install/vehicle_simulator/share/vehicle_simulator/package.dsv'
[50.222s] INFO:colcon.colcon_core.shell:Creating package script '/root/ros2_ws/src/install/vehicle_simulator/share/vehicle_simulator/package.sh'
[50.223s] INFO:colcon.colcon_core.shell:Creating package script '/root/ros2_ws/src/install/vehicle_simulator/share/vehicle_simulator/package.bash'
[50.224s] INFO:colcon.colcon_core.shell:Creating package script '/root/ros2_ws/src/install/vehicle_simulator/share/vehicle_simulator/package.zsh'
[50.225s] Level 1:colcon.colcon_core.environment:create_file_with_runtime_dependencies(/root/ros2_ws/src/install/vehicle_simulator/share/colcon-core/packages/vehicle_simulator)
[50.226s] Level 1:colcon.colcon_core.environment:create_environment_scripts_only(vehicle_simulator)
[50.227s] Level 1:colcon.colcon_core.environment:checking '/root/ros2_ws/src/install/vehicle_simulator' for CMake module files
[50.228s] Level 1:colcon.colcon_core.environment:checking '/root/ros2_ws/src/install/vehicle_simulator' for CMake config files
[50.229s] Level 1:colcon.colcon_core.shell:create_environment_hook('vehicle_simulator', 'cmake_prefix_path')
[50.230s] INFO:colcon.colcon_core.shell:Creating environment hook '/root/ros2_ws/src/install/vehicle_simulator/share/vehicle_simulator/hook/cmake_prefix_path.ps1'
[50.231s] INFO:colcon.colcon_core.shell:Creating environment descriptor '/root/ros2_ws/src/install/vehicle_simulator/share/vehicle_simulator/hook/cmake_prefix_path.dsv'
[50.232s] INFO:colcon.colcon_core.shell:Creating environment hook '/root/ros2_ws/src/install/vehicle_simulator/share/vehicle_simulator/hook/cmake_prefix_path.sh'
[50.233s] Level 1:colcon.colcon_core.environment:checking '/root/ros2_ws/src/install/vehicle_simulator/lib'
[50.234s] Level 1:colcon.colcon_core.environment:checking '/root/ros2_ws/src/install/vehicle_simulator/bin'
[50.234s] Level 1:colcon.colcon_core.environment:checking '/root/ros2_ws/src/install/vehicle_simulator/lib/pkgconfig/vehicle_simulator.pc'
[50.234s] Level 1:colcon.colcon_core.environment:checking '/root/ros2_ws/src/install/vehicle_simulator/lib/python3.10/site-packages'
[50.235s] Level 1:colcon.colcon_core.environment:checking '/root/ros2_ws/src/install/vehicle_simulator/bin'
[50.236s] INFO:colcon.colcon_core.shell:Creating package script '/root/ros2_ws/src/install/vehicle_simulator/share/vehicle_simulator/package.ps1'
[50.238s] INFO:colcon.colcon_core.shell:Creating package descriptor '/root/ros2_ws/src/install/vehicle_simulator/share/vehicle_simulator/package.dsv'
[50.239s] INFO:colcon.colcon_core.shell:Creating package script '/root/ros2_ws/src/install/vehicle_simulator/share/vehicle_simulator/package.sh'
[50.240s] INFO:colcon.colcon_core.shell:Creating package script '/root/ros2_ws/src/install/vehicle_simulator/share/vehicle_simulator/package.bash'
[50.241s] INFO:colcon.colcon_core.shell:Creating package script '/root/ros2_ws/src/install/vehicle_simulator/share/vehicle_simulator/package.zsh'
[50.242s] Level 1:colcon.colcon_core.environment:create_file_with_runtime_dependencies(/root/ros2_ws/src/install/vehicle_simulator/share/colcon-core/packages/vehicle_simulator)
[51.860s] DEBUG:colcon.colcon_core.event_handler.log_command:Invoked command in '/root/ros2_ws/src/build/terrain_analysis_ext' returned '0': CMAKE_PREFIX_PATH=/opt/ros/humble /usr/bin/cmake --build /root/ros2_ws/src/build/terrain_analysis_ext -- -j24 -l24
[51.861s] DEBUG:colcon.colcon_core.event_handler.log_command:Invoking command in '/root/ros2_ws/src/build/terrain_analysis_ext': CMAKE_PREFIX_PATH=/opt/ros/humble /usr/bin/cmake --install /root/ros2_ws/src/build/terrain_analysis_ext
[51.898s] Level 1:colcon.colcon_core.environment:create_environment_scripts_only(terrain_analysis_ext)
[51.899s] Level 1:colcon.colcon_core.environment:checking '/root/ros2_ws/src/install/terrain_analysis_ext' for CMake module files
[51.900s] DEBUG:colcon.colcon_core.event_handler.log_command:Invoked command in '/root/ros2_ws/src/build/terrain_analysis_ext' returned '0': CMAKE_PREFIX_PATH=/opt/ros/humble /usr/bin/cmake --install /root/ros2_ws/src/build/terrain_analysis_ext
[51.900s] Level 1:colcon.colcon_core.environment:checking '/root/ros2_ws/src/install/terrain_analysis_ext' for CMake config files
[51.901s] Level 1:colcon.colcon_core.shell:create_environment_hook('terrain_analysis_ext', 'cmake_prefix_path')
[51.901s] INFO:colcon.colcon_core.shell:Creating environment hook '/root/ros2_ws/src/install/terrain_analysis_ext/share/terrain_analysis_ext/hook/cmake_prefix_path.ps1'
[51.902s] INFO:colcon.colcon_core.shell:Creating environment descriptor '/root/ros2_ws/src/install/terrain_analysis_ext/share/terrain_analysis_ext/hook/cmake_prefix_path.dsv'
[51.903s] INFO:colcon.colcon_core.shell:Creating environment hook '/root/ros2_ws/src/install/terrain_analysis_ext/share/terrain_analysis_ext/hook/cmake_prefix_path.sh'
[51.904s] Level 1:colcon.colcon_core.environment:checking '/root/ros2_ws/src/install/terrain_analysis_ext/lib'
[51.904s] Level 1:colcon.colcon_core.environment:checking '/root/ros2_ws/src/install/terrain_analysis_ext/bin'
[51.904s] Level 1:colcon.colcon_core.environment:checking '/root/ros2_ws/src/install/terrain_analysis_ext/lib/pkgconfig/terrain_analysis_ext.pc'
[51.904s] Level 1:colcon.colcon_core.environment:checking '/root/ros2_ws/src/install/terrain_analysis_ext/lib/python3.10/site-packages'
[51.905s] Level 1:colcon.colcon_core.environment:checking '/root/ros2_ws/src/install/terrain_analysis_ext/bin'
[51.906s] INFO:colcon.colcon_core.shell:Creating package script '/root/ros2_ws/src/install/terrain_analysis_ext/share/terrain_analysis_ext/package.ps1'
[51.906s] INFO:colcon.colcon_core.shell:Creating package descriptor '/root/ros2_ws/src/install/terrain_analysis_ext/share/terrain_analysis_ext/package.dsv'
[51.907s] INFO:colcon.colcon_core.shell:Creating package script '/root/ros2_ws/src/install/terrain_analysis_ext/share/terrain_analysis_ext/package.sh'
[51.908s] INFO:colcon.colcon_core.shell:Creating package script '/root/ros2_ws/src/install/terrain_analysis_ext/share/terrain_analysis_ext/package.bash'
[51.908s] INFO:colcon.colcon_core.shell:Creating package script '/root/ros2_ws/src/install/terrain_analysis_ext/share/terrain_analysis_ext/package.zsh'
[51.909s] Level 1:colcon.colcon_core.environment:create_file_with_runtime_dependencies(/root/ros2_ws/src/install/terrain_analysis_ext/share/colcon-core/packages/terrain_analysis_ext)
[51.910s] Level 1:colcon.colcon_core.environment:create_environment_scripts_only(terrain_analysis_ext)
[51.910s] Level 1:colcon.colcon_core.environment:checking '/root/ros2_ws/src/install/terrain_analysis_ext' for CMake module files
[51.911s] Level 1:colcon.colcon_core.environment:checking '/root/ros2_ws/src/install/terrain_analysis_ext' for CMake config files
[51.912s] Level 1:colcon.colcon_core.shell:create_environment_hook('terrain_analysis_ext', 'cmake_prefix_path')
[51.912s] INFO:colcon.colcon_core.shell:Creating environment hook '/root/ros2_ws/src/install/terrain_analysis_ext/share/terrain_analysis_ext/hook/cmake_prefix_path.ps1'
[51.913s] INFO:colcon.colcon_core.shell:Creating environment descriptor '/root/ros2_ws/src/install/terrain_analysis_ext/share/terrain_analysis_ext/hook/cmake_prefix_path.dsv'
[51.914s] INFO:colcon.colcon_core.shell:Creating environment hook '/root/ros2_ws/src/install/terrain_analysis_ext/share/terrain_analysis_ext/hook/cmake_prefix_path.sh'
[51.914s] Level 1:colcon.colcon_core.environment:checking '/root/ros2_ws/src/install/terrain_analysis_ext/lib'
[51.914s] Level 1:colcon.colcon_core.environment:checking '/root/ros2_ws/src/install/terrain_analysis_ext/bin'
[51.915s] Level 1:colcon.colcon_core.environment:checking '/root/ros2_ws/src/install/terrain_analysis_ext/lib/pkgconfig/terrain_analysis_ext.pc'
[51.915s] Level 1:colcon.colcon_core.environment:checking '/root/ros2_ws/src/install/terrain_analysis_ext/lib/python3.10/site-packages'
[51.915s] Level 1:colcon.colcon_core.environment:checking '/root/ros2_ws/src/install/terrain_analysis_ext/bin'
[51.916s] INFO:colcon.colcon_core.shell:Creating package script '/root/ros2_ws/src/install/terrain_analysis_ext/share/terrain_analysis_ext/package.ps1'
[51.916s] INFO:colcon.colcon_core.shell:Creating package descriptor '/root/ros2_ws/src/install/terrain_analysis_ext/share/terrain_analysis_ext/package.dsv'
[51.920s] INFO:colcon.colcon_core.shell:Creating package script '/root/ros2_ws/src/install/terrain_analysis_ext/share/terrain_analysis_ext/package.sh'
[51.921s] INFO:colcon.colcon_core.shell:Creating package script '/root/ros2_ws/src/install/terrain_analysis_ext/share/terrain_analysis_ext/package.bash'
[51.921s] INFO:colcon.colcon_core.shell:Creating package script '/root/ros2_ws/src/install/terrain_analysis_ext/share/terrain_analysis_ext/package.zsh'
[51.921s] Level 1:colcon.colcon_core.environment:create_file_with_runtime_dependencies(/root/ros2_ws/src/install/terrain_analysis_ext/share/colcon-core/packages/terrain_analysis_ext)
[52.761s] DEBUG:colcon.colcon_core.event_handler.log_command:Invoked command in '/root/ros2_ws/src/build/rviz_2d_overlay_plugins' returned '0': AMENT_PREFIX_PATH=/root/ros2_ws/src/install/rviz_2d_overlay_msgs:${AMENT_PREFIX_PATH} CMAKE_PREFIX_PATH=/root/ros2_ws/src/install/rviz_2d_overlay_msgs:/opt/ros/humble LD_LIBRARY_PATH=/root/ros2_ws/src/install/rviz_2d_overlay_msgs/lib:${LD_LIBRARY_PATH} PYTHONPATH=/root/ros2_ws/src/install/rviz_2d_overlay_msgs/local/lib/python3.10/dist-packages:${PYTHONPATH} /usr/bin/cmake --build /root/ros2_ws/src/build/rviz_2d_overlay_plugins -- -j24 -l24
[52.764s] DEBUG:colcon.colcon_core.event_handler.log_command:Invoking command in '/root/ros2_ws/src/build/rviz_2d_overlay_plugins': AMENT_PREFIX_PATH=/root/ros2_ws/src/install/rviz_2d_overlay_msgs:${AMENT_PREFIX_PATH} CMAKE_PREFIX_PATH=/root/ros2_ws/src/install/rviz_2d_overlay_msgs:/opt/ros/humble LD_LIBRARY_PATH=/root/ros2_ws/src/install/rviz_2d_overlay_msgs/lib:${LD_LIBRARY_PATH} PYTHONPATH=/root/ros2_ws/src/install/rviz_2d_overlay_msgs/local/lib/python3.10/dist-packages:${PYTHONPATH} /usr/bin/cmake --install /root/ros2_ws/src/build/rviz_2d_overlay_plugins
[52.821s] Level 1:colcon.colcon_core.environment:create_environment_scripts_only(rviz_2d_overlay_plugins)
[52.821s] Level 1:colcon.colcon_core.environment:checking '/root/ros2_ws/src/install/rviz_2d_overlay_plugins' for CMake module files
[52.822s] DEBUG:colcon.colcon_core.event_handler.log_command:Invoked command in '/root/ros2_ws/src/build/rviz_2d_overlay_plugins' returned '0': AMENT_PREFIX_PATH=/root/ros2_ws/src/install/rviz_2d_overlay_msgs:${AMENT_PREFIX_PATH} CMAKE_PREFIX_PATH=/root/ros2_ws/src/install/rviz_2d_overlay_msgs:/opt/ros/humble LD_LIBRARY_PATH=/root/ros2_ws/src/install/rviz_2d_overlay_msgs/lib:${LD_LIBRARY_PATH} PYTHONPATH=/root/ros2_ws/src/install/rviz_2d_overlay_msgs/local/lib/python3.10/dist-packages:${PYTHONPATH} /usr/bin/cmake --install /root/ros2_ws/src/build/rviz_2d_overlay_plugins
[52.823s] Level 1:colcon.colcon_core.environment:checking '/root/ros2_ws/src/install/rviz_2d_overlay_plugins' for CMake config files
[52.823s] Level 1:colcon.colcon_core.shell:create_environment_hook('rviz_2d_overlay_plugins', 'cmake_prefix_path')
[52.823s] INFO:colcon.colcon_core.shell:Creating environment hook '/root/ros2_ws/src/install/rviz_2d_overlay_plugins/share/rviz_2d_overlay_plugins/hook/cmake_prefix_path.ps1'
[52.824s] INFO:colcon.colcon_core.shell:Creating environment descriptor '/root/ros2_ws/src/install/rviz_2d_overlay_plugins/share/rviz_2d_overlay_plugins/hook/cmake_prefix_path.dsv'
[52.825s] INFO:colcon.colcon_core.shell:Creating environment hook '/root/ros2_ws/src/install/rviz_2d_overlay_plugins/share/rviz_2d_overlay_plugins/hook/cmake_prefix_path.sh'
[52.829s] Level 1:colcon.colcon_core.environment:checking '/root/ros2_ws/src/install/rviz_2d_overlay_plugins/lib'
[52.829s] Level 1:colcon.colcon_core.shell:create_environment_hook('rviz_2d_overlay_plugins', 'ld_library_path_lib')
[52.829s] INFO:colcon.colcon_core.shell:Creating environment hook '/root/ros2_ws/src/install/rviz_2d_overlay_plugins/share/rviz_2d_overlay_plugins/hook/ld_library_path_lib.ps1'
[52.830s] INFO:colcon.colcon_core.shell:Creating environment descriptor '/root/ros2_ws/src/install/rviz_2d_overlay_plugins/share/rviz_2d_overlay_plugins/hook/ld_library_path_lib.dsv'
[52.831s] INFO:colcon.colcon_core.shell:Creating environment hook '/root/ros2_ws/src/install/rviz_2d_overlay_plugins/share/rviz_2d_overlay_plugins/hook/ld_library_path_lib.sh'
[52.831s] Level 1:colcon.colcon_core.environment:checking '/root/ros2_ws/src/install/rviz_2d_overlay_plugins/bin'
[52.831s] Level 1:colcon.colcon_core.environment:checking '/root/ros2_ws/src/install/rviz_2d_overlay_plugins/lib/pkgconfig/rviz_2d_overlay_plugins.pc'
[52.836s] Level 1:colcon.colcon_core.environment:checking '/root/ros2_ws/src/install/rviz_2d_overlay_plugins/lib/python3.10/site-packages'
[52.837s] Level 1:colcon.colcon_core.environment:checking '/root/ros2_ws/src/install/rviz_2d_overlay_plugins/bin'
[52.837s] INFO:colcon.colcon_core.shell:Creating package script '/root/ros2_ws/src/install/rviz_2d_overlay_plugins/share/rviz_2d_overlay_plugins/package.ps1'
[52.838s] INFO:colcon.colcon_core.shell:Creating package descriptor '/root/ros2_ws/src/install/rviz_2d_overlay_plugins/share/rviz_2d_overlay_plugins/package.dsv'
[52.843s] INFO:colcon.colcon_core.shell:Creating package script '/root/ros2_ws/src/install/rviz_2d_overlay_plugins/share/rviz_2d_overlay_plugins/package.sh'
[52.844s] INFO:colcon.colcon_core.shell:Creating package script '/root/ros2_ws/src/install/rviz_2d_overlay_plugins/share/rviz_2d_overlay_plugins/package.bash'
[52.844s] INFO:colcon.colcon_core.shell:Creating package script '/root/ros2_ws/src/install/rviz_2d_overlay_plugins/share/rviz_2d_overlay_plugins/package.zsh'
[52.845s] Level 1:colcon.colcon_core.environment:create_file_with_runtime_dependencies(/root/ros2_ws/src/install/rviz_2d_overlay_plugins/share/colcon-core/packages/rviz_2d_overlay_plugins)
[52.846s] Level 1:colcon.colcon_core.environment:create_environment_scripts_only(rviz_2d_overlay_plugins)
[52.846s] Level 1:colcon.colcon_core.environment:checking '/root/ros2_ws/src/install/rviz_2d_overlay_plugins' for CMake module files
[52.847s] Level 1:colcon.colcon_core.environment:checking '/root/ros2_ws/src/install/rviz_2d_overlay_plugins' for CMake config files
[52.847s] Level 1:colcon.colcon_core.shell:create_environment_hook('rviz_2d_overlay_plugins', 'cmake_prefix_path')
[52.852s] INFO:colcon.colcon_core.shell:Creating environment hook '/root/ros2_ws/src/install/rviz_2d_overlay_plugins/share/rviz_2d_overlay_plugins/hook/cmake_prefix_path.ps1'
[52.852s] INFO:colcon.colcon_core.shell:Creating environment descriptor '/root/ros2_ws/src/install/rviz_2d_overlay_plugins/share/rviz_2d_overlay_plugins/hook/cmake_prefix_path.dsv'
[52.853s] INFO:colcon.colcon_core.shell:Creating environment hook '/root/ros2_ws/src/install/rviz_2d_overlay_plugins/share/rviz_2d_overlay_plugins/hook/cmake_prefix_path.sh'
[52.854s] Level 1:colcon.colcon_core.environment:checking '/root/ros2_ws/src/install/rviz_2d_overlay_plugins/lib'
[52.855s] Level 1:colcon.colcon_core.shell:create_environment_hook('rviz_2d_overlay_plugins', 'ld_library_path_lib')
[52.855s] INFO:colcon.colcon_core.shell:Creating environment hook '/root/ros2_ws/src/install/rviz_2d_overlay_plugins/share/rviz_2d_overlay_plugins/hook/ld_library_path_lib.ps1'
[52.856s] INFO:colcon.colcon_core.shell:Creating environment descriptor '/root/ros2_ws/src/install/rviz_2d_overlay_plugins/share/rviz_2d_overlay_plugins/hook/ld_library_path_lib.dsv'
[52.856s] INFO:colcon.colcon_core.shell:Creating environment hook '/root/ros2_ws/src/install/rviz_2d_overlay_plugins/share/rviz_2d_overlay_plugins/hook/ld_library_path_lib.sh'
[52.857s] Level 1:colcon.colcon_core.environment:checking '/root/ros2_ws/src/install/rviz_2d_overlay_plugins/bin'
[52.857s] Level 1:colcon.colcon_core.environment:checking '/root/ros2_ws/src/install/rviz_2d_overlay_plugins/lib/pkgconfig/rviz_2d_overlay_plugins.pc'
[52.857s] Level 1:colcon.colcon_core.environment:checking '/root/ros2_ws/src/install/rviz_2d_overlay_plugins/lib/python3.10/site-packages'
[52.861s] Level 1:colcon.colcon_core.environment:checking '/root/ros2_ws/src/install/rviz_2d_overlay_plugins/bin'
[52.863s] INFO:colcon.colcon_core.shell:Creating package script '/root/ros2_ws/src/install/rviz_2d_overlay_plugins/share/rviz_2d_overlay_plugins/package.ps1'
[52.864s] INFO:colcon.colcon_core.shell:Creating package descriptor '/root/ros2_ws/src/install/rviz_2d_overlay_plugins/share/rviz_2d_overlay_plugins/package.dsv'
[52.865s] INFO:colcon.colcon_core.shell:Creating package script '/root/ros2_ws/src/install/rviz_2d_overlay_plugins/share/rviz_2d_overlay_plugins/package.sh'
[52.865s] INFO:colcon.colcon_core.shell:Creating package script '/root/ros2_ws/src/install/rviz_2d_overlay_plugins/share/rviz_2d_overlay_plugins/package.bash'
[52.866s] INFO:colcon.colcon_core.shell:Creating package script '/root/ros2_ws/src/install/rviz_2d_overlay_plugins/share/rviz_2d_overlay_plugins/package.zsh'
[52.867s] Level 1:colcon.colcon_core.environment:create_file_with_runtime_dependencies(/root/ros2_ws/src/install/rviz_2d_overlay_plugins/share/colcon-core/packages/rviz_2d_overlay_plugins)
[53.267s] DEBUG:colcon.colcon_core.event_handler.log_command:Invoked command in '/root/ros2_ws/src/build/local_planner' returned '0': AMENT_PREFIX_PATH=/root/ros2_ws/src/install/go2_sport_api:/root/ros2_ws/src/install/unitree_go:/root/ros2_ws/src/install/unitree_api:${AMENT_PREFIX_PATH} CMAKE_PREFIX_PATH=/root/ros2_ws/src/install/go2_sport_api:/root/ros2_ws/src/install/unitree_go:/root/ros2_ws/src/install/unitree_api:/opt/ros/humble LD_LIBRARY_PATH=/root/ros2_ws/src/install/go2_sport_api/lib:/root/ros2_ws/src/install/unitree_go/lib:/root/ros2_ws/src/install/unitree_api/lib:${LD_LIBRARY_PATH} PYTHONPATH=/root/ros2_ws/src/install/unitree_go/local/lib/python3.10/dist-packages:/root/ros2_ws/src/install/unitree_api/local/lib/python3.10/dist-packages:${PYTHONPATH} /usr/bin/cmake /root/ros2_ws/src/base_autonomy/local_planner -DROS_EDITION=ROS2 -DHUMBLE_ROS=humble -DCMAKE_INSTALL_PREFIX=/root/ros2_ws/src/install/local_planner
[53.269s] DEBUG:colcon.colcon_core.event_handler.log_command:Invoking command in '/root/ros2_ws/src/build/local_planner': AMENT_PREFIX_PATH=/root/ros2_ws/src/install/go2_sport_api:/root/ros2_ws/src/install/unitree_go:/root/ros2_ws/src/install/unitree_api:${AMENT_PREFIX_PATH} CMAKE_PREFIX_PATH=/root/ros2_ws/src/install/go2_sport_api:/root/ros2_ws/src/install/unitree_go:/root/ros2_ws/src/install/unitree_api:/opt/ros/humble LD_LIBRARY_PATH=/root/ros2_ws/src/install/go2_sport_api/lib:/root/ros2_ws/src/install/unitree_go/lib:/root/ros2_ws/src/install/unitree_api/lib:${LD_LIBRARY_PATH} PYTHONPATH=/root/ros2_ws/src/install/unitree_go/local/lib/python3.10/dist-packages:/root/ros2_ws/src/install/unitree_api/local/lib/python3.10/dist-packages:${PYTHONPATH} /usr/bin/cmake --build /root/ros2_ws/src/build/local_planner -- -j24 -l24
[55.095s] DEBUG:colcon.colcon_core.event_handler.log_command:Invoked command in '/root/ros2_ws/src/build/graph_decoder' returned '0': AMENT_PREFIX_PATH=/root/ros2_ws/src/install/visibility_graph_msg:${AMENT_PREFIX_PATH} CMAKE_PREFIX_PATH=/root/ros2_ws/src/install/visibility_graph_msg:/opt/ros/humble LD_LIBRARY_PATH=/root/ros2_ws/src/install/visibility_graph_msg/lib:${LD_LIBRARY_PATH} PYTHONPATH=/root/ros2_ws/src/install/visibility_graph_msg/local/lib/python3.10/dist-packages:${PYTHONPATH} /usr/bin/cmake --build /root/ros2_ws/src/build/graph_decoder -- -j24 -l24
[55.098s] DEBUG:colcon.colcon_core.event_handler.log_command:Invoking command in '/root/ros2_ws/src/build/graph_decoder': AMENT_PREFIX_PATH=/root/ros2_ws/src/install/visibility_graph_msg:${AMENT_PREFIX_PATH} CMAKE_PREFIX_PATH=/root/ros2_ws/src/install/visibility_graph_msg:/opt/ros/humble LD_LIBRARY_PATH=/root/ros2_ws/src/install/visibility_graph_msg/lib:${LD_LIBRARY_PATH} PYTHONPATH=/root/ros2_ws/src/install/visibility_graph_msg/local/lib/python3.10/dist-packages:${PYTHONPATH} /usr/bin/cmake --install /root/ros2_ws/src/build/graph_decoder
[55.122s] Level 1:colcon.colcon_core.environment:create_environment_scripts_only(graph_decoder)
[55.122s] Level 1:colcon.colcon_core.environment:checking '/root/ros2_ws/src/install/graph_decoder' for CMake module files
[55.123s] Level 1:colcon.colcon_core.environment:checking '/root/ros2_ws/src/install/graph_decoder' for CMake config files
[55.124s] Level 1:colcon.colcon_core.shell:create_environment_hook('graph_decoder', 'cmake_prefix_path')
[55.124s] INFO:colcon.colcon_core.shell:Creating environment hook '/root/ros2_ws/src/install/graph_decoder/share/graph_decoder/hook/cmake_prefix_path.ps1'
[55.125s] INFO:colcon.colcon_core.shell:Creating environment descriptor '/root/ros2_ws/src/install/graph_decoder/share/graph_decoder/hook/cmake_prefix_path.dsv'
[55.127s] INFO:colcon.colcon_core.shell:Creating environment hook '/root/ros2_ws/src/install/graph_decoder/share/graph_decoder/hook/cmake_prefix_path.sh'
[55.128s] Level 1:colcon.colcon_core.environment:checking '/root/ros2_ws/src/install/graph_decoder/lib'
[55.128s] Level 1:colcon.colcon_core.environment:checking '/root/ros2_ws/src/install/graph_decoder/bin'
[55.128s] Level 1:colcon.colcon_core.environment:checking '/root/ros2_ws/src/install/graph_decoder/lib/pkgconfig/graph_decoder.pc'
[55.128s] Level 1:colcon.colcon_core.environment:checking '/root/ros2_ws/src/install/graph_decoder/lib/python3.10/site-packages'
[55.129s] Level 1:colcon.colcon_core.environment:checking '/root/ros2_ws/src/install/graph_decoder/bin'
[55.130s] INFO:colcon.colcon_core.shell:Creating package script '/root/ros2_ws/src/install/graph_decoder/share/graph_decoder/package.ps1'
[55.130s] INFO:colcon.colcon_core.shell:Creating package descriptor '/root/ros2_ws/src/install/graph_decoder/share/graph_decoder/package.dsv'
[55.131s] INFO:colcon.colcon_core.shell:Creating package script '/root/ros2_ws/src/install/graph_decoder/share/graph_decoder/package.sh'
[55.132s] DEBUG:colcon.colcon_core.event_handler.log_command:Invoked command in '/root/ros2_ws/src/build/graph_decoder' returned '0': AMENT_PREFIX_PATH=/root/ros2_ws/src/install/visibility_graph_msg:${AMENT_PREFIX_PATH} CMAKE_PREFIX_PATH=/root/ros2_ws/src/install/visibility_graph_msg:/opt/ros/humble LD_LIBRARY_PATH=/root/ros2_ws/src/install/visibility_graph_msg/lib:${LD_LIBRARY_PATH} PYTHONPATH=/root/ros2_ws/src/install/visibility_graph_msg/local/lib/python3.10/dist-packages:${PYTHONPATH} /usr/bin/cmake --install /root/ros2_ws/src/build/graph_decoder
[55.132s] INFO:colcon.colcon_core.shell:Creating package script '/root/ros2_ws/src/install/graph_decoder/share/graph_decoder/package.bash'
[55.133s] INFO:colcon.colcon_core.shell:Creating package script '/root/ros2_ws/src/install/graph_decoder/share/graph_decoder/package.zsh'
[55.133s] Level 1:colcon.colcon_core.environment:create_file_with_runtime_dependencies(/root/ros2_ws/src/install/graph_decoder/share/colcon-core/packages/graph_decoder)
[55.134s] Level 1:colcon.colcon_core.environment:create_environment_scripts_only(graph_decoder)
[55.135s] Level 1:colcon.colcon_core.environment:checking '/root/ros2_ws/src/install/graph_decoder' for CMake module files
[55.135s] Level 1:colcon.colcon_core.environment:checking '/root/ros2_ws/src/install/graph_decoder' for CMake config files
[55.136s] Level 1:colcon.colcon_core.shell:create_environment_hook('graph_decoder', 'cmake_prefix_path')
[55.136s] INFO:colcon.colcon_core.shell:Creating environment hook '/root/ros2_ws/src/install/graph_decoder/share/graph_decoder/hook/cmake_prefix_path.ps1'
[55.137s] INFO:colcon.colcon_core.shell:Creating environment descriptor '/root/ros2_ws/src/install/graph_decoder/share/graph_decoder/hook/cmake_prefix_path.dsv'
[55.137s] INFO:colcon.colcon_core.shell:Creating environment hook '/root/ros2_ws/src/install/graph_decoder/share/graph_decoder/hook/cmake_prefix_path.sh'
[55.138s] Level 1:colcon.colcon_core.environment:checking '/root/ros2_ws/src/install/graph_decoder/lib'
[55.138s] Level 1:colcon.colcon_core.environment:checking '/root/ros2_ws/src/install/graph_decoder/bin'
[55.138s] Level 1:colcon.colcon_core.environment:checking '/root/ros2_ws/src/install/graph_decoder/lib/pkgconfig/graph_decoder.pc'
[55.139s] Level 1:colcon.colcon_core.environment:checking '/root/ros2_ws/src/install/graph_decoder/lib/python3.10/site-packages'
[55.139s] Level 1:colcon.colcon_core.environment:checking '/root/ros2_ws/src/install/graph_decoder/bin'
[55.139s] INFO:colcon.colcon_core.shell:Creating package script '/root/ros2_ws/src/install/graph_decoder/share/graph_decoder/package.ps1'
[55.140s] INFO:colcon.colcon_core.shell:Creating package descriptor '/root/ros2_ws/src/install/graph_decoder/share/graph_decoder/package.dsv'
[55.141s] INFO:colcon.colcon_core.shell:Creating package script '/root/ros2_ws/src/install/graph_decoder/share/graph_decoder/package.sh'
[55.142s] INFO:colcon.colcon_core.shell:Creating package script '/root/ros2_ws/src/install/graph_decoder/share/graph_decoder/package.bash'
[55.142s] INFO:colcon.colcon_core.shell:Creating package script '/root/ros2_ws/src/install/graph_decoder/share/graph_decoder/package.zsh'
[55.143s] Level 1:colcon.colcon_core.environment:create_file_with_runtime_dependencies(/root/ros2_ws/src/install/graph_decoder/share/colcon-core/packages/graph_decoder)
[57.915s] DEBUG:colcon.colcon_core.event_handler.log_command:Invoked command in '/root/ros2_ws/src/build/terrain_analysis' returned '0': CMAKE_PREFIX_PATH=/opt/ros/humble /usr/bin/cmake --build /root/ros2_ws/src/build/terrain_analysis -- -j24 -l24
[57.917s] DEBUG:colcon.colcon_core.event_handler.log_command:Invoking command in '/root/ros2_ws/src/build/terrain_analysis': CMAKE_PREFIX_PATH=/opt/ros/humble /usr/bin/cmake --install /root/ros2_ws/src/build/terrain_analysis
[57.937s] Level 1:colcon.colcon_core.environment:create_environment_scripts_only(terrain_analysis)
[57.938s] Level 1:colcon.colcon_core.environment:checking '/root/ros2_ws/src/install/terrain_analysis' for CMake module files
[57.939s] Level 1:colcon.colcon_core.environment:checking '/root/ros2_ws/src/install/terrain_analysis' for CMake config files
[57.939s] Level 1:colcon.colcon_core.shell:create_environment_hook('terrain_analysis', 'cmake_prefix_path')
[57.939s] INFO:colcon.colcon_core.shell:Creating environment hook '/root/ros2_ws/src/install/terrain_analysis/share/terrain_analysis/hook/cmake_prefix_path.ps1'
[57.940s] DEBUG:colcon.colcon_core.event_handler.log_command:Invoked command in '/root/ros2_ws/src/build/terrain_analysis' returned '0': CMAKE_PREFIX_PATH=/opt/ros/humble /usr/bin/cmake --install /root/ros2_ws/src/build/terrain_analysis
[57.940s] INFO:colcon.colcon_core.shell:Creating environment descriptor '/root/ros2_ws/src/install/terrain_analysis/share/terrain_analysis/hook/cmake_prefix_path.dsv'
[57.940s] INFO:colcon.colcon_core.shell:Creating environment hook '/root/ros2_ws/src/install/terrain_analysis/share/terrain_analysis/hook/cmake_prefix_path.sh'
[57.941s] Level 1:colcon.colcon_core.environment:checking '/root/ros2_ws/src/install/terrain_analysis/lib'
[57.941s] Level 1:colcon.colcon_core.environment:checking '/root/ros2_ws/src/install/terrain_analysis/bin'
[57.941s] Level 1:colcon.colcon_core.environment:checking '/root/ros2_ws/src/install/terrain_analysis/lib/pkgconfig/terrain_analysis.pc'
[57.942s] Level 1:colcon.colcon_core.environment:checking '/root/ros2_ws/src/install/terrain_analysis/lib/python3.10/site-packages'
[57.942s] Level 1:colcon.colcon_core.environment:checking '/root/ros2_ws/src/install/terrain_analysis/bin'
[57.942s] INFO:colcon.colcon_core.shell:Creating package script '/root/ros2_ws/src/install/terrain_analysis/share/terrain_analysis/package.ps1'
[57.943s] INFO:colcon.colcon_core.shell:Creating package descriptor '/root/ros2_ws/src/install/terrain_analysis/share/terrain_analysis/package.dsv'
[57.944s] INFO:colcon.colcon_core.shell:Creating package script '/root/ros2_ws/src/install/terrain_analysis/share/terrain_analysis/package.sh'
[57.944s] INFO:colcon.colcon_core.shell:Creating package script '/root/ros2_ws/src/install/terrain_analysis/share/terrain_analysis/package.bash'
[57.944s] INFO:colcon.colcon_core.shell:Creating package script '/root/ros2_ws/src/install/terrain_analysis/share/terrain_analysis/package.zsh'
[57.945s] Level 1:colcon.colcon_core.environment:create_file_with_runtime_dependencies(/root/ros2_ws/src/install/terrain_analysis/share/colcon-core/packages/terrain_analysis)
[57.945s] Level 1:colcon.colcon_core.environment:create_environment_scripts_only(terrain_analysis)
[57.946s] Level 1:colcon.colcon_core.environment:checking '/root/ros2_ws/src/install/terrain_analysis' for CMake module files
[57.946s] Level 1:colcon.colcon_core.environment:checking '/root/ros2_ws/src/install/terrain_analysis' for CMake config files
[57.946s] Level 1:colcon.colcon_core.shell:create_environment_hook('terrain_analysis', 'cmake_prefix_path')
[57.947s] INFO:colcon.colcon_core.shell:Creating environment hook '/root/ros2_ws/src/install/terrain_analysis/share/terrain_analysis/hook/cmake_prefix_path.ps1'
[57.947s] INFO:colcon.colcon_core.shell:Creating environment descriptor '/root/ros2_ws/src/install/terrain_analysis/share/terrain_analysis/hook/cmake_prefix_path.dsv'
[57.947s] INFO:colcon.colcon_core.shell:Creating environment hook '/root/ros2_ws/src/install/terrain_analysis/share/terrain_analysis/hook/cmake_prefix_path.sh'
[57.948s] Level 1:colcon.colcon_core.environment:checking '/root/ros2_ws/src/install/terrain_analysis/lib'
[57.948s] Level 1:colcon.colcon_core.environment:checking '/root/ros2_ws/src/install/terrain_analysis/bin'
[57.948s] Level 1:colcon.colcon_core.environment:checking '/root/ros2_ws/src/install/terrain_analysis/lib/pkgconfig/terrain_analysis.pc'
[57.948s] Level 1:colcon.colcon_core.environment:checking '/root/ros2_ws/src/install/terrain_analysis/lib/python3.10/site-packages'
[57.949s] Level 1:colcon.colcon_core.environment:checking '/root/ros2_ws/src/install/terrain_analysis/bin'
[57.949s] INFO:colcon.colcon_core.shell:Creating package script '/root/ros2_ws/src/install/terrain_analysis/share/terrain_analysis/package.ps1'
[57.950s] INFO:colcon.colcon_core.shell:Creating package descriptor '/root/ros2_ws/src/install/terrain_analysis/share/terrain_analysis/package.dsv'
[57.950s] INFO:colcon.colcon_core.shell:Creating package script '/root/ros2_ws/src/install/terrain_analysis/share/terrain_analysis/package.sh'
[57.951s] INFO:colcon.colcon_core.shell:Creating package script '/root/ros2_ws/src/install/terrain_analysis/share/terrain_analysis/package.bash'
[57.951s] INFO:colcon.colcon_core.shell:Creating package script '/root/ros2_ws/src/install/terrain_analysis/share/terrain_analysis/package.zsh'
[57.952s] Level 1:colcon.colcon_core.environment:create_file_with_runtime_dependencies(/root/ros2_ws/src/install/terrain_analysis/share/colcon-core/packages/terrain_analysis)
[60.290s] DEBUG:colcon.colcon_core.event_handler.log_command:Invoked command in '/root/ros2_ws/src/build/calibrate_imu' returned '0': AMENT_PREFIX_PATH=/root/ros2_ws/src/install/go2_sport_api:/root/ros2_ws/src/install/unitree_go:/root/ros2_ws/src/install/unitree_api:${AMENT_PREFIX_PATH} CMAKE_PREFIX_PATH=/root/ros2_ws/src/install/go2_sport_api:/root/ros2_ws/src/install/unitree_go:/root/ros2_ws/src/install/unitree_api:/opt/ros/humble LD_LIBRARY_PATH=/root/ros2_ws/src/install/go2_sport_api/lib:/root/ros2_ws/src/install/unitree_go/lib:/root/ros2_ws/src/install/unitree_api/lib:${LD_LIBRARY_PATH} PYTHONPATH=/root/ros2_ws/src/install/unitree_go/local/lib/python3.10/dist-packages:/root/ros2_ws/src/install/unitree_api/local/lib/python3.10/dist-packages:${PYTHONPATH} /usr/bin/cmake --build /root/ros2_ws/src/build/calibrate_imu -- -j24 -l24
[60.291s] DEBUG:colcon.colcon_core.event_handler.log_command:Invoking command in '/root/ros2_ws/src/build/calibrate_imu': AMENT_PREFIX_PATH=/root/ros2_ws/src/install/go2_sport_api:/root/ros2_ws/src/install/unitree_go:/root/ros2_ws/src/install/unitree_api:${AMENT_PREFIX_PATH} CMAKE_PREFIX_PATH=/root/ros2_ws/src/install/go2_sport_api:/root/ros2_ws/src/install/unitree_go:/root/ros2_ws/src/install/unitree_api:/opt/ros/humble LD_LIBRARY_PATH=/root/ros2_ws/src/install/go2_sport_api/lib:/root/ros2_ws/src/install/unitree_go/lib:/root/ros2_ws/src/install/unitree_api/lib:${LD_LIBRARY_PATH} PYTHONPATH=/root/ros2_ws/src/install/unitree_go/local/lib/python3.10/dist-packages:/root/ros2_ws/src/install/unitree_api/local/lib/python3.10/dist-packages:${PYTHONPATH} /usr/bin/cmake --install /root/ros2_ws/src/build/calibrate_imu
[60.308s] Level 1:colcon.colcon_core.environment:create_environment_scripts_only(calibrate_imu)
[60.309s] Level 1:colcon.colcon_core.environment:checking '/root/ros2_ws/src/install/calibrate_imu' for CMake module files
[60.309s] DEBUG:colcon.colcon_core.event_handler.log_command:Invoked command in '/root/ros2_ws/src/build/calibrate_imu' returned '0': AMENT_PREFIX_PATH=/root/ros2_ws/src/install/go2_sport_api:/root/ros2_ws/src/install/unitree_go:/root/ros2_ws/src/install/unitree_api:${AMENT_PREFIX_PATH} CMAKE_PREFIX_PATH=/root/ros2_ws/src/install/go2_sport_api:/root/ros2_ws/src/install/unitree_go:/root/ros2_ws/src/install/unitree_api:/opt/ros/humble LD_LIBRARY_PATH=/root/ros2_ws/src/install/go2_sport_api/lib:/root/ros2_ws/src/install/unitree_go/lib:/root/ros2_ws/src/install/unitree_api/lib:${LD_LIBRARY_PATH} PYTHONPATH=/root/ros2_ws/src/install/unitree_go/local/lib/python3.10/dist-packages:/root/ros2_ws/src/install/unitree_api/local/lib/python3.10/dist-packages:${PYTHONPATH} /usr/bin/cmake --install /root/ros2_ws/src/build/calibrate_imu
[60.310s] Level 1:colcon.colcon_core.environment:checking '/root/ros2_ws/src/install/calibrate_imu' for CMake config files
[60.310s] Level 1:colcon.colcon_core.shell:create_environment_hook('calibrate_imu', 'cmake_prefix_path')
[60.310s] INFO:colcon.colcon_core.shell:Creating environment hook '/root/ros2_ws/src/install/calibrate_imu/share/calibrate_imu/hook/cmake_prefix_path.ps1'
[60.311s] INFO:colcon.colcon_core.shell:Creating environment descriptor '/root/ros2_ws/src/install/calibrate_imu/share/calibrate_imu/hook/cmake_prefix_path.dsv'
[60.311s] INFO:colcon.colcon_core.shell:Creating environment hook '/root/ros2_ws/src/install/calibrate_imu/share/calibrate_imu/hook/cmake_prefix_path.sh'
[60.312s] Level 1:colcon.colcon_core.environment:checking '/root/ros2_ws/src/install/calibrate_imu/lib'
[60.312s] Level 1:colcon.colcon_core.environment:checking '/root/ros2_ws/src/install/calibrate_imu/bin'
[60.312s] Level 1:colcon.colcon_core.environment:checking '/root/ros2_ws/src/install/calibrate_imu/lib/pkgconfig/calibrate_imu.pc'
[60.312s] Level 1:colcon.colcon_core.environment:checking '/root/ros2_ws/src/install/calibrate_imu/lib/python3.10/site-packages'
[60.313s] Level 1:colcon.colcon_core.environment:checking '/root/ros2_ws/src/install/calibrate_imu/bin'
[60.313s] INFO:colcon.colcon_core.shell:Creating package script '/root/ros2_ws/src/install/calibrate_imu/share/calibrate_imu/package.ps1'
[60.314s] INFO:colcon.colcon_core.shell:Creating package descriptor '/root/ros2_ws/src/install/calibrate_imu/share/calibrate_imu/package.dsv'
[60.314s] INFO:colcon.colcon_core.shell:Creating package script '/root/ros2_ws/src/install/calibrate_imu/share/calibrate_imu/package.sh'
[60.315s] INFO:colcon.colcon_core.shell:Creating package script '/root/ros2_ws/src/install/calibrate_imu/share/calibrate_imu/package.bash'
[60.315s] INFO:colcon.colcon_core.shell:Creating package script '/root/ros2_ws/src/install/calibrate_imu/share/calibrate_imu/package.zsh'
[60.315s] Level 1:colcon.colcon_core.environment:create_file_with_runtime_dependencies(/root/ros2_ws/src/install/calibrate_imu/share/colcon-core/packages/calibrate_imu)
[60.316s] Level 1:colcon.colcon_core.environment:create_environment_scripts_only(calibrate_imu)
[60.316s] Level 1:colcon.colcon_core.environment:checking '/root/ros2_ws/src/install/calibrate_imu' for CMake module files
[60.317s] Level 1:colcon.colcon_core.environment:checking '/root/ros2_ws/src/install/calibrate_imu' for CMake config files
[60.317s] Level 1:colcon.colcon_core.shell:create_environment_hook('calibrate_imu', 'cmake_prefix_path')
[60.317s] INFO:colcon.colcon_core.shell:Creating environment hook '/root/ros2_ws/src/install/calibrate_imu/share/calibrate_imu/hook/cmake_prefix_path.ps1'
[60.318s] INFO:colcon.colcon_core.shell:Creating environment descriptor '/root/ros2_ws/src/install/calibrate_imu/share/calibrate_imu/hook/cmake_prefix_path.dsv'
[60.318s] INFO:colcon.colcon_core.shell:Creating environment hook '/root/ros2_ws/src/install/calibrate_imu/share/calibrate_imu/hook/cmake_prefix_path.sh'
[60.319s] Level 1:colcon.colcon_core.environment:checking '/root/ros2_ws/src/install/calibrate_imu/lib'
[60.319s] Level 1:colcon.colcon_core.environment:checking '/root/ros2_ws/src/install/calibrate_imu/bin'
[60.319s] Level 1:colcon.colcon_core.environment:checking '/root/ros2_ws/src/install/calibrate_imu/lib/pkgconfig/calibrate_imu.pc'
[60.319s] Level 1:colcon.colcon_core.environment:checking '/root/ros2_ws/src/install/calibrate_imu/lib/python3.10/site-packages'
[60.319s] Level 1:colcon.colcon_core.environment:checking '/root/ros2_ws/src/install/calibrate_imu/bin'
[60.320s] INFO:colcon.colcon_core.shell:Creating package script '/root/ros2_ws/src/install/calibrate_imu/share/calibrate_imu/package.ps1'
[60.321s] INFO:colcon.colcon_core.shell:Creating package descriptor '/root/ros2_ws/src/install/calibrate_imu/share/calibrate_imu/package.dsv'
[60.322s] INFO:colcon.colcon_core.shell:Creating package script '/root/ros2_ws/src/install/calibrate_imu/share/calibrate_imu/package.sh'
[60.323s] INFO:colcon.colcon_core.shell:Creating package script '/root/ros2_ws/src/install/calibrate_imu/share/calibrate_imu/package.bash'
[60.323s] INFO:colcon.colcon_core.shell:Creating package script '/root/ros2_ws/src/install/calibrate_imu/share/calibrate_imu/package.zsh'
[60.324s] Level 1:colcon.colcon_core.environment:create_file_with_runtime_dependencies(/root/ros2_ws/src/install/calibrate_imu/share/colcon-core/packages/calibrate_imu)
[74.494s] DEBUG:colcon.colcon_core.event_handler.log_command:Invoked command in '/root/ros2_ws/src/build/far_planner' returned '0': AMENT_PREFIX_PATH=/root/ros2_ws/src/install/visibility_graph_msg:${AMENT_PREFIX_PATH} CMAKE_PREFIX_PATH=/root/ros2_ws/src/install/visibility_graph_msg:/opt/ros/humble LD_LIBRARY_PATH=/root/ros2_ws/src/install/visibility_graph_msg/lib:${LD_LIBRARY_PATH} PYTHONPATH=/root/ros2_ws/src/install/visibility_graph_msg/local/lib/python3.10/dist-packages:${PYTHONPATH} /usr/bin/cmake --build /root/ros2_ws/src/build/far_planner -- -j24 -l24
[74.495s] DEBUG:colcon.colcon_core.event_handler.log_command:Invoking command in '/root/ros2_ws/src/build/far_planner': AMENT_PREFIX_PATH=/root/ros2_ws/src/install/visibility_graph_msg:${AMENT_PREFIX_PATH} CMAKE_PREFIX_PATH=/root/ros2_ws/src/install/visibility_graph_msg:/opt/ros/humble LD_LIBRARY_PATH=/root/ros2_ws/src/install/visibility_graph_msg/lib:${LD_LIBRARY_PATH} PYTHONPATH=/root/ros2_ws/src/install/visibility_graph_msg/local/lib/python3.10/dist-packages:${PYTHONPATH} /usr/bin/cmake --install /root/ros2_ws/src/build/far_planner
[74.511s] Level 1:colcon.colcon_core.environment:create_environment_scripts_only(far_planner)
[74.512s] Level 1:colcon.colcon_core.environment:checking '/root/ros2_ws/src/install/far_planner' for CMake module files
[74.512s] DEBUG:colcon.colcon_core.event_handler.log_command:Invoked command in '/root/ros2_ws/src/build/far_planner' returned '0': AMENT_PREFIX_PATH=/root/ros2_ws/src/install/visibility_graph_msg:${AMENT_PREFIX_PATH} CMAKE_PREFIX_PATH=/root/ros2_ws/src/install/visibility_graph_msg:/opt/ros/humble LD_LIBRARY_PATH=/root/ros2_ws/src/install/visibility_graph_msg/lib:${LD_LIBRARY_PATH} PYTHONPATH=/root/ros2_ws/src/install/visibility_graph_msg/local/lib/python3.10/dist-packages:${PYTHONPATH} /usr/bin/cmake --install /root/ros2_ws/src/build/far_planner
[74.513s] Level 1:colcon.colcon_core.environment:checking '/root/ros2_ws/src/install/far_planner' for CMake config files
[74.513s] Level 1:colcon.colcon_core.shell:create_environment_hook('far_planner', 'cmake_prefix_path')
[74.514s] INFO:colcon.colcon_core.shell:Creating environment hook '/root/ros2_ws/src/install/far_planner/share/far_planner/hook/cmake_prefix_path.ps1'
[74.514s] INFO:colcon.colcon_core.shell:Creating environment descriptor '/root/ros2_ws/src/install/far_planner/share/far_planner/hook/cmake_prefix_path.dsv'
[74.515s] INFO:colcon.colcon_core.shell:Creating environment hook '/root/ros2_ws/src/install/far_planner/share/far_planner/hook/cmake_prefix_path.sh'
[74.515s] Level 1:colcon.colcon_core.environment:checking '/root/ros2_ws/src/install/far_planner/lib'
[74.515s] Level 1:colcon.colcon_core.environment:checking '/root/ros2_ws/src/install/far_planner/bin'
[74.515s] Level 1:colcon.colcon_core.environment:checking '/root/ros2_ws/src/install/far_planner/lib/pkgconfig/far_planner.pc'
[74.516s] Level 1:colcon.colcon_core.environment:checking '/root/ros2_ws/src/install/far_planner/lib/python3.10/site-packages'
[74.516s] Level 1:colcon.colcon_core.environment:checking '/root/ros2_ws/src/install/far_planner/bin'
[74.516s] INFO:colcon.colcon_core.shell:Creating package script '/root/ros2_ws/src/install/far_planner/share/far_planner/package.ps1'
[74.517s] INFO:colcon.colcon_core.shell:Creating package descriptor '/root/ros2_ws/src/install/far_planner/share/far_planner/package.dsv'
[74.517s] INFO:colcon.colcon_core.shell:Creating package script '/root/ros2_ws/src/install/far_planner/share/far_planner/package.sh'
[74.517s] INFO:colcon.colcon_core.shell:Creating package script '/root/ros2_ws/src/install/far_planner/share/far_planner/package.bash'
[74.518s] INFO:colcon.colcon_core.shell:Creating package script '/root/ros2_ws/src/install/far_planner/share/far_planner/package.zsh'
[74.518s] Level 1:colcon.colcon_core.environment:create_file_with_runtime_dependencies(/root/ros2_ws/src/install/far_planner/share/colcon-core/packages/far_planner)
[74.519s] Level 1:colcon.colcon_core.environment:create_environment_scripts_only(far_planner)
[74.519s] Level 1:colcon.colcon_core.environment:checking '/root/ros2_ws/src/install/far_planner' for CMake module files
[74.520s] Level 1:colcon.colcon_core.environment:checking '/root/ros2_ws/src/install/far_planner' for CMake config files
[74.520s] Level 1:colcon.colcon_core.shell:create_environment_hook('far_planner', 'cmake_prefix_path')
[74.520s] INFO:colcon.colcon_core.shell:Creating environment hook '/root/ros2_ws/src/install/far_planner/share/far_planner/hook/cmake_prefix_path.ps1'
[74.521s] INFO:colcon.colcon_core.shell:Creating environment descriptor '/root/ros2_ws/src/install/far_planner/share/far_planner/hook/cmake_prefix_path.dsv'
[74.521s] INFO:colcon.colcon_core.shell:Creating environment hook '/root/ros2_ws/src/install/far_planner/share/far_planner/hook/cmake_prefix_path.sh'
[74.522s] Level 1:colcon.colcon_core.environment:checking '/root/ros2_ws/src/install/far_planner/lib'
[74.522s] Level 1:colcon.colcon_core.environment:checking '/root/ros2_ws/src/install/far_planner/bin'
[74.522s] Level 1:colcon.colcon_core.environment:checking '/root/ros2_ws/src/install/far_planner/lib/pkgconfig/far_planner.pc'
[74.522s] Level 1:colcon.colcon_core.environment:checking '/root/ros2_ws/src/install/far_planner/lib/python3.10/site-packages'
[74.523s] Level 1:colcon.colcon_core.environment:checking '/root/ros2_ws/src/install/far_planner/bin'
[74.523s] INFO:colcon.colcon_core.shell:Creating package script '/root/ros2_ws/src/install/far_planner/share/far_planner/package.ps1'
[74.524s] INFO:colcon.colcon_core.shell:Creating package descriptor '/root/ros2_ws/src/install/far_planner/share/far_planner/package.dsv'
[74.524s] INFO:colcon.colcon_core.shell:Creating package script '/root/ros2_ws/src/install/far_planner/share/far_planner/package.sh'
[74.524s] INFO:colcon.colcon_core.shell:Creating package script '/root/ros2_ws/src/install/far_planner/share/far_planner/package.bash'
[74.525s] INFO:colcon.colcon_core.shell:Creating package script '/root/ros2_ws/src/install/far_planner/share/far_planner/package.zsh'
[74.525s] Level 1:colcon.colcon_core.environment:create_file_with_runtime_dependencies(/root/ros2_ws/src/install/far_planner/share/colcon-core/packages/far_planner)
[78.068s] DEBUG:colcon.colcon_core.event_handler.log_command:Invoked command in '/root/ros2_ws/src/build/local_planner' returned '0': AMENT_PREFIX_PATH=/root/ros2_ws/src/install/go2_sport_api:/root/ros2_ws/src/install/unitree_go:/root/ros2_ws/src/install/unitree_api:${AMENT_PREFIX_PATH} CMAKE_PREFIX_PATH=/root/ros2_ws/src/install/go2_sport_api:/root/ros2_ws/src/install/unitree_go:/root/ros2_ws/src/install/unitree_api:/opt/ros/humble LD_LIBRARY_PATH=/root/ros2_ws/src/install/go2_sport_api/lib:/root/ros2_ws/src/install/unitree_go/lib:/root/ros2_ws/src/install/unitree_api/lib:${LD_LIBRARY_PATH} PYTHONPATH=/root/ros2_ws/src/install/unitree_go/local/lib/python3.10/dist-packages:/root/ros2_ws/src/install/unitree_api/local/lib/python3.10/dist-packages:${PYTHONPATH} /usr/bin/cmake --build /root/ros2_ws/src/build/local_planner -- -j24 -l24
[78.069s] DEBUG:colcon.colcon_core.event_handler.log_command:Invoking command in '/root/ros2_ws/src/build/local_planner': AMENT_PREFIX_PATH=/root/ros2_ws/src/install/go2_sport_api:/root/ros2_ws/src/install/unitree_go:/root/ros2_ws/src/install/unitree_api:${AMENT_PREFIX_PATH} CMAKE_PREFIX_PATH=/root/ros2_ws/src/install/go2_sport_api:/root/ros2_ws/src/install/unitree_go:/root/ros2_ws/src/install/unitree_api:/opt/ros/humble LD_LIBRARY_PATH=/root/ros2_ws/src/install/go2_sport_api/lib:/root/ros2_ws/src/install/unitree_go/lib:/root/ros2_ws/src/install/unitree_api/lib:${LD_LIBRARY_PATH} PYTHONPATH=/root/ros2_ws/src/install/unitree_go/local/lib/python3.10/dist-packages:/root/ros2_ws/src/install/unitree_api/local/lib/python3.10/dist-packages:${PYTHONPATH} /usr/bin/cmake --install /root/ros2_ws/src/build/local_planner
[78.105s] Level 1:colcon.colcon_core.environment:create_environment_scripts_only(local_planner)
[78.105s] Level 1:colcon.colcon_core.environment:checking '/root/ros2_ws/src/install/local_planner' for CMake module files
[78.105s] Level 1:colcon.colcon_core.environment:checking '/root/ros2_ws/src/install/local_planner' for CMake config files
[78.106s] Level 1:colcon.colcon_core.shell:create_environment_hook('local_planner', 'cmake_prefix_path')
[78.106s] INFO:colcon.colcon_core.shell:Creating environment hook '/root/ros2_ws/src/install/local_planner/share/local_planner/hook/cmake_prefix_path.ps1'
[78.106s] DEBUG:colcon.colcon_core.event_handler.log_command:Invoked command in '/root/ros2_ws/src/build/local_planner' returned '0': AMENT_PREFIX_PATH=/root/ros2_ws/src/install/go2_sport_api:/root/ros2_ws/src/install/unitree_go:/root/ros2_ws/src/install/unitree_api:${AMENT_PREFIX_PATH} CMAKE_PREFIX_PATH=/root/ros2_ws/src/install/go2_sport_api:/root/ros2_ws/src/install/unitree_go:/root/ros2_ws/src/install/unitree_api:/opt/ros/humble LD_LIBRARY_PATH=/root/ros2_ws/src/install/go2_sport_api/lib:/root/ros2_ws/src/install/unitree_go/lib:/root/ros2_ws/src/install/unitree_api/lib:${LD_LIBRARY_PATH} PYTHONPATH=/root/ros2_ws/src/install/unitree_go/local/lib/python3.10/dist-packages:/root/ros2_ws/src/install/unitree_api/local/lib/python3.10/dist-packages:${PYTHONPATH} /usr/bin/cmake --install /root/ros2_ws/src/build/local_planner
[78.106s] INFO:colcon.colcon_core.shell:Creating environment descriptor '/root/ros2_ws/src/install/local_planner/share/local_planner/hook/cmake_prefix_path.dsv'
[78.106s] INFO:colcon.colcon_core.shell:Creating environment hook '/root/ros2_ws/src/install/local_planner/share/local_planner/hook/cmake_prefix_path.sh'
[78.107s] Level 1:colcon.colcon_core.environment:checking '/root/ros2_ws/src/install/local_planner/lib'
[78.107s] Level 1:colcon.colcon_core.environment:checking '/root/ros2_ws/src/install/local_planner/bin'
[78.107s] Level 1:colcon.colcon_core.environment:checking '/root/ros2_ws/src/install/local_planner/lib/pkgconfig/local_planner.pc'
[78.107s] Level 1:colcon.colcon_core.environment:checking '/root/ros2_ws/src/install/local_planner/lib/python3.10/site-packages'
[78.108s] Level 1:colcon.colcon_core.environment:checking '/root/ros2_ws/src/install/local_planner/bin'
[78.108s] INFO:colcon.colcon_core.shell:Creating package script '/root/ros2_ws/src/install/local_planner/share/local_planner/package.ps1'
[78.108s] INFO:colcon.colcon_core.shell:Creating package descriptor '/root/ros2_ws/src/install/local_planner/share/local_planner/package.dsv'
[78.108s] INFO:colcon.colcon_core.shell:Creating package script '/root/ros2_ws/src/install/local_planner/share/local_planner/package.sh'
[78.108s] INFO:colcon.colcon_core.shell:Creating package script '/root/ros2_ws/src/install/local_planner/share/local_planner/package.bash'
[78.109s] INFO:colcon.colcon_core.shell:Creating package script '/root/ros2_ws/src/install/local_planner/share/local_planner/package.zsh'
[78.109s] Level 1:colcon.colcon_core.environment:create_file_with_runtime_dependencies(/root/ros2_ws/src/install/local_planner/share/colcon-core/packages/local_planner)
[78.109s] Level 1:colcon.colcon_core.environment:create_environment_scripts_only(local_planner)
[78.109s] Level 1:colcon.colcon_core.environment:checking '/root/ros2_ws/src/install/local_planner' for CMake module files
[78.109s] Level 1:colcon.colcon_core.environment:checking '/root/ros2_ws/src/install/local_planner' for CMake config files
[78.110s] Level 1:colcon.colcon_core.shell:create_environment_hook('local_planner', 'cmake_prefix_path')
[78.110s] INFO:colcon.colcon_core.shell:Creating environment hook '/root/ros2_ws/src/install/local_planner/share/local_planner/hook/cmake_prefix_path.ps1'
[78.110s] INFO:colcon.colcon_core.shell:Creating environment descriptor '/root/ros2_ws/src/install/local_planner/share/local_planner/hook/cmake_prefix_path.dsv'
[78.110s] INFO:colcon.colcon_core.shell:Creating environment hook '/root/ros2_ws/src/install/local_planner/share/local_planner/hook/cmake_prefix_path.sh'
[78.110s] Level 1:colcon.colcon_core.environment:checking '/root/ros2_ws/src/install/local_planner/lib'
[78.111s] Level 1:colcon.colcon_core.environment:checking '/root/ros2_ws/src/install/local_planner/bin'
[78.111s] Level 1:colcon.colcon_core.environment:checking '/root/ros2_ws/src/install/local_planner/lib/pkgconfig/local_planner.pc'
[78.111s] Level 1:colcon.colcon_core.environment:checking '/root/ros2_ws/src/install/local_planner/lib/python3.10/site-packages'
[78.112s] Level 1:colcon.colcon_core.environment:checking '/root/ros2_ws/src/install/local_planner/bin'
[78.112s] INFO:colcon.colcon_core.shell:Creating package script '/root/ros2_ws/src/install/local_planner/share/local_planner/package.ps1'
[78.112s] INFO:colcon.colcon_core.shell:Creating package descriptor '/root/ros2_ws/src/install/local_planner/share/local_planner/package.dsv'
[78.113s] INFO:colcon.colcon_core.shell:Creating package script '/root/ros2_ws/src/install/local_planner/share/local_planner/package.sh'
[78.113s] INFO:colcon.colcon_core.shell:Creating package script '/root/ros2_ws/src/install/local_planner/share/local_planner/package.bash'
[78.113s] INFO:colcon.colcon_core.shell:Creating package script '/root/ros2_ws/src/install/local_planner/share/local_planner/package.zsh'
[78.113s] Level 1:colcon.colcon_core.environment:create_file_with_runtime_dependencies(/root/ros2_ws/src/install/local_planner/share/colcon-core/packages/local_planner)
[105.120s] DEBUG:colcon.colcon_core.event_handler.log_command:Invoked command in '/root/ros2_ws/src/build/super_odometry' returned '0': AMENT_PREFIX_PATH=/root/ros2_ws/src/install/super_odometry_msgs:/root/ros2_ws/src/install/livox_ros_driver2:${AMENT_PREFIX_PATH} CMAKE_PREFIX_PATH=/root/ros2_ws/src/install/super_odometry_msgs:/root/ros2_ws/src/install/livox_ros_driver2:/opt/ros/humble LD_LIBRARY_PATH=/root/ros2_ws/src/install/super_odometry_msgs/lib:/root/ros2_ws/src/install/livox_ros_driver2/lib:${LD_LIBRARY_PATH} PYTHONPATH=/root/ros2_ws/src/install/super_odometry_msgs/local/lib/python3.10/dist-packages:/root/ros2_ws/src/install/livox_ros_driver2/local/lib/python3.10/dist-packages:${PYTHONPATH} /usr/bin/cmake --build /root/ros2_ws/src/build/super_odometry -- -j24 -l24
[105.121s] DEBUG:colcon.colcon_core.event_handler.log_command:Invoking command in '/root/ros2_ws/src/build/super_odometry': AMENT_PREFIX_PATH=/root/ros2_ws/src/install/super_odometry_msgs:/root/ros2_ws/src/install/livox_ros_driver2:${AMENT_PREFIX_PATH} CMAKE_PREFIX_PATH=/root/ros2_ws/src/install/super_odometry_msgs:/root/ros2_ws/src/install/livox_ros_driver2:/opt/ros/humble LD_LIBRARY_PATH=/root/ros2_ws/src/install/super_odometry_msgs/lib:/root/ros2_ws/src/install/livox_ros_driver2/lib:${LD_LIBRARY_PATH} PYTHONPATH=/root/ros2_ws/src/install/super_odometry_msgs/local/lib/python3.10/dist-packages:/root/ros2_ws/src/install/livox_ros_driver2/local/lib/python3.10/dist-packages:${PYTHONPATH} /usr/bin/cmake --install /root/ros2_ws/src/build/super_odometry
[105.245s] Level 1:colcon.colcon_core.environment:create_environment_scripts_only(super_odometry)
[105.245s] Level 1:colcon.colcon_core.environment:checking '/root/ros2_ws/src/install/super_odometry' for CMake module files
[105.245s] Level 1:colcon.colcon_core.environment:checking '/root/ros2_ws/src/install/super_odometry' for CMake config files
[105.245s] DEBUG:colcon.colcon_core.event_handler.log_command:Invoked command in '/root/ros2_ws/src/build/super_odometry' returned '0': AMENT_PREFIX_PATH=/root/ros2_ws/src/install/super_odometry_msgs:/root/ros2_ws/src/install/livox_ros_driver2:${AMENT_PREFIX_PATH} CMAKE_PREFIX_PATH=/root/ros2_ws/src/install/super_odometry_msgs:/root/ros2_ws/src/install/livox_ros_driver2:/opt/ros/humble LD_LIBRARY_PATH=/root/ros2_ws/src/install/super_odometry_msgs/lib:/root/ros2_ws/src/install/livox_ros_driver2/lib:${LD_LIBRARY_PATH} PYTHONPATH=/root/ros2_ws/src/install/super_odometry_msgs/local/lib/python3.10/dist-packages:/root/ros2_ws/src/install/livox_ros_driver2/local/lib/python3.10/dist-packages:${PYTHONPATH} /usr/bin/cmake --install /root/ros2_ws/src/build/super_odometry
[105.245s] Level 1:colcon.colcon_core.shell:create_environment_hook('super_odometry', 'cmake_prefix_path')
[105.246s] INFO:colcon.colcon_core.shell:Creating environment hook '/root/ros2_ws/src/install/super_odometry/share/super_odometry/hook/cmake_prefix_path.ps1'
[105.246s] INFO:colcon.colcon_core.shell:Creating environment descriptor '/root/ros2_ws/src/install/super_odometry/share/super_odometry/hook/cmake_prefix_path.dsv'
[105.246s] INFO:colcon.colcon_core.shell:Creating environment hook '/root/ros2_ws/src/install/super_odometry/share/super_odometry/hook/cmake_prefix_path.sh'
[105.246s] Level 1:colcon.colcon_core.environment:checking '/root/ros2_ws/src/install/super_odometry/lib'
[105.246s] Level 1:colcon.colcon_core.shell:create_environment_hook('super_odometry', 'ld_library_path_lib')
[105.246s] INFO:colcon.colcon_core.shell:Creating environment hook '/root/ros2_ws/src/install/super_odometry/share/super_odometry/hook/ld_library_path_lib.ps1'
[105.247s] INFO:colcon.colcon_core.shell:Creating environment descriptor '/root/ros2_ws/src/install/super_odometry/share/super_odometry/hook/ld_library_path_lib.dsv'
[105.247s] INFO:colcon.colcon_core.shell:Creating environment hook '/root/ros2_ws/src/install/super_odometry/share/super_odometry/hook/ld_library_path_lib.sh'
[105.247s] Level 1:colcon.colcon_core.environment:checking '/root/ros2_ws/src/install/super_odometry/bin'
[105.247s] Level 1:colcon.colcon_core.environment:checking '/root/ros2_ws/src/install/super_odometry/lib/pkgconfig/super_odometry.pc'
[105.247s] Level 1:colcon.colcon_core.environment:checking '/root/ros2_ws/src/install/super_odometry/lib/python3.10/site-packages'
[105.247s] Level 1:colcon.colcon_core.environment:checking '/root/ros2_ws/src/install/super_odometry/bin'
[105.247s] INFO:colcon.colcon_core.shell:Creating package script '/root/ros2_ws/src/install/super_odometry/share/super_odometry/package.ps1'
[105.247s] INFO:colcon.colcon_core.shell:Creating package descriptor '/root/ros2_ws/src/install/super_odometry/share/super_odometry/package.dsv'
[105.248s] INFO:colcon.colcon_core.shell:Creating package script '/root/ros2_ws/src/install/super_odometry/share/super_odometry/package.sh'
[105.248s] INFO:colcon.colcon_core.shell:Creating package script '/root/ros2_ws/src/install/super_odometry/share/super_odometry/package.bash'
[105.248s] INFO:colcon.colcon_core.shell:Creating package script '/root/ros2_ws/src/install/super_odometry/share/super_odometry/package.zsh'
[105.248s] Level 1:colcon.colcon_core.environment:create_file_with_runtime_dependencies(/root/ros2_ws/src/install/super_odometry/share/colcon-core/packages/super_odometry)
[105.248s] Level 1:colcon.colcon_core.environment:create_environment_scripts_only(super_odometry)
[105.248s] Level 1:colcon.colcon_core.environment:checking '/root/ros2_ws/src/install/super_odometry' for CMake module files
[105.249s] Level 1:colcon.colcon_core.environment:checking '/root/ros2_ws/src/install/super_odometry' for CMake config files
[105.249s] Level 1:colcon.colcon_core.shell:create_environment_hook('super_odometry', 'cmake_prefix_path')
[105.249s] INFO:colcon.colcon_core.shell:Creating environment hook '/root/ros2_ws/src/install/super_odometry/share/super_odometry/hook/cmake_prefix_path.ps1'
[105.249s] INFO:colcon.colcon_core.shell:Creating environment descriptor '/root/ros2_ws/src/install/super_odometry/share/super_odometry/hook/cmake_prefix_path.dsv'
[105.249s] INFO:colcon.colcon_core.shell:Creating environment hook '/root/ros2_ws/src/install/super_odometry/share/super_odometry/hook/cmake_prefix_path.sh'
[105.249s] Level 1:colcon.colcon_core.environment:checking '/root/ros2_ws/src/install/super_odometry/lib'
[105.249s] Level 1:colcon.colcon_core.shell:create_environment_hook('super_odometry', 'ld_library_path_lib')
[105.250s] INFO:colcon.colcon_core.shell:Creating environment hook '/root/ros2_ws/src/install/super_odometry/share/super_odometry/hook/ld_library_path_lib.ps1'
[105.250s] INFO:colcon.colcon_core.shell:Creating environment descriptor '/root/ros2_ws/src/install/super_odometry/share/super_odometry/hook/ld_library_path_lib.dsv'
[105.250s] INFO:colcon.colcon_core.shell:Creating environment hook '/root/ros2_ws/src/install/super_odometry/share/super_odometry/hook/ld_library_path_lib.sh'
[105.250s] Level 1:colcon.colcon_core.environment:checking '/root/ros2_ws/src/install/super_odometry/bin'
[105.250s] Level 1:colcon.colcon_core.environment:checking '/root/ros2_ws/src/install/super_odometry/lib/pkgconfig/super_odometry.pc'
[105.250s] Level 1:colcon.colcon_core.environment:checking '/root/ros2_ws/src/install/super_odometry/lib/python3.10/site-packages'
[105.250s] Level 1:colcon.colcon_core.environment:checking '/root/ros2_ws/src/install/super_odometry/bin'
[105.250s] INFO:colcon.colcon_core.shell:Creating package script '/root/ros2_ws/src/install/super_odometry/share/super_odometry/package.ps1'
[105.251s] INFO:colcon.colcon_core.shell:Creating package descriptor '/root/ros2_ws/src/install/super_odometry/share/super_odometry/package.dsv'
[105.251s] INFO:colcon.colcon_core.shell:Creating package script '/root/ros2_ws/src/install/super_odometry/share/super_odometry/package.sh'
[105.251s] INFO:colcon.colcon_core.shell:Creating package script '/root/ros2_ws/src/install/super_odometry/share/super_odometry/package.bash'
[105.251s] INFO:colcon.colcon_core.shell:Creating package script '/root/ros2_ws/src/install/super_odometry/share/super_odometry/package.zsh'
[105.251s] Level 1:colcon.colcon_core.environment:create_file_with_runtime_dependencies(/root/ros2_ws/src/install/super_odometry/share/colcon-core/packages/super_odometry)
[105.251s] DEBUG:colcon.colcon_parallel_executor.executor.parallel:closing loop
[105.251s] DEBUG:colcon.colcon_parallel_executor.executor.parallel:loop closed
[105.251s] DEBUG:colcon.colcon_parallel_executor.executor.parallel:run_until_complete finished with '0'
[105.252s] DEBUG:colcon.colcon_core.event_reactor:joining thread
[105.258s] INFO:colcon.colcon_core.plugin_system:Skipping extension 'colcon_notification.desktop_notification.notify_send': Could not find 'notify-send'
[105.258s] INFO:colcon.colcon_core.plugin_system:Skipping extension 'colcon_notification.desktop_notification.terminal_notifier': Not used on non-Darwin systems
[105.258s] INFO:colcon.colcon_core.plugin_system:Skipping extension 'colcon_notification.desktop_notification.win32': Not used on non-Windows systems
[105.258s] INFO:colcon.colcon_notification.desktop_notification:Sending desktop notification using 'notify2'
[105.260s] DEBUG:colcon.colcon_notification.desktop_notification.notify2:Failed to initialize notify2: org.freedesktop.DBus.Error.Spawn.ExecFailed: /usr/bin/dbus-launch terminated abnormally without any error message
[105.261s] DEBUG:colcon.colcon_core.event_reactor:joined thread
[105.261s] INFO:colcon.colcon_core.shell:Creating prefix script '/root/ros2_ws/src/install/local_setup.ps1'
[105.262s] INFO:colcon.colcon_core.shell:Creating prefix util module '/root/ros2_ws/src/install/_local_setup_util_ps1.py'
[105.263s] INFO:colcon.colcon_core.shell:Creating prefix chain script '/root/ros2_ws/src/install/setup.ps1'
[105.263s] INFO:colcon.colcon_core.shell:Creating prefix script '/root/ros2_ws/src/install/local_setup.sh'
[105.264s] INFO:colcon.colcon_core.shell:Creating prefix util module '/root/ros2_ws/src/install/_local_setup_util_sh.py'
[105.264s] INFO:colcon.colcon_core.shell:Creating prefix chain script '/root/ros2_ws/src/install/setup.sh'
[105.264s] INFO:colcon.colcon_core.shell:Creating prefix script '/root/ros2_ws/src/install/local_setup.bash'
[105.264s] INFO:colcon.colcon_core.shell:Creating prefix chain script '/root/ros2_ws/src/install/setup.bash'
[105.265s] INFO:colcon.colcon_core.shell:Creating prefix script '/root/ros2_ws/src/install/local_setup.zsh'
[105.265s] INFO:colcon.colcon_core.shell:Creating prefix chain script '/root/ros2_ws/src/install/setup.zsh'
