[0.032s] Invoking command in '/root/ros2_ws/src/build/unitree_go': CMAKE_PREFIX_PATH=/opt/ros/humble /usr/bin/cmake /root/ros2_ws/src/utilities/unitree_pkgs/unitree_go -DROS_EDITION=ROS2 -DHUMBLE_ROS=humble -DCMAKE_INSTALL_PREFIX=/root/ros2_ws/src/install/unitree_go
[0.461s] -- The C compiler identification is GNU 11.4.0
[0.461s] -- The CXX compiler identification is GNU 11.4.0
[0.461s] -- Detecting C compiler ABI info
[0.461s] -- Detecting C compiler ABI info - done
[0.461s] -- Check for working C compiler: /usr/bin/cc - skipped
[0.461s] -- Detecting C compile features
[0.461s] -- Detecting C compile features - done
[0.461s] -- Detecting CXX compiler ABI info
[0.461s] -- Detecting CXX compiler ABI info - done
[0.461s] -- Check for working CXX compiler: /usr/bin/c++ - skipped
[0.461s] -- Detecting CXX compile features
[0.461s] -- Detecting CXX compile features - done
[0.461s] -- Found ament_cmake: 1.3.12 (/opt/ros/humble/share/ament_cmake/cmake)
[0.461s] -- Found Python3: /usr/bin/python3 (found version "3.10.12") found components: Interpreter 
[0.484s] -- Found geometry_msgs: 4.9.0 (/opt/ros/humble/share/geometry_msgs/cmake)
[0.560s] -- Found rosidl_generator_c: 3.1.8 (/opt/ros/humble/share/rosidl_generator_c/cmake)
[0.577s] -- Found rosidl_adapter: 3.1.8 (/opt/ros/humble/share/rosidl_adapter/cmake)
[0.597s] -- Found rosidl_generator_cpp: 3.1.8 (/opt/ros/humble/share/rosidl_generator_cpp/cmake)
[0.624s] -- Using all available rosidl_typesupport_c: rosidl_typesupport_fastrtps_c;rosidl_typesupport_introspection_c
[0.666s] -- Using all available rosidl_typesupport_cpp: rosidl_typesupport_fastrtps_cpp;rosidl_typesupport_introspection_cpp
[0.785s] -- Found rosidl_default_generators: 1.2.0 (/opt/ros/humble/share/rosidl_default_generators/cmake)
[0.825s] -- Found rosidl_generator_dds_idl: 0.8.1 (/opt/ros/humble/share/rosidl_generator_dds_idl/cmake)
[1.296s] -- Found ament_cmake_ros: 0.10.0 (/opt/ros/humble/share/ament_cmake_ros/cmake)
[1.757s] -- Using all available rosidl_typesupport_c: rosidl_typesupport_fastrtps_c;rosidl_typesupport_introspection_c
[2.002s] -- Using all available rosidl_typesupport_cpp: rosidl_typesupport_fastrtps_cpp;rosidl_typesupport_introspection_cpp
[2.026s] -- Found PythonInterp: /usr/bin/python3 (found suitable version "3.10.12", minimum required is "3.6") 
[2.028s] -- Found python_cmake_module: 0.10.0 (/opt/ros/humble/share/python_cmake_module/cmake)
[2.065s] -- Found PythonLibs: /usr/lib/x86_64-linux-gnu/libpython3.10.so (found suitable version "3.10.12", minimum required is "3.5") 
[2.066s] -- Using PYTHON_EXECUTABLE: /usr/bin/python3
[2.066s] -- Using PYTHON_INCLUDE_DIRS: /usr/include/python3.10
[2.066s] -- Using PYTHON_LIBRARIES: /usr/lib/x86_64-linux-gnu/libpython3.10.so
[2.090s] -- Found PythonExtra: .so  
[2.329s] -- Using numpy include directory: /usr/local/lib/python3.10/dist-packages/numpy/core/include
[2.390s] -- Found ament_lint_auto: 0.12.14 (/opt/ros/humble/share/ament_lint_auto/cmake)
[2.438s] -- Added test 'copyright' to check source files copyright and LICENSE
[2.443s] -- Added test 'lint_cmake' to check CMake code style
[2.446s] -- Added test 'xmllint' to check XML markup files
[2.448s] -- Configuring done
[2.567s] -- Generating done
[2.569s] [33mCMake Warning:
[2.569s]   Manually-specified variables were not used by the project:
[2.569s] 
[2.570s]     HUMBLE_ROS
[2.570s]     ROS_EDITION
[2.570s] 
[2.570s] [0m
[2.612s] -- Build files have been written to: /root/ros2_ws/src/build/unitree_go
[2.715s] Invoked command in '/root/ros2_ws/src/build/unitree_go' returned '0': CMAKE_PREFIX_PATH=/opt/ros/humble /usr/bin/cmake /root/ros2_ws/src/utilities/unitree_pkgs/unitree_go -DROS_EDITION=ROS2 -DHUMBLE_ROS=humble -DCMAKE_INSTALL_PREFIX=/root/ros2_ws/src/install/unitree_go
[2.716s] Invoking command in '/root/ros2_ws/src/build/unitree_go': CMAKE_PREFIX_PATH=/opt/ros/humble /usr/bin/cmake --build /root/ros2_ws/src/build/unitree_go -- -j24 -l24
[4.715s] [  1%] [34m[1mGenerating C code for ROS interfaces[0m
[4.716s] [  1%] [34m[1mGenerating C++ code for ROS interfaces[0m
[4.716s] [  2%] [34m[1mGenerating DDS interfaces[0m
[4.716s] [  2%] Built target ament_cmake_python_copy_unitree_go
[4.716s] running egg_info
[4.716s] creating unitree_go.egg-info
[4.716s] writing unitree_go.egg-info/PKG-INFO
[4.716s] writing dependency_links to unitree_go.egg-info/dependency_links.txt
[4.716s] writing top-level names to unitree_go.egg-info/top_level.txt
[4.716s] writing manifest file 'unitree_go.egg-info/SOURCES.txt'
[4.716s] reading manifest file 'unitree_go.egg-info/SOURCES.txt'
[4.717s] writing manifest file 'unitree_go.egg-info/SOURCES.txt'
[4.717s] [  2%] Built target ament_cmake_python_build_unitree_go_egg
[4.717s] [  2%] Built target unitree_go__dds_connext_idl
[4.717s] /usr/local/lib/python3.10/dist-packages/setuptools_scm/_integration/setuptools.py:24: RuntimeWarning: 
[4.717s] ERROR: setuptools==59.6.0 is used in combination with setuptools-scm>=8.x
[4.717s] 
[4.717s] Your build configuration is incomplete and previously worked by accident!
[4.717s] setuptools-scm requires setuptools>=61 (recommended: >=80)
[4.717s] 
[4.717s] Suggested workaround if applicable:
[4.717s]  - migrating from the deprecated setup_requires mechanism to pep517/518
[4.718s]    and using a pyproject.toml to declare build dependencies
[4.718s]    which are reliably pre-installed before running the build tools
[4.718s] 
[4.718s]   warnings.warn(
[4.718s] listing git files failed - pretending there aren't any
[5.724s] [  2%] [32mBuilding C object CMakeFiles/unitree_go__rosidl_generator_c.dir/rosidl_generator_c/unitree_go/msg/detail/audio_data__functions.c.o[0m
[5.726s] [  2%] [32mBuilding C object CMakeFiles/unitree_go__rosidl_generator_c.dir/rosidl_generator_c/unitree_go/msg/detail/bms_state__functions.c.o[0m
[5.756s] [  3%] [32mBuilding C object CMakeFiles/unitree_go__rosidl_generator_c.dir/rosidl_generator_c/unitree_go/msg/detail/error__functions.c.o[0m
[5.763s] [  3%] [32mBuilding C object CMakeFiles/unitree_go__rosidl_generator_c.dir/rosidl_generator_c/unitree_go/msg/detail/go2_front_video_data__functions.c.o[0m
[5.768s] [  5%] [32mBuilding C object CMakeFiles/unitree_go__rosidl_generator_c.dir/rosidl_generator_c/unitree_go/msg/detail/low_cmd__functions.c.o[0m
[5.769s] [  5%] [32mBuilding C object CMakeFiles/unitree_go__rosidl_generator_c.dir/rosidl_generator_c/unitree_go/msg/detail/bms_cmd__functions.c.o[0m
[5.776s] [  6%] [32mBuilding C object CMakeFiles/unitree_go__rosidl_generator_c.dir/rosidl_generator_c/unitree_go/msg/detail/height_map__functions.c.o[0m
[5.783s] [  7%] [32mBuilding C object CMakeFiles/unitree_go__rosidl_generator_c.dir/rosidl_generator_c/unitree_go/msg/detail/motor_cmd__functions.c.o[0m
[5.787s] [  7%] [32mBuilding C object CMakeFiles/unitree_go__rosidl_generator_c.dir/rosidl_generator_c/unitree_go/msg/detail/low_state__functions.c.o[0m
[5.805s] [  7%] [32mBuilding C object CMakeFiles/unitree_go__rosidl_generator_c.dir/rosidl_generator_c/unitree_go/msg/detail/imu_state__functions.c.o[0m
[5.810s] [  7%] [32mBuilding C object CMakeFiles/unitree_go__rosidl_generator_c.dir/rosidl_generator_c/unitree_go/msg/detail/lidar_state__functions.c.o[0m
[5.825s] [  8%] [32mBuilding C object CMakeFiles/unitree_go__rosidl_generator_c.dir/rosidl_generator_c/unitree_go/msg/detail/interface_config__functions.c.o[0m
[5.825s] [  8%] [32mBuilding C object CMakeFiles/unitree_go__rosidl_generator_c.dir/rosidl_generator_c/unitree_go/msg/detail/motor_state__functions.c.o[0m
[5.827s] [  9%] [32mBuilding C object CMakeFiles/unitree_go__rosidl_generator_c.dir/rosidl_generator_c/unitree_go/msg/detail/path_point__functions.c.o[0m
[5.828s] [  9%] [32mBuilding C object CMakeFiles/unitree_go__rosidl_generator_c.dir/rosidl_generator_c/unitree_go/msg/detail/req__functions.c.o[0m
[5.885s] [  9%] [32mBuilding C object CMakeFiles/unitree_go__rosidl_generator_c.dir/rosidl_generator_c/unitree_go/msg/detail/sport_mode_cmd__functions.c.o[0m
[5.903s] [  9%] [32mBuilding C object CMakeFiles/unitree_go__rosidl_generator_c.dir/rosidl_generator_c/unitree_go/msg/detail/time_spec__functions.c.o[0m
[5.908s] [ 10%] [32mBuilding C object CMakeFiles/unitree_go__rosidl_generator_c.dir/rosidl_generator_c/unitree_go/msg/detail/res__functions.c.o[0m
[5.946s] [ 10%] [32mBuilding C object CMakeFiles/unitree_go__rosidl_generator_c.dir/rosidl_generator_c/unitree_go/msg/detail/uwb_switch__functions.c.o[0m
[5.946s] [ 11%] [32mBuilding C object CMakeFiles/unitree_go__rosidl_generator_c.dir/rosidl_generator_c/unitree_go/msg/detail/sport_mode_state__functions.c.o[0m
[5.983s] [ 12%] [32mBuilding C object CMakeFiles/unitree_go__rosidl_generator_c.dir/rosidl_generator_c/unitree_go/msg/detail/wireless_controller__functions.c.o[0m
[5.983s] [ 13%] [32mBuilding C object CMakeFiles/unitree_go__rosidl_generator_c.dir/rosidl_generator_c/unitree_go/msg/detail/uwb_state__functions.c.o[0m
[5.983s] [ 13%] Built target unitree_go__cpp
[6.032s] [ 13%] [34m[1mGenerating C++ type support dispatch for ROS interfaces[0m
[6.033s] [ 13%] [34m[1mGenerating C++ type support for eProsima Fast-RTPS[0m
[6.078s] [ 13%] [34m[1mGenerating C++ introspection for ROS interfaces[0m
[6.422s] [ 13%] [32m[1mLinking C shared library libunitree_go__rosidl_generator_c.so[0m
[6.637s] [ 13%] Built target unitree_go__rosidl_generator_c
[6.689s] [ 13%] [34m[1mGenerating C type support for eProsima Fast-RTPS[0m
[6.755s] [ 13%] [34m[1mGenerating C introspection for ROS interfaces[0m
[6.762s] [ 13%] [34m[1mGenerating C type support dispatch for ROS interfaces[0m
[9.197s] [ 14%] [32mBuilding CXX object CMakeFiles/unitree_go__rosidl_typesupport_cpp.dir/rosidl_typesupport_cpp/unitree_go/msg/audio_data__type_support.cpp.o[0m
[9.204s] [ 14%] [32mBuilding CXX object CMakeFiles/unitree_go__rosidl_typesupport_cpp.dir/rosidl_typesupport_cpp/unitree_go/msg/bms_cmd__type_support.cpp.o[0m
[9.209s] [ 14%] [32mBuilding CXX object CMakeFiles/unitree_go__rosidl_typesupport_cpp.dir/rosidl_typesupport_cpp/unitree_go/msg/error__type_support.cpp.o[0m
[9.223s] [ 15%] [32mBuilding CXX object CMakeFiles/unitree_go__rosidl_typesupport_cpp.dir/rosidl_typesupport_cpp/unitree_go/msg/bms_state__type_support.cpp.o[0m
[9.230s] [ 16%] [32mBuilding CXX object CMakeFiles/unitree_go__rosidl_typesupport_cpp.dir/rosidl_typesupport_cpp/unitree_go/msg/imu_state__type_support.cpp.o[0m
[9.230s] [ 16%] [32mBuilding CXX object CMakeFiles/unitree_go__rosidl_typesupport_cpp.dir/rosidl_typesupport_cpp/unitree_go/msg/height_map__type_support.cpp.o[0m
[9.236s] [ 17%] [32mBuilding CXX object CMakeFiles/unitree_go__rosidl_typesupport_cpp.dir/rosidl_typesupport_cpp/unitree_go/msg/lidar_state__type_support.cpp.o[0m
[9.237s] [ 17%] [32mBuilding CXX object CMakeFiles/unitree_go__rosidl_typesupport_cpp.dir/rosidl_typesupport_cpp/unitree_go/msg/low_cmd__type_support.cpp.o[0m
[9.238s] [ 17%] [32mBuilding CXX object CMakeFiles/unitree_go__rosidl_typesupport_cpp.dir/rosidl_typesupport_cpp/unitree_go/msg/interface_config__type_support.cpp.o[0m
[9.245s] [ 18%] [32mBuilding CXX object CMakeFiles/unitree_go__rosidl_typesupport_cpp.dir/rosidl_typesupport_cpp/unitree_go/msg/go2_front_video_data__type_support.cpp.o[0m
[9.277s] [ 18%] [32mBuilding CXX object CMakeFiles/unitree_go__rosidl_typesupport_cpp.dir/rosidl_typesupport_cpp/unitree_go/msg/path_point__type_support.cpp.o[0m
[9.288s] [ 19%] [32mBuilding CXX object CMakeFiles/unitree_go__rosidl_typesupport_cpp.dir/rosidl_typesupport_cpp/unitree_go/msg/low_state__type_support.cpp.o[0m
[9.295s] [ 20%] [32mBuilding CXX object CMakeFiles/unitree_go__rosidl_typesupport_cpp.dir/rosidl_typesupport_cpp/unitree_go/msg/req__type_support.cpp.o[0m
[9.295s] [ 21%] [32mBuilding CXX object CMakeFiles/unitree_go__rosidl_typesupport_cpp.dir/rosidl_typesupport_cpp/unitree_go/msg/res__type_support.cpp.o[0m
[9.300s] [ 22%] [32mBuilding CXX object CMakeFiles/unitree_go__rosidl_typesupport_cpp.dir/rosidl_typesupport_cpp/unitree_go/msg/sport_mode_cmd__type_support.cpp.o[0m
[9.300s] [ 23%] [32mBuilding CXX object CMakeFiles/unitree_go__rosidl_typesupport_cpp.dir/rosidl_typesupport_cpp/unitree_go/msg/time_spec__type_support.cpp.o[0m
[9.303s] [ 21%] [32mBuilding CXX object CMakeFiles/unitree_go__rosidl_typesupport_cpp.dir/rosidl_typesupport_cpp/unitree_go/msg/motor_state__type_support.cpp.o[0m
[9.312s] [ 22%] [32mBuilding CXX object CMakeFiles/unitree_go__rosidl_typesupport_cpp.dir/rosidl_typesupport_cpp/unitree_go/msg/motor_cmd__type_support.cpp.o[0m
[9.316s] [ 23%] [32mBuilding CXX object CMakeFiles/unitree_go__rosidl_typesupport_cpp.dir/rosidl_typesupport_cpp/unitree_go/msg/sport_mode_state__type_support.cpp.o[0m
[9.359s] [ 24%] [32mBuilding C object CMakeFiles/unitree_go__rosidl_typesupport_introspection_c.dir/rosidl_typesupport_introspection_c/unitree_go/msg/detail/audio_data__type_support.c.o[0m
[9.512s] [ 24%] [32mBuilding C object CMakeFiles/unitree_go__rosidl_typesupport_introspection_c.dir/rosidl_typesupport_introspection_c/unitree_go/msg/detail/bms_cmd__type_support.c.o[0m
[9.637s] [ 25%] [32mBuilding C object CMakeFiles/unitree_go__rosidl_typesupport_introspection_c.dir/rosidl_typesupport_introspection_c/unitree_go/msg/detail/bms_state__type_support.c.o[0m
[9.790s] [ 25%] [32mBuilding C object CMakeFiles/unitree_go__rosidl_typesupport_introspection_c.dir/rosidl_typesupport_introspection_c/unitree_go/msg/detail/error__type_support.c.o[0m
[9.907s] [ 26%] [32mBuilding C object CMakeFiles/unitree_go__rosidl_typesupport_introspection_c.dir/rosidl_typesupport_introspection_c/unitree_go/msg/detail/go2_front_video_data__type_support.c.o[0m
[9.927s] [ 26%] [32mBuilding CXX object CMakeFiles/unitree_go__rosidl_typesupport_cpp.dir/rosidl_typesupport_cpp/unitree_go/msg/uwb_state__type_support.cpp.o[0m
[10.069s] [ 26%] [32mBuilding C object CMakeFiles/unitree_go__rosidl_typesupport_introspection_c.dir/rosidl_typesupport_introspection_c/unitree_go/msg/detail/height_map__type_support.c.o[0m
[10.101s] [ 27%] [32mBuilding CXX object CMakeFiles/unitree_go__rosidl_typesupport_cpp.dir/rosidl_typesupport_cpp/unitree_go/msg/uwb_switch__type_support.cpp.o[0m
[10.104s] [ 28%] [32mBuilding C object CMakeFiles/unitree_go__rosidl_typesupport_introspection_c.dir/rosidl_typesupport_introspection_c/unitree_go/msg/detail/imu_state__type_support.c.o[0m
[10.135s] [ 28%] [32mBuilding CXX object CMakeFiles/unitree_go__rosidl_typesupport_cpp.dir/rosidl_typesupport_cpp/unitree_go/msg/wireless_controller__type_support.cpp.o[0m
[10.175s] [ 28%] [32mBuilding C object CMakeFiles/unitree_go__rosidl_typesupport_introspection_c.dir/rosidl_typesupport_introspection_c/unitree_go/msg/detail/interface_config__type_support.c.o[0m
[10.321s] [ 28%] [32mBuilding C object CMakeFiles/unitree_go__rosidl_typesupport_introspection_c.dir/rosidl_typesupport_introspection_c/unitree_go/msg/detail/low_cmd__type_support.c.o[0m
[10.333s] [ 29%] [32mBuilding C object CMakeFiles/unitree_go__rosidl_typesupport_introspection_c.dir/rosidl_typesupport_introspection_c/unitree_go/msg/detail/low_state__type_support.c.o[0m
[10.338s] [ 30%] [32mBuilding C object CMakeFiles/unitree_go__rosidl_typesupport_introspection_c.dir/rosidl_typesupport_introspection_c/unitree_go/msg/detail/lidar_state__type_support.c.o[0m
[10.361s] [ 30%] [32mBuilding C object CMakeFiles/unitree_go__rosidl_typesupport_introspection_c.dir/rosidl_typesupport_introspection_c/unitree_go/msg/detail/motor_cmd__type_support.c.o[0m
[10.374s] [ 31%] [32mBuilding C object CMakeFiles/unitree_go__rosidl_typesupport_introspection_c.dir/rosidl_typesupport_introspection_c/unitree_go/msg/detail/motor_state__type_support.c.o[0m
[10.418s] [ 32%] [32mBuilding CXX object CMakeFiles/unitree_go__rosidl_typesupport_fastrtps_cpp.dir/rosidl_typesupport_fastrtps_cpp/unitree_go/msg/detail/dds_fastrtps/audio_data__type_support.cpp.o[0m
[10.433s] [ 33%] [32mBuilding CXX object CMakeFiles/unitree_go__rosidl_typesupport_introspection_cpp.dir/rosidl_typesupport_introspection_cpp/unitree_go/msg/detail/audio_data__type_support.cpp.o[0m
[10.440s] [ 33%] [32mBuilding CXX object CMakeFiles/unitree_go__rosidl_typesupport_introspection_cpp.dir/rosidl_typesupport_introspection_cpp/unitree_go/msg/detail/bms_cmd__type_support.cpp.o[0m
[10.447s] [ 34%] [32mBuilding CXX object CMakeFiles/unitree_go__rosidl_typesupport_introspection_cpp.dir/rosidl_typesupport_introspection_cpp/unitree_go/msg/detail/bms_state__type_support.cpp.o[0m
[10.447s] [ 34%] [32mBuilding CXX object CMakeFiles/unitree_go__rosidl_typesupport_fastrtps_cpp.dir/rosidl_typesupport_fastrtps_cpp/unitree_go/msg/detail/dds_fastrtps/error__type_support.cpp.o[0m
[10.449s] [ 34%] [32mBuilding C object CMakeFiles/unitree_go__rosidl_typesupport_introspection_c.dir/rosidl_typesupport_introspection_c/unitree_go/msg/detail/path_point__type_support.c.o[0m
[10.454s] [ 35%] [32mBuilding CXX object CMakeFiles/unitree_go__rosidl_typesupport_fastrtps_cpp.dir/rosidl_typesupport_fastrtps_cpp/unitree_go/msg/detail/dds_fastrtps/bms_state__type_support.cpp.o[0m
[10.454s] [ 36%] [32mBuilding C object CMakeFiles/unitree_go__rosidl_typesupport_introspection_c.dir/rosidl_typesupport_introspection_c/unitree_go/msg/detail/req__type_support.c.o[0m
[10.458s] [ 36%] [32mBuilding C object CMakeFiles/unitree_go__rosidl_typesupport_introspection_c.dir/rosidl_typesupport_introspection_c/unitree_go/msg/detail/res__type_support.c.o[0m
[10.464s] [ 36%] [32mBuilding CXX object CMakeFiles/unitree_go__rosidl_typesupport_introspection_cpp.dir/rosidl_typesupport_introspection_cpp/unitree_go/msg/detail/error__type_support.cpp.o[0m
[10.465s] [ 36%] [32mBuilding CXX object CMakeFiles/unitree_go__rosidl_typesupport_fastrtps_cpp.dir/rosidl_typesupport_fastrtps_cpp/unitree_go/msg/detail/dds_fastrtps/bms_cmd__type_support.cpp.o[0m
[10.490s] [ 37%] [32mBuilding C object CMakeFiles/unitree_go__rosidl_typesupport_introspection_c.dir/rosidl_typesupport_introspection_c/unitree_go/msg/detail/sport_mode_cmd__type_support.c.o[0m
[10.499s] [ 38%] [32mBuilding CXX object CMakeFiles/unitree_go__rosidl_typesupport_fastrtps_cpp.dir/rosidl_typesupport_fastrtps_cpp/unitree_go/msg/detail/dds_fastrtps/go2_front_video_data__type_support.cpp.o[0m
[10.504s] [ 38%] [32mBuilding CXX object CMakeFiles/unitree_go__rosidl_typesupport_fastrtps_cpp.dir/rosidl_typesupport_fastrtps_cpp/unitree_go/msg/detail/dds_fastrtps/height_map__type_support.cpp.o[0m
[10.534s] [ 39%] [32mBuilding CXX object CMakeFiles/unitree_go__rosidl_typesupport_introspection_cpp.dir/rosidl_typesupport_introspection_cpp/unitree_go/msg/detail/go2_front_video_data__type_support.cpp.o[0m
[10.536s] [ 40%] [32mBuilding CXX object CMakeFiles/unitree_go__rosidl_typesupport_fastrtps_cpp.dir/rosidl_typesupport_fastrtps_cpp/unitree_go/msg/detail/dds_fastrtps/imu_state__type_support.cpp.o[0m
[10.538s] [ 40%] [32mBuilding CXX object CMakeFiles/unitree_go__rosidl_typesupport_introspection_cpp.dir/rosidl_typesupport_introspection_cpp/unitree_go/msg/detail/height_map__type_support.cpp.o[0m
[10.542s] [ 41%] [32mBuilding CXX object CMakeFiles/unitree_go__rosidl_typesupport_fastrtps_cpp.dir/rosidl_typesupport_fastrtps_cpp/unitree_go/msg/detail/dds_fastrtps/interface_config__type_support.cpp.o[0m
[10.542s] [ 41%] [32mBuilding CXX object CMakeFiles/unitree_go__rosidl_typesupport_fastrtps_c.dir/rosidl_typesupport_fastrtps_c/unitree_go/msg/detail/audio_data__type_support_c.cpp.o[0m
[10.582s] [ 42%] [32mBuilding CXX object CMakeFiles/unitree_go__rosidl_typesupport_fastrtps_cpp.dir/rosidl_typesupport_fastrtps_cpp/unitree_go/msg/detail/dds_fastrtps/lidar_state__type_support.cpp.o[0m
[10.594s] [ 43%] [32mBuilding CXX object CMakeFiles/unitree_go__rosidl_typesupport_introspection_cpp.dir/rosidl_typesupport_introspection_cpp/unitree_go/msg/detail/imu_state__type_support.cpp.o[0m
[10.607s] [ 43%] [32mBuilding CXX object CMakeFiles/unitree_go__rosidl_typesupport_fastrtps_c.dir/rosidl_typesupport_fastrtps_c/unitree_go/msg/detail/bms_cmd__type_support_c.cpp.o[0m
[10.648s] [ 43%] [32mBuilding CXX object CMakeFiles/unitree_go__rosidl_typesupport_introspection_cpp.dir/rosidl_typesupport_introspection_cpp/unitree_go/msg/detail/interface_config__type_support.cpp.o[0m
[10.708s] [ 43%] [32mBuilding C object CMakeFiles/unitree_go__rosidl_typesupport_introspection_c.dir/rosidl_typesupport_introspection_c/unitree_go/msg/detail/sport_mode_state__type_support.c.o[0m
[10.795s] [ 43%] [32mBuilding CXX object CMakeFiles/unitree_go__rosidl_typesupport_fastrtps_cpp.dir/rosidl_typesupport_fastrtps_cpp/unitree_go/msg/detail/dds_fastrtps/low_cmd__type_support.cpp.o[0m
[10.928s] [ 44%] [32mBuilding C object CMakeFiles/unitree_go__rosidl_typesupport_introspection_c.dir/rosidl_typesupport_introspection_c/unitree_go/msg/detail/time_spec__type_support.c.o[0m
[11.068s] [ 44%] [32mBuilding C object CMakeFiles/unitree_go__rosidl_typesupport_introspection_c.dir/rosidl_typesupport_introspection_c/unitree_go/msg/detail/uwb_state__type_support.c.o[0m
[11.072s] [ 45%] [32mBuilding CXX object CMakeFiles/unitree_go__rosidl_typesupport_fastrtps_cpp.dir/rosidl_typesupport_fastrtps_cpp/unitree_go/msg/detail/dds_fastrtps/low_state__type_support.cpp.o[0m
[11.218s] [ 46%] [32mBuilding C object CMakeFiles/unitree_go__rosidl_typesupport_introspection_c.dir/rosidl_typesupport_introspection_c/unitree_go/msg/detail/uwb_switch__type_support.c.o[0m
[11.354s] [ 46%] [32mBuilding C object CMakeFiles/unitree_go__rosidl_typesupport_introspection_c.dir/rosidl_typesupport_introspection_c/unitree_go/msg/detail/wireless_controller__type_support.c.o[0m
[11.406s] [ 47%] [32mBuilding CXX object CMakeFiles/unitree_go__rosidl_typesupport_fastrtps_c.dir/rosidl_typesupport_fastrtps_c/unitree_go/msg/detail/bms_state__type_support_c.cpp.o[0m
[11.463s] [ 48%] [32mBuilding CXX object CMakeFiles/unitree_go__rosidl_typesupport_c.dir/rosidl_typesupport_c/unitree_go/msg/audio_data__type_support.cpp.o[0m
[11.473s] [ 49%] [32m[1mLinking C shared library libunitree_go__rosidl_typesupport_introspection_c.so[0m
[11.504s] [ 49%] [32mBuilding CXX object CMakeFiles/unitree_go__rosidl_typesupport_c.dir/rosidl_typesupport_c/unitree_go/msg/bms_cmd__type_support.cpp.o[0m
[11.586s] [ 50%] [32mBuilding CXX object CMakeFiles/unitree_go__rosidl_typesupport_c.dir/rosidl_typesupport_c/unitree_go/msg/bms_state__type_support.cpp.o[0m
[11.637s] [ 50%] Built target unitree_go__rosidl_typesupport_introspection_c
[11.640s] [ 51%] [32m[1mLinking CXX shared library libunitree_go__rosidl_typesupport_cpp.so[0m
[11.653s] [ 51%] [32mBuilding CXX object CMakeFiles/unitree_go__rosidl_typesupport_fastrtps_cpp.dir/rosidl_typesupport_fastrtps_cpp/unitree_go/msg/detail/dds_fastrtps/motor_cmd__type_support.cpp.o[0m
[11.662s] [ 51%] [32mBuilding CXX object CMakeFiles/unitree_go__rosidl_typesupport_fastrtps_c.dir/rosidl_typesupport_fastrtps_c/unitree_go/msg/detail/error__type_support_c.cpp.o[0m
[11.673s] [ 52%] [32mBuilding CXX object CMakeFiles/unitree_go__rosidl_typesupport_fastrtps_cpp.dir/rosidl_typesupport_fastrtps_cpp/unitree_go/msg/detail/dds_fastrtps/motor_state__type_support.cpp.o[0m
[11.739s] [ 52%] [32mBuilding CXX object CMakeFiles/unitree_go__rosidl_typesupport_c.dir/rosidl_typesupport_c/unitree_go/msg/error__type_support.cpp.o[0m
[11.782s] [ 52%] Built target unitree_go__rosidl_typesupport_cpp
[11.805s] [ 53%] [32mBuilding CXX object CMakeFiles/unitree_go__rosidl_typesupport_c.dir/rosidl_typesupport_c/unitree_go/msg/go2_front_video_data__type_support.cpp.o[0m
[11.828s] [ 53%] [32mBuilding CXX object CMakeFiles/unitree_go__rosidl_typesupport_c.dir/rosidl_typesupport_c/unitree_go/msg/height_map__type_support.cpp.o[0m
[11.846s] [ 53%] [32mBuilding CXX object CMakeFiles/unitree_go__rosidl_typesupport_fastrtps_cpp.dir/rosidl_typesupport_fastrtps_cpp/unitree_go/msg/detail/dds_fastrtps/path_point__type_support.cpp.o[0m
[11.888s] [ 54%] [32mBuilding CXX object CMakeFiles/unitree_go__rosidl_typesupport_fastrtps_cpp.dir/rosidl_typesupport_fastrtps_cpp/unitree_go/msg/detail/dds_fastrtps/req__type_support.cpp.o[0m
[11.945s] [ 55%] [32mBuilding CXX object CMakeFiles/unitree_go__rosidl_typesupport_c.dir/rosidl_typesupport_c/unitree_go/msg/imu_state__type_support.cpp.o[0m
[11.959s] [ 55%] [32mBuilding CXX object CMakeFiles/unitree_go__rosidl_typesupport_c.dir/rosidl_typesupport_c/unitree_go/msg/interface_config__type_support.cpp.o[0m
[12.027s] [ 56%] [32mBuilding CXX object CMakeFiles/unitree_go__rosidl_typesupport_introspection_cpp.dir/rosidl_typesupport_introspection_cpp/unitree_go/msg/detail/lidar_state__type_support.cpp.o[0m
[12.035s] [ 56%] [32mBuilding CXX object CMakeFiles/unitree_go__rosidl_typesupport_fastrtps_cpp.dir/rosidl_typesupport_fastrtps_cpp/unitree_go/msg/detail/dds_fastrtps/res__type_support.cpp.o[0m
[12.041s] [ 57%] [32mBuilding CXX object CMakeFiles/unitree_go__rosidl_typesupport_c.dir/rosidl_typesupport_c/unitree_go/msg/lidar_state__type_support.cpp.o[0m
[12.070s] [ 58%] [32mBuilding CXX object CMakeFiles/unitree_go__rosidl_typesupport_fastrtps_c.dir/rosidl_typesupport_fastrtps_c/unitree_go/msg/detail/go2_front_video_data__type_support_c.cpp.o[0m
[12.139s] [ 58%] [32mBuilding CXX object CMakeFiles/unitree_go__rosidl_typesupport_c.dir/rosidl_typesupport_c/unitree_go/msg/low_cmd__type_support.cpp.o[0m
[12.190s] [ 59%] [32mBuilding CXX object CMakeFiles/unitree_go__rosidl_typesupport_c.dir/rosidl_typesupport_c/unitree_go/msg/low_state__type_support.cpp.o[0m
[12.198s] [ 60%] [32mBuilding CXX object CMakeFiles/unitree_go__rosidl_typesupport_fastrtps_cpp.dir/rosidl_typesupport_fastrtps_cpp/unitree_go/msg/detail/dds_fastrtps/sport_mode_cmd__type_support.cpp.o[0m
[12.290s] [ 60%] [32mBuilding CXX object CMakeFiles/unitree_go__rosidl_typesupport_c.dir/rosidl_typesupport_c/unitree_go/msg/motor_cmd__type_support.cpp.o[0m
[12.304s] [ 60%] [32mBuilding CXX object CMakeFiles/unitree_go__rosidl_typesupport_fastrtps_cpp.dir/rosidl_typesupport_fastrtps_cpp/unitree_go/msg/detail/dds_fastrtps/sport_mode_state__type_support.cpp.o[0m
[12.309s] [ 61%] [32mBuilding CXX object CMakeFiles/unitree_go__rosidl_typesupport_c.dir/rosidl_typesupport_c/unitree_go/msg/motor_state__type_support.cpp.o[0m
[12.328s] [ 61%] [32mBuilding CXX object CMakeFiles/unitree_go__rosidl_typesupport_c.dir/rosidl_typesupport_c/unitree_go/msg/path_point__type_support.cpp.o[0m
[12.393s] [ 61%] [32mBuilding CXX object CMakeFiles/unitree_go__rosidl_typesupport_fastrtps_c.dir/rosidl_typesupport_fastrtps_c/unitree_go/msg/detail/height_map__type_support_c.cpp.o[0m
[12.408s] [ 62%] [32mBuilding CXX object CMakeFiles/unitree_go__rosidl_typesupport_c.dir/rosidl_typesupport_c/unitree_go/msg/req__type_support.cpp.o[0m
[12.415s] [ 62%] [32mBuilding CXX object CMakeFiles/unitree_go__rosidl_typesupport_c.dir/rosidl_typesupport_c/unitree_go/msg/res__type_support.cpp.o[0m
[12.467s] [ 62%] [32mBuilding CXX object CMakeFiles/unitree_go__rosidl_typesupport_c.dir/rosidl_typesupport_c/unitree_go/msg/sport_mode_state__type_support.cpp.o[0m
[12.472s] [ 63%] [32mBuilding CXX object CMakeFiles/unitree_go__rosidl_typesupport_c.dir/rosidl_typesupport_c/unitree_go/msg/sport_mode_cmd__type_support.cpp.o[0m
[12.506s] [ 64%] [32mBuilding CXX object CMakeFiles/unitree_go__rosidl_typesupport_c.dir/rosidl_typesupport_c/unitree_go/msg/time_spec__type_support.cpp.o[0m
[12.537s] [ 64%] [32mBuilding CXX object CMakeFiles/unitree_go__rosidl_typesupport_c.dir/rosidl_typesupport_c/unitree_go/msg/uwb_state__type_support.cpp.o[0m
[12.548s] [ 65%] [32mBuilding CXX object CMakeFiles/unitree_go__rosidl_typesupport_c.dir/rosidl_typesupport_c/unitree_go/msg/uwb_switch__type_support.cpp.o[0m
[12.551s] [ 65%] [32mBuilding CXX object CMakeFiles/unitree_go__rosidl_typesupport_c.dir/rosidl_typesupport_c/unitree_go/msg/wireless_controller__type_support.cpp.o[0m
[12.551s] [ 66%] [32mBuilding CXX object CMakeFiles/unitree_go__rosidl_typesupport_fastrtps_cpp.dir/rosidl_typesupport_fastrtps_cpp/unitree_go/msg/detail/dds_fastrtps/time_spec__type_support.cpp.o[0m
[12.571s] [ 66%] [32mBuilding CXX object CMakeFiles/unitree_go__rosidl_typesupport_fastrtps_cpp.dir/rosidl_typesupport_fastrtps_cpp/unitree_go/msg/detail/dds_fastrtps/uwb_state__type_support.cpp.o[0m
[12.576s] [ 67%] [32mBuilding CXX object CMakeFiles/unitree_go__rosidl_typesupport_fastrtps_cpp.dir/rosidl_typesupport_fastrtps_cpp/unitree_go/msg/detail/dds_fastrtps/uwb_switch__type_support.cpp.o[0m
[12.576s] [ 67%] [32mBuilding CXX object CMakeFiles/unitree_go__rosidl_typesupport_introspection_cpp.dir/rosidl_typesupport_introspection_cpp/unitree_go/msg/detail/low_cmd__type_support.cpp.o[0m
[12.616s] [ 68%] [32mBuilding CXX object CMakeFiles/unitree_go__rosidl_typesupport_fastrtps_c.dir/rosidl_typesupport_fastrtps_c/unitree_go/msg/detail/imu_state__type_support_c.cpp.o[0m
[12.634s] [ 68%] [32mBuilding CXX object CMakeFiles/unitree_go__rosidl_typesupport_fastrtps_cpp.dir/rosidl_typesupport_fastrtps_cpp/unitree_go/msg/detail/dds_fastrtps/wireless_controller__type_support.cpp.o[0m
[12.658s] [ 68%] [32mBuilding CXX object CMakeFiles/unitree_go__rosidl_typesupport_fastrtps_c.dir/rosidl_typesupport_fastrtps_c/unitree_go/msg/detail/interface_config__type_support_c.cpp.o[0m
[12.679s] [ 69%] [32m[1mLinking CXX shared library libunitree_go__rosidl_typesupport_c.so[0m
[12.772s] [ 70%] [32mBuilding CXX object CMakeFiles/unitree_go__rosidl_typesupport_fastrtps_c.dir/rosidl_typesupport_fastrtps_c/unitree_go/msg/detail/lidar_state__type_support_c.cpp.o[0m
[12.858s] [ 71%] [32mBuilding CXX object CMakeFiles/unitree_go__rosidl_typesupport_introspection_cpp.dir/rosidl_typesupport_introspection_cpp/unitree_go/msg/detail/low_state__type_support.cpp.o[0m
[12.919s] [ 71%] Built target unitree_go__rosidl_typesupport_c
[12.965s] [ 71%] [32mBuilding CXX object CMakeFiles/unitree_go__rosidl_typesupport_fastrtps_c.dir/rosidl_typesupport_fastrtps_c/unitree_go/msg/detail/low_cmd__type_support_c.cpp.o[0m
[12.970s] [ 71%] [32mBuilding CXX object CMakeFiles/unitree_go__rosidl_typesupport_introspection_cpp.dir/rosidl_typesupport_introspection_cpp/unitree_go/msg/detail/motor_cmd__type_support.cpp.o[0m
[13.014s] [ 72%] [32mBuilding CXX object CMakeFiles/unitree_go__rosidl_typesupport_fastrtps_c.dir/rosidl_typesupport_fastrtps_c/unitree_go/msg/detail/low_state__type_support_c.cpp.o[0m
[13.048s] [ 73%] [32mBuilding CXX object CMakeFiles/unitree_go__rosidl_typesupport_introspection_cpp.dir/rosidl_typesupport_introspection_cpp/unitree_go/msg/detail/motor_state__type_support.cpp.o[0m
[13.288s] [ 73%] [32mBuilding CXX object CMakeFiles/unitree_go__rosidl_typesupport_fastrtps_c.dir/rosidl_typesupport_fastrtps_c/unitree_go/msg/detail/motor_cmd__type_support_c.cpp.o[0m
[13.319s] [ 74%] [32mBuilding CXX object CMakeFiles/unitree_go__rosidl_typesupport_fastrtps_c.dir/rosidl_typesupport_fastrtps_c/unitree_go/msg/detail/motor_state__type_support_c.cpp.o[0m
[13.389s] [ 75%] [32mBuilding CXX object CMakeFiles/unitree_go__rosidl_typesupport_fastrtps_c.dir/rosidl_typesupport_fastrtps_c/unitree_go/msg/detail/req__type_support_c.cpp.o[0m
[13.393s] [ 75%] [32mBuilding CXX object CMakeFiles/unitree_go__rosidl_typesupport_fastrtps_c.dir/rosidl_typesupport_fastrtps_c/unitree_go/msg/detail/path_point__type_support_c.cpp.o[0m
[13.493s] [ 75%] [32mBuilding CXX object CMakeFiles/unitree_go__rosidl_typesupport_fastrtps_c.dir/rosidl_typesupport_fastrtps_c/unitree_go/msg/detail/res__type_support_c.cpp.o[0m
[13.595s] [ 75%] [32mBuilding CXX object CMakeFiles/unitree_go__rosidl_typesupport_introspection_cpp.dir/rosidl_typesupport_introspection_cpp/unitree_go/msg/detail/path_point__type_support.cpp.o[0m
[13.605s] [ 76%] [32mBuilding CXX object CMakeFiles/unitree_go__rosidl_typesupport_fastrtps_c.dir/rosidl_typesupport_fastrtps_c/unitree_go/msg/detail/sport_mode_cmd__type_support_c.cpp.o[0m
[13.735s] [ 76%] [32mBuilding CXX object CMakeFiles/unitree_go__rosidl_typesupport_fastrtps_c.dir/rosidl_typesupport_fastrtps_c/unitree_go/msg/detail/sport_mode_state__type_support_c.cpp.o[0m
[13.780s] [ 77%] [32mBuilding CXX object CMakeFiles/unitree_go__rosidl_typesupport_fastrtps_c.dir/rosidl_typesupport_fastrtps_c/unitree_go/msg/detail/time_spec__type_support_c.cpp.o[0m
[13.870s] [ 77%] [32mBuilding CXX object CMakeFiles/unitree_go__rosidl_typesupport_fastrtps_c.dir/rosidl_typesupport_fastrtps_c/unitree_go/msg/detail/uwb_state__type_support_c.cpp.o[0m
[13.906s] [ 78%] [32mBuilding CXX object CMakeFiles/unitree_go__rosidl_typesupport_fastrtps_c.dir/rosidl_typesupport_fastrtps_c/unitree_go/msg/detail/uwb_switch__type_support_c.cpp.o[0m
[13.928s] [ 79%] [32mBuilding CXX object CMakeFiles/unitree_go__rosidl_typesupport_introspection_cpp.dir/rosidl_typesupport_introspection_cpp/unitree_go/msg/detail/req__type_support.cpp.o[0m
[13.929s] [ 79%] [32mBuilding CXX object CMakeFiles/unitree_go__rosidl_typesupport_fastrtps_c.dir/rosidl_typesupport_fastrtps_c/unitree_go/msg/detail/wireless_controller__type_support_c.cpp.o[0m
[13.979s] [ 79%] [32mBuilding CXX object CMakeFiles/unitree_go__rosidl_typesupport_introspection_cpp.dir/rosidl_typesupport_introspection_cpp/unitree_go/msg/detail/res__type_support.cpp.o[0m
[13.981s] [ 80%] [32mBuilding CXX object CMakeFiles/unitree_go__rosidl_typesupport_introspection_cpp.dir/rosidl_typesupport_introspection_cpp/unitree_go/msg/detail/sport_mode_cmd__type_support.cpp.o[0m
[14.137s] [ 80%] [32mBuilding CXX object CMakeFiles/unitree_go__rosidl_typesupport_introspection_cpp.dir/rosidl_typesupport_introspection_cpp/unitree_go/msg/detail/sport_mode_state__type_support.cpp.o[0m
[14.149s] [ 81%] [32mBuilding CXX object CMakeFiles/unitree_go__rosidl_typesupport_introspection_cpp.dir/rosidl_typesupport_introspection_cpp/unitree_go/msg/detail/time_spec__type_support.cpp.o[0m
[14.223s] [ 81%] [32mBuilding CXX object CMakeFiles/unitree_go__rosidl_typesupport_introspection_cpp.dir/rosidl_typesupport_introspection_cpp/unitree_go/msg/detail/uwb_state__type_support.cpp.o[0m
[14.289s] [ 82%] [32mBuilding CXX object CMakeFiles/unitree_go__rosidl_typesupport_introspection_cpp.dir/rosidl_typesupport_introspection_cpp/unitree_go/msg/detail/uwb_switch__type_support.cpp.o[0m
[14.344s] [ 82%] [32mBuilding CXX object CMakeFiles/unitree_go__rosidl_typesupport_introspection_cpp.dir/rosidl_typesupport_introspection_cpp/unitree_go/msg/detail/wireless_controller__type_support.cpp.o[0m
[14.590s] [ 83%] [32m[1mLinking CXX shared library libunitree_go__rosidl_typesupport_fastrtps_cpp.so[0m
[14.959s] [ 83%] Built target unitree_go__rosidl_typesupport_fastrtps_cpp
[15.190s] [ 84%] [32m[1mLinking CXX shared library libunitree_go__rosidl_typesupport_fastrtps_c.so[0m
[15.408s] [ 84%] Built target unitree_go__rosidl_typesupport_fastrtps_c
[15.617s] [ 85%] [32m[1mLinking CXX shared library libunitree_go__rosidl_typesupport_introspection_cpp.so[0m
[15.818s] [ 85%] Built target unitree_go__rosidl_typesupport_introspection_cpp
[15.892s] [ 85%] Built target unitree_go
[15.988s] [ 85%] [34m[1mGenerating Python code for ROS interfaces[0m
[22.722s] [ 85%] Built target unitree_go__py
[22.807s] [ 85%] [32mBuilding C object CMakeFiles/unitree_go__rosidl_generator_py.dir/rosidl_generator_py/unitree_go/msg/_height_map_s.c.o[0m
[22.816s] [ 88%] [32mBuilding C object CMakeFiles/unitree_go__rosidl_generator_py.dir/rosidl_generator_py/unitree_go/msg/_imu_state_s.c.o[0m
[22.817s] [ 86%] [32mBuilding C object CMakeFiles/unitree_go__rosidl_generator_py.dir/rosidl_generator_py/unitree_go/msg/_bms_state_s.c.o[0m
[22.818s] [ 87%] [32mBuilding C object CMakeFiles/unitree_go__rosidl_generator_py.dir/rosidl_generator_py/unitree_go/msg/_audio_data_s.c.o[0m
[22.827s] [ 88%] [32mBuilding C object CMakeFiles/unitree_go__rosidl_generator_py.dir/rosidl_generator_py/unitree_go/msg/_bms_cmd_s.c.o[0m
[22.832s] [ 88%] [32mBuilding C object CMakeFiles/unitree_go__rosidl_generator_py.dir/rosidl_generator_py/unitree_go/msg/_interface_config_s.c.o[0m
[22.833s] [ 88%] [32mBuilding C object CMakeFiles/unitree_go__rosidl_generator_py.dir/rosidl_generator_py/unitree_go/msg/_error_s.c.o[0m
[22.833s] [ 90%] [32mBuilding C object CMakeFiles/unitree_go__rosidl_generator_py.dir/rosidl_generator_py/unitree_go/msg/_low_state_s.c.o[0m
[22.834s] [ 90%] [32mBuilding C object CMakeFiles/unitree_go__rosidl_generator_py.dir/rosidl_generator_py/unitree_go/msg/_go2_front_video_data_s.c.o[0m
[22.836s] [ 91%] [32mBuilding C object CMakeFiles/unitree_go__rosidl_generator_py.dir/rosidl_generator_py/unitree_go/msg/_lidar_state_s.c.o[0m
[22.842s] [ 91%] [32mBuilding C object CMakeFiles/unitree_go__rosidl_generator_py.dir/rosidl_generator_py/unitree_go/msg/_path_point_s.c.o[0m
[22.850s] [ 92%] [32mBuilding C object CMakeFiles/unitree_go__rosidl_generator_py.dir/rosidl_generator_py/unitree_go/msg/_motor_state_s.c.o[0m
[22.851s] [ 92%] [32mBuilding C object CMakeFiles/unitree_go__rosidl_generator_py.dir/rosidl_generator_py/unitree_go/msg/_motor_cmd_s.c.o[0m
[22.860s] [ 92%] [32mBuilding C object CMakeFiles/unitree_go__rosidl_generator_py.dir/rosidl_generator_py/unitree_go/msg/_low_cmd_s.c.o[0m
[22.897s] [ 93%] [32mBuilding C object CMakeFiles/unitree_go__rosidl_generator_py.dir/rosidl_generator_py/unitree_go/msg/_req_s.c.o[0m
[22.901s] [ 93%] [32mBuilding C object CMakeFiles/unitree_go__rosidl_generator_py.dir/rosidl_generator_py/unitree_go/msg/_sport_mode_state_s.c.o[0m
[22.908s] [ 94%] [32mBuilding C object CMakeFiles/unitree_go__rosidl_generator_py.dir/rosidl_generator_py/unitree_go/msg/_time_spec_s.c.o[0m
[22.909s] [ 95%] [32mBuilding C object CMakeFiles/unitree_go__rosidl_generator_py.dir/rosidl_generator_py/unitree_go/msg/_sport_mode_cmd_s.c.o[0m
[22.912s] [ 95%] [32mBuilding C object CMakeFiles/unitree_go__rosidl_generator_py.dir/rosidl_generator_py/unitree_go/msg/_res_s.c.o[0m
[22.923s] [ 95%] [32mBuilding C object CMakeFiles/unitree_go__rosidl_generator_py.dir/rosidl_generator_py/unitree_go/msg/_wireless_controller_s.c.o[0m
[22.924s] [ 96%] [32mBuilding C object CMakeFiles/unitree_go__rosidl_generator_py.dir/rosidl_generator_py/unitree_go/msg/_uwb_switch_s.c.o[0m
[22.932s] [ 96%] [32mBuilding C object CMakeFiles/unitree_go__rosidl_generator_py.dir/rosidl_generator_py/unitree_go/msg/_uwb_state_s.c.o[0m
[23.606s] [ 97%] [32m[1mLinking C shared library rosidl_generator_py/unitree_go/libunitree_go__rosidl_generator_py.so[0m
[23.803s] [ 97%] Built target unitree_go__rosidl_generator_py
[23.905s] [ 97%] [32mBuilding C object CMakeFiles/unitree_go__rosidl_typesupport_c__pyext.dir/rosidl_generator_py/unitree_go/_unitree_go_s.ep.rosidl_typesupport_c.c.o[0m
[23.906s] [ 97%] [32mBuilding C object CMakeFiles/unitree_go__rosidl_typesupport_fastrtps_c__pyext.dir/rosidl_generator_py/unitree_go/_unitree_go_s.ep.rosidl_typesupport_fastrtps_c.c.o[0m
[23.908s] [ 97%] [32mBuilding C object CMakeFiles/unitree_go__rosidl_typesupport_introspection_c__pyext.dir/rosidl_generator_py/unitree_go/_unitree_go_s.ep.rosidl_typesupport_introspection_c.c.o[0m
[24.496s] [ 98%] [32m[1mLinking C shared library rosidl_generator_py/unitree_go/unitree_go_s__rosidl_typesupport_c.cpython-310-x86_64-linux-gnu.so[0m
[24.692s] [ 98%] Built target unitree_go__rosidl_typesupport_c__pyext
[24.828s] [ 99%] [32m[1mLinking C shared library rosidl_generator_py/unitree_go/unitree_go_s__rosidl_typesupport_introspection_c.cpython-310-x86_64-linux-gnu.so[0m
[24.854s] [100%] [32m[1mLinking C shared library rosidl_generator_py/unitree_go/unitree_go_s__rosidl_typesupport_fastrtps_c.cpython-310-x86_64-linux-gnu.so[0m
[25.028s] [100%] Built target unitree_go__rosidl_typesupport_introspection_c__pyext
[25.043s] [100%] Built target unitree_go__rosidl_typesupport_fastrtps_c__pyext
[25.098s] Invoked command in '/root/ros2_ws/src/build/unitree_go' returned '0': CMAKE_PREFIX_PATH=/opt/ros/humble /usr/bin/cmake --build /root/ros2_ws/src/build/unitree_go -- -j24 -l24
[25.099s] Invoking command in '/root/ros2_ws/src/build/unitree_go': CMAKE_PREFIX_PATH=/opt/ros/humble /usr/bin/cmake --install /root/ros2_ws/src/build/unitree_go
[34.492s] -- Install configuration: ""
[34.494s] -- Installing: /root/ros2_ws/src/install/unitree_go/share/ament_index/resource_index/rosidl_interfaces/unitree_go
[34.494s] -- Installing: /root/ros2_ws/src/install/unitree_go/include/unitree_go/unitree_go
[34.494s] -- Installing: /root/ros2_ws/src/install/unitree_go/include/unitree_go/unitree_go/msg
[34.494s] -- Installing: /root/ros2_ws/src/install/unitree_go/include/unitree_go/unitree_go/msg/lidar_state.h
[34.494s] -- Installing: /root/ros2_ws/src/install/unitree_go/include/unitree_go/unitree_go/msg/req.h
[34.501s] -- Installing: /root/ros2_ws/src/install/unitree_go/include/unitree_go/unitree_go/msg/low_cmd.h
[34.502s] -- Installing: /root/ros2_ws/src/install/unitree_go/include/unitree_go/unitree_go/msg/path_point.h
[34.502s] -- Installing: /root/ros2_ws/src/install/unitree_go/include/unitree_go/unitree_go/msg/detail
[34.502s] -- Installing: /root/ros2_ws/src/install/unitree_go/include/unitree_go/unitree_go/msg/detail/path_point__struct.h
[34.502s] -- Installing: /root/ros2_ws/src/install/unitree_go/include/unitree_go/unitree_go/msg/detail/interface_config__functions.c
[34.502s] -- Installing: /root/ros2_ws/src/install/unitree_go/include/unitree_go/unitree_go/msg/detail/sport_mode_state__functions.h
[34.502s] -- Installing: /root/ros2_ws/src/install/unitree_go/include/unitree_go/unitree_go/msg/detail/height_map__functions.c
[34.502s] -- Installing: /root/ros2_ws/src/install/unitree_go/include/unitree_go/unitree_go/msg/detail/sport_mode_state__struct.h
[34.502s] -- Installing: /root/ros2_ws/src/install/unitree_go/include/unitree_go/unitree_go/msg/detail/time_spec__functions.c
[34.502s] -- Installing: /root/ros2_ws/src/install/unitree_go/include/unitree_go/unitree_go/msg/detail/sport_mode_cmd__struct.h
[34.502s] -- Installing: /root/ros2_ws/src/install/unitree_go/include/unitree_go/unitree_go/msg/detail/bms_cmd__functions.c
[34.502s] -- Installing: /root/ros2_ws/src/install/unitree_go/include/unitree_go/unitree_go/msg/detail/motor_state__struct.h
[34.503s] -- Installing: /root/ros2_ws/src/install/unitree_go/include/unitree_go/unitree_go/msg/detail/res__type_support.h
[34.503s] -- Installing: /root/ros2_ws/src/install/unitree_go/include/unitree_go/unitree_go/msg/detail/res__struct.h
[34.503s] -- Installing: /root/ros2_ws/src/install/unitree_go/include/unitree_go/unitree_go/msg/detail/req__struct.h
[34.503s] -- Installing: /root/ros2_ws/src/install/unitree_go/include/unitree_go/unitree_go/msg/detail/bms_state__struct.h
[34.503s] -- Installing: /root/ros2_ws/src/install/unitree_go/include/unitree_go/unitree_go/msg/detail/wireless_controller__functions.h
[34.503s] -- Installing: /root/ros2_ws/src/install/unitree_go/include/unitree_go/unitree_go/msg/detail/audio_data__type_support.h
[34.503s] -- Installing: /root/ros2_ws/src/install/unitree_go/include/unitree_go/unitree_go/msg/detail/imu_state__functions.c
[34.503s] -- Installing: /root/ros2_ws/src/install/unitree_go/include/unitree_go/unitree_go/msg/detail/height_map__struct.h
[34.503s] -- Installing: /root/ros2_ws/src/install/unitree_go/include/unitree_go/unitree_go/msg/detail/motor_cmd__functions.c
[34.503s] -- Installing: /root/ros2_ws/src/install/unitree_go/include/unitree_go/unitree_go/msg/detail/audio_data__struct.h
[34.503s] -- Installing: /root/ros2_ws/src/install/unitree_go/include/unitree_go/unitree_go/msg/detail/uwb_state__struct.h
[34.503s] -- Installing: /root/ros2_ws/src/install/unitree_go/include/unitree_go/unitree_go/msg/detail/motor_state__functions.h
[34.504s] -- Installing: /root/ros2_ws/src/install/unitree_go/include/unitree_go/unitree_go/msg/detail/go2_front_video_data__type_support.h
[34.504s] -- Installing: /root/ros2_ws/src/install/unitree_go/include/unitree_go/unitree_go/msg/detail/sport_mode_state__functions.c
[34.504s] -- Installing: /root/ros2_ws/src/install/unitree_go/include/unitree_go/unitree_go/msg/detail/interface_config__type_support.h
[34.504s] -- Installing: /root/ros2_ws/src/install/unitree_go/include/unitree_go/unitree_go/msg/detail/uwb_switch__struct.h
[34.504s] -- Installing: /root/ros2_ws/src/install/unitree_go/include/unitree_go/unitree_go/msg/detail/time_spec__struct.h
[34.504s] -- Installing: /root/ros2_ws/src/install/unitree_go/include/unitree_go/unitree_go/msg/detail/wireless_controller__type_support.h
[34.504s] -- Installing: /root/ros2_ws/src/install/unitree_go/include/unitree_go/unitree_go/msg/detail/bms_cmd__type_support.h
[34.504s] -- Installing: /root/ros2_ws/src/install/unitree_go/include/unitree_go/unitree_go/msg/detail/sport_mode_cmd__functions.c
[34.504s] -- Installing: /root/ros2_ws/src/install/unitree_go/include/unitree_go/unitree_go/msg/detail/go2_front_video_data__functions.h
[34.504s] -- Installing: /root/ros2_ws/src/install/unitree_go/include/unitree_go/unitree_go/msg/detail/motor_cmd__type_support.h
[34.504s] -- Installing: /root/ros2_ws/src/install/unitree_go/include/unitree_go/unitree_go/msg/detail/low_state__functions.c
[34.504s] -- Installing: /root/ros2_ws/src/install/unitree_go/include/unitree_go/unitree_go/msg/detail/imu_state__functions.h
[34.505s] -- Installing: /root/ros2_ws/src/install/unitree_go/include/unitree_go/unitree_go/msg/detail/interface_config__functions.h
[34.505s] -- Installing: /root/ros2_ws/src/install/unitree_go/include/unitree_go/unitree_go/msg/detail/bms_state__functions.h
[34.505s] -- Installing: /root/ros2_ws/src/install/unitree_go/include/unitree_go/unitree_go/msg/detail/imu_state__struct.h
[34.505s] -- Installing: /root/ros2_ws/src/install/unitree_go/include/unitree_go/unitree_go/msg/detail/motor_cmd__functions.h
[34.505s] -- Installing: /root/ros2_ws/src/install/unitree_go/include/unitree_go/unitree_go/msg/detail/path_point__type_support.h
[34.505s] -- Installing: /root/ros2_ws/src/install/unitree_go/include/unitree_go/unitree_go/msg/detail/uwb_state__functions.h
[34.505s] -- Installing: /root/ros2_ws/src/install/unitree_go/include/unitree_go/unitree_go/msg/detail/go2_front_video_data__functions.c
[34.508s] -- Installing: /root/ros2_ws/src/install/unitree_go/include/unitree_go/unitree_go/msg/detail/audio_data__functions.c
[34.509s] -- Installing: /root/ros2_ws/src/install/unitree_go/include/unitree_go/unitree_go/msg/detail/bms_state__type_support.h
[34.509s] -- Installing: /root/ros2_ws/src/install/unitree_go/include/unitree_go/unitree_go/msg/detail/uwb_switch__functions.h
[34.509s] -- Installing: /root/ros2_ws/src/install/unitree_go/include/unitree_go/unitree_go/msg/detail/wireless_controller__functions.c
[34.509s] -- Installing: /root/ros2_ws/src/install/unitree_go/include/unitree_go/unitree_go/msg/detail/res__functions.c
[34.509s] -- Installing: /root/ros2_ws/src/install/unitree_go/include/unitree_go/unitree_go/msg/detail/sport_mode_cmd__type_support.h
[34.509s] -- Installing: /root/ros2_ws/src/install/unitree_go/include/unitree_go/unitree_go/msg/detail/req__type_support.h
[34.509s] -- Installing: /root/ros2_ws/src/install/unitree_go/include/unitree_go/unitree_go/msg/detail/low_state__functions.h
[34.509s] -- Installing: /root/ros2_ws/src/install/unitree_go/include/unitree_go/unitree_go/msg/detail/go2_front_video_data__struct.h
[34.509s] -- Installing: /root/ros2_ws/src/install/unitree_go/include/unitree_go/unitree_go/msg/detail/bms_state__functions.c
[34.509s] -- Installing: /root/ros2_ws/src/install/unitree_go/include/unitree_go/unitree_go/msg/detail/low_state__struct.h
[34.510s] -- Installing: /root/ros2_ws/src/install/unitree_go/include/unitree_go/unitree_go/msg/detail/uwb_state__functions.c
[34.510s] -- Installing: /root/ros2_ws/src/install/unitree_go/include/unitree_go/unitree_go/msg/detail/low_state__type_support.h
[34.510s] -- Installing: /root/ros2_ws/src/install/unitree_go/include/unitree_go/unitree_go/msg/detail/path_point__functions.h
[34.510s] -- Installing: /root/ros2_ws/src/install/unitree_go/include/unitree_go/unitree_go/msg/detail/motor_state__functions.c
[34.510s] -- Installing: /root/ros2_ws/src/install/unitree_go/include/unitree_go/unitree_go/msg/detail/interface_config__struct.h
[34.510s] -- Installing: /root/ros2_ws/src/install/unitree_go/include/unitree_go/unitree_go/msg/detail/uwb_state__type_support.h
[34.510s] -- Installing: /root/ros2_ws/src/install/unitree_go/include/unitree_go/unitree_go/msg/detail/error__functions.h
[34.510s] -- Installing: /root/ros2_ws/src/install/unitree_go/include/unitree_go/unitree_go/msg/detail/sport_mode_cmd__functions.h
[34.510s] -- Installing: /root/ros2_ws/src/install/unitree_go/include/unitree_go/unitree_go/msg/detail/lidar_state__functions.c
[34.511s] -- Installing: /root/ros2_ws/src/install/unitree_go/include/unitree_go/unitree_go/msg/detail/req__functions.c
[34.511s] -- Installing: /root/ros2_ws/src/install/unitree_go/include/unitree_go/unitree_go/msg/detail/uwb_switch__type_support.h
[34.511s] -- Installing: /root/ros2_ws/src/install/unitree_go/include/unitree_go/unitree_go/msg/detail/motor_cmd__struct.h
[34.511s] -- Installing: /root/ros2_ws/src/install/unitree_go/include/unitree_go/unitree_go/msg/detail/uwb_switch__functions.c
[34.511s] -- Installing: /root/ros2_ws/src/install/unitree_go/include/unitree_go/unitree_go/msg/detail/time_spec__functions.h
[34.511s] -- Installing: /root/ros2_ws/src/install/unitree_go/include/unitree_go/unitree_go/msg/detail/error__type_support.h
[34.511s] -- Installing: /root/ros2_ws/src/install/unitree_go/include/unitree_go/unitree_go/msg/detail/low_cmd__struct.h
[34.511s] -- Installing: /root/ros2_ws/src/install/unitree_go/include/unitree_go/unitree_go/msg/detail/time_spec__type_support.h
[34.511s] -- Installing: /root/ros2_ws/src/install/unitree_go/include/unitree_go/unitree_go/msg/detail/imu_state__type_support.h
[34.511s] -- Installing: /root/ros2_ws/src/install/unitree_go/include/unitree_go/unitree_go/msg/detail/req__functions.h
[34.511s] -- Installing: /root/ros2_ws/src/install/unitree_go/include/unitree_go/unitree_go/msg/detail/lidar_state__type_support.h
[34.512s] -- Installing: /root/ros2_ws/src/install/unitree_go/include/unitree_go/unitree_go/msg/detail/audio_data__functions.h
[34.515s] -- Installing: /root/ros2_ws/src/install/unitree_go/include/unitree_go/unitree_go/msg/detail/low_cmd__functions.h
[34.515s] -- Installing: /root/ros2_ws/src/install/unitree_go/include/unitree_go/unitree_go/msg/detail/bms_cmd__functions.h
[34.516s] -- Installing: /root/ros2_ws/src/install/unitree_go/include/unitree_go/unitree_go/msg/detail/low_cmd__type_support.h
[34.516s] -- Installing: /root/ros2_ws/src/install/unitree_go/include/unitree_go/unitree_go/msg/detail/height_map__type_support.h
[34.516s] -- Installing: /root/ros2_ws/src/install/unitree_go/include/unitree_go/unitree_go/msg/detail/error__struct.h
[34.516s] -- Installing: /root/ros2_ws/src/install/unitree_go/include/unitree_go/unitree_go/msg/detail/error__functions.c
[34.516s] -- Installing: /root/ros2_ws/src/install/unitree_go/include/unitree_go/unitree_go/msg/detail/path_point__functions.c
[34.516s] -- Installing: /root/ros2_ws/src/install/unitree_go/include/unitree_go/unitree_go/msg/detail/height_map__functions.h
[34.516s] -- Installing: /root/ros2_ws/src/install/unitree_go/include/unitree_go/unitree_go/msg/detail/lidar_state__struct.h
[34.516s] -- Installing: /root/ros2_ws/src/install/unitree_go/include/unitree_go/unitree_go/msg/detail/bms_cmd__struct.h
[34.516s] -- Installing: /root/ros2_ws/src/install/unitree_go/include/unitree_go/unitree_go/msg/detail/low_cmd__functions.c
[34.516s] -- Installing: /root/ros2_ws/src/install/unitree_go/include/unitree_go/unitree_go/msg/detail/res__functions.h
[34.516s] -- Installing: /root/ros2_ws/src/install/unitree_go/include/unitree_go/unitree_go/msg/detail/sport_mode_state__type_support.h
[34.517s] -- Installing: /root/ros2_ws/src/install/unitree_go/include/unitree_go/unitree_go/msg/detail/lidar_state__functions.h
[34.517s] -- Installing: /root/ros2_ws/src/install/unitree_go/include/unitree_go/unitree_go/msg/detail/motor_state__type_support.h
[34.517s] -- Installing: /root/ros2_ws/src/install/unitree_go/include/unitree_go/unitree_go/msg/detail/wireless_controller__struct.h
[34.517s] -- Installing: /root/ros2_ws/src/install/unitree_go/include/unitree_go/unitree_go/msg/motor_cmd.h
[34.517s] -- Installing: /root/ros2_ws/src/install/unitree_go/include/unitree_go/unitree_go/msg/go2_front_video_data.h
[34.517s] -- Installing: /root/ros2_ws/src/install/unitree_go/include/unitree_go/unitree_go/msg/height_map.h
[34.517s] -- Installing: /root/ros2_ws/src/install/unitree_go/include/unitree_go/unitree_go/msg/rosidl_generator_c__visibility_control.h
[34.517s] -- Installing: /root/ros2_ws/src/install/unitree_go/include/unitree_go/unitree_go/msg/imu_state.h
[34.517s] -- Installing: /root/ros2_ws/src/install/unitree_go/include/unitree_go/unitree_go/msg/low_state.h
[34.517s] -- Installing: /root/ros2_ws/src/install/unitree_go/include/unitree_go/unitree_go/msg/wireless_controller.h
[34.518s] -- Installing: /root/ros2_ws/src/install/unitree_go/include/unitree_go/unitree_go/msg/sport_mode_cmd.h
[34.518s] -- Installing: /root/ros2_ws/src/install/unitree_go/include/unitree_go/unitree_go/msg/sport_mode_state.h
[34.518s] -- Installing: /root/ros2_ws/src/install/unitree_go/include/unitree_go/unitree_go/msg/motor_state.h
[34.518s] -- Installing: /root/ros2_ws/src/install/unitree_go/include/unitree_go/unitree_go/msg/res.h
[34.518s] -- Installing: /root/ros2_ws/src/install/unitree_go/include/unitree_go/unitree_go/msg/bms_state.h
[34.518s] -- Installing: /root/ros2_ws/src/install/unitree_go/include/unitree_go/unitree_go/msg/time_spec.h
[34.519s] -- Installing: /root/ros2_ws/src/install/unitree_go/include/unitree_go/unitree_go/msg/interface_config.h
[34.519s] -- Installing: /root/ros2_ws/src/install/unitree_go/include/unitree_go/unitree_go/msg/error.h
[34.519s] -- Installing: /root/ros2_ws/src/install/unitree_go/include/unitree_go/unitree_go/msg/audio_data.h
[34.519s] -- Installing: /root/ros2_ws/src/install/unitree_go/include/unitree_go/unitree_go/msg/uwb_state.h
[34.519s] -- Installing: /root/ros2_ws/src/install/unitree_go/include/unitree_go/unitree_go/msg/uwb_switch.h
[34.519s] -- Installing: /root/ros2_ws/src/install/unitree_go/include/unitree_go/unitree_go/msg/bms_cmd.h
[34.519s] -- Installing: /root/ros2_ws/src/install/unitree_go/share/unitree_go/environment/library_path.sh
[34.519s] -- Installing: /root/ros2_ws/src/install/unitree_go/share/unitree_go/environment/library_path.dsv
[34.519s] -- Installing: /root/ros2_ws/src/install/unitree_go/lib/libunitree_go__rosidl_generator_c.so
[34.519s] -- Set runtime path of "/root/ros2_ws/src/install/unitree_go/lib/libunitree_go__rosidl_generator_c.so" to ""
[34.519s] -- Up-to-date: /root/ros2_ws/src/install/unitree_go/include/unitree_go/unitree_go
[34.519s] -- Up-to-date: /root/ros2_ws/src/install/unitree_go/include/unitree_go/unitree_go/msg
[34.520s] -- Up-to-date: /root/ros2_ws/src/install/unitree_go/include/unitree_go/unitree_go/msg/detail
[34.520s] -- Installing: /root/ros2_ws/src/install/unitree_go/include/unitree_go/unitree_go/msg/detail/low_cmd__rosidl_typesupport_fastrtps_c.h
[34.520s] -- Installing: /root/ros2_ws/src/install/unitree_go/include/unitree_go/unitree_go/msg/detail/req__rosidl_typesupport_fastrtps_c.h
[34.520s] -- Installing: /root/ros2_ws/src/install/unitree_go/include/unitree_go/unitree_go/msg/detail/res__rosidl_typesupport_fastrtps_c.h
[34.520s] -- Installing: /root/ros2_ws/src/install/unitree_go/include/unitree_go/unitree_go/msg/detail/motor_state__rosidl_typesupport_fastrtps_c.h
[34.520s] -- Installing: /root/ros2_ws/src/install/unitree_go/include/unitree_go/unitree_go/msg/detail/error__rosidl_typesupport_fastrtps_c.h
[34.520s] -- Installing: /root/ros2_ws/src/install/unitree_go/include/unitree_go/unitree_go/msg/detail/wireless_controller__rosidl_typesupport_fastrtps_c.h
[34.520s] -- Installing: /root/ros2_ws/src/install/unitree_go/include/unitree_go/unitree_go/msg/detail/uwb_state__rosidl_typesupport_fastrtps_c.h
[34.523s] -- Installing: /root/ros2_ws/src/install/unitree_go/include/unitree_go/unitree_go/msg/detail/audio_data__rosidl_typesupport_fastrtps_c.h
[34.524s] -- Installing: /root/ros2_ws/src/install/unitree_go/include/unitree_go/unitree_go/msg/detail/bms_state__rosidl_typesupport_fastrtps_c.h
[34.524s] -- Installing: /root/ros2_ws/src/install/unitree_go/include/unitree_go/unitree_go/msg/detail/uwb_switch__rosidl_typesupport_fastrtps_c.h
[34.524s] -- Installing: /root/ros2_ws/src/install/unitree_go/include/unitree_go/unitree_go/msg/detail/low_state__rosidl_typesupport_fastrtps_c.h
[34.524s] -- Installing: /root/ros2_ws/src/install/unitree_go/include/unitree_go/unitree_go/msg/detail/imu_state__rosidl_typesupport_fastrtps_c.h
[34.524s] -- Installing: /root/ros2_ws/src/install/unitree_go/include/unitree_go/unitree_go/msg/detail/time_spec__rosidl_typesupport_fastrtps_c.h
[34.524s] -- Installing: /root/ros2_ws/src/install/unitree_go/include/unitree_go/unitree_go/msg/detail/sport_mode_state__rosidl_typesupport_fastrtps_c.h
[34.524s] -- Installing: /root/ros2_ws/src/install/unitree_go/include/unitree_go/unitree_go/msg/detail/bms_cmd__rosidl_typesupport_fastrtps_c.h
[34.524s] -- Installing: /root/ros2_ws/src/install/unitree_go/include/unitree_go/unitree_go/msg/detail/interface_config__rosidl_typesupport_fastrtps_c.h
[34.524s] -- Installing: /root/ros2_ws/src/install/unitree_go/include/unitree_go/unitree_go/msg/detail/go2_front_video_data__rosidl_typesupport_fastrtps_c.h
[34.524s] -- Installing: /root/ros2_ws/src/install/unitree_go/include/unitree_go/unitree_go/msg/detail/sport_mode_cmd__rosidl_typesupport_fastrtps_c.h
[34.524s] -- Installing: /root/ros2_ws/src/install/unitree_go/include/unitree_go/unitree_go/msg/detail/lidar_state__rosidl_typesupport_fastrtps_c.h
[34.524s] -- Installing: /root/ros2_ws/src/install/unitree_go/include/unitree_go/unitree_go/msg/detail/path_point__rosidl_typesupport_fastrtps_c.h
[34.525s] -- Installing: /root/ros2_ws/src/install/unitree_go/include/unitree_go/unitree_go/msg/detail/motor_cmd__rosidl_typesupport_fastrtps_c.h
[34.525s] -- Installing: /root/ros2_ws/src/install/unitree_go/include/unitree_go/unitree_go/msg/detail/height_map__rosidl_typesupport_fastrtps_c.h
[34.525s] -- Installing: /root/ros2_ws/src/install/unitree_go/include/unitree_go/unitree_go/msg/rosidl_typesupport_fastrtps_c__visibility_control.h
[34.525s] -- Installing: /root/ros2_ws/src/install/unitree_go/lib/libunitree_go__rosidl_typesupport_fastrtps_c.so
[34.525s] -- Set runtime path of "/root/ros2_ws/src/install/unitree_go/lib/libunitree_go__rosidl_typesupport_fastrtps_c.so" to ""
[34.525s] -- Up-to-date: /root/ros2_ws/src/install/unitree_go/include/unitree_go/unitree_go
[34.525s] -- Up-to-date: /root/ros2_ws/src/install/unitree_go/include/unitree_go/unitree_go/msg
[34.525s] -- Installing: /root/ros2_ws/src/install/unitree_go/include/unitree_go/unitree_go/msg/low_cmd.hpp
[34.525s] -- Installing: /root/ros2_ws/src/install/unitree_go/include/unitree_go/unitree_go/msg/error.hpp
[34.525s] -- Up-to-date: /root/ros2_ws/src/install/unitree_go/include/unitree_go/unitree_go/msg/detail
[34.525s] -- Installing: /root/ros2_ws/src/install/unitree_go/include/unitree_go/unitree_go/msg/detail/path_point__type_support.hpp
[34.525s] -- Installing: /root/ros2_ws/src/install/unitree_go/include/unitree_go/unitree_go/msg/detail/height_map__builder.hpp
[34.526s] -- Installing: /root/ros2_ws/src/install/unitree_go/include/unitree_go/unitree_go/msg/detail/error__type_support.hpp
[34.526s] -- Installing: /root/ros2_ws/src/install/unitree_go/include/unitree_go/unitree_go/msg/detail/interface_config__traits.hpp
[34.526s] -- Installing: /root/ros2_ws/src/install/unitree_go/include/unitree_go/unitree_go/msg/detail/motor_cmd__type_support.hpp
[34.526s] -- Installing: /root/ros2_ws/src/install/unitree_go/include/unitree_go/unitree_go/msg/detail/audio_data__builder.hpp
[34.527s] -- Installing: /root/ros2_ws/src/install/unitree_go/include/unitree_go/unitree_go/msg/detail/req__type_support.hpp
[34.527s] -- Installing: /root/ros2_ws/src/install/unitree_go/include/unitree_go/unitree_go/msg/detail/sport_mode_state__builder.hpp
[34.527s] -- Installing: /root/ros2_ws/src/install/unitree_go/include/unitree_go/unitree_go/msg/detail/low_state__traits.hpp
[34.527s] -- Installing: /root/ros2_ws/src/install/unitree_go/include/unitree_go/unitree_go/msg/detail/res__traits.hpp
[34.527s] -- Installing: /root/ros2_ws/src/install/unitree_go/include/unitree_go/unitree_go/msg/detail/low_cmd__builder.hpp
[34.527s] -- Installing: /root/ros2_ws/src/install/unitree_go/include/unitree_go/unitree_go/msg/detail/motor_state__type_support.hpp
[34.527s] -- Installing: /root/ros2_ws/src/install/unitree_go/include/unitree_go/unitree_go/msg/detail/bms_state__struct.hpp
[34.534s] -- Installing: /root/ros2_ws/src/install/unitree_go/include/unitree_go/unitree_go/msg/detail/lidar_state__type_support.hpp
[34.534s] -- Installing: /root/ros2_ws/src/install/unitree_go/include/unitree_go/unitree_go/msg/detail/motor_cmd__traits.hpp
[34.534s] -- Installing: /root/ros2_ws/src/install/unitree_go/include/unitree_go/unitree_go/msg/detail/imu_state__traits.hpp
[34.534s] -- Installing: /root/ros2_ws/src/install/unitree_go/include/unitree_go/unitree_go/msg/detail/motor_state__builder.hpp
[34.534s] -- Installing: /root/ros2_ws/src/install/unitree_go/include/unitree_go/unitree_go/msg/detail/time_spec__builder.hpp
[34.534s] -- Installing: /root/ros2_ws/src/install/unitree_go/include/unitree_go/unitree_go/msg/detail/time_spec__traits.hpp
[34.534s] -- Installing: /root/ros2_ws/src/install/unitree_go/include/unitree_go/unitree_go/msg/detail/wireless_controller__struct.hpp
[34.534s] -- Installing: /root/ros2_ws/src/install/unitree_go/include/unitree_go/unitree_go/msg/detail/wireless_controller__builder.hpp
[34.535s] -- Installing: /root/ros2_ws/src/install/unitree_go/include/unitree_go/unitree_go/msg/detail/uwb_switch__struct.hpp
[34.535s] -- Installing: /root/ros2_ws/src/install/unitree_go/include/unitree_go/unitree_go/msg/detail/audio_data__type_support.hpp
[34.535s] -- Installing: /root/ros2_ws/src/install/unitree_go/include/unitree_go/unitree_go/msg/detail/audio_data__struct.hpp
[34.535s] -- Installing: /root/ros2_ws/src/install/unitree_go/include/unitree_go/unitree_go/msg/detail/low_cmd__type_support.hpp
[34.535s] -- Installing: /root/ros2_ws/src/install/unitree_go/include/unitree_go/unitree_go/msg/detail/go2_front_video_data__struct.hpp
[34.535s] -- Installing: /root/ros2_ws/src/install/unitree_go/include/unitree_go/unitree_go/msg/detail/height_map__type_support.hpp
[34.535s] -- Installing: /root/ros2_ws/src/install/unitree_go/include/unitree_go/unitree_go/msg/detail/lidar_state__builder.hpp
[34.535s] -- Installing: /root/ros2_ws/src/install/unitree_go/include/unitree_go/unitree_go/msg/detail/sport_mode_cmd__builder.hpp
[34.535s] -- Installing: /root/ros2_ws/src/install/unitree_go/include/unitree_go/unitree_go/msg/detail/low_state__struct.hpp
[34.535s] -- Installing: /root/ros2_ws/src/install/unitree_go/include/unitree_go/unitree_go/msg/detail/wireless_controller__traits.hpp
[34.536s] -- Installing: /root/ros2_ws/src/install/unitree_go/include/unitree_go/unitree_go/msg/detail/bms_state__builder.hpp
[34.536s] -- Installing: /root/ros2_ws/src/install/unitree_go/include/unitree_go/unitree_go/msg/detail/audio_data__traits.hpp
[34.536s] -- Installing: /root/ros2_ws/src/install/unitree_go/include/unitree_go/unitree_go/msg/detail/sport_mode_state__type_support.hpp
[34.536s] -- Installing: /root/ros2_ws/src/install/unitree_go/include/unitree_go/unitree_go/msg/detail/height_map__struct.hpp
[34.536s] -- Installing: /root/ros2_ws/src/install/unitree_go/include/unitree_go/unitree_go/msg/detail/res__struct.hpp
[34.536s] -- Installing: /root/ros2_ws/src/install/unitree_go/include/unitree_go/unitree_go/msg/detail/uwb_state__type_support.hpp
[34.536s] -- Installing: /root/ros2_ws/src/install/unitree_go/include/unitree_go/unitree_go/msg/detail/uwb_state__traits.hpp
[34.536s] -- Installing: /root/ros2_ws/src/install/unitree_go/include/unitree_go/unitree_go/msg/detail/bms_state__type_support.hpp
[34.536s] -- Installing: /root/ros2_ws/src/install/unitree_go/include/unitree_go/unitree_go/msg/detail/motor_state__struct.hpp
[34.536s] -- Installing: /root/ros2_ws/src/install/unitree_go/include/unitree_go/unitree_go/msg/detail/low_cmd__struct.hpp
[34.537s] -- Installing: /root/ros2_ws/src/install/unitree_go/include/unitree_go/unitree_go/msg/detail/uwb_state__builder.hpp
[34.537s] -- Installing: /root/ros2_ws/src/install/unitree_go/include/unitree_go/unitree_go/msg/detail/motor_cmd__builder.hpp
[34.537s] -- Installing: /root/ros2_ws/src/install/unitree_go/include/unitree_go/unitree_go/msg/detail/interface_config__struct.hpp
[34.537s] -- Installing: /root/ros2_ws/src/install/unitree_go/include/unitree_go/unitree_go/msg/detail/imu_state__type_support.hpp
[34.540s] -- Installing: /root/ros2_ws/src/install/unitree_go/include/unitree_go/unitree_go/msg/detail/sport_mode_cmd__traits.hpp
[34.540s] -- Installing: /root/ros2_ws/src/install/unitree_go/include/unitree_go/unitree_go/msg/detail/go2_front_video_data__builder.hpp
[34.541s] -- Installing: /root/ros2_ws/src/install/unitree_go/include/unitree_go/unitree_go/msg/detail/path_point__traits.hpp
[34.541s] -- Installing: /root/ros2_ws/src/install/unitree_go/include/unitree_go/unitree_go/msg/detail/res__type_support.hpp
[34.541s] -- Installing: /root/ros2_ws/src/install/unitree_go/include/unitree_go/unitree_go/msg/detail/wireless_controller__type_support.hpp
[34.541s] -- Installing: /root/ros2_ws/src/install/unitree_go/include/unitree_go/unitree_go/msg/detail/low_state__type_support.hpp
[34.541s] -- Installing: /root/ros2_ws/src/install/unitree_go/include/unitree_go/unitree_go/msg/detail/uwb_switch__type_support.hpp
[34.541s] -- Installing: /root/ros2_ws/src/install/unitree_go/include/unitree_go/unitree_go/msg/detail/error__builder.hpp
[34.541s] -- Installing: /root/ros2_ws/src/install/unitree_go/include/unitree_go/unitree_go/msg/detail/interface_config__type_support.hpp
[34.541s] -- Installing: /root/ros2_ws/src/install/unitree_go/include/unitree_go/unitree_go/msg/detail/req__traits.hpp
[34.545s] -- Installing: /root/ros2_ws/src/install/unitree_go/include/unitree_go/unitree_go/msg/detail/height_map__traits.hpp
[34.545s] -- Installing: /root/ros2_ws/src/install/unitree_go/include/unitree_go/unitree_go/msg/detail/interface_config__builder.hpp
[34.545s] -- Installing: /root/ros2_ws/src/install/unitree_go/include/unitree_go/unitree_go/msg/detail/path_point__builder.hpp
[34.545s] -- Installing: /root/ros2_ws/src/install/unitree_go/include/unitree_go/unitree_go/msg/detail/bms_cmd__traits.hpp
[34.545s] -- Installing: /root/ros2_ws/src/install/unitree_go/include/unitree_go/unitree_go/msg/detail/bms_cmd__struct.hpp
[34.545s] -- Installing: /root/ros2_ws/src/install/unitree_go/include/unitree_go/unitree_go/msg/detail/motor_state__traits.hpp
[34.545s] -- Installing: /root/ros2_ws/src/install/unitree_go/include/unitree_go/unitree_go/msg/detail/sport_mode_state__traits.hpp
[34.549s] -- Installing: /root/ros2_ws/src/install/unitree_go/include/unitree_go/unitree_go/msg/detail/imu_state__builder.hpp
[34.549s] -- Installing: /root/ros2_ws/src/install/unitree_go/include/unitree_go/unitree_go/msg/detail/error__struct.hpp
[34.550s] -- Installing: /root/ros2_ws/src/install/unitree_go/include/unitree_go/unitree_go/msg/detail/low_state__builder.hpp
[34.550s] -- Installing: /root/ros2_ws/src/install/unitree_go/include/unitree_go/unitree_go/msg/detail/lidar_state__struct.hpp
[34.550s] -- Installing: /root/ros2_ws/src/install/unitree_go/include/unitree_go/unitree_go/msg/detail/uwb_switch__builder.hpp
[34.550s] -- Installing: /root/ros2_ws/src/install/unitree_go/include/unitree_go/unitree_go/msg/detail/req__builder.hpp
[34.550s] -- Installing: /root/ros2_ws/src/install/unitree_go/include/unitree_go/unitree_go/msg/detail/path_point__struct.hpp
[34.550s] -- Installing: /root/ros2_ws/src/install/unitree_go/include/unitree_go/unitree_go/msg/detail/sport_mode_cmd__struct.hpp
[34.550s] -- Installing: /root/ros2_ws/src/install/unitree_go/include/unitree_go/unitree_go/msg/detail/imu_state__struct.hpp
[34.550s] -- Installing: /root/ros2_ws/src/install/unitree_go/include/unitree_go/unitree_go/msg/detail/error__traits.hpp
[34.550s] -- Installing: /root/ros2_ws/src/install/unitree_go/include/unitree_go/unitree_go/msg/detail/bms_cmd__builder.hpp
[34.550s] -- Installing: /root/ros2_ws/src/install/unitree_go/include/unitree_go/unitree_go/msg/detail/go2_front_video_data__type_support.hpp
[34.551s] -- Installing: /root/ros2_ws/src/install/unitree_go/include/unitree_go/unitree_go/msg/detail/res__builder.hpp
[34.551s] -- Installing: /root/ros2_ws/src/install/unitree_go/include/unitree_go/unitree_go/msg/detail/uwb_state__struct.hpp
[34.551s] -- Installing: /root/ros2_ws/src/install/unitree_go/include/unitree_go/unitree_go/msg/detail/sport_mode_cmd__type_support.hpp
[34.551s] -- Installing: /root/ros2_ws/src/install/unitree_go/include/unitree_go/unitree_go/msg/detail/req__struct.hpp
[34.551s] -- Installing: /root/ros2_ws/src/install/unitree_go/include/unitree_go/unitree_go/msg/detail/time_spec__type_support.hpp
[34.551s] -- Installing: /root/ros2_ws/src/install/unitree_go/include/unitree_go/unitree_go/msg/detail/lidar_state__traits.hpp
[34.551s] -- Installing: /root/ros2_ws/src/install/unitree_go/include/unitree_go/unitree_go/msg/detail/low_cmd__traits.hpp
[34.551s] -- Installing: /root/ros2_ws/src/install/unitree_go/include/unitree_go/unitree_go/msg/detail/bms_cmd__type_support.hpp
[34.551s] -- Installing: /root/ros2_ws/src/install/unitree_go/include/unitree_go/unitree_go/msg/detail/motor_cmd__struct.hpp
[34.551s] -- Installing: /root/ros2_ws/src/install/unitree_go/include/unitree_go/unitree_go/msg/detail/bms_state__traits.hpp
[34.551s] -- Installing: /root/ros2_ws/src/install/unitree_go/include/unitree_go/unitree_go/msg/detail/uwb_switch__traits.hpp
[34.551s] -- Installing: /root/ros2_ws/src/install/unitree_go/include/unitree_go/unitree_go/msg/detail/go2_front_video_data__traits.hpp
[34.552s] -- Installing: /root/ros2_ws/src/install/unitree_go/include/unitree_go/unitree_go/msg/detail/sport_mode_state__struct.hpp
[34.552s] -- Installing: /root/ros2_ws/src/install/unitree_go/include/unitree_go/unitree_go/msg/detail/time_spec__struct.hpp
[34.552s] -- Installing: /root/ros2_ws/src/install/unitree_go/include/unitree_go/unitree_go/msg/height_map.hpp
[34.552s] -- Installing: /root/ros2_ws/src/install/unitree_go/include/unitree_go/unitree_go/msg/time_spec.hpp
[34.552s] -- Installing: /root/ros2_ws/src/install/unitree_go/include/unitree_go/unitree_go/msg/interface_config.hpp
[34.552s] -- Installing: /root/ros2_ws/src/install/unitree_go/include/unitree_go/unitree_go/msg/low_state.hpp
[34.552s] -- Installing: /root/ros2_ws/src/install/unitree_go/include/unitree_go/unitree_go/msg/sport_mode_cmd.hpp
[34.552s] -- Installing: /root/ros2_ws/src/install/unitree_go/include/unitree_go/unitree_go/msg/sport_mode_state.hpp
[34.552s] -- Installing: /root/ros2_ws/src/install/unitree_go/include/unitree_go/unitree_go/msg/bms_state.hpp
[34.552s] -- Installing: /root/ros2_ws/src/install/unitree_go/include/unitree_go/unitree_go/msg/imu_state.hpp
[34.552s] -- Installing: /root/ros2_ws/src/install/unitree_go/include/unitree_go/unitree_go/msg/go2_front_video_data.hpp
[34.552s] -- Installing: /root/ros2_ws/src/install/unitree_go/include/unitree_go/unitree_go/msg/uwb_state.hpp
[34.553s] -- Installing: /root/ros2_ws/src/install/unitree_go/include/unitree_go/unitree_go/msg/audio_data.hpp
[34.553s] -- Installing: /root/ros2_ws/src/install/unitree_go/include/unitree_go/unitree_go/msg/bms_cmd.hpp
[34.553s] -- Installing: /root/ros2_ws/src/install/unitree_go/include/unitree_go/unitree_go/msg/req.hpp
[34.553s] -- Installing: /root/ros2_ws/src/install/unitree_go/include/unitree_go/unitree_go/msg/res.hpp
[34.553s] -- Installing: /root/ros2_ws/src/install/unitree_go/include/unitree_go/unitree_go/msg/uwb_switch.hpp
[34.553s] -- Installing: /root/ros2_ws/src/install/unitree_go/include/unitree_go/unitree_go/msg/rosidl_generator_cpp__visibility_control.hpp
[34.553s] -- Installing: /root/ros2_ws/src/install/unitree_go/include/unitree_go/unitree_go/msg/motor_state.hpp
[34.556s] -- Installing: /root/ros2_ws/src/install/unitree_go/include/unitree_go/unitree_go/msg/lidar_state.hpp
[34.557s] -- Installing: /root/ros2_ws/src/install/unitree_go/include/unitree_go/unitree_go/msg/motor_cmd.hpp
[34.557s] -- Installing: /root/ros2_ws/src/install/unitree_go/include/unitree_go/unitree_go/msg/path_point.hpp
[34.557s] -- Installing: /root/ros2_ws/src/install/unitree_go/include/unitree_go/unitree_go/msg/wireless_controller.hpp
[34.557s] -- Up-to-date: /root/ros2_ws/src/install/unitree_go/include/unitree_go/unitree_go
[34.557s] -- Up-to-date: /root/ros2_ws/src/install/unitree_go/include/unitree_go/unitree_go/msg
[34.557s] -- Up-to-date: /root/ros2_ws/src/install/unitree_go/include/unitree_go/unitree_go/msg/detail
[34.557s] -- Installing: /root/ros2_ws/src/install/unitree_go/include/unitree_go/unitree_go/msg/detail/path_point__rosidl_typesupport_fastrtps_cpp.hpp
[34.557s] -- Installing: /root/ros2_ws/src/install/unitree_go/include/unitree_go/unitree_go/msg/detail/req__rosidl_typesupport_fastrtps_cpp.hpp
[34.557s] -- Installing: /root/ros2_ws/src/install/unitree_go/include/unitree_go/unitree_go/msg/detail/time_spec__rosidl_typesupport_fastrtps_cpp.hpp
[34.558s] -- Installing: /root/ros2_ws/src/install/unitree_go/include/unitree_go/unitree_go/msg/detail/uwb_state__rosidl_typesupport_fastrtps_cpp.hpp
[34.558s] -- Installing: /root/ros2_ws/src/install/unitree_go/include/unitree_go/unitree_go/msg/detail/bms_cmd__rosidl_typesupport_fastrtps_cpp.hpp
[34.558s] -- Installing: /root/ros2_ws/src/install/unitree_go/include/unitree_go/unitree_go/msg/detail/sport_mode_cmd__rosidl_typesupport_fastrtps_cpp.hpp
[34.558s] -- Installing: /root/ros2_ws/src/install/unitree_go/include/unitree_go/unitree_go/msg/detail/res__rosidl_typesupport_fastrtps_cpp.hpp
[34.558s] -- Installing: /root/ros2_ws/src/install/unitree_go/include/unitree_go/unitree_go/msg/detail/wireless_controller__rosidl_typesupport_fastrtps_cpp.hpp
[34.558s] -- Installing: /root/ros2_ws/src/install/unitree_go/include/unitree_go/unitree_go/msg/detail/low_state__rosidl_typesupport_fastrtps_cpp.hpp
[34.558s] -- Installing: /root/ros2_ws/src/install/unitree_go/include/unitree_go/unitree_go/msg/detail/motor_state__rosidl_typesupport_fastrtps_cpp.hpp
[34.558s] -- Installing: /root/ros2_ws/src/install/unitree_go/include/unitree_go/unitree_go/msg/detail/dds_fastrtps
[34.558s] -- Installing: /root/ros2_ws/src/install/unitree_go/include/unitree_go/unitree_go/msg/detail/imu_state__rosidl_typesupport_fastrtps_cpp.hpp
[34.558s] -- Installing: /root/ros2_ws/src/install/unitree_go/include/unitree_go/unitree_go/msg/detail/audio_data__rosidl_typesupport_fastrtps_cpp.hpp
[34.558s] -- Installing: /root/ros2_ws/src/install/unitree_go/include/unitree_go/unitree_go/msg/detail/error__rosidl_typesupport_fastrtps_cpp.hpp
[34.558s] -- Installing: /root/ros2_ws/src/install/unitree_go/include/unitree_go/unitree_go/msg/detail/lidar_state__rosidl_typesupport_fastrtps_cpp.hpp
[34.559s] -- Installing: /root/ros2_ws/src/install/unitree_go/include/unitree_go/unitree_go/msg/detail/sport_mode_state__rosidl_typesupport_fastrtps_cpp.hpp
[34.559s] -- Installing: /root/ros2_ws/src/install/unitree_go/include/unitree_go/unitree_go/msg/detail/uwb_switch__rosidl_typesupport_fastrtps_cpp.hpp
[34.559s] -- Installing: /root/ros2_ws/src/install/unitree_go/include/unitree_go/unitree_go/msg/detail/height_map__rosidl_typesupport_fastrtps_cpp.hpp
[34.559s] -- Installing: /root/ros2_ws/src/install/unitree_go/include/unitree_go/unitree_go/msg/detail/low_cmd__rosidl_typesupport_fastrtps_cpp.hpp
[34.559s] -- Installing: /root/ros2_ws/src/install/unitree_go/include/unitree_go/unitree_go/msg/detail/motor_cmd__rosidl_typesupport_fastrtps_cpp.hpp
[34.559s] -- Installing: /root/ros2_ws/src/install/unitree_go/include/unitree_go/unitree_go/msg/detail/bms_state__rosidl_typesupport_fastrtps_cpp.hpp
[34.559s] -- Installing: /root/ros2_ws/src/install/unitree_go/include/unitree_go/unitree_go/msg/detail/go2_front_video_data__rosidl_typesupport_fastrtps_cpp.hpp
[34.559s] -- Installing: /root/ros2_ws/src/install/unitree_go/include/unitree_go/unitree_go/msg/detail/interface_config__rosidl_typesupport_fastrtps_cpp.hpp
[34.559s] -- Installing: /root/ros2_ws/src/install/unitree_go/include/unitree_go/unitree_go/msg/rosidl_typesupport_fastrtps_cpp__visibility_control.h
[34.559s] -- Installing: /root/ros2_ws/src/install/unitree_go/lib/libunitree_go__rosidl_typesupport_fastrtps_cpp.so
[34.563s] -- Set runtime path of "/root/ros2_ws/src/install/unitree_go/lib/libunitree_go__rosidl_typesupport_fastrtps_cpp.so" to ""
[34.564s] -- Up-to-date: /root/ros2_ws/src/install/unitree_go/include/unitree_go/unitree_go
[34.564s] -- Up-to-date: /root/ros2_ws/src/install/unitree_go/include/unitree_go/unitree_go/msg
[34.564s] -- Installing: /root/ros2_ws/src/install/unitree_go/include/unitree_go/unitree_go/msg/rosidl_typesupport_introspection_c__visibility_control.h
[34.564s] -- Up-to-date: /root/ros2_ws/src/install/unitree_go/include/unitree_go/unitree_go/msg/detail
[34.564s] -- Installing: /root/ros2_ws/src/install/unitree_go/include/unitree_go/unitree_go/msg/detail/low_state__type_support.c
[34.565s] -- Installing: /root/ros2_ws/src/install/unitree_go/include/unitree_go/unitree_go/msg/detail/uwb_switch__rosidl_typesupport_introspection_c.h
[34.565s] -- Installing: /root/ros2_ws/src/install/unitree_go/include/unitree_go/unitree_go/msg/detail/interface_config__type_support.c
[34.565s] -- Installing: /root/ros2_ws/src/install/unitree_go/include/unitree_go/unitree_go/msg/detail/sport_mode_state__type_support.c
[34.565s] -- Installing: /root/ros2_ws/src/install/unitree_go/include/unitree_go/unitree_go/msg/detail/path_point__rosidl_typesupport_introspection_c.h
[34.565s] -- Installing: /root/ros2_ws/src/install/unitree_go/include/unitree_go/unitree_go/msg/detail/bms_cmd__type_support.c
[34.565s] -- Installing: /root/ros2_ws/src/install/unitree_go/include/unitree_go/unitree_go/msg/detail/motor_state__type_support.c
[34.565s] -- Installing: /root/ros2_ws/src/install/unitree_go/include/unitree_go/unitree_go/msg/detail/req__type_support.c
[34.565s] -- Installing: /root/ros2_ws/src/install/unitree_go/include/unitree_go/unitree_go/msg/detail/motor_cmd__type_support.c
[34.565s] -- Installing: /root/ros2_ws/src/install/unitree_go/include/unitree_go/unitree_go/msg/detail/wireless_controller__type_support.c
[34.565s] -- Installing: /root/ros2_ws/src/install/unitree_go/include/unitree_go/unitree_go/msg/detail/error__rosidl_typesupport_introspection_c.h
[34.566s] -- Installing: /root/ros2_ws/src/install/unitree_go/include/unitree_go/unitree_go/msg/detail/path_point__type_support.c
[34.566s] -- Installing: /root/ros2_ws/src/install/unitree_go/include/unitree_go/unitree_go/msg/detail/lidar_state__type_support.c
[34.566s] -- Installing: /root/ros2_ws/src/install/unitree_go/include/unitree_go/unitree_go/msg/detail/time_spec__type_support.c
[34.566s] -- Installing: /root/ros2_ws/src/install/unitree_go/include/unitree_go/unitree_go/msg/detail/height_map__type_support.c
[34.566s] -- Installing: /root/ros2_ws/src/install/unitree_go/include/unitree_go/unitree_go/msg/detail/height_map__rosidl_typesupport_introspection_c.h
[34.566s] -- Installing: /root/ros2_ws/src/install/unitree_go/include/unitree_go/unitree_go/msg/detail/audio_data__type_support.c
[34.566s] -- Installing: /root/ros2_ws/src/install/unitree_go/include/unitree_go/unitree_go/msg/detail/lidar_state__rosidl_typesupport_introspection_c.h
[34.566s] -- Installing: /root/ros2_ws/src/install/unitree_go/include/unitree_go/unitree_go/msg/detail/uwb_state__rosidl_typesupport_introspection_c.h
[34.566s] -- Installing: /root/ros2_ws/src/install/unitree_go/include/unitree_go/unitree_go/msg/detail/error__type_support.c
[34.566s] -- Installing: /root/ros2_ws/src/install/unitree_go/include/unitree_go/unitree_go/msg/detail/bms_state__rosidl_typesupport_introspection_c.h
[34.566s] -- Installing: /root/ros2_ws/src/install/unitree_go/include/unitree_go/unitree_go/msg/detail/imu_state__type_support.c
[34.567s] -- Installing: /root/ros2_ws/src/install/unitree_go/include/unitree_go/unitree_go/msg/detail/interface_config__rosidl_typesupport_introspection_c.h
[34.567s] -- Installing: /root/ros2_ws/src/install/unitree_go/include/unitree_go/unitree_go/msg/detail/time_spec__rosidl_typesupport_introspection_c.h
[34.567s] -- Installing: /root/ros2_ws/src/install/unitree_go/include/unitree_go/unitree_go/msg/detail/go2_front_video_data__type_support.c
[34.567s] -- Installing: /root/ros2_ws/src/install/unitree_go/include/unitree_go/unitree_go/msg/detail/sport_mode_cmd__type_support.c
[34.567s] -- Installing: /root/ros2_ws/src/install/unitree_go/include/unitree_go/unitree_go/msg/detail/motor_cmd__rosidl_typesupport_introspection_c.h
[34.567s] -- Installing: /root/ros2_ws/src/install/unitree_go/include/unitree_go/unitree_go/msg/detail/uwb_state__type_support.c
[34.570s] -- Installing: /root/ros2_ws/src/install/unitree_go/include/unitree_go/unitree_go/msg/detail/audio_data__rosidl_typesupport_introspection_c.h
[34.571s] -- Installing: /root/ros2_ws/src/install/unitree_go/include/unitree_go/unitree_go/msg/detail/uwb_switch__type_support.c
[34.571s] -- Installing: /root/ros2_ws/src/install/unitree_go/include/unitree_go/unitree_go/msg/detail/go2_front_video_data__rosidl_typesupport_introspection_c.h
[34.571s] -- Installing: /root/ros2_ws/src/install/unitree_go/include/unitree_go/unitree_go/msg/detail/res__rosidl_typesupport_introspection_c.h
[34.571s] -- Installing: /root/ros2_ws/src/install/unitree_go/include/unitree_go/unitree_go/msg/detail/sport_mode_state__rosidl_typesupport_introspection_c.h
[34.571s] -- Installing: /root/ros2_ws/src/install/unitree_go/include/unitree_go/unitree_go/msg/detail/wireless_controller__rosidl_typesupport_introspection_c.h
[34.571s] -- Installing: /root/ros2_ws/src/install/unitree_go/include/unitree_go/unitree_go/msg/detail/bms_state__type_support.c
[34.571s] -- Installing: /root/ros2_ws/src/install/unitree_go/include/unitree_go/unitree_go/msg/detail/sport_mode_cmd__rosidl_typesupport_introspection_c.h
[34.571s] -- Installing: /root/ros2_ws/src/install/unitree_go/include/unitree_go/unitree_go/msg/detail/low_state__rosidl_typesupport_introspection_c.h
[34.572s] -- Installing: /root/ros2_ws/src/install/unitree_go/include/unitree_go/unitree_go/msg/detail/low_cmd__rosidl_typesupport_introspection_c.h
[34.572s] -- Installing: /root/ros2_ws/src/install/unitree_go/include/unitree_go/unitree_go/msg/detail/bms_cmd__rosidl_typesupport_introspection_c.h
[34.572s] -- Installing: /root/ros2_ws/src/install/unitree_go/include/unitree_go/unitree_go/msg/detail/low_cmd__type_support.c
[34.572s] -- Installing: /root/ros2_ws/src/install/unitree_go/include/unitree_go/unitree_go/msg/detail/res__type_support.c
[34.572s] -- Installing: /root/ros2_ws/src/install/unitree_go/include/unitree_go/unitree_go/msg/detail/imu_state__rosidl_typesupport_introspection_c.h
[34.572s] -- Installing: /root/ros2_ws/src/install/unitree_go/include/unitree_go/unitree_go/msg/detail/req__rosidl_typesupport_introspection_c.h
[34.572s] -- Installing: /root/ros2_ws/src/install/unitree_go/include/unitree_go/unitree_go/msg/detail/motor_state__rosidl_typesupport_introspection_c.h
[34.572s] -- Installing: /root/ros2_ws/src/install/unitree_go/lib/libunitree_go__rosidl_typesupport_introspection_c.so
[34.572s] -- Set runtime path of "/root/ros2_ws/src/install/unitree_go/lib/libunitree_go__rosidl_typesupport_introspection_c.so" to ""
[34.572s] -- Installing: /root/ros2_ws/src/install/unitree_go/lib/libunitree_go__rosidl_typesupport_c.so
[34.573s] -- Set runtime path of "/root/ros2_ws/src/install/unitree_go/lib/libunitree_go__rosidl_typesupport_c.so" to ""
[34.573s] -- Up-to-date: /root/ros2_ws/src/install/unitree_go/include/unitree_go/unitree_go
[34.573s] -- Up-to-date: /root/ros2_ws/src/install/unitree_go/include/unitree_go/unitree_go/msg
[34.573s] -- Up-to-date: /root/ros2_ws/src/install/unitree_go/include/unitree_go/unitree_go/msg/detail
[34.573s] -- Installing: /root/ros2_ws/src/install/unitree_go/include/unitree_go/unitree_go/msg/detail/time_spec__type_support.cpp
[34.573s] -- Installing: /root/ros2_ws/src/install/unitree_go/include/unitree_go/unitree_go/msg/detail/sport_mode_state__type_support.cpp
[34.573s] -- Installing: /root/ros2_ws/src/install/unitree_go/include/unitree_go/unitree_go/msg/detail/low_state__type_support.cpp
[34.573s] -- Installing: /root/ros2_ws/src/install/unitree_go/include/unitree_go/unitree_go/msg/detail/audio_data__rosidl_typesupport_introspection_cpp.hpp
[34.577s] -- Installing: /root/ros2_ws/src/install/unitree_go/include/unitree_go/unitree_go/msg/detail/uwb_state__type_support.cpp
[34.577s] -- Installing: /root/ros2_ws/src/install/unitree_go/include/unitree_go/unitree_go/msg/detail/res__rosidl_typesupport_introspection_cpp.hpp
[34.578s] -- Installing: /root/ros2_ws/src/install/unitree_go/include/unitree_go/unitree_go/msg/detail/lidar_state__rosidl_typesupport_introspection_cpp.hpp
[34.578s] -- Installing: /root/ros2_ws/src/install/unitree_go/include/unitree_go/unitree_go/msg/detail/interface_config__type_support.cpp
[34.578s] -- Installing: /root/ros2_ws/src/install/unitree_go/include/unitree_go/unitree_go/msg/detail/error__type_support.cpp
[34.578s] -- Installing: /root/ros2_ws/src/install/unitree_go/include/unitree_go/unitree_go/msg/detail/lidar_state__type_support.cpp
[34.578s] -- Installing: /root/ros2_ws/src/install/unitree_go/include/unitree_go/unitree_go/msg/detail/imu_state__type_support.cpp
[34.578s] -- Installing: /root/ros2_ws/src/install/unitree_go/include/unitree_go/unitree_go/msg/detail/bms_state__type_support.cpp
[34.578s] -- Installing: /root/ros2_ws/src/install/unitree_go/include/unitree_go/unitree_go/msg/detail/error__rosidl_typesupport_introspection_cpp.hpp
[34.578s] -- Installing: /root/ros2_ws/src/install/unitree_go/include/unitree_go/unitree_go/msg/detail/path_point__rosidl_typesupport_introspection_cpp.hpp
[34.578s] -- Installing: /root/ros2_ws/src/install/unitree_go/include/unitree_go/unitree_go/msg/detail/sport_mode_cmd__type_support.cpp
[34.578s] -- Installing: /root/ros2_ws/src/install/unitree_go/include/unitree_go/unitree_go/msg/detail/req__type_support.cpp
[34.578s] -- Installing: /root/ros2_ws/src/install/unitree_go/include/unitree_go/unitree_go/msg/detail/motor_state__rosidl_typesupport_introspection_cpp.hpp
[34.578s] -- Installing: /root/ros2_ws/src/install/unitree_go/include/unitree_go/unitree_go/msg/detail/imu_state__rosidl_typesupport_introspection_cpp.hpp
[34.579s] -- Installing: /root/ros2_ws/src/install/unitree_go/include/unitree_go/unitree_go/msg/detail/res__type_support.cpp
[34.579s] -- Installing: /root/ros2_ws/src/install/unitree_go/include/unitree_go/unitree_go/msg/detail/sport_mode_state__rosidl_typesupport_introspection_cpp.hpp
[34.579s] -- Installing: /root/ros2_ws/src/install/unitree_go/include/unitree_go/unitree_go/msg/detail/uwb_state__rosidl_typesupport_introspection_cpp.hpp
[34.579s] -- Installing: /root/ros2_ws/src/install/unitree_go/include/unitree_go/unitree_go/msg/detail/bms_cmd__type_support.cpp
[34.579s] -- Installing: /root/ros2_ws/src/install/unitree_go/include/unitree_go/unitree_go/msg/detail/low_cmd__type_support.cpp
[34.579s] -- Installing: /root/ros2_ws/src/install/unitree_go/include/unitree_go/unitree_go/msg/detail/bms_cmd__rosidl_typesupport_introspection_cpp.hpp
[34.579s] -- Installing: /root/ros2_ws/src/install/unitree_go/include/unitree_go/unitree_go/msg/detail/path_point__type_support.cpp
[34.579s] -- Installing: /root/ros2_ws/src/install/unitree_go/include/unitree_go/unitree_go/msg/detail/time_spec__rosidl_typesupport_introspection_cpp.hpp
[34.579s] -- Installing: /root/ros2_ws/src/install/unitree_go/include/unitree_go/unitree_go/msg/detail/sport_mode_cmd__rosidl_typesupport_introspection_cpp.hpp
[34.579s] -- Installing: /root/ros2_ws/src/install/unitree_go/include/unitree_go/unitree_go/msg/detail/req__rosidl_typesupport_introspection_cpp.hpp
[34.579s] -- Installing: /root/ros2_ws/src/install/unitree_go/include/unitree_go/unitree_go/msg/detail/motor_state__type_support.cpp
[34.580s] -- Installing: /root/ros2_ws/src/install/unitree_go/include/unitree_go/unitree_go/msg/detail/height_map__rosidl_typesupport_introspection_cpp.hpp
[34.580s] -- Installing: /root/ros2_ws/src/install/unitree_go/include/unitree_go/unitree_go/msg/detail/wireless_controller__type_support.cpp
[34.580s] -- Installing: /root/ros2_ws/src/install/unitree_go/include/unitree_go/unitree_go/msg/detail/motor_cmd__rosidl_typesupport_introspection_cpp.hpp
[34.580s] -- Installing: /root/ros2_ws/src/install/unitree_go/include/unitree_go/unitree_go/msg/detail/wireless_controller__rosidl_typesupport_introspection_cpp.hpp
[34.580s] -- Installing: /root/ros2_ws/src/install/unitree_go/include/unitree_go/unitree_go/msg/detail/audio_data__type_support.cpp
[34.583s] -- Installing: /root/ros2_ws/src/install/unitree_go/include/unitree_go/unitree_go/msg/detail/interface_config__rosidl_typesupport_introspection_cpp.hpp
[34.583s] -- Installing: /root/ros2_ws/src/install/unitree_go/include/unitree_go/unitree_go/msg/detail/height_map__type_support.cpp
[34.584s] -- Installing: /root/ros2_ws/src/install/unitree_go/include/unitree_go/unitree_go/msg/detail/low_cmd__rosidl_typesupport_introspection_cpp.hpp
[34.584s] -- Installing: /root/ros2_ws/src/install/unitree_go/include/unitree_go/unitree_go/msg/detail/motor_cmd__type_support.cpp
[34.584s] -- Installing: /root/ros2_ws/src/install/unitree_go/include/unitree_go/unitree_go/msg/detail/go2_front_video_data__type_support.cpp
[34.584s] -- Installing: /root/ros2_ws/src/install/unitree_go/include/unitree_go/unitree_go/msg/detail/bms_state__rosidl_typesupport_introspection_cpp.hpp
[34.584s] -- Installing: /root/ros2_ws/src/install/unitree_go/include/unitree_go/unitree_go/msg/detail/uwb_switch__type_support.cpp
[34.584s] -- Installing: /root/ros2_ws/src/install/unitree_go/include/unitree_go/unitree_go/msg/detail/uwb_switch__rosidl_typesupport_introspection_cpp.hpp
[34.584s] -- Installing: /root/ros2_ws/src/install/unitree_go/include/unitree_go/unitree_go/msg/detail/go2_front_video_data__rosidl_typesupport_introspection_cpp.hpp
[34.584s] -- Installing: /root/ros2_ws/src/install/unitree_go/include/unitree_go/unitree_go/msg/detail/low_state__rosidl_typesupport_introspection_cpp.hpp
[34.584s] -- Installing: /root/ros2_ws/src/install/unitree_go/lib/libunitree_go__rosidl_typesupport_introspection_cpp.so
[34.584s] -- Set runtime path of "/root/ros2_ws/src/install/unitree_go/lib/libunitree_go__rosidl_typesupport_introspection_cpp.so" to ""
[34.585s] -- Installing: /root/ros2_ws/src/install/unitree_go/lib/libunitree_go__rosidl_typesupport_cpp.so
[34.585s] -- Set runtime path of "/root/ros2_ws/src/install/unitree_go/lib/libunitree_go__rosidl_typesupport_cpp.so" to ""
[34.585s] -- Installing: /root/ros2_ws/src/install/unitree_go/share/unitree_go/environment/pythonpath.sh
[34.585s] -- Installing: /root/ros2_ws/src/install/unitree_go/share/unitree_go/environment/pythonpath.dsv
[34.585s] -- Installing: /root/ros2_ws/src/install/unitree_go/local/lib/python3.10/dist-packages/unitree_go-0.0.0-py3.10.egg-info
[34.585s] -- Installing: /root/ros2_ws/src/install/unitree_go/local/lib/python3.10/dist-packages/unitree_go-0.0.0-py3.10.egg-info/PKG-INFO
[34.585s] -- Installing: /root/ros2_ws/src/install/unitree_go/local/lib/python3.10/dist-packages/unitree_go-0.0.0-py3.10.egg-info/dependency_links.txt
[34.585s] -- Installing: /root/ros2_ws/src/install/unitree_go/local/lib/python3.10/dist-packages/unitree_go-0.0.0-py3.10.egg-info/SOURCES.txt
[34.585s] -- Installing: /root/ros2_ws/src/install/unitree_go/local/lib/python3.10/dist-packages/unitree_go-0.0.0-py3.10.egg-info/top_level.txt
[34.585s] -- Installing: /root/ros2_ws/src/install/unitree_go/local/lib/python3.10/dist-packages/unitree_go
[34.586s] -- Installing: /root/ros2_ws/src/install/unitree_go/local/lib/python3.10/dist-packages/unitree_go/unitree_go_s__rosidl_typesupport_fastrtps_c.cpython-310-x86_64-linux-gnu.so
[34.587s] -- Installing: /root/ros2_ws/src/install/unitree_go/local/lib/python3.10/dist-packages/unitree_go/unitree_go_s__rosidl_typesupport_c.cpython-310-x86_64-linux-gnu.so
[34.587s] -- Installing: /root/ros2_ws/src/install/unitree_go/local/lib/python3.10/dist-packages/unitree_go/libunitree_go__rosidl_generator_py.so
[34.590s] -- Installing: /root/ros2_ws/src/install/unitree_go/local/lib/python3.10/dist-packages/unitree_go/_unitree_go_s.ep.rosidl_typesupport_c.c
[34.591s] -- Installing: /root/ros2_ws/src/install/unitree_go/local/lib/python3.10/dist-packages/unitree_go/_unitree_go_s.ep.rosidl_typesupport_fastrtps_c.c
[34.593s] -- Installing: /root/ros2_ws/src/install/unitree_go/local/lib/python3.10/dist-packages/unitree_go/unitree_go_s__rosidl_typesupport_introspection_c.cpython-310-x86_64-linux-gnu.so
[34.594s] -- Installing: /root/ros2_ws/src/install/unitree_go/local/lib/python3.10/dist-packages/unitree_go/_unitree_go_s.ep.rosidl_typesupport_introspection_c.c
[34.594s] -- Installing: /root/ros2_ws/src/install/unitree_go/local/lib/python3.10/dist-packages/unitree_go/__init__.py
[34.594s] -- Installing: /root/ros2_ws/src/install/unitree_go/local/lib/python3.10/dist-packages/unitree_go/msg
[34.594s] -- Installing: /root/ros2_ws/src/install/unitree_go/local/lib/python3.10/dist-packages/unitree_go/msg/_motor_state_s.c
[34.594s] -- Installing: /root/ros2_ws/src/install/unitree_go/local/lib/python3.10/dist-packages/unitree_go/msg/_height_map.py
[34.594s] -- Installing: /root/ros2_ws/src/install/unitree_go/local/lib/python3.10/dist-packages/unitree_go/msg/_go2_front_video_data.py
[34.594s] -- Installing: /root/ros2_ws/src/install/unitree_go/local/lib/python3.10/dist-packages/unitree_go/msg/_low_cmd_s.c
[34.594s] -- Installing: /root/ros2_ws/src/install/unitree_go/local/lib/python3.10/dist-packages/unitree_go/msg/_path_point.py
[34.594s] -- Installing: /root/ros2_ws/src/install/unitree_go/local/lib/python3.10/dist-packages/unitree_go/msg/_low_cmd.py
[34.594s] -- Installing: /root/ros2_ws/src/install/unitree_go/local/lib/python3.10/dist-packages/unitree_go/msg/_low_state_s.c
[34.595s] -- Installing: /root/ros2_ws/src/install/unitree_go/local/lib/python3.10/dist-packages/unitree_go/msg/_imu_state_s.c
[34.595s] -- Installing: /root/ros2_ws/src/install/unitree_go/local/lib/python3.10/dist-packages/unitree_go/msg/_uwb_state.py
[34.595s] -- Installing: /root/ros2_ws/src/install/unitree_go/local/lib/python3.10/dist-packages/unitree_go/msg/_bms_cmd.py
[34.595s] -- Installing: /root/ros2_ws/src/install/unitree_go/local/lib/python3.10/dist-packages/unitree_go/msg/_bms_state.py
[34.595s] -- Installing: /root/ros2_ws/src/install/unitree_go/local/lib/python3.10/dist-packages/unitree_go/msg/_height_map_s.c
[34.595s] -- Installing: /root/ros2_ws/src/install/unitree_go/local/lib/python3.10/dist-packages/unitree_go/msg/_audio_data_s.c
[34.595s] -- Installing: /root/ros2_ws/src/install/unitree_go/local/lib/python3.10/dist-packages/unitree_go/msg/_error.py
[34.595s] -- Installing: /root/ros2_ws/src/install/unitree_go/local/lib/python3.10/dist-packages/unitree_go/msg/_motor_cmd.py
[34.595s] -- Installing: /root/ros2_ws/src/install/unitree_go/local/lib/python3.10/dist-packages/unitree_go/msg/_motor_cmd_s.c
[34.595s] -- Installing: /root/ros2_ws/src/install/unitree_go/local/lib/python3.10/dist-packages/unitree_go/msg/_sport_mode_cmd_s.c
[34.595s] -- Installing: /root/ros2_ws/src/install/unitree_go/local/lib/python3.10/dist-packages/unitree_go/msg/_time_spec.py
[34.599s] -- Installing: /root/ros2_ws/src/install/unitree_go/local/lib/python3.10/dist-packages/unitree_go/msg/_interface_config.py
[34.601s] -- Installing: /root/ros2_ws/src/install/unitree_go/local/lib/python3.10/dist-packages/unitree_go/msg/_time_spec_s.c
[34.602s] -- Installing: /root/ros2_ws/src/install/unitree_go/local/lib/python3.10/dist-packages/unitree_go/msg/_sport_mode_cmd.py
[34.602s] -- Installing: /root/ros2_ws/src/install/unitree_go/local/lib/python3.10/dist-packages/unitree_go/msg/_error_s.c
[34.602s] -- Installing: /root/ros2_ws/src/install/unitree_go/local/lib/python3.10/dist-packages/unitree_go/msg/_req_s.c
[34.602s] -- Installing: /root/ros2_ws/src/install/unitree_go/local/lib/python3.10/dist-packages/unitree_go/msg/_uwb_switch_s.c
[34.602s] -- Installing: /root/ros2_ws/src/install/unitree_go/local/lib/python3.10/dist-packages/unitree_go/msg/_motor_state.py
[34.602s] -- Installing: /root/ros2_ws/src/install/unitree_go/local/lib/python3.10/dist-packages/unitree_go/msg/_req.py
[34.602s] -- Installing: /root/ros2_ws/src/install/unitree_go/local/lib/python3.10/dist-packages/unitree_go/msg/_wireless_controller.py
[34.602s] -- Installing: /root/ros2_ws/src/install/unitree_go/local/lib/python3.10/dist-packages/unitree_go/msg/_low_state.py
[34.603s] -- Installing: /root/ros2_ws/src/install/unitree_go/local/lib/python3.10/dist-packages/unitree_go/msg/_sport_mode_state_s.c
[34.605s] -- Installing: /root/ros2_ws/src/install/unitree_go/local/lib/python3.10/dist-packages/unitree_go/msg/_imu_state.py
[34.606s] -- Installing: /root/ros2_ws/src/install/unitree_go/local/lib/python3.10/dist-packages/unitree_go/msg/_res_s.c
[34.606s] -- Installing: /root/ros2_ws/src/install/unitree_go/local/lib/python3.10/dist-packages/unitree_go/msg/_bms_state_s.c
[34.606s] -- Installing: /root/ros2_ws/src/install/unitree_go/local/lib/python3.10/dist-packages/unitree_go/msg/_lidar_state.py
[34.606s] -- Installing: /root/ros2_ws/src/install/unitree_go/local/lib/python3.10/dist-packages/unitree_go/msg/_lidar_state_s.c
[34.606s] -- Installing: /root/ros2_ws/src/install/unitree_go/local/lib/python3.10/dist-packages/unitree_go/msg/_bms_cmd_s.c
[34.606s] -- Installing: /root/ros2_ws/src/install/unitree_go/local/lib/python3.10/dist-packages/unitree_go/msg/_sport_mode_state.py
[34.606s] -- Installing: /root/ros2_ws/src/install/unitree_go/local/lib/python3.10/dist-packages/unitree_go/msg/_wireless_controller_s.c
[34.606s] -- Installing: /root/ros2_ws/src/install/unitree_go/local/lib/python3.10/dist-packages/unitree_go/msg/_go2_front_video_data_s.c
[34.606s] -- Installing: /root/ros2_ws/src/install/unitree_go/local/lib/python3.10/dist-packages/unitree_go/msg/__init__.py
[34.606s] -- Installing: /root/ros2_ws/src/install/unitree_go/local/lib/python3.10/dist-packages/unitree_go/msg/_uwb_state_s.c
[34.606s] -- Installing: /root/ros2_ws/src/install/unitree_go/local/lib/python3.10/dist-packages/unitree_go/msg/_path_point_s.c
[34.607s] -- Installing: /root/ros2_ws/src/install/unitree_go/local/lib/python3.10/dist-packages/unitree_go/msg/_uwb_switch.py
[34.607s] -- Installing: /root/ros2_ws/src/install/unitree_go/local/lib/python3.10/dist-packages/unitree_go/msg/_res.py
[34.607s] -- Installing: /root/ros2_ws/src/install/unitree_go/local/lib/python3.10/dist-packages/unitree_go/msg/_audio_data.py
[34.607s] -- Installing: /root/ros2_ws/src/install/unitree_go/local/lib/python3.10/dist-packages/unitree_go/msg/_interface_config_s.c
[34.812s] Listing '/root/ros2_ws/src/install/unitree_go/local/lib/python3.10/dist-packages/unitree_go'...
[34.812s] Compiling '/root/ros2_ws/src/install/unitree_go/local/lib/python3.10/dist-packages/unitree_go/__init__.py'...
[34.812s] Listing '/root/ros2_ws/src/install/unitree_go/local/lib/python3.10/dist-packages/unitree_go/msg'...
[34.813s] Compiling '/root/ros2_ws/src/install/unitree_go/local/lib/python3.10/dist-packages/unitree_go/msg/__init__.py'...
[34.813s] Compiling '/root/ros2_ws/src/install/unitree_go/local/lib/python3.10/dist-packages/unitree_go/msg/_audio_data.py'...
[34.813s] Compiling '/root/ros2_ws/src/install/unitree_go/local/lib/python3.10/dist-packages/unitree_go/msg/_bms_cmd.py'...
[34.813s] Compiling '/root/ros2_ws/src/install/unitree_go/local/lib/python3.10/dist-packages/unitree_go/msg/_bms_state.py'...
[34.813s] Compiling '/root/ros2_ws/src/install/unitree_go/local/lib/python3.10/dist-packages/unitree_go/msg/_error.py'...
[34.813s] Compiling '/root/ros2_ws/src/install/unitree_go/local/lib/python3.10/dist-packages/unitree_go/msg/_go2_front_video_data.py'...
[34.813s] Compiling '/root/ros2_ws/src/install/unitree_go/local/lib/python3.10/dist-packages/unitree_go/msg/_height_map.py'...
[34.813s] Compiling '/root/ros2_ws/src/install/unitree_go/local/lib/python3.10/dist-packages/unitree_go/msg/_imu_state.py'...
[34.813s] Compiling '/root/ros2_ws/src/install/unitree_go/local/lib/python3.10/dist-packages/unitree_go/msg/_interface_config.py'...
[34.813s] Compiling '/root/ros2_ws/src/install/unitree_go/local/lib/python3.10/dist-packages/unitree_go/msg/_lidar_state.py'...
[34.814s] Compiling '/root/ros2_ws/src/install/unitree_go/local/lib/python3.10/dist-packages/unitree_go/msg/_low_cmd.py'...
[34.814s] Compiling '/root/ros2_ws/src/install/unitree_go/local/lib/python3.10/dist-packages/unitree_go/msg/_low_state.py'...
[34.814s] Compiling '/root/ros2_ws/src/install/unitree_go/local/lib/python3.10/dist-packages/unitree_go/msg/_motor_cmd.py'...
[34.814s] Compiling '/root/ros2_ws/src/install/unitree_go/local/lib/python3.10/dist-packages/unitree_go/msg/_motor_state.py'...
[34.814s] Compiling '/root/ros2_ws/src/install/unitree_go/local/lib/python3.10/dist-packages/unitree_go/msg/_path_point.py'...
[34.814s] Compiling '/root/ros2_ws/src/install/unitree_go/local/lib/python3.10/dist-packages/unitree_go/msg/_req.py'...
[34.814s] Compiling '/root/ros2_ws/src/install/unitree_go/local/lib/python3.10/dist-packages/unitree_go/msg/_res.py'...
[34.814s] Compiling '/root/ros2_ws/src/install/unitree_go/local/lib/python3.10/dist-packages/unitree_go/msg/_sport_mode_cmd.py'...
[34.814s] Compiling '/root/ros2_ws/src/install/unitree_go/local/lib/python3.10/dist-packages/unitree_go/msg/_sport_mode_state.py'...
[34.814s] Compiling '/root/ros2_ws/src/install/unitree_go/local/lib/python3.10/dist-packages/unitree_go/msg/_time_spec.py'...
[34.814s] Compiling '/root/ros2_ws/src/install/unitree_go/local/lib/python3.10/dist-packages/unitree_go/msg/_uwb_state.py'...
[34.815s] Compiling '/root/ros2_ws/src/install/unitree_go/local/lib/python3.10/dist-packages/unitree_go/msg/_uwb_switch.py'...
[34.815s] Compiling '/root/ros2_ws/src/install/unitree_go/local/lib/python3.10/dist-packages/unitree_go/msg/_wireless_controller.py'...
[34.828s] -- Installing: /root/ros2_ws/src/install/unitree_go/local/lib/python3.10/dist-packages/unitree_go/unitree_go_s__rosidl_typesupport_fastrtps_c.cpython-310-x86_64-linux-gnu.so
[34.829s] -- Set runtime path of "/root/ros2_ws/src/install/unitree_go/local/lib/python3.10/dist-packages/unitree_go/unitree_go_s__rosidl_typesupport_fastrtps_c.cpython-310-x86_64-linux-gnu.so" to ""
[34.829s] -- Installing: /root/ros2_ws/src/install/unitree_go/local/lib/python3.10/dist-packages/unitree_go/unitree_go_s__rosidl_typesupport_introspection_c.cpython-310-x86_64-linux-gnu.so
[34.830s] -- Set runtime path of "/root/ros2_ws/src/install/unitree_go/local/lib/python3.10/dist-packages/unitree_go/unitree_go_s__rosidl_typesupport_introspection_c.cpython-310-x86_64-linux-gnu.so" to ""
[34.831s] -- Installing: /root/ros2_ws/src/install/unitree_go/local/lib/python3.10/dist-packages/unitree_go/unitree_go_s__rosidl_typesupport_c.cpython-310-x86_64-linux-gnu.so
[34.831s] -- Set runtime path of "/root/ros2_ws/src/install/unitree_go/local/lib/python3.10/dist-packages/unitree_go/unitree_go_s__rosidl_typesupport_c.cpython-310-x86_64-linux-gnu.so" to ""
[34.831s] -- Installing: /root/ros2_ws/src/install/unitree_go/lib/libunitree_go__rosidl_generator_py.so
[34.835s] -- Set runtime path of "/root/ros2_ws/src/install/unitree_go/lib/libunitree_go__rosidl_generator_py.so" to ""
[34.836s] -- Installing: /root/ros2_ws/src/install/unitree_go/share/unitree_go/msg/AudioData.idl
[34.836s] -- Installing: /root/ros2_ws/src/install/unitree_go/share/unitree_go/msg/BmsCmd.idl
[34.836s] -- Installing: /root/ros2_ws/src/install/unitree_go/share/unitree_go/msg/BmsState.idl
[34.837s] -- Installing: /root/ros2_ws/src/install/unitree_go/share/unitree_go/msg/Error.idl
[34.837s] -- Installing: /root/ros2_ws/src/install/unitree_go/share/unitree_go/msg/Go2FrontVideoData.idl
[34.838s] -- Installing: /root/ros2_ws/src/install/unitree_go/share/unitree_go/msg/HeightMap.idl
[34.838s] -- Installing: /root/ros2_ws/src/install/unitree_go/share/unitree_go/msg/IMUState.idl
[34.838s] -- Installing: /root/ros2_ws/src/install/unitree_go/share/unitree_go/msg/InterfaceConfig.idl
[34.838s] -- Installing: /root/ros2_ws/src/install/unitree_go/share/unitree_go/msg/LidarState.idl
[34.838s] -- Installing: /root/ros2_ws/src/install/unitree_go/share/unitree_go/msg/LowCmd.idl
[34.838s] -- Installing: /root/ros2_ws/src/install/unitree_go/share/unitree_go/msg/LowState.idl
[34.838s] -- Installing: /root/ros2_ws/src/install/unitree_go/share/unitree_go/msg/MotorCmd.idl
[34.842s] -- Installing: /root/ros2_ws/src/install/unitree_go/share/unitree_go/msg/MotorState.idl
[34.843s] -- Installing: /root/ros2_ws/src/install/unitree_go/share/unitree_go/msg/PathPoint.idl
[34.843s] -- Installing: /root/ros2_ws/src/install/unitree_go/share/unitree_go/msg/Req.idl
[34.843s] -- Installing: /root/ros2_ws/src/install/unitree_go/share/unitree_go/msg/Res.idl
[34.843s] -- Installing: /root/ros2_ws/src/install/unitree_go/share/unitree_go/msg/SportModeCmd.idl
[34.846s] -- Installing: /root/ros2_ws/src/install/unitree_go/share/unitree_go/msg/SportModeState.idl
[34.849s] -- Installing: /root/ros2_ws/src/install/unitree_go/share/unitree_go/msg/TimeSpec.idl
[34.850s] -- Installing: /root/ros2_ws/src/install/unitree_go/share/unitree_go/msg/UwbState.idl
[34.850s] -- Installing: /root/ros2_ws/src/install/unitree_go/share/unitree_go/msg/UwbSwitch.idl
[34.850s] -- Installing: /root/ros2_ws/src/install/unitree_go/share/unitree_go/msg/WirelessController.idl
[34.850s] -- Installing: /root/ros2_ws/src/install/unitree_go/share/unitree_go/msg/AudioData.msg
[34.850s] -- Installing: /root/ros2_ws/src/install/unitree_go/share/unitree_go/msg/BmsCmd.msg
[34.850s] -- Installing: /root/ros2_ws/src/install/unitree_go/share/unitree_go/msg/BmsState.msg
[34.850s] -- Installing: /root/ros2_ws/src/install/unitree_go/share/unitree_go/msg/Error.msg
[34.850s] -- Installing: /root/ros2_ws/src/install/unitree_go/share/unitree_go/msg/Go2FrontVideoData.msg
[34.850s] -- Installing: /root/ros2_ws/src/install/unitree_go/share/unitree_go/msg/HeightMap.msg
[34.850s] -- Installing: /root/ros2_ws/src/install/unitree_go/share/unitree_go/msg/IMUState.msg
[34.850s] -- Installing: /root/ros2_ws/src/install/unitree_go/share/unitree_go/msg/InterfaceConfig.msg
[34.851s] -- Installing: /root/ros2_ws/src/install/unitree_go/share/unitree_go/msg/LidarState.msg
[34.851s] -- Installing: /root/ros2_ws/src/install/unitree_go/share/unitree_go/msg/LowCmd.msg
[34.851s] -- Installing: /root/ros2_ws/src/install/unitree_go/share/unitree_go/msg/LowState.msg
[34.851s] -- Installing: /root/ros2_ws/src/install/unitree_go/share/unitree_go/msg/MotorCmd.msg
[34.851s] -- Installing: /root/ros2_ws/src/install/unitree_go/share/unitree_go/msg/MotorState.msg
[34.852s] -- Installing: /root/ros2_ws/src/install/unitree_go/share/unitree_go/msg/PathPoint.msg
[34.855s] -- Installing: /root/ros2_ws/src/install/unitree_go/share/unitree_go/msg/Req.msg
[34.856s] -- Installing: /root/ros2_ws/src/install/unitree_go/share/unitree_go/msg/Res.msg
[34.856s] -- Installing: /root/ros2_ws/src/install/unitree_go/share/unitree_go/msg/SportModeCmd.msg
[34.856s] -- Installing: /root/ros2_ws/src/install/unitree_go/share/unitree_go/msg/SportModeState.msg
[34.856s] -- Installing: /root/ros2_ws/src/install/unitree_go/share/unitree_go/msg/TimeSpec.msg
[34.856s] -- Installing: /root/ros2_ws/src/install/unitree_go/share/unitree_go/msg/UwbState.msg
[34.856s] -- Installing: /root/ros2_ws/src/install/unitree_go/share/unitree_go/msg/UwbSwitch.msg
[34.856s] -- Installing: /root/ros2_ws/src/install/unitree_go/share/unitree_go/msg/WirelessController.msg
[34.860s] -- Installing: /root/ros2_ws/src/install/unitree_go/share/unitree_go/msg/dds_connext
[34.860s] -- Installing: /root/ros2_ws/src/install/unitree_go/share/unitree_go/msg/dds_connext/Error_.idl
[34.861s] -- Installing: /root/ros2_ws/src/install/unitree_go/share/unitree_go/msg/dds_connext/InterfaceConfig_.idl
[34.861s] -- Installing: /root/ros2_ws/src/install/unitree_go/share/unitree_go/msg/dds_connext/LowState_.idl
[34.861s] -- Installing: /root/ros2_ws/src/install/unitree_go/share/unitree_go/msg/dds_connext/MotorState_.idl
[34.861s] -- Installing: /root/ros2_ws/src/install/unitree_go/share/unitree_go/msg/dds_connext/UwbSwitch_.idl
[34.861s] -- Installing: /root/ros2_ws/src/install/unitree_go/share/unitree_go/msg/dds_connext/LowCmd_.idl
[34.861s] -- Installing: /root/ros2_ws/src/install/unitree_go/share/unitree_go/msg/dds_connext/Req_.idl
[34.861s] -- Installing: /root/ros2_ws/src/install/unitree_go/share/unitree_go/msg/dds_connext/PathPoint_.idl
[34.861s] -- Installing: /root/ros2_ws/src/install/unitree_go/share/unitree_go/msg/dds_connext/IMUState_.idl
[34.861s] -- Installing: /root/ros2_ws/src/install/unitree_go/share/unitree_go/msg/dds_connext/TimeSpec_.idl
[34.861s] -- Installing: /root/ros2_ws/src/install/unitree_go/share/unitree_go/msg/dds_connext/HeightMap_.idl
[34.861s] -- Installing: /root/ros2_ws/src/install/unitree_go/share/unitree_go/msg/dds_connext/Go2FrontVideoData_.idl
[34.862s] -- Installing: /root/ros2_ws/src/install/unitree_go/share/unitree_go/msg/dds_connext/UwbState_.idl
[34.862s] -- Installing: /root/ros2_ws/src/install/unitree_go/share/unitree_go/msg/dds_connext/BmsState_.idl
[34.862s] -- Installing: /root/ros2_ws/src/install/unitree_go/share/unitree_go/msg/dds_connext/MotorCmd_.idl
[34.862s] -- Installing: /root/ros2_ws/src/install/unitree_go/share/unitree_go/msg/dds_connext/BmsCmd_.idl
[34.862s] -- Installing: /root/ros2_ws/src/install/unitree_go/share/unitree_go/msg/dds_connext/WirelessController_.idl
[34.862s] -- Installing: /root/ros2_ws/src/install/unitree_go/share/unitree_go/msg/dds_connext/LidarState_.idl
[34.862s] -- Installing: /root/ros2_ws/src/install/unitree_go/share/unitree_go/msg/dds_connext/AudioData_.idl
[34.863s] -- Installing: /root/ros2_ws/src/install/unitree_go/share/unitree_go/msg/dds_connext/SportModeCmd_.idl
[34.866s] -- Installing: /root/ros2_ws/src/install/unitree_go/share/unitree_go/msg/dds_connext/SportModeState_.idl
[34.866s] -- Installing: /root/ros2_ws/src/install/unitree_go/share/unitree_go/msg/dds_connext/Res_.idl
[34.867s] -- Installing: /root/ros2_ws/src/install/unitree_go/share/ament_index/resource_index/package_run_dependencies/unitree_go
[34.867s] -- Installing: /root/ros2_ws/src/install/unitree_go/share/ament_index/resource_index/parent_prefix_path/unitree_go
[34.867s] -- Installing: /root/ros2_ws/src/install/unitree_go/share/unitree_go/environment/ament_prefix_path.sh
[34.867s] -- Installing: /root/ros2_ws/src/install/unitree_go/share/unitree_go/environment/ament_prefix_path.dsv
[34.867s] -- Installing: /root/ros2_ws/src/install/unitree_go/share/unitree_go/environment/path.sh
[34.867s] -- Installing: /root/ros2_ws/src/install/unitree_go/share/unitree_go/environment/path.dsv
[34.868s] -- Installing: /root/ros2_ws/src/install/unitree_go/share/unitree_go/local_setup.bash
[34.868s] -- Installing: /root/ros2_ws/src/install/unitree_go/share/unitree_go/local_setup.sh
[34.868s] -- Installing: /root/ros2_ws/src/install/unitree_go/share/unitree_go/local_setup.zsh
[34.868s] -- Installing: /root/ros2_ws/src/install/unitree_go/share/unitree_go/local_setup.dsv
[34.868s] -- Installing: /root/ros2_ws/src/install/unitree_go/share/unitree_go/package.dsv
[34.868s] -- Installing: /root/ros2_ws/src/install/unitree_go/share/ament_index/resource_index/packages/unitree_go
[34.869s] -- Installing: /root/ros2_ws/src/install/unitree_go/share/unitree_go/cmake/export_unitree_go__rosidl_generator_cExport.cmake
[34.869s] -- Installing: /root/ros2_ws/src/install/unitree_go/share/unitree_go/cmake/export_unitree_go__rosidl_generator_cExport-noconfig.cmake
[34.872s] -- Installing: /root/ros2_ws/src/install/unitree_go/share/unitree_go/cmake/export_unitree_go__rosidl_typesupport_fastrtps_cExport.cmake
[34.873s] -- Installing: /root/ros2_ws/src/install/unitree_go/share/unitree_go/cmake/export_unitree_go__rosidl_typesupport_fastrtps_cExport-noconfig.cmake
[34.873s] -- Installing: /root/ros2_ws/src/install/unitree_go/share/unitree_go/cmake/export_unitree_go__rosidl_generator_cppExport.cmake
[34.873s] -- Installing: /root/ros2_ws/src/install/unitree_go/share/unitree_go/cmake/export_unitree_go__rosidl_typesupport_fastrtps_cppExport.cmake
[34.873s] -- Installing: /root/ros2_ws/src/install/unitree_go/share/unitree_go/cmake/export_unitree_go__rosidl_typesupport_fastrtps_cppExport-noconfig.cmake
[34.873s] -- Installing: /root/ros2_ws/src/install/unitree_go/share/unitree_go/cmake/unitree_go__rosidl_typesupport_introspection_cExport.cmake
[34.873s] -- Installing: /root/ros2_ws/src/install/unitree_go/share/unitree_go/cmake/unitree_go__rosidl_typesupport_introspection_cExport-noconfig.cmake
[34.874s] -- Installing: /root/ros2_ws/src/install/unitree_go/share/unitree_go/cmake/unitree_go__rosidl_typesupport_cExport.cmake
[34.874s] -- Installing: /root/ros2_ws/src/install/unitree_go/share/unitree_go/cmake/unitree_go__rosidl_typesupport_cExport-noconfig.cmake
[34.880s] -- Installing: /root/ros2_ws/src/install/unitree_go/share/unitree_go/cmake/unitree_go__rosidl_typesupport_introspection_cppExport.cmake
[34.881s] -- Installing: /root/ros2_ws/src/install/unitree_go/share/unitree_go/cmake/unitree_go__rosidl_typesupport_introspection_cppExport-noconfig.cmake
[34.881s] -- Installing: /root/ros2_ws/src/install/unitree_go/share/unitree_go/cmake/unitree_go__rosidl_typesupport_cppExport.cmake
[34.881s] -- Installing: /root/ros2_ws/src/install/unitree_go/share/unitree_go/cmake/unitree_go__rosidl_typesupport_cppExport-noconfig.cmake
[34.881s] -- Installing: /root/ros2_ws/src/install/unitree_go/share/unitree_go/cmake/export_unitree_go__rosidl_generator_pyExport.cmake
[34.881s] -- Installing: /root/ros2_ws/src/install/unitree_go/share/unitree_go/cmake/export_unitree_go__rosidl_generator_pyExport-noconfig.cmake
[34.881s] -- Installing: /root/ros2_ws/src/install/unitree_go/share/unitree_go/cmake/rosidl_cmake-extras.cmake
[34.881s] -- Installing: /root/ros2_ws/src/install/unitree_go/share/unitree_go/cmake/ament_cmake_export_dependencies-extras.cmake
[34.881s] -- Installing: /root/ros2_ws/src/install/unitree_go/share/unitree_go/cmake/ament_cmake_export_include_directories-extras.cmake
[34.882s] -- Installing: /root/ros2_ws/src/install/unitree_go/share/unitree_go/cmake/ament_cmake_export_libraries-extras.cmake
[34.882s] -- Installing: /root/ros2_ws/src/install/unitree_go/share/unitree_go/cmake/ament_cmake_export_targets-extras.cmake
[34.882s] -- Installing: /root/ros2_ws/src/install/unitree_go/share/unitree_go/cmake/rosidl_cmake_export_typesupport_targets-extras.cmake
[34.882s] -- Installing: /root/ros2_ws/src/install/unitree_go/share/unitree_go/cmake/rosidl_cmake_export_typesupport_libraries-extras.cmake
[34.883s] -- Installing: /root/ros2_ws/src/install/unitree_go/share/unitree_go/cmake/unitree_goConfig.cmake
[34.883s] -- Installing: /root/ros2_ws/src/install/unitree_go/share/unitree_go/cmake/unitree_goConfig-version.cmake
[34.888s] -- Installing: /root/ros2_ws/src/install/unitree_go/share/unitree_go/package.xml
[34.905s] Invoked command in '/root/ros2_ws/src/build/unitree_go' returned '0': CMAKE_PREFIX_PATH=/opt/ros/humble /usr/bin/cmake --install /root/ros2_ws/src/build/unitree_go
