[0.131s] DEBUG:colcon:Command line arguments: ['/usr/bin/colcon', 'build', '--cmake-args', '-DROS_EDITION=ROS2', '-DHUMBLE_ROS=humble']
[0.131s] DEBUG:colcon:Parsed command line arguments: Namespace(log_base=None, log_level=None, verb_name='build', build_base='build', install_base='install', merge_install=False, symlink_install=False, test_result_base=None, continue_on_error=False, executor='parallel', parallel_workers=24, event_handlers=None, ignore_user_meta=False, metas=['./colcon.meta'], base_paths=['.'], packages_ignore=None, packages_ignore_regex=None, paths=None, packages_up_to=None, packages_up_to_regex=None, packages_above=None, packages_above_and_dependencies=None, packages_above_depth=None, packages_select_by_dep=None, packages_skip_by_dep=None, packages_skip_up_to=None, packages_select_build_failed=False, packages_skip_build_finished=False, packages_select_test_failures=False, packages_skip_test_passed=False, packages_select=None, packages_skip=None, packages_select_regex=None, packages_skip_regex=None, packages_start=None, packages_end=None, cmake_args=['-DROS_EDITION=ROS2', '-DHUMBLE_ROS=humble'], cmake_target=None, cmake_target_skip_unavailable=False, cmake_clean_cache=False, cmake_clean_first=False, cmake_force_configure=False, ament_cmake_args=None, catkin_cmake_args=None, catkin_skip_building_tests=False, mixin_files=None, mixin=None, verb_parser=<colcon_mixin.mixin.mixin_argument.MixinArgumentDecorator object at 0x7377af8b2650>, verb_extension=<colcon_core.verb.build.BuildVerb object at 0x7377af8b1fc0>, main=<bound method BuildVerb.main of <colcon_core.verb.build.BuildVerb object at 0x7377af8b1fc0>>, mixin_verb=('build',))
[0.228s] Level 1:colcon.colcon_core.package_discovery:discover_packages(colcon_meta) check parameters
[0.228s] INFO:colcon.colcon_metadata.package_discovery.colcon_meta:Using configuration from '/root/.colcon/metadata/default/Gazebo.meta'
[0.229s] INFO:colcon.colcon_metadata.package_discovery.colcon_meta:Using configuration from '/root/.colcon/metadata/default/fastdds.meta'
[0.229s] INFO:colcon.colcon_metadata.package_discovery.colcon_meta:Using configuration from '/root/.colcon/metadata/default/fastrtps.meta'
[0.229s] Level 1:colcon.colcon_core.package_discovery:discover_packages(recursive) check parameters
[0.229s] Level 1:colcon.colcon_core.package_discovery:discover_packages(ignore) check parameters
[0.229s] Level 1:colcon.colcon_core.package_discovery:discover_packages(path) check parameters
[0.229s] Level 1:colcon.colcon_core.package_discovery:discover_packages(colcon_meta) discover
[0.229s] Level 1:colcon.colcon_core.package_discovery:discover_packages(recursive) discover
[0.229s] INFO:colcon.colcon_core.package_discovery:Crawling recursively for packages in '/root/ros2_ws/src'
[0.229s] Level 1:colcon.colcon_core.package_identification:_identify(.) by extensions ['ignore', 'ignore_ament_install']
[0.229s] Level 1:colcon.colcon_core.package_identification:_identify(.) by extension 'ignore'
[0.229s] Level 1:colcon.colcon_core.package_identification:_identify(.) by extension 'ignore_ament_install'
[0.229s] Level 1:colcon.colcon_core.package_identification:_identify(.) by extensions ['colcon_pkg']
[0.229s] Level 1:colcon.colcon_core.package_identification:_identify(.) by extension 'colcon_pkg'
[0.229s] Level 1:colcon.colcon_core.package_identification:_identify(.) by extensions ['colcon_meta']
[0.229s] Level 1:colcon.colcon_core.package_identification:_identify(.) by extension 'colcon_meta'
[0.229s] Level 1:colcon.colcon_core.package_identification:_identify(.) by extensions ['ros']
[0.229s] Level 1:colcon.colcon_core.package_identification:_identify(.) by extension 'ros'
[0.236s] Level 1:colcon.colcon_core.package_identification:_identify(.) by extensions ['cmake', 'python']
[0.236s] Level 1:colcon.colcon_core.package_identification:_identify(.) by extension 'cmake'
[0.236s] Level 1:colcon.colcon_core.package_identification:_identify(.) by extension 'python'
[0.236s] Level 1:colcon.colcon_core.package_identification:_identify(.) by extensions ['python_setup_py']
[0.236s] Level 1:colcon.colcon_core.package_identification:_identify(.) by extension 'python_setup_py'
[0.236s] Level 1:colcon.colcon_core.package_identification:_identify(base_autonomy) by extensions ['ignore', 'ignore_ament_install']
[0.236s] Level 1:colcon.colcon_core.package_identification:_identify(base_autonomy) by extension 'ignore'
[0.236s] Level 1:colcon.colcon_core.package_identification:_identify(base_autonomy) by extension 'ignore_ament_install'
[0.236s] Level 1:colcon.colcon_core.package_identification:_identify(base_autonomy) by extensions ['colcon_pkg']
[0.236s] Level 1:colcon.colcon_core.package_identification:_identify(base_autonomy) by extension 'colcon_pkg'
[0.236s] Level 1:colcon.colcon_core.package_identification:_identify(base_autonomy) by extensions ['colcon_meta']
[0.236s] Level 1:colcon.colcon_core.package_identification:_identify(base_autonomy) by extension 'colcon_meta'
[0.236s] Level 1:colcon.colcon_core.package_identification:_identify(base_autonomy) by extensions ['ros']
[0.236s] Level 1:colcon.colcon_core.package_identification:_identify(base_autonomy) by extension 'ros'
[0.236s] Level 1:colcon.colcon_core.package_identification:_identify(base_autonomy) by extensions ['cmake', 'python']
[0.236s] Level 1:colcon.colcon_core.package_identification:_identify(base_autonomy) by extension 'cmake'
[0.236s] Level 1:colcon.colcon_core.package_identification:_identify(base_autonomy) by extension 'python'
[0.236s] Level 1:colcon.colcon_core.package_identification:_identify(base_autonomy) by extensions ['python_setup_py']
[0.236s] Level 1:colcon.colcon_core.package_identification:_identify(base_autonomy) by extension 'python_setup_py'
[0.236s] Level 1:colcon.colcon_core.package_identification:_identify(base_autonomy/local_planner) by extensions ['ignore', 'ignore_ament_install']
[0.236s] Level 1:colcon.colcon_core.package_identification:_identify(base_autonomy/local_planner) by extension 'ignore'
[0.236s] Level 1:colcon.colcon_core.package_identification:_identify(base_autonomy/local_planner) by extension 'ignore_ament_install'
[0.236s] Level 1:colcon.colcon_core.package_identification:_identify(base_autonomy/local_planner) by extensions ['colcon_pkg']
[0.236s] Level 1:colcon.colcon_core.package_identification:_identify(base_autonomy/local_planner) by extension 'colcon_pkg'
[0.236s] Level 1:colcon.colcon_core.package_identification:_identify(base_autonomy/local_planner) by extensions ['colcon_meta']
[0.236s] Level 1:colcon.colcon_core.package_identification:_identify(base_autonomy/local_planner) by extension 'colcon_meta'
[0.236s] Level 1:colcon.colcon_core.package_identification:_identify(base_autonomy/local_planner) by extensions ['ros']
[0.236s] Level 1:colcon.colcon_core.package_identification:_identify(base_autonomy/local_planner) by extension 'ros'
[0.238s] DEBUG:colcon.colcon_core.package_identification:Package 'base_autonomy/local_planner' with type 'ros.ament_cmake' and name 'local_planner'
[0.238s] Level 1:colcon.colcon_core.package_identification:_identify(base_autonomy/sensor_scan_generation) by extensions ['ignore', 'ignore_ament_install']
[0.238s] Level 1:colcon.colcon_core.package_identification:_identify(base_autonomy/sensor_scan_generation) by extension 'ignore'
[0.238s] Level 1:colcon.colcon_core.package_identification:_identify(base_autonomy/sensor_scan_generation) by extension 'ignore_ament_install'
[0.238s] Level 1:colcon.colcon_core.package_identification:_identify(base_autonomy/sensor_scan_generation) by extensions ['colcon_pkg']
[0.238s] Level 1:colcon.colcon_core.package_identification:_identify(base_autonomy/sensor_scan_generation) by extension 'colcon_pkg'
[0.238s] Level 1:colcon.colcon_core.package_identification:_identify(base_autonomy/sensor_scan_generation) by extensions ['colcon_meta']
[0.238s] Level 1:colcon.colcon_core.package_identification:_identify(base_autonomy/sensor_scan_generation) by extension 'colcon_meta'
[0.238s] Level 1:colcon.colcon_core.package_identification:_identify(base_autonomy/sensor_scan_generation) by extensions ['ros']
[0.238s] Level 1:colcon.colcon_core.package_identification:_identify(base_autonomy/sensor_scan_generation) by extension 'ros'
[0.239s] DEBUG:colcon.colcon_core.package_identification:Package 'base_autonomy/sensor_scan_generation' with type 'ros.ament_cmake' and name 'sensor_scan_generation'
[0.239s] Level 1:colcon.colcon_core.package_identification:_identify(base_autonomy/terrain_analysis) by extensions ['ignore', 'ignore_ament_install']
[0.239s] Level 1:colcon.colcon_core.package_identification:_identify(base_autonomy/terrain_analysis) by extension 'ignore'
[0.239s] Level 1:colcon.colcon_core.package_identification:_identify(base_autonomy/terrain_analysis) by extension 'ignore_ament_install'
[0.239s] Level 1:colcon.colcon_core.package_identification:_identify(base_autonomy/terrain_analysis) by extensions ['colcon_pkg']
[0.239s] Level 1:colcon.colcon_core.package_identification:_identify(base_autonomy/terrain_analysis) by extension 'colcon_pkg'
[0.239s] Level 1:colcon.colcon_core.package_identification:_identify(base_autonomy/terrain_analysis) by extensions ['colcon_meta']
[0.239s] Level 1:colcon.colcon_core.package_identification:_identify(base_autonomy/terrain_analysis) by extension 'colcon_meta'
[0.239s] Level 1:colcon.colcon_core.package_identification:_identify(base_autonomy/terrain_analysis) by extensions ['ros']
[0.239s] Level 1:colcon.colcon_core.package_identification:_identify(base_autonomy/terrain_analysis) by extension 'ros'
[0.239s] DEBUG:colcon.colcon_core.package_identification:Package 'base_autonomy/terrain_analysis' with type 'ros.ament_cmake' and name 'terrain_analysis'
[0.240s] Level 1:colcon.colcon_core.package_identification:_identify(base_autonomy/terrain_analysis_ext) by extensions ['ignore', 'ignore_ament_install']
[0.240s] Level 1:colcon.colcon_core.package_identification:_identify(base_autonomy/terrain_analysis_ext) by extension 'ignore'
[0.240s] Level 1:colcon.colcon_core.package_identification:_identify(base_autonomy/terrain_analysis_ext) by extension 'ignore_ament_install'
[0.240s] Level 1:colcon.colcon_core.package_identification:_identify(base_autonomy/terrain_analysis_ext) by extensions ['colcon_pkg']
[0.240s] Level 1:colcon.colcon_core.package_identification:_identify(base_autonomy/terrain_analysis_ext) by extension 'colcon_pkg'
[0.240s] Level 1:colcon.colcon_core.package_identification:_identify(base_autonomy/terrain_analysis_ext) by extensions ['colcon_meta']
[0.240s] Level 1:colcon.colcon_core.package_identification:_identify(base_autonomy/terrain_analysis_ext) by extension 'colcon_meta'
[0.240s] Level 1:colcon.colcon_core.package_identification:_identify(base_autonomy/terrain_analysis_ext) by extensions ['ros']
[0.240s] Level 1:colcon.colcon_core.package_identification:_identify(base_autonomy/terrain_analysis_ext) by extension 'ros'
[0.240s] DEBUG:colcon.colcon_core.package_identification:Package 'base_autonomy/terrain_analysis_ext' with type 'ros.ament_cmake' and name 'terrain_analysis_ext'
[0.241s] Level 1:colcon.colcon_core.package_identification:_identify(base_autonomy/vehicle_simulator) by extensions ['ignore', 'ignore_ament_install']
[0.241s] Level 1:colcon.colcon_core.package_identification:_identify(base_autonomy/vehicle_simulator) by extension 'ignore'
[0.241s] Level 1:colcon.colcon_core.package_identification:_identify(base_autonomy/vehicle_simulator) by extension 'ignore_ament_install'
[0.241s] Level 1:colcon.colcon_core.package_identification:_identify(base_autonomy/vehicle_simulator) by extensions ['colcon_pkg']
[0.241s] Level 1:colcon.colcon_core.package_identification:_identify(base_autonomy/vehicle_simulator) by extension 'colcon_pkg'
[0.241s] Level 1:colcon.colcon_core.package_identification:_identify(base_autonomy/vehicle_simulator) by extensions ['colcon_meta']
[0.241s] Level 1:colcon.colcon_core.package_identification:_identify(base_autonomy/vehicle_simulator) by extension 'colcon_meta'
[0.241s] Level 1:colcon.colcon_core.package_identification:_identify(base_autonomy/vehicle_simulator) by extensions ['ros']
[0.241s] Level 1:colcon.colcon_core.package_identification:_identify(base_autonomy/vehicle_simulator) by extension 'ros'
[0.241s] DEBUG:colcon.colcon_core.package_identification:Package 'base_autonomy/vehicle_simulator' with type 'ros.ament_cmake' and name 'vehicle_simulator'
[0.241s] Level 1:colcon.colcon_core.package_identification:_identify(base_autonomy/visualization_tools) by extensions ['ignore', 'ignore_ament_install']
[0.241s] Level 1:colcon.colcon_core.package_identification:_identify(base_autonomy/visualization_tools) by extension 'ignore'
[0.241s] Level 1:colcon.colcon_core.package_identification:_identify(base_autonomy/visualization_tools) by extension 'ignore_ament_install'
[0.241s] Level 1:colcon.colcon_core.package_identification:_identify(base_autonomy/visualization_tools) by extensions ['colcon_pkg']
[0.241s] Level 1:colcon.colcon_core.package_identification:_identify(base_autonomy/visualization_tools) by extension 'colcon_pkg'
[0.241s] Level 1:colcon.colcon_core.package_identification:_identify(base_autonomy/visualization_tools) by extensions ['colcon_meta']
[0.241s] Level 1:colcon.colcon_core.package_identification:_identify(base_autonomy/visualization_tools) by extension 'colcon_meta'
[0.241s] Level 1:colcon.colcon_core.package_identification:_identify(base_autonomy/visualization_tools) by extensions ['ros']
[0.241s] Level 1:colcon.colcon_core.package_identification:_identify(base_autonomy/visualization_tools) by extension 'ros'
[0.242s] DEBUG:colcon.colcon_core.package_identification:Package 'base_autonomy/visualization_tools' with type 'ros.ament_cmake' and name 'visualization_tools'
[0.242s] Level 1:colcon.colcon_core.package_identification:_identify(base_autonomy/waypoint_example) by extensions ['ignore', 'ignore_ament_install']
[0.242s] Level 1:colcon.colcon_core.package_identification:_identify(base_autonomy/waypoint_example) by extension 'ignore'
[0.242s] Level 1:colcon.colcon_core.package_identification:_identify(base_autonomy/waypoint_example) by extension 'ignore_ament_install'
[0.242s] Level 1:colcon.colcon_core.package_identification:_identify(base_autonomy/waypoint_example) by extensions ['colcon_pkg']
[0.242s] Level 1:colcon.colcon_core.package_identification:_identify(base_autonomy/waypoint_example) by extension 'colcon_pkg'
[0.242s] Level 1:colcon.colcon_core.package_identification:_identify(base_autonomy/waypoint_example) by extensions ['colcon_meta']
[0.242s] Level 1:colcon.colcon_core.package_identification:_identify(base_autonomy/waypoint_example) by extension 'colcon_meta'
[0.242s] Level 1:colcon.colcon_core.package_identification:_identify(base_autonomy/waypoint_example) by extensions ['ros']
[0.242s] Level 1:colcon.colcon_core.package_identification:_identify(base_autonomy/waypoint_example) by extension 'ros'
[0.247s] DEBUG:colcon.colcon_core.package_identification:Package 'base_autonomy/waypoint_example' with type 'ros.ament_cmake' and name 'waypoint_example'
[0.247s] Level 1:colcon.colcon_core.package_identification:_identify(build) by extensions ['ignore', 'ignore_ament_install']
[0.247s] Level 1:colcon.colcon_core.package_identification:_identify(build) by extension 'ignore'
[0.247s] Level 1:colcon.colcon_core.package_identification:_identify(build) ignored
[0.247s] Level 1:colcon.colcon_core.package_identification:_identify(install) by extensions ['ignore', 'ignore_ament_install']
[0.247s] Level 1:colcon.colcon_core.package_identification:_identify(install) by extension 'ignore'
[0.247s] Level 1:colcon.colcon_core.package_identification:_identify(install) ignored
[0.247s] Level 1:colcon.colcon_core.package_identification:_identify(log) by extensions ['ignore', 'ignore_ament_install']
[0.247s] Level 1:colcon.colcon_core.package_identification:_identify(log) by extension 'ignore'
[0.247s] Level 1:colcon.colcon_core.package_identification:_identify(log) ignored
[0.247s] Level 1:colcon.colcon_core.package_identification:_identify(route_planner) by extensions ['ignore', 'ignore_ament_install']
[0.247s] Level 1:colcon.colcon_core.package_identification:_identify(route_planner) by extension 'ignore'
[0.247s] Level 1:colcon.colcon_core.package_identification:_identify(route_planner) by extension 'ignore_ament_install'
[0.247s] Level 1:colcon.colcon_core.package_identification:_identify(route_planner) by extensions ['colcon_pkg']
[0.247s] Level 1:colcon.colcon_core.package_identification:_identify(route_planner) by extension 'colcon_pkg'
[0.247s] Level 1:colcon.colcon_core.package_identification:_identify(route_planner) by extensions ['colcon_meta']
[0.247s] Level 1:colcon.colcon_core.package_identification:_identify(route_planner) by extension 'colcon_meta'
[0.247s] Level 1:colcon.colcon_core.package_identification:_identify(route_planner) by extensions ['ros']
[0.247s] Level 1:colcon.colcon_core.package_identification:_identify(route_planner) by extension 'ros'
[0.247s] Level 1:colcon.colcon_core.package_identification:_identify(route_planner) by extensions ['cmake', 'python']
[0.247s] Level 1:colcon.colcon_core.package_identification:_identify(route_planner) by extension 'cmake'
[0.247s] Level 1:colcon.colcon_core.package_identification:_identify(route_planner) by extension 'python'
[0.247s] Level 1:colcon.colcon_core.package_identification:_identify(route_planner) by extensions ['python_setup_py']
[0.247s] Level 1:colcon.colcon_core.package_identification:_identify(route_planner) by extension 'python_setup_py'
[0.248s] Level 1:colcon.colcon_core.package_identification:_identify(route_planner/boundary_handler) by extensions ['ignore', 'ignore_ament_install']
[0.248s] Level 1:colcon.colcon_core.package_identification:_identify(route_planner/boundary_handler) by extension 'ignore'
[0.248s] Level 1:colcon.colcon_core.package_identification:_identify(route_planner/boundary_handler) by extension 'ignore_ament_install'
[0.248s] Level 1:colcon.colcon_core.package_identification:_identify(route_planner/boundary_handler) by extensions ['colcon_pkg']
[0.248s] Level 1:colcon.colcon_core.package_identification:_identify(route_planner/boundary_handler) by extension 'colcon_pkg'
[0.248s] Level 1:colcon.colcon_core.package_identification:_identify(route_planner/boundary_handler) by extensions ['colcon_meta']
[0.248s] Level 1:colcon.colcon_core.package_identification:_identify(route_planner/boundary_handler) by extension 'colcon_meta'
[0.248s] Level 1:colcon.colcon_core.package_identification:_identify(route_planner/boundary_handler) by extensions ['ros']
[0.248s] Level 1:colcon.colcon_core.package_identification:_identify(route_planner/boundary_handler) by extension 'ros'
[0.248s] DEBUG:colcon.colcon_core.package_identification:Package 'route_planner/boundary_handler' with type 'ros.ament_cmake' and name 'boundary_handler'
[0.248s] Level 1:colcon.colcon_core.package_identification:_identify(route_planner/far_planner) by extensions ['ignore', 'ignore_ament_install']
[0.248s] Level 1:colcon.colcon_core.package_identification:_identify(route_planner/far_planner) by extension 'ignore'
[0.248s] Level 1:colcon.colcon_core.package_identification:_identify(route_planner/far_planner) by extension 'ignore_ament_install'
[0.248s] Level 1:colcon.colcon_core.package_identification:_identify(route_planner/far_planner) by extensions ['colcon_pkg']
[0.248s] Level 1:colcon.colcon_core.package_identification:_identify(route_planner/far_planner) by extension 'colcon_pkg'
[0.248s] Level 1:colcon.colcon_core.package_identification:_identify(route_planner/far_planner) by extensions ['colcon_meta']
[0.248s] Level 1:colcon.colcon_core.package_identification:_identify(route_planner/far_planner) by extension 'colcon_meta'
[0.248s] Level 1:colcon.colcon_core.package_identification:_identify(route_planner/far_planner) by extensions ['ros']
[0.248s] Level 1:colcon.colcon_core.package_identification:_identify(route_planner/far_planner) by extension 'ros'
[0.249s] DEBUG:colcon.colcon_core.package_identification:Package 'route_planner/far_planner' with type 'ros.ament_cmake' and name 'far_planner'
[0.249s] Level 1:colcon.colcon_core.package_identification:_identify(route_planner/graph_decoder) by extensions ['ignore', 'ignore_ament_install']
[0.249s] Level 1:colcon.colcon_core.package_identification:_identify(route_planner/graph_decoder) by extension 'ignore'
[0.249s] Level 1:colcon.colcon_core.package_identification:_identify(route_planner/graph_decoder) by extension 'ignore_ament_install'
[0.249s] Level 1:colcon.colcon_core.package_identification:_identify(route_planner/graph_decoder) by extensions ['colcon_pkg']
[0.249s] Level 1:colcon.colcon_core.package_identification:_identify(route_planner/graph_decoder) by extension 'colcon_pkg'
[0.249s] Level 1:colcon.colcon_core.package_identification:_identify(route_planner/graph_decoder) by extensions ['colcon_meta']
[0.249s] Level 1:colcon.colcon_core.package_identification:_identify(route_planner/graph_decoder) by extension 'colcon_meta'
[0.249s] Level 1:colcon.colcon_core.package_identification:_identify(route_planner/graph_decoder) by extensions ['ros']
[0.249s] Level 1:colcon.colcon_core.package_identification:_identify(route_planner/graph_decoder) by extension 'ros'
[0.250s] DEBUG:colcon.colcon_core.package_identification:Package 'route_planner/graph_decoder' with type 'ros.ament_cmake' and name 'graph_decoder'
[0.250s] Level 1:colcon.colcon_core.package_identification:_identify(route_planner/visibility_graph_msg) by extensions ['ignore', 'ignore_ament_install']
[0.250s] Level 1:colcon.colcon_core.package_identification:_identify(route_planner/visibility_graph_msg) by extension 'ignore'
[0.250s] Level 1:colcon.colcon_core.package_identification:_identify(route_planner/visibility_graph_msg) by extension 'ignore_ament_install'
[0.250s] Level 1:colcon.colcon_core.package_identification:_identify(route_planner/visibility_graph_msg) by extensions ['colcon_pkg']
[0.250s] Level 1:colcon.colcon_core.package_identification:_identify(route_planner/visibility_graph_msg) by extension 'colcon_pkg'
[0.250s] Level 1:colcon.colcon_core.package_identification:_identify(route_planner/visibility_graph_msg) by extensions ['colcon_meta']
[0.250s] Level 1:colcon.colcon_core.package_identification:_identify(route_planner/visibility_graph_msg) by extension 'colcon_meta'
[0.250s] Level 1:colcon.colcon_core.package_identification:_identify(route_planner/visibility_graph_msg) by extensions ['ros']
[0.250s] Level 1:colcon.colcon_core.package_identification:_identify(route_planner/visibility_graph_msg) by extension 'ros'
[0.250s] DEBUG:colcon.colcon_core.package_identification:Package 'route_planner/visibility_graph_msg' with type 'ros.ament_cmake' and name 'visibility_graph_msg'
[0.250s] Level 1:colcon.colcon_core.package_identification:_identify(slam) by extensions ['ignore', 'ignore_ament_install']
[0.250s] Level 1:colcon.colcon_core.package_identification:_identify(slam) by extension 'ignore'
[0.250s] Level 1:colcon.colcon_core.package_identification:_identify(slam) by extension 'ignore_ament_install'
[0.250s] Level 1:colcon.colcon_core.package_identification:_identify(slam) by extensions ['colcon_pkg']
[0.250s] Level 1:colcon.colcon_core.package_identification:_identify(slam) by extension 'colcon_pkg'
[0.250s] Level 1:colcon.colcon_core.package_identification:_identify(slam) by extensions ['colcon_meta']
[0.250s] Level 1:colcon.colcon_core.package_identification:_identify(slam) by extension 'colcon_meta'
[0.250s] Level 1:colcon.colcon_core.package_identification:_identify(slam) by extensions ['ros']
[0.250s] Level 1:colcon.colcon_core.package_identification:_identify(slam) by extension 'ros'
[0.250s] Level 1:colcon.colcon_core.package_identification:_identify(slam) by extensions ['cmake', 'python']
[0.250s] Level 1:colcon.colcon_core.package_identification:_identify(slam) by extension 'cmake'
[0.250s] Level 1:colcon.colcon_core.package_identification:_identify(slam) by extension 'python'
[0.250s] Level 1:colcon.colcon_core.package_identification:_identify(slam) by extensions ['python_setup_py']
[0.250s] Level 1:colcon.colcon_core.package_identification:_identify(slam) by extension 'python_setup_py'
[0.250s] Level 1:colcon.colcon_core.package_identification:_identify(slam/SuperOdom) by extensions ['ignore', 'ignore_ament_install']
[0.250s] Level 1:colcon.colcon_core.package_identification:_identify(slam/SuperOdom) by extension 'ignore'
[0.250s] Level 1:colcon.colcon_core.package_identification:_identify(slam/SuperOdom) by extension 'ignore_ament_install'
[0.250s] Level 1:colcon.colcon_core.package_identification:_identify(slam/SuperOdom) by extensions ['colcon_pkg']
[0.250s] Level 1:colcon.colcon_core.package_identification:_identify(slam/SuperOdom) by extension 'colcon_pkg'
[0.250s] Level 1:colcon.colcon_core.package_identification:_identify(slam/SuperOdom) by extensions ['colcon_meta']
[0.250s] Level 1:colcon.colcon_core.package_identification:_identify(slam/SuperOdom) by extension 'colcon_meta'
[0.250s] Level 1:colcon.colcon_core.package_identification:_identify(slam/SuperOdom) by extensions ['ros']
[0.250s] Level 1:colcon.colcon_core.package_identification:_identify(slam/SuperOdom) by extension 'ros'
[0.250s] Level 1:colcon.colcon_core.package_identification:_identify(slam/SuperOdom) by extensions ['cmake', 'python']
[0.250s] Level 1:colcon.colcon_core.package_identification:_identify(slam/SuperOdom) by extension 'cmake'
[0.250s] Level 1:colcon.colcon_core.package_identification:_identify(slam/SuperOdom) by extension 'python'
[0.250s] Level 1:colcon.colcon_core.package_identification:_identify(slam/SuperOdom) by extensions ['python_setup_py']
[0.250s] Level 1:colcon.colcon_core.package_identification:_identify(slam/SuperOdom) by extension 'python_setup_py'
[0.251s] Level 1:colcon.colcon_core.package_identification:_identify(slam/SuperOdom/doc) by extensions ['ignore', 'ignore_ament_install']
[0.251s] Level 1:colcon.colcon_core.package_identification:_identify(slam/SuperOdom/doc) by extension 'ignore'
[0.251s] Level 1:colcon.colcon_core.package_identification:_identify(slam/SuperOdom/doc) by extension 'ignore_ament_install'
[0.251s] Level 1:colcon.colcon_core.package_identification:_identify(slam/SuperOdom/doc) by extensions ['colcon_pkg']
[0.251s] Level 1:colcon.colcon_core.package_identification:_identify(slam/SuperOdom/doc) by extension 'colcon_pkg'
[0.251s] Level 1:colcon.colcon_core.package_identification:_identify(slam/SuperOdom/doc) by extensions ['colcon_meta']
[0.251s] Level 1:colcon.colcon_core.package_identification:_identify(slam/SuperOdom/doc) by extension 'colcon_meta'
[0.251s] Level 1:colcon.colcon_core.package_identification:_identify(slam/SuperOdom/doc) by extensions ['ros']
[0.251s] Level 1:colcon.colcon_core.package_identification:_identify(slam/SuperOdom/doc) by extension 'ros'
[0.251s] Level 1:colcon.colcon_core.package_identification:_identify(slam/SuperOdom/doc) by extensions ['cmake', 'python']
[0.251s] Level 1:colcon.colcon_core.package_identification:_identify(slam/SuperOdom/doc) by extension 'cmake'
[0.251s] Level 1:colcon.colcon_core.package_identification:_identify(slam/SuperOdom/doc) by extension 'python'
[0.251s] Level 1:colcon.colcon_core.package_identification:_identify(slam/SuperOdom/doc) by extensions ['python_setup_py']
[0.251s] Level 1:colcon.colcon_core.package_identification:_identify(slam/SuperOdom/doc) by extension 'python_setup_py'
[0.251s] Level 1:colcon.colcon_core.package_identification:_identify(slam/SuperOdom/ros2_humble_docker) by extensions ['ignore', 'ignore_ament_install']
[0.251s] Level 1:colcon.colcon_core.package_identification:_identify(slam/SuperOdom/ros2_humble_docker) by extension 'ignore'
[0.251s] Level 1:colcon.colcon_core.package_identification:_identify(slam/SuperOdom/ros2_humble_docker) by extension 'ignore_ament_install'
[0.251s] Level 1:colcon.colcon_core.package_identification:_identify(slam/SuperOdom/ros2_humble_docker) by extensions ['colcon_pkg']
[0.251s] Level 1:colcon.colcon_core.package_identification:_identify(slam/SuperOdom/ros2_humble_docker) by extension 'colcon_pkg'
[0.251s] Level 1:colcon.colcon_core.package_identification:_identify(slam/SuperOdom/ros2_humble_docker) by extensions ['colcon_meta']
[0.251s] Level 1:colcon.colcon_core.package_identification:_identify(slam/SuperOdom/ros2_humble_docker) by extension 'colcon_meta'
[0.251s] Level 1:colcon.colcon_core.package_identification:_identify(slam/SuperOdom/ros2_humble_docker) by extensions ['ros']
[0.251s] Level 1:colcon.colcon_core.package_identification:_identify(slam/SuperOdom/ros2_humble_docker) by extension 'ros'
[0.251s] Level 1:colcon.colcon_core.package_identification:_identify(slam/SuperOdom/ros2_humble_docker) by extensions ['cmake', 'python']
[0.251s] Level 1:colcon.colcon_core.package_identification:_identify(slam/SuperOdom/ros2_humble_docker) by extension 'cmake'
[0.251s] Level 1:colcon.colcon_core.package_identification:_identify(slam/SuperOdom/ros2_humble_docker) by extension 'python'
[0.251s] Level 1:colcon.colcon_core.package_identification:_identify(slam/SuperOdom/ros2_humble_docker) by extensions ['python_setup_py']
[0.251s] Level 1:colcon.colcon_core.package_identification:_identify(slam/SuperOdom/ros2_humble_docker) by extension 'python_setup_py'
[0.251s] Level 1:colcon.colcon_core.package_identification:_identify(slam/SuperOdom/script) by extensions ['ignore', 'ignore_ament_install']
[0.251s] Level 1:colcon.colcon_core.package_identification:_identify(slam/SuperOdom/script) by extension 'ignore'
[0.251s] Level 1:colcon.colcon_core.package_identification:_identify(slam/SuperOdom/script) by extension 'ignore_ament_install'
[0.251s] Level 1:colcon.colcon_core.package_identification:_identify(slam/SuperOdom/script) by extensions ['colcon_pkg']
[0.251s] Level 1:colcon.colcon_core.package_identification:_identify(slam/SuperOdom/script) by extension 'colcon_pkg'
[0.251s] Level 1:colcon.colcon_core.package_identification:_identify(slam/SuperOdom/script) by extensions ['colcon_meta']
[0.251s] Level 1:colcon.colcon_core.package_identification:_identify(slam/SuperOdom/script) by extension 'colcon_meta'
[0.251s] Level 1:colcon.colcon_core.package_identification:_identify(slam/SuperOdom/script) by extensions ['ros']
[0.251s] Level 1:colcon.colcon_core.package_identification:_identify(slam/SuperOdom/script) by extension 'ros'
[0.251s] Level 1:colcon.colcon_core.package_identification:_identify(slam/SuperOdom/script) by extensions ['cmake', 'python']
[0.251s] Level 1:colcon.colcon_core.package_identification:_identify(slam/SuperOdom/script) by extension 'cmake'
[0.251s] Level 1:colcon.colcon_core.package_identification:_identify(slam/SuperOdom/script) by extension 'python'
[0.251s] Level 1:colcon.colcon_core.package_identification:_identify(slam/SuperOdom/script) by extensions ['python_setup_py']
[0.251s] Level 1:colcon.colcon_core.package_identification:_identify(slam/SuperOdom/script) by extension 'python_setup_py'
[0.251s] Level 1:colcon.colcon_core.package_identification:_identify(slam/SuperOdom/script/visualizers) by extensions ['ignore', 'ignore_ament_install']
[0.251s] Level 1:colcon.colcon_core.package_identification:_identify(slam/SuperOdom/script/visualizers) by extension 'ignore'
[0.251s] Level 1:colcon.colcon_core.package_identification:_identify(slam/SuperOdom/script/visualizers) by extension 'ignore_ament_install'
[0.251s] Level 1:colcon.colcon_core.package_identification:_identify(slam/SuperOdom/script/visualizers) by extensions ['colcon_pkg']
[0.251s] Level 1:colcon.colcon_core.package_identification:_identify(slam/SuperOdom/script/visualizers) by extension 'colcon_pkg'
[0.251s] Level 1:colcon.colcon_core.package_identification:_identify(slam/SuperOdom/script/visualizers) by extensions ['colcon_meta']
[0.251s] Level 1:colcon.colcon_core.package_identification:_identify(slam/SuperOdom/script/visualizers) by extension 'colcon_meta'
[0.252s] Level 1:colcon.colcon_core.package_identification:_identify(slam/SuperOdom/script/visualizers) by extensions ['ros']
[0.252s] Level 1:colcon.colcon_core.package_identification:_identify(slam/SuperOdom/script/visualizers) by extension 'ros'
[0.252s] Level 1:colcon.colcon_core.package_identification:_identify(slam/SuperOdom/script/visualizers) by extensions ['cmake', 'python']
[0.252s] Level 1:colcon.colcon_core.package_identification:_identify(slam/SuperOdom/script/visualizers) by extension 'cmake'
[0.252s] Level 1:colcon.colcon_core.package_identification:_identify(slam/SuperOdom/script/visualizers) by extension 'python'
[0.252s] Level 1:colcon.colcon_core.package_identification:_identify(slam/SuperOdom/script/visualizers) by extensions ['python_setup_py']
[0.252s] Level 1:colcon.colcon_core.package_identification:_identify(slam/SuperOdom/script/visualizers) by extension 'python_setup_py'
[0.252s] Level 1:colcon.colcon_core.package_identification:_identify(slam/SuperOdom/super_odometry) by extensions ['ignore', 'ignore_ament_install']
[0.252s] Level 1:colcon.colcon_core.package_identification:_identify(slam/SuperOdom/super_odometry) by extension 'ignore'
[0.252s] Level 1:colcon.colcon_core.package_identification:_identify(slam/SuperOdom/super_odometry) by extension 'ignore_ament_install'
[0.252s] Level 1:colcon.colcon_core.package_identification:_identify(slam/SuperOdom/super_odometry) by extensions ['colcon_pkg']
[0.252s] Level 1:colcon.colcon_core.package_identification:_identify(slam/SuperOdom/super_odometry) by extension 'colcon_pkg'
[0.252s] Level 1:colcon.colcon_core.package_identification:_identify(slam/SuperOdom/super_odometry) by extensions ['colcon_meta']
[0.252s] Level 1:colcon.colcon_core.package_identification:_identify(slam/SuperOdom/super_odometry) by extension 'colcon_meta'
[0.252s] Level 1:colcon.colcon_core.package_identification:_identify(slam/SuperOdom/super_odometry) by extensions ['ros']
[0.252s] Level 1:colcon.colcon_core.package_identification:_identify(slam/SuperOdom/super_odometry) by extension 'ros'
[0.252s] DEBUG:colcon.colcon_core.package_identification:Package 'slam/SuperOdom/super_odometry' with type 'ros.ament_cmake' and name 'super_odometry'
[0.253s] Level 1:colcon.colcon_core.package_identification:_identify(slam/SuperOdom/super_odometry_msgs) by extensions ['ignore', 'ignore_ament_install']
[0.253s] Level 1:colcon.colcon_core.package_identification:_identify(slam/SuperOdom/super_odometry_msgs) by extension 'ignore'
[0.253s] Level 1:colcon.colcon_core.package_identification:_identify(slam/SuperOdom/super_odometry_msgs) by extension 'ignore_ament_install'
[0.253s] Level 1:colcon.colcon_core.package_identification:_identify(slam/SuperOdom/super_odometry_msgs) by extensions ['colcon_pkg']
[0.253s] Level 1:colcon.colcon_core.package_identification:_identify(slam/SuperOdom/super_odometry_msgs) by extension 'colcon_pkg'
[0.253s] Level 1:colcon.colcon_core.package_identification:_identify(slam/SuperOdom/super_odometry_msgs) by extensions ['colcon_meta']
[0.253s] Level 1:colcon.colcon_core.package_identification:_identify(slam/SuperOdom/super_odometry_msgs) by extension 'colcon_meta'
[0.253s] Level 1:colcon.colcon_core.package_identification:_identify(slam/SuperOdom/super_odometry_msgs) by extensions ['ros']
[0.253s] Level 1:colcon.colcon_core.package_identification:_identify(slam/SuperOdom/super_odometry_msgs) by extension 'ros'
[0.253s] DEBUG:colcon.colcon_core.package_identification:Package 'slam/SuperOdom/super_odometry_msgs' with type 'ros.ament_cmake' and name 'super_odometry_msgs'
[0.253s] Level 1:colcon.colcon_core.package_identification:_identify(slam/livox_ros_driver2) by extensions ['ignore', 'ignore_ament_install']
[0.253s] Level 1:colcon.colcon_core.package_identification:_identify(slam/livox_ros_driver2) by extension 'ignore'
[0.253s] Level 1:colcon.colcon_core.package_identification:_identify(slam/livox_ros_driver2) by extension 'ignore_ament_install'
[0.253s] Level 1:colcon.colcon_core.package_identification:_identify(slam/livox_ros_driver2) by extensions ['colcon_pkg']
[0.253s] Level 1:colcon.colcon_core.package_identification:_identify(slam/livox_ros_driver2) by extension 'colcon_pkg'
[0.253s] Level 1:colcon.colcon_core.package_identification:_identify(slam/livox_ros_driver2) by extensions ['colcon_meta']
[0.253s] Level 1:colcon.colcon_core.package_identification:_identify(slam/livox_ros_driver2) by extension 'colcon_meta'
[0.253s] Level 1:colcon.colcon_core.package_identification:_identify(slam/livox_ros_driver2) by extensions ['ros']
[0.253s] Level 1:colcon.colcon_core.package_identification:_identify(slam/livox_ros_driver2) by extension 'ros'
[0.254s] DEBUG:colcon.colcon_core.package_identification:Package 'slam/livox_ros_driver2' with type 'ros.ament_cmake' and name 'livox_ros_driver2'
[0.254s] Level 1:colcon.colcon_core.package_identification:_identify(slam/rviz_2d_overlay_plugins) by extensions ['ignore', 'ignore_ament_install']
[0.254s] Level 1:colcon.colcon_core.package_identification:_identify(slam/rviz_2d_overlay_plugins) by extension 'ignore'
[0.254s] Level 1:colcon.colcon_core.package_identification:_identify(slam/rviz_2d_overlay_plugins) by extension 'ignore_ament_install'
[0.254s] Level 1:colcon.colcon_core.package_identification:_identify(slam/rviz_2d_overlay_plugins) by extensions ['colcon_pkg']
[0.254s] Level 1:colcon.colcon_core.package_identification:_identify(slam/rviz_2d_overlay_plugins) by extension 'colcon_pkg'
[0.254s] Level 1:colcon.colcon_core.package_identification:_identify(slam/rviz_2d_overlay_plugins) by extensions ['colcon_meta']
[0.254s] Level 1:colcon.colcon_core.package_identification:_identify(slam/rviz_2d_overlay_plugins) by extension 'colcon_meta'
[0.254s] Level 1:colcon.colcon_core.package_identification:_identify(slam/rviz_2d_overlay_plugins) by extensions ['ros']
[0.254s] Level 1:colcon.colcon_core.package_identification:_identify(slam/rviz_2d_overlay_plugins) by extension 'ros'
[0.254s] Level 1:colcon.colcon_core.package_identification:_identify(slam/rviz_2d_overlay_plugins) by extensions ['cmake', 'python']
[0.254s] Level 1:colcon.colcon_core.package_identification:_identify(slam/rviz_2d_overlay_plugins) by extension 'cmake'
[0.254s] Level 1:colcon.colcon_core.package_identification:_identify(slam/rviz_2d_overlay_plugins) by extension 'python'
[0.254s] Level 1:colcon.colcon_core.package_identification:_identify(slam/rviz_2d_overlay_plugins) by extensions ['python_setup_py']
[0.254s] Level 1:colcon.colcon_core.package_identification:_identify(slam/rviz_2d_overlay_plugins) by extension 'python_setup_py'
[0.254s] Level 1:colcon.colcon_core.package_identification:_identify(slam/rviz_2d_overlay_plugins/rviz_2d_overlay_msgs) by extensions ['ignore', 'ignore_ament_install']
[0.254s] Level 1:colcon.colcon_core.package_identification:_identify(slam/rviz_2d_overlay_plugins/rviz_2d_overlay_msgs) by extension 'ignore'
[0.254s] Level 1:colcon.colcon_core.package_identification:_identify(slam/rviz_2d_overlay_plugins/rviz_2d_overlay_msgs) by extension 'ignore_ament_install'
[0.254s] Level 1:colcon.colcon_core.package_identification:_identify(slam/rviz_2d_overlay_plugins/rviz_2d_overlay_msgs) by extensions ['colcon_pkg']
[0.254s] Level 1:colcon.colcon_core.package_identification:_identify(slam/rviz_2d_overlay_plugins/rviz_2d_overlay_msgs) by extension 'colcon_pkg'
[0.254s] Level 1:colcon.colcon_core.package_identification:_identify(slam/rviz_2d_overlay_plugins/rviz_2d_overlay_msgs) by extensions ['colcon_meta']
[0.254s] Level 1:colcon.colcon_core.package_identification:_identify(slam/rviz_2d_overlay_plugins/rviz_2d_overlay_msgs) by extension 'colcon_meta'
[0.254s] Level 1:colcon.colcon_core.package_identification:_identify(slam/rviz_2d_overlay_plugins/rviz_2d_overlay_msgs) by extensions ['ros']
[0.255s] Level 1:colcon.colcon_core.package_identification:_identify(slam/rviz_2d_overlay_plugins/rviz_2d_overlay_msgs) by extension 'ros'
[0.255s] DEBUG:colcon.colcon_core.package_identification:Package 'slam/rviz_2d_overlay_plugins/rviz_2d_overlay_msgs' with type 'ros.ament_cmake' and name 'rviz_2d_overlay_msgs'
[0.255s] Level 1:colcon.colcon_core.package_identification:_identify(slam/rviz_2d_overlay_plugins/rviz_2d_overlay_plugins) by extensions ['ignore', 'ignore_ament_install']
[0.255s] Level 1:colcon.colcon_core.package_identification:_identify(slam/rviz_2d_overlay_plugins/rviz_2d_overlay_plugins) by extension 'ignore'
[0.255s] Level 1:colcon.colcon_core.package_identification:_identify(slam/rviz_2d_overlay_plugins/rviz_2d_overlay_plugins) by extension 'ignore_ament_install'
[0.255s] Level 1:colcon.colcon_core.package_identification:_identify(slam/rviz_2d_overlay_plugins/rviz_2d_overlay_plugins) by extensions ['colcon_pkg']
[0.255s] Level 1:colcon.colcon_core.package_identification:_identify(slam/rviz_2d_overlay_plugins/rviz_2d_overlay_plugins) by extension 'colcon_pkg'
[0.255s] Level 1:colcon.colcon_core.package_identification:_identify(slam/rviz_2d_overlay_plugins/rviz_2d_overlay_plugins) by extensions ['colcon_meta']
[0.255s] Level 1:colcon.colcon_core.package_identification:_identify(slam/rviz_2d_overlay_plugins/rviz_2d_overlay_plugins) by extension 'colcon_meta'
[0.255s] Level 1:colcon.colcon_core.package_identification:_identify(slam/rviz_2d_overlay_plugins/rviz_2d_overlay_plugins) by extensions ['ros']
[0.255s] Level 1:colcon.colcon_core.package_identification:_identify(slam/rviz_2d_overlay_plugins/rviz_2d_overlay_plugins) by extension 'ros'
[0.256s] DEBUG:colcon.colcon_core.package_identification:Package 'slam/rviz_2d_overlay_plugins/rviz_2d_overlay_plugins' with type 'ros.ament_cmake' and name 'rviz_2d_overlay_plugins'
[0.256s] Level 1:colcon.colcon_core.package_identification:_identify(utilities) by extensions ['ignore', 'ignore_ament_install']
[0.256s] Level 1:colcon.colcon_core.package_identification:_identify(utilities) by extension 'ignore'
[0.256s] Level 1:colcon.colcon_core.package_identification:_identify(utilities) by extension 'ignore_ament_install'
[0.256s] Level 1:colcon.colcon_core.package_identification:_identify(utilities) by extensions ['colcon_pkg']
[0.256s] Level 1:colcon.colcon_core.package_identification:_identify(utilities) by extension 'colcon_pkg'
[0.256s] Level 1:colcon.colcon_core.package_identification:_identify(utilities) by extensions ['colcon_meta']
[0.256s] Level 1:colcon.colcon_core.package_identification:_identify(utilities) by extension 'colcon_meta'
[0.256s] Level 1:colcon.colcon_core.package_identification:_identify(utilities) by extensions ['ros']
[0.256s] Level 1:colcon.colcon_core.package_identification:_identify(utilities) by extension 'ros'
[0.256s] Level 1:colcon.colcon_core.package_identification:_identify(utilities) by extensions ['cmake', 'python']
[0.256s] Level 1:colcon.colcon_core.package_identification:_identify(utilities) by extension 'cmake'
[0.256s] Level 1:colcon.colcon_core.package_identification:_identify(utilities) by extension 'python'
[0.256s] Level 1:colcon.colcon_core.package_identification:_identify(utilities) by extensions ['python_setup_py']
[0.256s] Level 1:colcon.colcon_core.package_identification:_identify(utilities) by extension 'python_setup_py'
[0.256s] Level 1:colcon.colcon_core.package_identification:_identify(utilities/ROS-TCP-Endpoint) by extensions ['ignore', 'ignore_ament_install']
[0.256s] Level 1:colcon.colcon_core.package_identification:_identify(utilities/ROS-TCP-Endpoint) by extension 'ignore'
[0.256s] Level 1:colcon.colcon_core.package_identification:_identify(utilities/ROS-TCP-Endpoint) by extension 'ignore_ament_install'
[0.256s] Level 1:colcon.colcon_core.package_identification:_identify(utilities/ROS-TCP-Endpoint) by extensions ['colcon_pkg']
[0.256s] Level 1:colcon.colcon_core.package_identification:_identify(utilities/ROS-TCP-Endpoint) by extension 'colcon_pkg'
[0.256s] Level 1:colcon.colcon_core.package_identification:_identify(utilities/ROS-TCP-Endpoint) by extensions ['colcon_meta']
[0.256s] Level 1:colcon.colcon_core.package_identification:_identify(utilities/ROS-TCP-Endpoint) by extension 'colcon_meta'
[0.256s] Level 1:colcon.colcon_core.package_identification:_identify(utilities/ROS-TCP-Endpoint) by extensions ['ros']
[0.256s] Level 1:colcon.colcon_core.package_identification:_identify(utilities/ROS-TCP-Endpoint) by extension 'ros'
[0.256s] DEBUG:colcon.colcon_core.package_identification:Package 'utilities/ROS-TCP-Endpoint' with type 'ros.ament_python' and name 'ros_tcp_endpoint'
[0.256s] Level 1:colcon.colcon_core.package_identification:_identify(utilities/calibrate_imu) by extensions ['ignore', 'ignore_ament_install']
[0.256s] Level 1:colcon.colcon_core.package_identification:_identify(utilities/calibrate_imu) by extension 'ignore'
[0.256s] Level 1:colcon.colcon_core.package_identification:_identify(utilities/calibrate_imu) by extension 'ignore_ament_install'
[0.256s] Level 1:colcon.colcon_core.package_identification:_identify(utilities/calibrate_imu) by extensions ['colcon_pkg']
[0.256s] Level 1:colcon.colcon_core.package_identification:_identify(utilities/calibrate_imu) by extension 'colcon_pkg'
[0.256s] Level 1:colcon.colcon_core.package_identification:_identify(utilities/calibrate_imu) by extensions ['colcon_meta']
[0.256s] Level 1:colcon.colcon_core.package_identification:_identify(utilities/calibrate_imu) by extension 'colcon_meta'
[0.256s] Level 1:colcon.colcon_core.package_identification:_identify(utilities/calibrate_imu) by extensions ['ros']
[0.256s] Level 1:colcon.colcon_core.package_identification:_identify(utilities/calibrate_imu) by extension 'ros'
[0.257s] DEBUG:colcon.colcon_core.package_identification:Package 'utilities/calibrate_imu' with type 'ros.ament_cmake' and name 'calibrate_imu'
[0.257s] Level 1:colcon.colcon_core.package_identification:_identify(utilities/goalpoint_rviz_plugin) by extensions ['ignore', 'ignore_ament_install']
[0.257s] Level 1:colcon.colcon_core.package_identification:_identify(utilities/goalpoint_rviz_plugin) by extension 'ignore'
[0.257s] Level 1:colcon.colcon_core.package_identification:_identify(utilities/goalpoint_rviz_plugin) by extension 'ignore_ament_install'
[0.257s] Level 1:colcon.colcon_core.package_identification:_identify(utilities/goalpoint_rviz_plugin) by extensions ['colcon_pkg']
[0.257s] Level 1:colcon.colcon_core.package_identification:_identify(utilities/goalpoint_rviz_plugin) by extension 'colcon_pkg'
[0.257s] Level 1:colcon.colcon_core.package_identification:_identify(utilities/goalpoint_rviz_plugin) by extensions ['colcon_meta']
[0.257s] Level 1:colcon.colcon_core.package_identification:_identify(utilities/goalpoint_rviz_plugin) by extension 'colcon_meta'
[0.257s] Level 1:colcon.colcon_core.package_identification:_identify(utilities/goalpoint_rviz_plugin) by extensions ['ros']
[0.257s] Level 1:colcon.colcon_core.package_identification:_identify(utilities/goalpoint_rviz_plugin) by extension 'ros'
[0.257s] DEBUG:colcon.colcon_core.package_identification:Package 'utilities/goalpoint_rviz_plugin' with type 'ros.ament_cmake' and name 'goalpoint_rviz_plugin'
[0.257s] Level 1:colcon.colcon_core.package_identification:_identify(utilities/teleop_rviz_plugin) by extensions ['ignore', 'ignore_ament_install']
[0.258s] Level 1:colcon.colcon_core.package_identification:_identify(utilities/teleop_rviz_plugin) by extension 'ignore'
[0.258s] Level 1:colcon.colcon_core.package_identification:_identify(utilities/teleop_rviz_plugin) by extension 'ignore_ament_install'
[0.258s] Level 1:colcon.colcon_core.package_identification:_identify(utilities/teleop_rviz_plugin) by extensions ['colcon_pkg']
[0.258s] Level 1:colcon.colcon_core.package_identification:_identify(utilities/teleop_rviz_plugin) by extension 'colcon_pkg'
[0.258s] Level 1:colcon.colcon_core.package_identification:_identify(utilities/teleop_rviz_plugin) by extensions ['colcon_meta']
[0.258s] Level 1:colcon.colcon_core.package_identification:_identify(utilities/teleop_rviz_plugin) by extension 'colcon_meta'
[0.258s] Level 1:colcon.colcon_core.package_identification:_identify(utilities/teleop_rviz_plugin) by extensions ['ros']
[0.258s] Level 1:colcon.colcon_core.package_identification:_identify(utilities/teleop_rviz_plugin) by extension 'ros'
[0.258s] DEBUG:colcon.colcon_core.package_identification:Package 'utilities/teleop_rviz_plugin' with type 'ros.ament_cmake' and name 'teleop_rviz_plugin'
[0.258s] Level 1:colcon.colcon_core.package_identification:_identify(utilities/teleop_rviz_plugin_plus) by extensions ['ignore', 'ignore_ament_install']
[0.258s] Level 1:colcon.colcon_core.package_identification:_identify(utilities/teleop_rviz_plugin_plus) by extension 'ignore'
[0.258s] Level 1:colcon.colcon_core.package_identification:_identify(utilities/teleop_rviz_plugin_plus) by extension 'ignore_ament_install'
[0.258s] Level 1:colcon.colcon_core.package_identification:_identify(utilities/teleop_rviz_plugin_plus) by extensions ['colcon_pkg']
[0.258s] Level 1:colcon.colcon_core.package_identification:_identify(utilities/teleop_rviz_plugin_plus) by extension 'colcon_pkg'
[0.258s] Level 1:colcon.colcon_core.package_identification:_identify(utilities/teleop_rviz_plugin_plus) by extensions ['colcon_meta']
[0.258s] Level 1:colcon.colcon_core.package_identification:_identify(utilities/teleop_rviz_plugin_plus) by extension 'colcon_meta'
[0.258s] Level 1:colcon.colcon_core.package_identification:_identify(utilities/teleop_rviz_plugin_plus) by extensions ['ros']
[0.258s] Level 1:colcon.colcon_core.package_identification:_identify(utilities/teleop_rviz_plugin_plus) by extension 'ros'
[0.259s] DEBUG:colcon.colcon_core.package_identification:Package 'utilities/teleop_rviz_plugin_plus' with type 'ros.ament_cmake' and name 'teleop_rviz_plugin_plus'
[0.259s] Level 1:colcon.colcon_core.package_identification:_identify(utilities/transform_sensors) by extensions ['ignore', 'ignore_ament_install']
[0.259s] Level 1:colcon.colcon_core.package_identification:_identify(utilities/transform_sensors) by extension 'ignore'
[0.259s] Level 1:colcon.colcon_core.package_identification:_identify(utilities/transform_sensors) by extension 'ignore_ament_install'
[0.259s] Level 1:colcon.colcon_core.package_identification:_identify(utilities/transform_sensors) by extensions ['colcon_pkg']
[0.259s] Level 1:colcon.colcon_core.package_identification:_identify(utilities/transform_sensors) by extension 'colcon_pkg'
[0.259s] Level 1:colcon.colcon_core.package_identification:_identify(utilities/transform_sensors) by extensions ['colcon_meta']
[0.259s] Level 1:colcon.colcon_core.package_identification:_identify(utilities/transform_sensors) by extension 'colcon_meta'
[0.259s] Level 1:colcon.colcon_core.package_identification:_identify(utilities/transform_sensors) by extensions ['ros']
[0.259s] Level 1:colcon.colcon_core.package_identification:_identify(utilities/transform_sensors) by extension 'ros'
[0.259s] DEBUG:colcon.colcon_core.package_identification:Package 'utilities/transform_sensors' with type 'ros.ament_python' and name 'transform_sensors'
[0.259s] Level 1:colcon.colcon_core.package_identification:_identify(utilities/unitree_pkgs) by extensions ['ignore', 'ignore_ament_install']
[0.260s] Level 1:colcon.colcon_core.package_identification:_identify(utilities/unitree_pkgs) by extension 'ignore'
[0.260s] Level 1:colcon.colcon_core.package_identification:_identify(utilities/unitree_pkgs) by extension 'ignore_ament_install'
[0.260s] Level 1:colcon.colcon_core.package_identification:_identify(utilities/unitree_pkgs) by extensions ['colcon_pkg']
[0.260s] Level 1:colcon.colcon_core.package_identification:_identify(utilities/unitree_pkgs) by extension 'colcon_pkg'
[0.260s] Level 1:colcon.colcon_core.package_identification:_identify(utilities/unitree_pkgs) by extensions ['colcon_meta']
[0.260s] Level 1:colcon.colcon_core.package_identification:_identify(utilities/unitree_pkgs) by extension 'colcon_meta'
[0.260s] Level 1:colcon.colcon_core.package_identification:_identify(utilities/unitree_pkgs) by extensions ['ros']
[0.260s] Level 1:colcon.colcon_core.package_identification:_identify(utilities/unitree_pkgs) by extension 'ros'
[0.260s] Level 1:colcon.colcon_core.package_identification:_identify(utilities/unitree_pkgs) by extensions ['cmake', 'python']
[0.260s] Level 1:colcon.colcon_core.package_identification:_identify(utilities/unitree_pkgs) by extension 'cmake'
[0.260s] Level 1:colcon.colcon_core.package_identification:_identify(utilities/unitree_pkgs) by extension 'python'
[0.260s] Level 1:colcon.colcon_core.package_identification:_identify(utilities/unitree_pkgs) by extensions ['python_setup_py']
[0.260s] Level 1:colcon.colcon_core.package_identification:_identify(utilities/unitree_pkgs) by extension 'python_setup_py'
[0.260s] Level 1:colcon.colcon_core.package_identification:_identify(utilities/unitree_pkgs/go2_h264_repub) by extensions ['ignore', 'ignore_ament_install']
[0.260s] Level 1:colcon.colcon_core.package_identification:_identify(utilities/unitree_pkgs/go2_h264_repub) by extension 'ignore'
[0.260s] Level 1:colcon.colcon_core.package_identification:_identify(utilities/unitree_pkgs/go2_h264_repub) by extension 'ignore_ament_install'
[0.260s] Level 1:colcon.colcon_core.package_identification:_identify(utilities/unitree_pkgs/go2_h264_repub) by extensions ['colcon_pkg']
[0.260s] Level 1:colcon.colcon_core.package_identification:_identify(utilities/unitree_pkgs/go2_h264_repub) by extension 'colcon_pkg'
[0.260s] Level 1:colcon.colcon_core.package_identification:_identify(utilities/unitree_pkgs/go2_h264_repub) by extensions ['colcon_meta']
[0.260s] Level 1:colcon.colcon_core.package_identification:_identify(utilities/unitree_pkgs/go2_h264_repub) by extension 'colcon_meta'
[0.260s] Level 1:colcon.colcon_core.package_identification:_identify(utilities/unitree_pkgs/go2_h264_repub) by extensions ['ros']
[0.260s] Level 1:colcon.colcon_core.package_identification:_identify(utilities/unitree_pkgs/go2_h264_repub) by extension 'ros'
[0.260s] DEBUG:colcon.colcon_core.package_identification:Package 'utilities/unitree_pkgs/go2_h264_repub' with type 'ros.ament_cmake' and name 'go2_h264_repub'
[0.260s] Level 1:colcon.colcon_core.package_identification:_identify(utilities/unitree_pkgs/go2_sport_api) by extensions ['ignore', 'ignore_ament_install']
[0.260s] Level 1:colcon.colcon_core.package_identification:_identify(utilities/unitree_pkgs/go2_sport_api) by extension 'ignore'
[0.260s] Level 1:colcon.colcon_core.package_identification:_identify(utilities/unitree_pkgs/go2_sport_api) by extension 'ignore_ament_install'
[0.260s] Level 1:colcon.colcon_core.package_identification:_identify(utilities/unitree_pkgs/go2_sport_api) by extensions ['colcon_pkg']
[0.260s] Level 1:colcon.colcon_core.package_identification:_identify(utilities/unitree_pkgs/go2_sport_api) by extension 'colcon_pkg'
[0.260s] Level 1:colcon.colcon_core.package_identification:_identify(utilities/unitree_pkgs/go2_sport_api) by extensions ['colcon_meta']
[0.260s] Level 1:colcon.colcon_core.package_identification:_identify(utilities/unitree_pkgs/go2_sport_api) by extension 'colcon_meta'
[0.260s] Level 1:colcon.colcon_core.package_identification:_identify(utilities/unitree_pkgs/go2_sport_api) by extensions ['ros']
[0.260s] Level 1:colcon.colcon_core.package_identification:_identify(utilities/unitree_pkgs/go2_sport_api) by extension 'ros'
[0.261s] DEBUG:colcon.colcon_core.package_identification:Package 'utilities/unitree_pkgs/go2_sport_api' with type 'ros.ament_cmake' and name 'go2_sport_api'
[0.261s] Level 1:colcon.colcon_core.package_identification:_identify(utilities/unitree_pkgs/unitree_api) by extensions ['ignore', 'ignore_ament_install']
[0.261s] Level 1:colcon.colcon_core.package_identification:_identify(utilities/unitree_pkgs/unitree_api) by extension 'ignore'
[0.261s] Level 1:colcon.colcon_core.package_identification:_identify(utilities/unitree_pkgs/unitree_api) by extension 'ignore_ament_install'
[0.261s] Level 1:colcon.colcon_core.package_identification:_identify(utilities/unitree_pkgs/unitree_api) by extensions ['colcon_pkg']
[0.261s] Level 1:colcon.colcon_core.package_identification:_identify(utilities/unitree_pkgs/unitree_api) by extension 'colcon_pkg'
[0.261s] Level 1:colcon.colcon_core.package_identification:_identify(utilities/unitree_pkgs/unitree_api) by extensions ['colcon_meta']
[0.261s] Level 1:colcon.colcon_core.package_identification:_identify(utilities/unitree_pkgs/unitree_api) by extension 'colcon_meta'
[0.261s] Level 1:colcon.colcon_core.package_identification:_identify(utilities/unitree_pkgs/unitree_api) by extensions ['ros']
[0.261s] Level 1:colcon.colcon_core.package_identification:_identify(utilities/unitree_pkgs/unitree_api) by extension 'ros'
[0.261s] DEBUG:colcon.colcon_core.package_identification:Package 'utilities/unitree_pkgs/unitree_api' with type 'ros.ament_cmake' and name 'unitree_api'
[0.261s] Level 1:colcon.colcon_core.package_identification:_identify(utilities/unitree_pkgs/unitree_go) by extensions ['ignore', 'ignore_ament_install']
[0.261s] Level 1:colcon.colcon_core.package_identification:_identify(utilities/unitree_pkgs/unitree_go) by extension 'ignore'
[0.261s] Level 1:colcon.colcon_core.package_identification:_identify(utilities/unitree_pkgs/unitree_go) by extension 'ignore_ament_install'
[0.261s] Level 1:colcon.colcon_core.package_identification:_identify(utilities/unitree_pkgs/unitree_go) by extensions ['colcon_pkg']
[0.261s] Level 1:colcon.colcon_core.package_identification:_identify(utilities/unitree_pkgs/unitree_go) by extension 'colcon_pkg'
[0.261s] Level 1:colcon.colcon_core.package_identification:_identify(utilities/unitree_pkgs/unitree_go) by extensions ['colcon_meta']
[0.261s] Level 1:colcon.colcon_core.package_identification:_identify(utilities/unitree_pkgs/unitree_go) by extension 'colcon_meta'
[0.261s] Level 1:colcon.colcon_core.package_identification:_identify(utilities/unitree_pkgs/unitree_go) by extensions ['ros']
[0.261s] Level 1:colcon.colcon_core.package_identification:_identify(utilities/unitree_pkgs/unitree_go) by extension 'ros'
[0.262s] DEBUG:colcon.colcon_core.package_identification:Package 'utilities/unitree_pkgs/unitree_go' with type 'ros.ament_cmake' and name 'unitree_go'
[0.262s] Level 1:colcon.colcon_core.package_identification:_identify(utilities/waypoint_rviz_plugin) by extensions ['ignore', 'ignore_ament_install']
[0.262s] Level 1:colcon.colcon_core.package_identification:_identify(utilities/waypoint_rviz_plugin) by extension 'ignore'
[0.262s] Level 1:colcon.colcon_core.package_identification:_identify(utilities/waypoint_rviz_plugin) by extension 'ignore_ament_install'
[0.262s] Level 1:colcon.colcon_core.package_identification:_identify(utilities/waypoint_rviz_plugin) by extensions ['colcon_pkg']
[0.262s] Level 1:colcon.colcon_core.package_identification:_identify(utilities/waypoint_rviz_plugin) by extension 'colcon_pkg'
[0.262s] Level 1:colcon.colcon_core.package_identification:_identify(utilities/waypoint_rviz_plugin) by extensions ['colcon_meta']
[0.262s] Level 1:colcon.colcon_core.package_identification:_identify(utilities/waypoint_rviz_plugin) by extension 'colcon_meta'
[0.262s] Level 1:colcon.colcon_core.package_identification:_identify(utilities/waypoint_rviz_plugin) by extensions ['ros']
[0.262s] Level 1:colcon.colcon_core.package_identification:_identify(utilities/waypoint_rviz_plugin) by extension 'ros'
[0.262s] DEBUG:colcon.colcon_core.package_identification:Package 'utilities/waypoint_rviz_plugin' with type 'ros.ament_cmake' and name 'waypoint_rviz_plugin'
[0.262s] Level 1:colcon.colcon_core.package_discovery:discover_packages(recursive) using defaults
[0.263s] Level 1:colcon.colcon_core.package_discovery:discover_packages(ignore) discover
[0.263s] Level 1:colcon.colcon_core.package_discovery:discover_packages(ignore) using defaults
[0.263s] Level 1:colcon.colcon_core.package_discovery:discover_packages(path) discover
[0.263s] Level 1:colcon.colcon_core.package_discovery:discover_packages(path) using defaults
[0.278s] Level 5:colcon.colcon_core.verb:set package 'go2_h264_repub' build argument 'cmake_args' from command line to '['-DROS_EDITION=ROS2', '-DHUMBLE_ROS=humble']'
[0.278s] Level 5:colcon.colcon_core.verb:set package 'go2_h264_repub' build argument 'cmake_target' from command line to 'None'
[0.278s] Level 5:colcon.colcon_core.verb:set package 'go2_h264_repub' build argument 'cmake_target_skip_unavailable' from command line to 'False'
[0.278s] Level 5:colcon.colcon_core.verb:set package 'go2_h264_repub' build argument 'cmake_clean_cache' from command line to 'False'
[0.278s] Level 5:colcon.colcon_core.verb:set package 'go2_h264_repub' build argument 'cmake_clean_first' from command line to 'False'
[0.278s] Level 5:colcon.colcon_core.verb:set package 'go2_h264_repub' build argument 'cmake_force_configure' from command line to 'False'
[0.278s] Level 5:colcon.colcon_core.verb:set package 'go2_h264_repub' build argument 'ament_cmake_args' from command line to 'None'
[0.278s] Level 5:colcon.colcon_core.verb:set package 'go2_h264_repub' build argument 'catkin_cmake_args' from command line to 'None'
[0.278s] Level 5:colcon.colcon_core.verb:set package 'go2_h264_repub' build argument 'catkin_skip_building_tests' from command line to 'False'
[0.278s] DEBUG:colcon.colcon_core.verb:Building package 'go2_h264_repub' with the following arguments: {'ament_cmake_args': None, 'build_base': '/root/ros2_ws/src/build/go2_h264_repub', 'catkin_cmake_args': None, 'catkin_skip_building_tests': False, 'cmake_args': ['-DROS_EDITION=ROS2', '-DHUMBLE_ROS=humble'], 'cmake_clean_cache': False, 'cmake_clean_first': False, 'cmake_force_configure': False, 'cmake_target': None, 'cmake_target_skip_unavailable': False, 'install_base': '/root/ros2_ws/src/install/go2_h264_repub', 'merge_install': False, 'path': '/root/ros2_ws/src/utilities/unitree_pkgs/go2_h264_repub', 'symlink_install': False, 'test_result_base': None}
[0.278s] Level 5:colcon.colcon_core.verb:set package 'goalpoint_rviz_plugin' build argument 'cmake_args' from command line to '['-DROS_EDITION=ROS2', '-DHUMBLE_ROS=humble']'
[0.278s] Level 5:colcon.colcon_core.verb:set package 'goalpoint_rviz_plugin' build argument 'cmake_target' from command line to 'None'
[0.278s] Level 5:colcon.colcon_core.verb:set package 'goalpoint_rviz_plugin' build argument 'cmake_target_skip_unavailable' from command line to 'False'
[0.278s] Level 5:colcon.colcon_core.verb:set package 'goalpoint_rviz_plugin' build argument 'cmake_clean_cache' from command line to 'False'
[0.278s] Level 5:colcon.colcon_core.verb:set package 'goalpoint_rviz_plugin' build argument 'cmake_clean_first' from command line to 'False'
[0.278s] Level 5:colcon.colcon_core.verb:set package 'goalpoint_rviz_plugin' build argument 'cmake_force_configure' from command line to 'False'
[0.278s] Level 5:colcon.colcon_core.verb:set package 'goalpoint_rviz_plugin' build argument 'ament_cmake_args' from command line to 'None'
[0.278s] Level 5:colcon.colcon_core.verb:set package 'goalpoint_rviz_plugin' build argument 'catkin_cmake_args' from command line to 'None'
[0.278s] Level 5:colcon.colcon_core.verb:set package 'goalpoint_rviz_plugin' build argument 'catkin_skip_building_tests' from command line to 'False'
[0.278s] DEBUG:colcon.colcon_core.verb:Building package 'goalpoint_rviz_plugin' with the following arguments: {'ament_cmake_args': None, 'build_base': '/root/ros2_ws/src/build/goalpoint_rviz_plugin', 'catkin_cmake_args': None, 'catkin_skip_building_tests': False, 'cmake_args': ['-DROS_EDITION=ROS2', '-DHUMBLE_ROS=humble'], 'cmake_clean_cache': False, 'cmake_clean_first': False, 'cmake_force_configure': False, 'cmake_target': None, 'cmake_target_skip_unavailable': False, 'install_base': '/root/ros2_ws/src/install/goalpoint_rviz_plugin', 'merge_install': False, 'path': '/root/ros2_ws/src/utilities/goalpoint_rviz_plugin', 'symlink_install': False, 'test_result_base': None}
[0.278s] Level 5:colcon.colcon_core.verb:set package 'livox_ros_driver2' build argument 'cmake_args' from command line to '['-DROS_EDITION=ROS2', '-DHUMBLE_ROS=humble']'
[0.278s] Level 5:colcon.colcon_core.verb:set package 'livox_ros_driver2' build argument 'cmake_target' from command line to 'None'
[0.278s] Level 5:colcon.colcon_core.verb:set package 'livox_ros_driver2' build argument 'cmake_target_skip_unavailable' from command line to 'False'
[0.278s] Level 5:colcon.colcon_core.verb:set package 'livox_ros_driver2' build argument 'cmake_clean_cache' from command line to 'False'
[0.278s] Level 5:colcon.colcon_core.verb:set package 'livox_ros_driver2' build argument 'cmake_clean_first' from command line to 'False'
[0.278s] Level 5:colcon.colcon_core.verb:set package 'livox_ros_driver2' build argument 'cmake_force_configure' from command line to 'False'
[0.278s] Level 5:colcon.colcon_core.verb:set package 'livox_ros_driver2' build argument 'ament_cmake_args' from command line to 'None'
[0.278s] Level 5:colcon.colcon_core.verb:set package 'livox_ros_driver2' build argument 'catkin_cmake_args' from command line to 'None'
[0.278s] Level 5:colcon.colcon_core.verb:set package 'livox_ros_driver2' build argument 'catkin_skip_building_tests' from command line to 'False'
[0.278s] DEBUG:colcon.colcon_core.verb:Building package 'livox_ros_driver2' with the following arguments: {'ament_cmake_args': None, 'build_base': '/root/ros2_ws/src/build/livox_ros_driver2', 'catkin_cmake_args': None, 'catkin_skip_building_tests': False, 'cmake_args': ['-DROS_EDITION=ROS2', '-DHUMBLE_ROS=humble'], 'cmake_clean_cache': False, 'cmake_clean_first': False, 'cmake_force_configure': False, 'cmake_target': None, 'cmake_target_skip_unavailable': False, 'install_base': '/root/ros2_ws/src/install/livox_ros_driver2', 'merge_install': False, 'path': '/root/ros2_ws/src/slam/livox_ros_driver2', 'symlink_install': False, 'test_result_base': None}
[0.279s] Level 5:colcon.colcon_core.verb:set package 'ros_tcp_endpoint' build argument 'cmake_args' from command line to '['-DROS_EDITION=ROS2', '-DHUMBLE_ROS=humble']'
[0.279s] Level 5:colcon.colcon_core.verb:set package 'ros_tcp_endpoint' build argument 'cmake_target' from command line to 'None'
[0.279s] Level 5:colcon.colcon_core.verb:set package 'ros_tcp_endpoint' build argument 'cmake_target_skip_unavailable' from command line to 'False'
[0.279s] Level 5:colcon.colcon_core.verb:set package 'ros_tcp_endpoint' build argument 'cmake_clean_cache' from command line to 'False'
[0.279s] Level 5:colcon.colcon_core.verb:set package 'ros_tcp_endpoint' build argument 'cmake_clean_first' from command line to 'False'
[0.279s] Level 5:colcon.colcon_core.verb:set package 'ros_tcp_endpoint' build argument 'cmake_force_configure' from command line to 'False'
[0.279s] Level 5:colcon.colcon_core.verb:set package 'ros_tcp_endpoint' build argument 'ament_cmake_args' from command line to 'None'
[0.279s] Level 5:colcon.colcon_core.verb:set package 'ros_tcp_endpoint' build argument 'catkin_cmake_args' from command line to 'None'
[0.279s] Level 5:colcon.colcon_core.verb:set package 'ros_tcp_endpoint' build argument 'catkin_skip_building_tests' from command line to 'False'
[0.279s] DEBUG:colcon.colcon_core.verb:Building package 'ros_tcp_endpoint' with the following arguments: {'ament_cmake_args': None, 'build_base': '/root/ros2_ws/src/build/ros_tcp_endpoint', 'catkin_cmake_args': None, 'catkin_skip_building_tests': False, 'cmake_args': ['-DROS_EDITION=ROS2', '-DHUMBLE_ROS=humble'], 'cmake_clean_cache': False, 'cmake_clean_first': False, 'cmake_force_configure': False, 'cmake_target': None, 'cmake_target_skip_unavailable': False, 'install_base': '/root/ros2_ws/src/install/ros_tcp_endpoint', 'merge_install': False, 'path': '/root/ros2_ws/src/utilities/ROS-TCP-Endpoint', 'symlink_install': False, 'test_result_base': None}
[0.279s] Level 5:colcon.colcon_core.verb:set package 'rviz_2d_overlay_msgs' build argument 'cmake_args' from command line to '['-DROS_EDITION=ROS2', '-DHUMBLE_ROS=humble']'
[0.279s] Level 5:colcon.colcon_core.verb:set package 'rviz_2d_overlay_msgs' build argument 'cmake_target' from command line to 'None'
[0.279s] Level 5:colcon.colcon_core.verb:set package 'rviz_2d_overlay_msgs' build argument 'cmake_target_skip_unavailable' from command line to 'False'
[0.279s] Level 5:colcon.colcon_core.verb:set package 'rviz_2d_overlay_msgs' build argument 'cmake_clean_cache' from command line to 'False'
[0.279s] Level 5:colcon.colcon_core.verb:set package 'rviz_2d_overlay_msgs' build argument 'cmake_clean_first' from command line to 'False'
[0.279s] Level 5:colcon.colcon_core.verb:set package 'rviz_2d_overlay_msgs' build argument 'cmake_force_configure' from command line to 'False'
[0.279s] Level 5:colcon.colcon_core.verb:set package 'rviz_2d_overlay_msgs' build argument 'ament_cmake_args' from command line to 'None'
[0.279s] Level 5:colcon.colcon_core.verb:set package 'rviz_2d_overlay_msgs' build argument 'catkin_cmake_args' from command line to 'None'
[0.279s] Level 5:colcon.colcon_core.verb:set package 'rviz_2d_overlay_msgs' build argument 'catkin_skip_building_tests' from command line to 'False'
[0.279s] DEBUG:colcon.colcon_core.verb:Building package 'rviz_2d_overlay_msgs' with the following arguments: {'ament_cmake_args': None, 'build_base': '/root/ros2_ws/src/build/rviz_2d_overlay_msgs', 'catkin_cmake_args': None, 'catkin_skip_building_tests': False, 'cmake_args': ['-DROS_EDITION=ROS2', '-DHUMBLE_ROS=humble'], 'cmake_clean_cache': False, 'cmake_clean_first': False, 'cmake_force_configure': False, 'cmake_target': None, 'cmake_target_skip_unavailable': False, 'install_base': '/root/ros2_ws/src/install/rviz_2d_overlay_msgs', 'merge_install': False, 'path': '/root/ros2_ws/src/slam/rviz_2d_overlay_plugins/rviz_2d_overlay_msgs', 'symlink_install': False, 'test_result_base': None}
[0.279s] Level 5:colcon.colcon_core.verb:set package 'sensor_scan_generation' build argument 'cmake_args' from command line to '['-DROS_EDITION=ROS2', '-DHUMBLE_ROS=humble']'
[0.279s] Level 5:colcon.colcon_core.verb:set package 'sensor_scan_generation' build argument 'cmake_target' from command line to 'None'
[0.279s] Level 5:colcon.colcon_core.verb:set package 'sensor_scan_generation' build argument 'cmake_target_skip_unavailable' from command line to 'False'
[0.279s] Level 5:colcon.colcon_core.verb:set package 'sensor_scan_generation' build argument 'cmake_clean_cache' from command line to 'False'
[0.279s] Level 5:colcon.colcon_core.verb:set package 'sensor_scan_generation' build argument 'cmake_clean_first' from command line to 'False'
[0.279s] Level 5:colcon.colcon_core.verb:set package 'sensor_scan_generation' build argument 'cmake_force_configure' from command line to 'False'
[0.279s] Level 5:colcon.colcon_core.verb:set package 'sensor_scan_generation' build argument 'ament_cmake_args' from command line to 'None'
[0.279s] Level 5:colcon.colcon_core.verb:set package 'sensor_scan_generation' build argument 'catkin_cmake_args' from command line to 'None'
[0.279s] Level 5:colcon.colcon_core.verb:set package 'sensor_scan_generation' build argument 'catkin_skip_building_tests' from command line to 'False'
[0.279s] DEBUG:colcon.colcon_core.verb:Building package 'sensor_scan_generation' with the following arguments: {'ament_cmake_args': None, 'build_base': '/root/ros2_ws/src/build/sensor_scan_generation', 'catkin_cmake_args': None, 'catkin_skip_building_tests': False, 'cmake_args': ['-DROS_EDITION=ROS2', '-DHUMBLE_ROS=humble'], 'cmake_clean_cache': False, 'cmake_clean_first': False, 'cmake_force_configure': False, 'cmake_target': None, 'cmake_target_skip_unavailable': False, 'install_base': '/root/ros2_ws/src/install/sensor_scan_generation', 'merge_install': False, 'path': '/root/ros2_ws/src/base_autonomy/sensor_scan_generation', 'symlink_install': False, 'test_result_base': None}
[0.279s] Level 5:colcon.colcon_core.verb:set package 'super_odometry_msgs' build argument 'cmake_args' from command line to '['-DROS_EDITION=ROS2', '-DHUMBLE_ROS=humble']'
[0.279s] Level 5:colcon.colcon_core.verb:set package 'super_odometry_msgs' build argument 'cmake_target' from command line to 'None'
[0.279s] Level 5:colcon.colcon_core.verb:set package 'super_odometry_msgs' build argument 'cmake_target_skip_unavailable' from command line to 'False'
[0.279s] Level 5:colcon.colcon_core.verb:set package 'super_odometry_msgs' build argument 'cmake_clean_cache' from command line to 'False'
[0.279s] Level 5:colcon.colcon_core.verb:set package 'super_odometry_msgs' build argument 'cmake_clean_first' from command line to 'False'
[0.279s] Level 5:colcon.colcon_core.verb:set package 'super_odometry_msgs' build argument 'cmake_force_configure' from command line to 'False'
[0.279s] Level 5:colcon.colcon_core.verb:set package 'super_odometry_msgs' build argument 'ament_cmake_args' from command line to 'None'
[0.279s] Level 5:colcon.colcon_core.verb:set package 'super_odometry_msgs' build argument 'catkin_cmake_args' from command line to 'None'
[0.279s] Level 5:colcon.colcon_core.verb:set package 'super_odometry_msgs' build argument 'catkin_skip_building_tests' from command line to 'False'
[0.279s] DEBUG:colcon.colcon_core.verb:Building package 'super_odometry_msgs' with the following arguments: {'ament_cmake_args': None, 'build_base': '/root/ros2_ws/src/build/super_odometry_msgs', 'catkin_cmake_args': None, 'catkin_skip_building_tests': False, 'cmake_args': ['-DROS_EDITION=ROS2', '-DHUMBLE_ROS=humble'], 'cmake_clean_cache': False, 'cmake_clean_first': False, 'cmake_force_configure': False, 'cmake_target': None, 'cmake_target_skip_unavailable': False, 'install_base': '/root/ros2_ws/src/install/super_odometry_msgs', 'merge_install': False, 'path': '/root/ros2_ws/src/slam/SuperOdom/super_odometry_msgs', 'symlink_install': False, 'test_result_base': None}
[0.279s] Level 5:colcon.colcon_core.verb:set package 'teleop_rviz_plugin' build argument 'cmake_args' from command line to '['-DROS_EDITION=ROS2', '-DHUMBLE_ROS=humble']'
[0.279s] Level 5:colcon.colcon_core.verb:set package 'teleop_rviz_plugin' build argument 'cmake_target' from command line to 'None'
[0.279s] Level 5:colcon.colcon_core.verb:set package 'teleop_rviz_plugin' build argument 'cmake_target_skip_unavailable' from command line to 'False'
[0.280s] Level 5:colcon.colcon_core.verb:set package 'teleop_rviz_plugin' build argument 'cmake_clean_cache' from command line to 'False'
[0.280s] Level 5:colcon.colcon_core.verb:set package 'teleop_rviz_plugin' build argument 'cmake_clean_first' from command line to 'False'
[0.280s] Level 5:colcon.colcon_core.verb:set package 'teleop_rviz_plugin' build argument 'cmake_force_configure' from command line to 'False'
[0.280s] Level 5:colcon.colcon_core.verb:set package 'teleop_rviz_plugin' build argument 'ament_cmake_args' from command line to 'None'
[0.280s] Level 5:colcon.colcon_core.verb:set package 'teleop_rviz_plugin' build argument 'catkin_cmake_args' from command line to 'None'
[0.280s] Level 5:colcon.colcon_core.verb:set package 'teleop_rviz_plugin' build argument 'catkin_skip_building_tests' from command line to 'False'
[0.280s] DEBUG:colcon.colcon_core.verb:Building package 'teleop_rviz_plugin' with the following arguments: {'ament_cmake_args': None, 'build_base': '/root/ros2_ws/src/build/teleop_rviz_plugin', 'catkin_cmake_args': None, 'catkin_skip_building_tests': False, 'cmake_args': ['-DROS_EDITION=ROS2', '-DHUMBLE_ROS=humble'], 'cmake_clean_cache': False, 'cmake_clean_first': False, 'cmake_force_configure': False, 'cmake_target': None, 'cmake_target_skip_unavailable': False, 'install_base': '/root/ros2_ws/src/install/teleop_rviz_plugin', 'merge_install': False, 'path': '/root/ros2_ws/src/utilities/teleop_rviz_plugin', 'symlink_install': False, 'test_result_base': None}
[0.280s] Level 5:colcon.colcon_core.verb:set package 'teleop_rviz_plugin_plus' build argument 'cmake_args' from command line to '['-DROS_EDITION=ROS2', '-DHUMBLE_ROS=humble']'
[0.280s] Level 5:colcon.colcon_core.verb:set package 'teleop_rviz_plugin_plus' build argument 'cmake_target' from command line to 'None'
[0.280s] Level 5:colcon.colcon_core.verb:set package 'teleop_rviz_plugin_plus' build argument 'cmake_target_skip_unavailable' from command line to 'False'
[0.280s] Level 5:colcon.colcon_core.verb:set package 'teleop_rviz_plugin_plus' build argument 'cmake_clean_cache' from command line to 'False'
[0.280s] Level 5:colcon.colcon_core.verb:set package 'teleop_rviz_plugin_plus' build argument 'cmake_clean_first' from command line to 'False'
[0.280s] Level 5:colcon.colcon_core.verb:set package 'teleop_rviz_plugin_plus' build argument 'cmake_force_configure' from command line to 'False'
[0.280s] Level 5:colcon.colcon_core.verb:set package 'teleop_rviz_plugin_plus' build argument 'ament_cmake_args' from command line to 'None'
[0.280s] Level 5:colcon.colcon_core.verb:set package 'teleop_rviz_plugin_plus' build argument 'catkin_cmake_args' from command line to 'None'
[0.280s] Level 5:colcon.colcon_core.verb:set package 'teleop_rviz_plugin_plus' build argument 'catkin_skip_building_tests' from command line to 'False'
[0.280s] DEBUG:colcon.colcon_core.verb:Building package 'teleop_rviz_plugin_plus' with the following arguments: {'ament_cmake_args': None, 'build_base': '/root/ros2_ws/src/build/teleop_rviz_plugin_plus', 'catkin_cmake_args': None, 'catkin_skip_building_tests': False, 'cmake_args': ['-DROS_EDITION=ROS2', '-DHUMBLE_ROS=humble'], 'cmake_clean_cache': False, 'cmake_clean_first': False, 'cmake_force_configure': False, 'cmake_target': None, 'cmake_target_skip_unavailable': False, 'install_base': '/root/ros2_ws/src/install/teleop_rviz_plugin_plus', 'merge_install': False, 'path': '/root/ros2_ws/src/utilities/teleop_rviz_plugin_plus', 'symlink_install': False, 'test_result_base': None}
[0.280s] Level 5:colcon.colcon_core.verb:set package 'terrain_analysis' build argument 'cmake_args' from command line to '['-DROS_EDITION=ROS2', '-DHUMBLE_ROS=humble']'
[0.280s] Level 5:colcon.colcon_core.verb:set package 'terrain_analysis' build argument 'cmake_target' from command line to 'None'
[0.280s] Level 5:colcon.colcon_core.verb:set package 'terrain_analysis' build argument 'cmake_target_skip_unavailable' from command line to 'False'
[0.280s] Level 5:colcon.colcon_core.verb:set package 'terrain_analysis' build argument 'cmake_clean_cache' from command line to 'False'
[0.280s] Level 5:colcon.colcon_core.verb:set package 'terrain_analysis' build argument 'cmake_clean_first' from command line to 'False'
[0.280s] Level 5:colcon.colcon_core.verb:set package 'terrain_analysis' build argument 'cmake_force_configure' from command line to 'False'
[0.280s] Level 5:colcon.colcon_core.verb:set package 'terrain_analysis' build argument 'ament_cmake_args' from command line to 'None'
[0.280s] Level 5:colcon.colcon_core.verb:set package 'terrain_analysis' build argument 'catkin_cmake_args' from command line to 'None'
[0.280s] Level 5:colcon.colcon_core.verb:set package 'terrain_analysis' build argument 'catkin_skip_building_tests' from command line to 'False'
[0.280s] DEBUG:colcon.colcon_core.verb:Building package 'terrain_analysis' with the following arguments: {'ament_cmake_args': None, 'build_base': '/root/ros2_ws/src/build/terrain_analysis', 'catkin_cmake_args': None, 'catkin_skip_building_tests': False, 'cmake_args': ['-DROS_EDITION=ROS2', '-DHUMBLE_ROS=humble'], 'cmake_clean_cache': False, 'cmake_clean_first': False, 'cmake_force_configure': False, 'cmake_target': None, 'cmake_target_skip_unavailable': False, 'install_base': '/root/ros2_ws/src/install/terrain_analysis', 'merge_install': False, 'path': '/root/ros2_ws/src/base_autonomy/terrain_analysis', 'symlink_install': False, 'test_result_base': None}
[0.280s] Level 5:colcon.colcon_core.verb:set package 'terrain_analysis_ext' build argument 'cmake_args' from command line to '['-DROS_EDITION=ROS2', '-DHUMBLE_ROS=humble']'
[0.280s] Level 5:colcon.colcon_core.verb:set package 'terrain_analysis_ext' build argument 'cmake_target' from command line to 'None'
[0.280s] Level 5:colcon.colcon_core.verb:set package 'terrain_analysis_ext' build argument 'cmake_target_skip_unavailable' from command line to 'False'
[0.280s] Level 5:colcon.colcon_core.verb:set package 'terrain_analysis_ext' build argument 'cmake_clean_cache' from command line to 'False'
[0.280s] Level 5:colcon.colcon_core.verb:set package 'terrain_analysis_ext' build argument 'cmake_clean_first' from command line to 'False'
[0.280s] Level 5:colcon.colcon_core.verb:set package 'terrain_analysis_ext' build argument 'cmake_force_configure' from command line to 'False'
[0.280s] Level 5:colcon.colcon_core.verb:set package 'terrain_analysis_ext' build argument 'ament_cmake_args' from command line to 'None'
[0.280s] Level 5:colcon.colcon_core.verb:set package 'terrain_analysis_ext' build argument 'catkin_cmake_args' from command line to 'None'
[0.280s] Level 5:colcon.colcon_core.verb:set package 'terrain_analysis_ext' build argument 'catkin_skip_building_tests' from command line to 'False'
[0.280s] DEBUG:colcon.colcon_core.verb:Building package 'terrain_analysis_ext' with the following arguments: {'ament_cmake_args': None, 'build_base': '/root/ros2_ws/src/build/terrain_analysis_ext', 'catkin_cmake_args': None, 'catkin_skip_building_tests': False, 'cmake_args': ['-DROS_EDITION=ROS2', '-DHUMBLE_ROS=humble'], 'cmake_clean_cache': False, 'cmake_clean_first': False, 'cmake_force_configure': False, 'cmake_target': None, 'cmake_target_skip_unavailable': False, 'install_base': '/root/ros2_ws/src/install/terrain_analysis_ext', 'merge_install': False, 'path': '/root/ros2_ws/src/base_autonomy/terrain_analysis_ext', 'symlink_install': False, 'test_result_base': None}
[0.280s] Level 5:colcon.colcon_core.verb:set package 'transform_sensors' build argument 'cmake_args' from command line to '['-DROS_EDITION=ROS2', '-DHUMBLE_ROS=humble']'
[0.280s] Level 5:colcon.colcon_core.verb:set package 'transform_sensors' build argument 'cmake_target' from command line to 'None'
[0.280s] Level 5:colcon.colcon_core.verb:set package 'transform_sensors' build argument 'cmake_target_skip_unavailable' from command line to 'False'
[0.280s] Level 5:colcon.colcon_core.verb:set package 'transform_sensors' build argument 'cmake_clean_cache' from command line to 'False'
[0.280s] Level 5:colcon.colcon_core.verb:set package 'transform_sensors' build argument 'cmake_clean_first' from command line to 'False'
[0.280s] Level 5:colcon.colcon_core.verb:set package 'transform_sensors' build argument 'cmake_force_configure' from command line to 'False'
[0.280s] Level 5:colcon.colcon_core.verb:set package 'transform_sensors' build argument 'ament_cmake_args' from command line to 'None'
[0.280s] Level 5:colcon.colcon_core.verb:set package 'transform_sensors' build argument 'catkin_cmake_args' from command line to 'None'
[0.280s] Level 5:colcon.colcon_core.verb:set package 'transform_sensors' build argument 'catkin_skip_building_tests' from command line to 'False'
[0.280s] DEBUG:colcon.colcon_core.verb:Building package 'transform_sensors' with the following arguments: {'ament_cmake_args': None, 'build_base': '/root/ros2_ws/src/build/transform_sensors', 'catkin_cmake_args': None, 'catkin_skip_building_tests': False, 'cmake_args': ['-DROS_EDITION=ROS2', '-DHUMBLE_ROS=humble'], 'cmake_clean_cache': False, 'cmake_clean_first': False, 'cmake_force_configure': False, 'cmake_target': None, 'cmake_target_skip_unavailable': False, 'install_base': '/root/ros2_ws/src/install/transform_sensors', 'merge_install': False, 'path': '/root/ros2_ws/src/utilities/transform_sensors', 'symlink_install': False, 'test_result_base': None}
[0.280s] Level 5:colcon.colcon_core.verb:set package 'unitree_api' build argument 'cmake_args' from command line to '['-DROS_EDITION=ROS2', '-DHUMBLE_ROS=humble']'
[0.280s] Level 5:colcon.colcon_core.verb:set package 'unitree_api' build argument 'cmake_target' from command line to 'None'
[0.280s] Level 5:colcon.colcon_core.verb:set package 'unitree_api' build argument 'cmake_target_skip_unavailable' from command line to 'False'
[0.280s] Level 5:colcon.colcon_core.verb:set package 'unitree_api' build argument 'cmake_clean_cache' from command line to 'False'
[0.280s] Level 5:colcon.colcon_core.verb:set package 'unitree_api' build argument 'cmake_clean_first' from command line to 'False'
[0.280s] Level 5:colcon.colcon_core.verb:set package 'unitree_api' build argument 'cmake_force_configure' from command line to 'False'
[0.280s] Level 5:colcon.colcon_core.verb:set package 'unitree_api' build argument 'ament_cmake_args' from command line to 'None'
[0.280s] Level 5:colcon.colcon_core.verb:set package 'unitree_api' build argument 'catkin_cmake_args' from command line to 'None'
[0.280s] Level 5:colcon.colcon_core.verb:set package 'unitree_api' build argument 'catkin_skip_building_tests' from command line to 'False'
[0.280s] DEBUG:colcon.colcon_core.verb:Building package 'unitree_api' with the following arguments: {'ament_cmake_args': None, 'build_base': '/root/ros2_ws/src/build/unitree_api', 'catkin_cmake_args': None, 'catkin_skip_building_tests': False, 'cmake_args': ['-DROS_EDITION=ROS2', '-DHUMBLE_ROS=humble'], 'cmake_clean_cache': False, 'cmake_clean_first': False, 'cmake_force_configure': False, 'cmake_target': None, 'cmake_target_skip_unavailable': False, 'install_base': '/root/ros2_ws/src/install/unitree_api', 'merge_install': False, 'path': '/root/ros2_ws/src/utilities/unitree_pkgs/unitree_api', 'symlink_install': False, 'test_result_base': None}
[0.281s] Level 5:colcon.colcon_core.verb:set package 'unitree_go' build argument 'cmake_args' from command line to '['-DROS_EDITION=ROS2', '-DHUMBLE_ROS=humble']'
[0.281s] Level 5:colcon.colcon_core.verb:set package 'unitree_go' build argument 'cmake_target' from command line to 'None'
[0.281s] Level 5:colcon.colcon_core.verb:set package 'unitree_go' build argument 'cmake_target_skip_unavailable' from command line to 'False'
[0.281s] Level 5:colcon.colcon_core.verb:set package 'unitree_go' build argument 'cmake_clean_cache' from command line to 'False'
[0.281s] Level 5:colcon.colcon_core.verb:set package 'unitree_go' build argument 'cmake_clean_first' from command line to 'False'
[0.281s] Level 5:colcon.colcon_core.verb:set package 'unitree_go' build argument 'cmake_force_configure' from command line to 'False'
[0.281s] Level 5:colcon.colcon_core.verb:set package 'unitree_go' build argument 'ament_cmake_args' from command line to 'None'
[0.281s] Level 5:colcon.colcon_core.verb:set package 'unitree_go' build argument 'catkin_cmake_args' from command line to 'None'
[0.281s] Level 5:colcon.colcon_core.verb:set package 'unitree_go' build argument 'catkin_skip_building_tests' from command line to 'False'
[0.281s] DEBUG:colcon.colcon_core.verb:Building package 'unitree_go' with the following arguments: {'ament_cmake_args': None, 'build_base': '/root/ros2_ws/src/build/unitree_go', 'catkin_cmake_args': None, 'catkin_skip_building_tests': False, 'cmake_args': ['-DROS_EDITION=ROS2', '-DHUMBLE_ROS=humble'], 'cmake_clean_cache': False, 'cmake_clean_first': False, 'cmake_force_configure': False, 'cmake_target': None, 'cmake_target_skip_unavailable': False, 'install_base': '/root/ros2_ws/src/install/unitree_go', 'merge_install': False, 'path': '/root/ros2_ws/src/utilities/unitree_pkgs/unitree_go', 'symlink_install': False, 'test_result_base': None}
[0.281s] Level 5:colcon.colcon_core.verb:set package 'visibility_graph_msg' build argument 'cmake_args' from command line to '['-DROS_EDITION=ROS2', '-DHUMBLE_ROS=humble']'
[0.281s] Level 5:colcon.colcon_core.verb:set package 'visibility_graph_msg' build argument 'cmake_target' from command line to 'None'
[0.281s] Level 5:colcon.colcon_core.verb:set package 'visibility_graph_msg' build argument 'cmake_target_skip_unavailable' from command line to 'False'
[0.281s] Level 5:colcon.colcon_core.verb:set package 'visibility_graph_msg' build argument 'cmake_clean_cache' from command line to 'False'
[0.281s] Level 5:colcon.colcon_core.verb:set package 'visibility_graph_msg' build argument 'cmake_clean_first' from command line to 'False'
[0.281s] Level 5:colcon.colcon_core.verb:set package 'visibility_graph_msg' build argument 'cmake_force_configure' from command line to 'False'
[0.281s] Level 5:colcon.colcon_core.verb:set package 'visibility_graph_msg' build argument 'ament_cmake_args' from command line to 'None'
[0.281s] Level 5:colcon.colcon_core.verb:set package 'visibility_graph_msg' build argument 'catkin_cmake_args' from command line to 'None'
[0.281s] Level 5:colcon.colcon_core.verb:set package 'visibility_graph_msg' build argument 'catkin_skip_building_tests' from command line to 'False'
[0.281s] DEBUG:colcon.colcon_core.verb:Building package 'visibility_graph_msg' with the following arguments: {'ament_cmake_args': None, 'build_base': '/root/ros2_ws/src/build/visibility_graph_msg', 'catkin_cmake_args': None, 'catkin_skip_building_tests': False, 'cmake_args': ['-DROS_EDITION=ROS2', '-DHUMBLE_ROS=humble'], 'cmake_clean_cache': False, 'cmake_clean_first': False, 'cmake_force_configure': False, 'cmake_target': None, 'cmake_target_skip_unavailable': False, 'install_base': '/root/ros2_ws/src/install/visibility_graph_msg', 'merge_install': False, 'path': '/root/ros2_ws/src/route_planner/visibility_graph_msg', 'symlink_install': False, 'test_result_base': None}
[0.281s] Level 5:colcon.colcon_core.verb:set package 'visualization_tools' build argument 'cmake_args' from command line to '['-DROS_EDITION=ROS2', '-DHUMBLE_ROS=humble']'
[0.281s] Level 5:colcon.colcon_core.verb:set package 'visualization_tools' build argument 'cmake_target' from command line to 'None'
[0.281s] Level 5:colcon.colcon_core.verb:set package 'visualization_tools' build argument 'cmake_target_skip_unavailable' from command line to 'False'
[0.281s] Level 5:colcon.colcon_core.verb:set package 'visualization_tools' build argument 'cmake_clean_cache' from command line to 'False'
[0.281s] Level 5:colcon.colcon_core.verb:set package 'visualization_tools' build argument 'cmake_clean_first' from command line to 'False'
[0.281s] Level 5:colcon.colcon_core.verb:set package 'visualization_tools' build argument 'cmake_force_configure' from command line to 'False'
[0.281s] Level 5:colcon.colcon_core.verb:set package 'visualization_tools' build argument 'ament_cmake_args' from command line to 'None'
[0.281s] Level 5:colcon.colcon_core.verb:set package 'visualization_tools' build argument 'catkin_cmake_args' from command line to 'None'
[0.281s] Level 5:colcon.colcon_core.verb:set package 'visualization_tools' build argument 'catkin_skip_building_tests' from command line to 'False'
[0.281s] DEBUG:colcon.colcon_core.verb:Building package 'visualization_tools' with the following arguments: {'ament_cmake_args': None, 'build_base': '/root/ros2_ws/src/build/visualization_tools', 'catkin_cmake_args': None, 'catkin_skip_building_tests': False, 'cmake_args': ['-DROS_EDITION=ROS2', '-DHUMBLE_ROS=humble'], 'cmake_clean_cache': False, 'cmake_clean_first': False, 'cmake_force_configure': False, 'cmake_target': None, 'cmake_target_skip_unavailable': False, 'install_base': '/root/ros2_ws/src/install/visualization_tools', 'merge_install': False, 'path': '/root/ros2_ws/src/base_autonomy/visualization_tools', 'symlink_install': False, 'test_result_base': None}
[0.281s] Level 5:colcon.colcon_core.verb:set package 'waypoint_example' build argument 'cmake_args' from command line to '['-DROS_EDITION=ROS2', '-DHUMBLE_ROS=humble']'
[0.281s] Level 5:colcon.colcon_core.verb:set package 'waypoint_example' build argument 'cmake_target' from command line to 'None'
[0.281s] Level 5:colcon.colcon_core.verb:set package 'waypoint_example' build argument 'cmake_target_skip_unavailable' from command line to 'False'
[0.281s] Level 5:colcon.colcon_core.verb:set package 'waypoint_example' build argument 'cmake_clean_cache' from command line to 'False'
[0.281s] Level 5:colcon.colcon_core.verb:set package 'waypoint_example' build argument 'cmake_clean_first' from command line to 'False'
[0.281s] Level 5:colcon.colcon_core.verb:set package 'waypoint_example' build argument 'cmake_force_configure' from command line to 'False'
[0.281s] Level 5:colcon.colcon_core.verb:set package 'waypoint_example' build argument 'ament_cmake_args' from command line to 'None'
[0.281s] Level 5:colcon.colcon_core.verb:set package 'waypoint_example' build argument 'catkin_cmake_args' from command line to 'None'
[0.281s] Level 5:colcon.colcon_core.verb:set package 'waypoint_example' build argument 'catkin_skip_building_tests' from command line to 'False'
[0.281s] DEBUG:colcon.colcon_core.verb:Building package 'waypoint_example' with the following arguments: {'ament_cmake_args': None, 'build_base': '/root/ros2_ws/src/build/waypoint_example', 'catkin_cmake_args': None, 'catkin_skip_building_tests': False, 'cmake_args': ['-DROS_EDITION=ROS2', '-DHUMBLE_ROS=humble'], 'cmake_clean_cache': False, 'cmake_clean_first': False, 'cmake_force_configure': False, 'cmake_target': None, 'cmake_target_skip_unavailable': False, 'install_base': '/root/ros2_ws/src/install/waypoint_example', 'merge_install': False, 'path': '/root/ros2_ws/src/base_autonomy/waypoint_example', 'symlink_install': False, 'test_result_base': None}
[0.281s] Level 5:colcon.colcon_core.verb:set package 'waypoint_rviz_plugin' build argument 'cmake_args' from command line to '['-DROS_EDITION=ROS2', '-DHUMBLE_ROS=humble']'
[0.281s] Level 5:colcon.colcon_core.verb:set package 'waypoint_rviz_plugin' build argument 'cmake_target' from command line to 'None'
[0.281s] Level 5:colcon.colcon_core.verb:set package 'waypoint_rviz_plugin' build argument 'cmake_target_skip_unavailable' from command line to 'False'
[0.281s] Level 5:colcon.colcon_core.verb:set package 'waypoint_rviz_plugin' build argument 'cmake_clean_cache' from command line to 'False'
[0.281s] Level 5:colcon.colcon_core.verb:set package 'waypoint_rviz_plugin' build argument 'cmake_clean_first' from command line to 'False'
[0.281s] Level 5:colcon.colcon_core.verb:set package 'waypoint_rviz_plugin' build argument 'cmake_force_configure' from command line to 'False'
[0.281s] Level 5:colcon.colcon_core.verb:set package 'waypoint_rviz_plugin' build argument 'ament_cmake_args' from command line to 'None'
[0.281s] Level 5:colcon.colcon_core.verb:set package 'waypoint_rviz_plugin' build argument 'catkin_cmake_args' from command line to 'None'
[0.281s] Level 5:colcon.colcon_core.verb:set package 'waypoint_rviz_plugin' build argument 'catkin_skip_building_tests' from command line to 'False'
[0.281s] DEBUG:colcon.colcon_core.verb:Building package 'waypoint_rviz_plugin' with the following arguments: {'ament_cmake_args': None, 'build_base': '/root/ros2_ws/src/build/waypoint_rviz_plugin', 'catkin_cmake_args': None, 'catkin_skip_building_tests': False, 'cmake_args': ['-DROS_EDITION=ROS2', '-DHUMBLE_ROS=humble'], 'cmake_clean_cache': False, 'cmake_clean_first': False, 'cmake_force_configure': False, 'cmake_target': None, 'cmake_target_skip_unavailable': False, 'install_base': '/root/ros2_ws/src/install/waypoint_rviz_plugin', 'merge_install': False, 'path': '/root/ros2_ws/src/utilities/waypoint_rviz_plugin', 'symlink_install': False, 'test_result_base': None}
[0.282s] Level 5:colcon.colcon_core.verb:set package 'boundary_handler' build argument 'cmake_args' from command line to '['-DROS_EDITION=ROS2', '-DHUMBLE_ROS=humble']'
[0.282s] Level 5:colcon.colcon_core.verb:set package 'boundary_handler' build argument 'cmake_target' from command line to 'None'
[0.282s] Level 5:colcon.colcon_core.verb:set package 'boundary_handler' build argument 'cmake_target_skip_unavailable' from command line to 'False'
[0.282s] Level 5:colcon.colcon_core.verb:set package 'boundary_handler' build argument 'cmake_clean_cache' from command line to 'False'
[0.282s] Level 5:colcon.colcon_core.verb:set package 'boundary_handler' build argument 'cmake_clean_first' from command line to 'False'
[0.282s] Level 5:colcon.colcon_core.verb:set package 'boundary_handler' build argument 'cmake_force_configure' from command line to 'False'
[0.282s] Level 5:colcon.colcon_core.verb:set package 'boundary_handler' build argument 'ament_cmake_args' from command line to 'None'
[0.282s] Level 5:colcon.colcon_core.verb:set package 'boundary_handler' build argument 'catkin_cmake_args' from command line to 'None'
[0.282s] Level 5:colcon.colcon_core.verb:set package 'boundary_handler' build argument 'catkin_skip_building_tests' from command line to 'False'
[0.282s] DEBUG:colcon.colcon_core.verb:Building package 'boundary_handler' with the following arguments: {'ament_cmake_args': None, 'build_base': '/root/ros2_ws/src/build/boundary_handler', 'catkin_cmake_args': None, 'catkin_skip_building_tests': False, 'cmake_args': ['-DROS_EDITION=ROS2', '-DHUMBLE_ROS=humble'], 'cmake_clean_cache': False, 'cmake_clean_first': False, 'cmake_force_configure': False, 'cmake_target': None, 'cmake_target_skip_unavailable': False, 'install_base': '/root/ros2_ws/src/install/boundary_handler', 'merge_install': False, 'path': '/root/ros2_ws/src/route_planner/boundary_handler', 'symlink_install': False, 'test_result_base': None}
[0.282s] Level 5:colcon.colcon_core.verb:set package 'far_planner' build argument 'cmake_args' from command line to '['-DROS_EDITION=ROS2', '-DHUMBLE_ROS=humble']'
[0.282s] Level 5:colcon.colcon_core.verb:set package 'far_planner' build argument 'cmake_target' from command line to 'None'
[0.282s] Level 5:colcon.colcon_core.verb:set package 'far_planner' build argument 'cmake_target_skip_unavailable' from command line to 'False'
[0.282s] Level 5:colcon.colcon_core.verb:set package 'far_planner' build argument 'cmake_clean_cache' from command line to 'False'
[0.282s] Level 5:colcon.colcon_core.verb:set package 'far_planner' build argument 'cmake_clean_first' from command line to 'False'
[0.282s] Level 5:colcon.colcon_core.verb:set package 'far_planner' build argument 'cmake_force_configure' from command line to 'False'
[0.282s] Level 5:colcon.colcon_core.verb:set package 'far_planner' build argument 'ament_cmake_args' from command line to 'None'
[0.282s] Level 5:colcon.colcon_core.verb:set package 'far_planner' build argument 'catkin_cmake_args' from command line to 'None'
[0.282s] Level 5:colcon.colcon_core.verb:set package 'far_planner' build argument 'catkin_skip_building_tests' from command line to 'False'
[0.282s] DEBUG:colcon.colcon_core.verb:Building package 'far_planner' with the following arguments: {'ament_cmake_args': None, 'build_base': '/root/ros2_ws/src/build/far_planner', 'catkin_cmake_args': None, 'catkin_skip_building_tests': False, 'cmake_args': ['-DROS_EDITION=ROS2', '-DHUMBLE_ROS=humble'], 'cmake_clean_cache': False, 'cmake_clean_first': False, 'cmake_force_configure': False, 'cmake_target': None, 'cmake_target_skip_unavailable': False, 'install_base': '/root/ros2_ws/src/install/far_planner', 'merge_install': False, 'path': '/root/ros2_ws/src/route_planner/far_planner', 'symlink_install': False, 'test_result_base': None}
[0.282s] Level 5:colcon.colcon_core.verb:set package 'go2_sport_api' build argument 'cmake_args' from command line to '['-DROS_EDITION=ROS2', '-DHUMBLE_ROS=humble']'
[0.282s] Level 5:colcon.colcon_core.verb:set package 'go2_sport_api' build argument 'cmake_target' from command line to 'None'
[0.282s] Level 5:colcon.colcon_core.verb:set package 'go2_sport_api' build argument 'cmake_target_skip_unavailable' from command line to 'False'
[0.282s] Level 5:colcon.colcon_core.verb:set package 'go2_sport_api' build argument 'cmake_clean_cache' from command line to 'False'
[0.282s] Level 5:colcon.colcon_core.verb:set package 'go2_sport_api' build argument 'cmake_clean_first' from command line to 'False'
[0.282s] Level 5:colcon.colcon_core.verb:set package 'go2_sport_api' build argument 'cmake_force_configure' from command line to 'False'
[0.282s] Level 5:colcon.colcon_core.verb:set package 'go2_sport_api' build argument 'ament_cmake_args' from command line to 'None'
[0.282s] Level 5:colcon.colcon_core.verb:set package 'go2_sport_api' build argument 'catkin_cmake_args' from command line to 'None'
[0.282s] Level 5:colcon.colcon_core.verb:set package 'go2_sport_api' build argument 'catkin_skip_building_tests' from command line to 'False'
[0.282s] DEBUG:colcon.colcon_core.verb:Building package 'go2_sport_api' with the following arguments: {'ament_cmake_args': None, 'build_base': '/root/ros2_ws/src/build/go2_sport_api', 'catkin_cmake_args': None, 'catkin_skip_building_tests': False, 'cmake_args': ['-DROS_EDITION=ROS2', '-DHUMBLE_ROS=humble'], 'cmake_clean_cache': False, 'cmake_clean_first': False, 'cmake_force_configure': False, 'cmake_target': None, 'cmake_target_skip_unavailable': False, 'install_base': '/root/ros2_ws/src/install/go2_sport_api', 'merge_install': False, 'path': '/root/ros2_ws/src/utilities/unitree_pkgs/go2_sport_api', 'symlink_install': False, 'test_result_base': None}
[0.282s] Level 5:colcon.colcon_core.verb:set package 'graph_decoder' build argument 'cmake_args' from command line to '['-DROS_EDITION=ROS2', '-DHUMBLE_ROS=humble']'
[0.282s] Level 5:colcon.colcon_core.verb:set package 'graph_decoder' build argument 'cmake_target' from command line to 'None'
[0.282s] Level 5:colcon.colcon_core.verb:set package 'graph_decoder' build argument 'cmake_target_skip_unavailable' from command line to 'False'
[0.282s] Level 5:colcon.colcon_core.verb:set package 'graph_decoder' build argument 'cmake_clean_cache' from command line to 'False'
[0.282s] Level 5:colcon.colcon_core.verb:set package 'graph_decoder' build argument 'cmake_clean_first' from command line to 'False'
[0.282s] Level 5:colcon.colcon_core.verb:set package 'graph_decoder' build argument 'cmake_force_configure' from command line to 'False'
[0.282s] Level 5:colcon.colcon_core.verb:set package 'graph_decoder' build argument 'ament_cmake_args' from command line to 'None'
[0.282s] Level 5:colcon.colcon_core.verb:set package 'graph_decoder' build argument 'catkin_cmake_args' from command line to 'None'
[0.282s] Level 5:colcon.colcon_core.verb:set package 'graph_decoder' build argument 'catkin_skip_building_tests' from command line to 'False'
[0.282s] DEBUG:colcon.colcon_core.verb:Building package 'graph_decoder' with the following arguments: {'ament_cmake_args': None, 'build_base': '/root/ros2_ws/src/build/graph_decoder', 'catkin_cmake_args': None, 'catkin_skip_building_tests': False, 'cmake_args': ['-DROS_EDITION=ROS2', '-DHUMBLE_ROS=humble'], 'cmake_clean_cache': False, 'cmake_clean_first': False, 'cmake_force_configure': False, 'cmake_target': None, 'cmake_target_skip_unavailable': False, 'install_base': '/root/ros2_ws/src/install/graph_decoder', 'merge_install': False, 'path': '/root/ros2_ws/src/route_planner/graph_decoder', 'symlink_install': False, 'test_result_base': None}
[0.282s] Level 5:colcon.colcon_core.verb:set package 'rviz_2d_overlay_plugins' build argument 'cmake_args' from command line to '['-DROS_EDITION=ROS2', '-DHUMBLE_ROS=humble']'
[0.282s] Level 5:colcon.colcon_core.verb:set package 'rviz_2d_overlay_plugins' build argument 'cmake_target' from command line to 'None'
[0.282s] Level 5:colcon.colcon_core.verb:set package 'rviz_2d_overlay_plugins' build argument 'cmake_target_skip_unavailable' from command line to 'False'
[0.283s] Level 5:colcon.colcon_core.verb:set package 'rviz_2d_overlay_plugins' build argument 'cmake_clean_cache' from command line to 'False'
[0.283s] Level 5:colcon.colcon_core.verb:set package 'rviz_2d_overlay_plugins' build argument 'cmake_clean_first' from command line to 'False'
[0.283s] Level 5:colcon.colcon_core.verb:set package 'rviz_2d_overlay_plugins' build argument 'cmake_force_configure' from command line to 'False'
[0.283s] Level 5:colcon.colcon_core.verb:set package 'rviz_2d_overlay_plugins' build argument 'ament_cmake_args' from command line to 'None'
[0.283s] Level 5:colcon.colcon_core.verb:set package 'rviz_2d_overlay_plugins' build argument 'catkin_cmake_args' from command line to 'None'
[0.283s] Level 5:colcon.colcon_core.verb:set package 'rviz_2d_overlay_plugins' build argument 'catkin_skip_building_tests' from command line to 'False'
[0.283s] DEBUG:colcon.colcon_core.verb:Building package 'rviz_2d_overlay_plugins' with the following arguments: {'ament_cmake_args': None, 'build_base': '/root/ros2_ws/src/build/rviz_2d_overlay_plugins', 'catkin_cmake_args': None, 'catkin_skip_building_tests': False, 'cmake_args': ['-DROS_EDITION=ROS2', '-DHUMBLE_ROS=humble'], 'cmake_clean_cache': False, 'cmake_clean_first': False, 'cmake_force_configure': False, 'cmake_target': None, 'cmake_target_skip_unavailable': False, 'install_base': '/root/ros2_ws/src/install/rviz_2d_overlay_plugins', 'merge_install': False, 'path': '/root/ros2_ws/src/slam/rviz_2d_overlay_plugins/rviz_2d_overlay_plugins', 'symlink_install': False, 'test_result_base': None}
[0.283s] Level 5:colcon.colcon_core.verb:set package 'super_odometry' build argument 'cmake_args' from command line to '['-DROS_EDITION=ROS2', '-DHUMBLE_ROS=humble']'
[0.283s] Level 5:colcon.colcon_core.verb:set package 'super_odometry' build argument 'cmake_target' from command line to 'None'
[0.283s] Level 5:colcon.colcon_core.verb:set package 'super_odometry' build argument 'cmake_target_skip_unavailable' from command line to 'False'
[0.283s] Level 5:colcon.colcon_core.verb:set package 'super_odometry' build argument 'cmake_clean_cache' from command line to 'False'
[0.283s] Level 5:colcon.colcon_core.verb:set package 'super_odometry' build argument 'cmake_clean_first' from command line to 'False'
[0.283s] Level 5:colcon.colcon_core.verb:set package 'super_odometry' build argument 'cmake_force_configure' from command line to 'False'
[0.283s] Level 5:colcon.colcon_core.verb:set package 'super_odometry' build argument 'ament_cmake_args' from command line to 'None'
[0.283s] Level 5:colcon.colcon_core.verb:set package 'super_odometry' build argument 'catkin_cmake_args' from command line to 'None'
[0.283s] Level 5:colcon.colcon_core.verb:set package 'super_odometry' build argument 'catkin_skip_building_tests' from command line to 'False'
[0.283s] DEBUG:colcon.colcon_core.verb:Building package 'super_odometry' with the following arguments: {'ament_cmake_args': None, 'build_base': '/root/ros2_ws/src/build/super_odometry', 'catkin_cmake_args': None, 'catkin_skip_building_tests': False, 'cmake_args': ['-DROS_EDITION=ROS2', '-DHUMBLE_ROS=humble'], 'cmake_clean_cache': False, 'cmake_clean_first': False, 'cmake_force_configure': False, 'cmake_target': None, 'cmake_target_skip_unavailable': False, 'install_base': '/root/ros2_ws/src/install/super_odometry', 'merge_install': False, 'path': '/root/ros2_ws/src/slam/SuperOdom/super_odometry', 'symlink_install': False, 'test_result_base': None}
[0.283s] Level 5:colcon.colcon_core.verb:set package 'vehicle_simulator' build argument 'cmake_args' from command line to '['-DROS_EDITION=ROS2', '-DHUMBLE_ROS=humble']'
[0.283s] Level 5:colcon.colcon_core.verb:set package 'vehicle_simulator' build argument 'cmake_target' from command line to 'None'
[0.283s] Level 5:colcon.colcon_core.verb:set package 'vehicle_simulator' build argument 'cmake_target_skip_unavailable' from command line to 'False'
[0.283s] Level 5:colcon.colcon_core.verb:set package 'vehicle_simulator' build argument 'cmake_clean_cache' from command line to 'False'
[0.283s] Level 5:colcon.colcon_core.verb:set package 'vehicle_simulator' build argument 'cmake_clean_first' from command line to 'False'
[0.283s] Level 5:colcon.colcon_core.verb:set package 'vehicle_simulator' build argument 'cmake_force_configure' from command line to 'False'
[0.283s] Level 5:colcon.colcon_core.verb:set package 'vehicle_simulator' build argument 'ament_cmake_args' from command line to 'None'
[0.283s] Level 5:colcon.colcon_core.verb:set package 'vehicle_simulator' build argument 'catkin_cmake_args' from command line to 'None'
[0.283s] Level 5:colcon.colcon_core.verb:set package 'vehicle_simulator' build argument 'catkin_skip_building_tests' from command line to 'False'
[0.283s] DEBUG:colcon.colcon_core.verb:Building package 'vehicle_simulator' with the following arguments: {'ament_cmake_args': None, 'build_base': '/root/ros2_ws/src/build/vehicle_simulator', 'catkin_cmake_args': None, 'catkin_skip_building_tests': False, 'cmake_args': ['-DROS_EDITION=ROS2', '-DHUMBLE_ROS=humble'], 'cmake_clean_cache': False, 'cmake_clean_first': False, 'cmake_force_configure': False, 'cmake_target': None, 'cmake_target_skip_unavailable': False, 'install_base': '/root/ros2_ws/src/install/vehicle_simulator', 'merge_install': False, 'path': '/root/ros2_ws/src/base_autonomy/vehicle_simulator', 'symlink_install': False, 'test_result_base': None}
[0.283s] Level 5:colcon.colcon_core.verb:set package 'calibrate_imu' build argument 'cmake_args' from command line to '['-DROS_EDITION=ROS2', '-DHUMBLE_ROS=humble']'
[0.283s] Level 5:colcon.colcon_core.verb:set package 'calibrate_imu' build argument 'cmake_target' from command line to 'None'
[0.283s] Level 5:colcon.colcon_core.verb:set package 'calibrate_imu' build argument 'cmake_target_skip_unavailable' from command line to 'False'
[0.283s] Level 5:colcon.colcon_core.verb:set package 'calibrate_imu' build argument 'cmake_clean_cache' from command line to 'False'
[0.283s] Level 5:colcon.colcon_core.verb:set package 'calibrate_imu' build argument 'cmake_clean_first' from command line to 'False'
[0.283s] Level 5:colcon.colcon_core.verb:set package 'calibrate_imu' build argument 'cmake_force_configure' from command line to 'False'
[0.283s] Level 5:colcon.colcon_core.verb:set package 'calibrate_imu' build argument 'ament_cmake_args' from command line to 'None'
[0.283s] Level 5:colcon.colcon_core.verb:set package 'calibrate_imu' build argument 'catkin_cmake_args' from command line to 'None'
[0.283s] Level 5:colcon.colcon_core.verb:set package 'calibrate_imu' build argument 'catkin_skip_building_tests' from command line to 'False'
[0.283s] DEBUG:colcon.colcon_core.verb:Building package 'calibrate_imu' with the following arguments: {'ament_cmake_args': None, 'build_base': '/root/ros2_ws/src/build/calibrate_imu', 'catkin_cmake_args': None, 'catkin_skip_building_tests': False, 'cmake_args': ['-DROS_EDITION=ROS2', '-DHUMBLE_ROS=humble'], 'cmake_clean_cache': False, 'cmake_clean_first': False, 'cmake_force_configure': False, 'cmake_target': None, 'cmake_target_skip_unavailable': False, 'install_base': '/root/ros2_ws/src/install/calibrate_imu', 'merge_install': False, 'path': '/root/ros2_ws/src/utilities/calibrate_imu', 'symlink_install': False, 'test_result_base': None}
[0.283s] Level 5:colcon.colcon_core.verb:set package 'local_planner' build argument 'cmake_args' from command line to '['-DROS_EDITION=ROS2', '-DHUMBLE_ROS=humble']'
[0.283s] Level 5:colcon.colcon_core.verb:set package 'local_planner' build argument 'cmake_target' from command line to 'None'
[0.283s] Level 5:colcon.colcon_core.verb:set package 'local_planner' build argument 'cmake_target_skip_unavailable' from command line to 'False'
[0.283s] Level 5:colcon.colcon_core.verb:set package 'local_planner' build argument 'cmake_clean_cache' from command line to 'False'
[0.283s] Level 5:colcon.colcon_core.verb:set package 'local_planner' build argument 'cmake_clean_first' from command line to 'False'
[0.283s] Level 5:colcon.colcon_core.verb:set package 'local_planner' build argument 'cmake_force_configure' from command line to 'False'
[0.283s] Level 5:colcon.colcon_core.verb:set package 'local_planner' build argument 'ament_cmake_args' from command line to 'None'
[0.283s] Level 5:colcon.colcon_core.verb:set package 'local_planner' build argument 'catkin_cmake_args' from command line to 'None'
[0.283s] Level 5:colcon.colcon_core.verb:set package 'local_planner' build argument 'catkin_skip_building_tests' from command line to 'False'
[0.283s] DEBUG:colcon.colcon_core.verb:Building package 'local_planner' with the following arguments: {'ament_cmake_args': None, 'build_base': '/root/ros2_ws/src/build/local_planner', 'catkin_cmake_args': None, 'catkin_skip_building_tests': False, 'cmake_args': ['-DROS_EDITION=ROS2', '-DHUMBLE_ROS=humble'], 'cmake_clean_cache': False, 'cmake_clean_first': False, 'cmake_force_configure': False, 'cmake_target': None, 'cmake_target_skip_unavailable': False, 'install_base': '/root/ros2_ws/src/install/local_planner', 'merge_install': False, 'path': '/root/ros2_ws/src/base_autonomy/local_planner', 'symlink_install': False, 'test_result_base': None}
[0.283s] INFO:colcon.colcon_core.executor:Executing jobs using 'parallel' executor
[0.284s] DEBUG:colcon.colcon_parallel_executor.executor.parallel:run_until_complete
[0.284s] INFO:colcon.colcon_ros.task.ament_cmake.build:Building ROS package in '/root/ros2_ws/src/utilities/unitree_pkgs/unitree_api' with build type 'ament_cmake'
[0.284s] INFO:colcon.colcon_cmake.task.cmake.build:Building CMake package in '/root/ros2_ws/src/utilities/unitree_pkgs/unitree_api'
[0.287s] INFO:colcon.colcon_core.plugin_system:Skipping extension 'colcon_core.shell.bat': Not used on non-Windows systems
[0.287s] INFO:colcon.colcon_core.shell:Skip shell extension 'powershell' for command environment: Not usable outside of PowerShell
[0.287s] DEBUG:colcon.colcon_core.shell:Skip shell extension 'dsv' for command environment
[0.292s] INFO:colcon.colcon_ros.task.ament_cmake.build:Building ROS package in '/root/ros2_ws/src/utilities/unitree_pkgs/unitree_go' with build type 'ament_cmake'
[0.292s] INFO:colcon.colcon_cmake.task.cmake.build:Building CMake package in '/root/ros2_ws/src/utilities/unitree_pkgs/unitree_go'
[0.292s] INFO:colcon.colcon_core.shell:Skip shell extension 'powershell' for command environment: Not usable outside of PowerShell
[0.292s] DEBUG:colcon.colcon_core.shell:Skip shell extension 'dsv' for command environment
[0.293s] INFO:colcon.colcon_ros.task.ament_cmake.build:Building ROS package in '/root/ros2_ws/src/route_planner/visibility_graph_msg' with build type 'ament_cmake'
[0.294s] INFO:colcon.colcon_cmake.task.cmake.build:Building CMake package in '/root/ros2_ws/src/route_planner/visibility_graph_msg'
[0.294s] INFO:colcon.colcon_core.shell:Skip shell extension 'powershell' for command environment: Not usable outside of PowerShell
[0.294s] DEBUG:colcon.colcon_core.shell:Skip shell extension 'dsv' for command environment
[0.296s] INFO:colcon.colcon_ros.task.ament_cmake.build:Building ROS package in '/root/ros2_ws/src/slam/livox_ros_driver2' with build type 'ament_cmake'
[0.296s] INFO:colcon.colcon_cmake.task.cmake.build:Building CMake package in '/root/ros2_ws/src/slam/livox_ros_driver2'
[0.296s] INFO:colcon.colcon_core.shell:Skip shell extension 'powershell' for command environment: Not usable outside of PowerShell
[0.296s] DEBUG:colcon.colcon_core.shell:Skip shell extension 'dsv' for command environment
[0.297s] INFO:colcon.colcon_ros.task.ament_python.build:Building ROS package in '/root/ros2_ws/src/utilities/ROS-TCP-Endpoint' with build type 'ament_python'
[0.297s] Level 1:colcon.colcon_core.shell:create_environment_hook('ros_tcp_endpoint', 'ament_prefix_path')
[0.298s] INFO:colcon.colcon_core.shell:Creating environment hook '/root/ros2_ws/src/install/ros_tcp_endpoint/share/ros_tcp_endpoint/hook/ament_prefix_path.ps1'
[0.298s] INFO:colcon.colcon_core.shell:Creating environment descriptor '/root/ros2_ws/src/install/ros_tcp_endpoint/share/ros_tcp_endpoint/hook/ament_prefix_path.dsv'
[0.299s] INFO:colcon.colcon_core.shell:Creating environment hook '/root/ros2_ws/src/install/ros_tcp_endpoint/share/ros_tcp_endpoint/hook/ament_prefix_path.sh'
[0.299s] INFO:colcon.colcon_core.shell:Skip shell extension 'powershell' for command environment: Not usable outside of PowerShell
[0.299s] DEBUG:colcon.colcon_core.shell:Skip shell extension 'dsv' for command environment
[0.301s] INFO:colcon.colcon_ros.task.ament_cmake.build:Building ROS package in '/root/ros2_ws/src/slam/rviz_2d_overlay_plugins/rviz_2d_overlay_msgs' with build type 'ament_cmake'
[0.301s] INFO:colcon.colcon_cmake.task.cmake.build:Building CMake package in '/root/ros2_ws/src/slam/rviz_2d_overlay_plugins/rviz_2d_overlay_msgs'
[0.301s] INFO:colcon.colcon_core.shell:Skip shell extension 'powershell' for command environment: Not usable outside of PowerShell
[0.301s] DEBUG:colcon.colcon_core.shell:Skip shell extension 'dsv' for command environment
[0.303s] INFO:colcon.colcon_ros.task.ament_cmake.build:Building ROS package in '/root/ros2_ws/src/slam/SuperOdom/super_odometry_msgs' with build type 'ament_cmake'
[0.303s] INFO:colcon.colcon_cmake.task.cmake.build:Building CMake package in '/root/ros2_ws/src/slam/SuperOdom/super_odometry_msgs'
[0.303s] INFO:colcon.colcon_core.shell:Skip shell extension 'powershell' for command environment: Not usable outside of PowerShell
[0.303s] DEBUG:colcon.colcon_core.shell:Skip shell extension 'dsv' for command environment
[0.305s] INFO:colcon.colcon_ros.task.ament_cmake.build:Building ROS package in '/root/ros2_ws/src/utilities/unitree_pkgs/go2_h264_repub' with build type 'ament_cmake'
[0.305s] INFO:colcon.colcon_cmake.task.cmake.build:Building CMake package in '/root/ros2_ws/src/utilities/unitree_pkgs/go2_h264_repub'
[0.305s] INFO:colcon.colcon_core.shell:Skip shell extension 'powershell' for command environment: Not usable outside of PowerShell
[0.305s] DEBUG:colcon.colcon_core.shell:Skip shell extension 'dsv' for command environment
[0.306s] INFO:colcon.colcon_ros.task.ament_cmake.build:Building ROS package in '/root/ros2_ws/src/utilities/goalpoint_rviz_plugin' with build type 'ament_cmake'
[0.306s] INFO:colcon.colcon_cmake.task.cmake.build:Building CMake package in '/root/ros2_ws/src/utilities/goalpoint_rviz_plugin'
[0.306s] INFO:colcon.colcon_core.shell:Skip shell extension 'powershell' for command environment: Not usable outside of PowerShell
[0.306s] DEBUG:colcon.colcon_core.shell:Skip shell extension 'dsv' for command environment
[0.308s] INFO:colcon.colcon_ros.task.ament_cmake.build:Building ROS package in '/root/ros2_ws/src/base_autonomy/sensor_scan_generation' with build type 'ament_cmake'
[0.308s] INFO:colcon.colcon_cmake.task.cmake.build:Building CMake package in '/root/ros2_ws/src/base_autonomy/sensor_scan_generation'
[0.308s] INFO:colcon.colcon_core.shell:Skip shell extension 'powershell' for command environment: Not usable outside of PowerShell
[0.308s] DEBUG:colcon.colcon_core.shell:Skip shell extension 'dsv' for command environment
[0.309s] INFO:colcon.colcon_ros.task.ament_cmake.build:Building ROS package in '/root/ros2_ws/src/utilities/teleop_rviz_plugin' with build type 'ament_cmake'
[0.309s] INFO:colcon.colcon_cmake.task.cmake.build:Building CMake package in '/root/ros2_ws/src/utilities/teleop_rviz_plugin'
[0.310s] INFO:colcon.colcon_core.shell:Skip shell extension 'powershell' for command environment: Not usable outside of PowerShell
[0.310s] DEBUG:colcon.colcon_core.shell:Skip shell extension 'dsv' for command environment
[0.311s] INFO:colcon.colcon_ros.task.ament_cmake.build:Building ROS package in '/root/ros2_ws/src/utilities/teleop_rviz_plugin_plus' with build type 'ament_cmake'
[0.311s] INFO:colcon.colcon_cmake.task.cmake.build:Building CMake package in '/root/ros2_ws/src/utilities/teleop_rviz_plugin_plus'
[0.311s] INFO:colcon.colcon_core.shell:Skip shell extension 'powershell' for command environment: Not usable outside of PowerShell
[0.311s] DEBUG:colcon.colcon_core.shell:Skip shell extension 'dsv' for command environment
[0.313s] INFO:colcon.colcon_ros.task.ament_cmake.build:Building ROS package in '/root/ros2_ws/src/base_autonomy/terrain_analysis' with build type 'ament_cmake'
[0.313s] INFO:colcon.colcon_cmake.task.cmake.build:Building CMake package in '/root/ros2_ws/src/base_autonomy/terrain_analysis'
[0.313s] INFO:colcon.colcon_core.shell:Skip shell extension 'powershell' for command environment: Not usable outside of PowerShell
[0.313s] DEBUG:colcon.colcon_core.shell:Skip shell extension 'dsv' for command environment
[0.315s] INFO:colcon.colcon_ros.task.ament_cmake.build:Building ROS package in '/root/ros2_ws/src/base_autonomy/terrain_analysis_ext' with build type 'ament_cmake'
[0.315s] INFO:colcon.colcon_cmake.task.cmake.build:Building CMake package in '/root/ros2_ws/src/base_autonomy/terrain_analysis_ext'
[0.315s] INFO:colcon.colcon_core.shell:Skip shell extension 'powershell' for command environment: Not usable outside of PowerShell
[0.315s] DEBUG:colcon.colcon_core.shell:Skip shell extension 'dsv' for command environment
[0.317s] INFO:colcon.colcon_ros.task.ament_python.build:Building ROS package in '/root/ros2_ws/src/utilities/transform_sensors' with build type 'ament_python'
[0.317s] Level 1:colcon.colcon_core.shell:create_environment_hook('transform_sensors', 'ament_prefix_path')
[0.317s] INFO:colcon.colcon_core.shell:Creating environment hook '/root/ros2_ws/src/install/transform_sensors/share/transform_sensors/hook/ament_prefix_path.ps1'
[0.318s] INFO:colcon.colcon_core.shell:Creating environment descriptor '/root/ros2_ws/src/install/transform_sensors/share/transform_sensors/hook/ament_prefix_path.dsv'
[0.318s] INFO:colcon.colcon_core.shell:Creating environment hook '/root/ros2_ws/src/install/transform_sensors/share/transform_sensors/hook/ament_prefix_path.sh'
[0.318s] INFO:colcon.colcon_core.shell:Skip shell extension 'powershell' for command environment: Not usable outside of PowerShell
[0.318s] DEBUG:colcon.colcon_core.shell:Skip shell extension 'dsv' for command environment
[0.320s] INFO:colcon.colcon_ros.task.ament_cmake.build:Building ROS package in '/root/ros2_ws/src/base_autonomy/visualization_tools' with build type 'ament_cmake'
[0.320s] INFO:colcon.colcon_cmake.task.cmake.build:Building CMake package in '/root/ros2_ws/src/base_autonomy/visualization_tools'
[0.320s] INFO:colcon.colcon_core.shell:Skip shell extension 'powershell' for command environment: Not usable outside of PowerShell
[0.320s] DEBUG:colcon.colcon_core.shell:Skip shell extension 'dsv' for command environment
[0.322s] INFO:colcon.colcon_ros.task.ament_cmake.build:Building ROS package in '/root/ros2_ws/src/base_autonomy/waypoint_example' with build type 'ament_cmake'
[0.322s] INFO:colcon.colcon_cmake.task.cmake.build:Building CMake package in '/root/ros2_ws/src/base_autonomy/waypoint_example'
[0.322s] INFO:colcon.colcon_core.shell:Skip shell extension 'powershell' for command environment: Not usable outside of PowerShell
[0.322s] DEBUG:colcon.colcon_core.shell:Skip shell extension 'dsv' for command environment
[0.323s] INFO:colcon.colcon_ros.task.ament_cmake.build:Building ROS package in '/root/ros2_ws/src/utilities/waypoint_rviz_plugin' with build type 'ament_cmake'
[0.324s] INFO:colcon.colcon_cmake.task.cmake.build:Building CMake package in '/root/ros2_ws/src/utilities/waypoint_rviz_plugin'
[0.324s] INFO:colcon.colcon_core.shell:Skip shell extension 'powershell' for command environment: Not usable outside of PowerShell
[0.324s] DEBUG:colcon.colcon_core.shell:Skip shell extension 'dsv' for command environment
[0.328s] DEBUG:colcon.colcon_core.event_handler.log_command:Invoking command in '/root/ros2_ws/src/build/unitree_api': CMAKE_PREFIX_PATH=/opt/ros/humble /usr/bin/cmake --build /root/ros2_ws/src/build/unitree_api -- -j24 -l24
[0.330s] DEBUG:colcon.colcon_core.event_handler.log_command:Invoking command in '/root/ros2_ws/src/build/unitree_go': CMAKE_PREFIX_PATH=/opt/ros/humble /usr/bin/cmake --build /root/ros2_ws/src/build/unitree_go -- -j24 -l24
[0.331s] DEBUG:colcon.colcon_core.event_handler.log_command:Invoking command in '/root/ros2_ws/src/build/visibility_graph_msg': CMAKE_PREFIX_PATH=/opt/ros/humble /usr/bin/cmake --build /root/ros2_ws/src/build/visibility_graph_msg -- -j24 -l24
[0.333s] DEBUG:colcon.colcon_core.event_handler.log_command:Invoking command in '/root/ros2_ws/src/build/livox_ros_driver2': CMAKE_PREFIX_PATH=/opt/ros/humble /usr/bin/cmake --build /root/ros2_ws/src/build/livox_ros_driver2 -- -j24 -l24
[0.570s] INFO:colcon.colcon_core.task.python.build:Building Python package in '/root/ros2_ws/src/utilities/ROS-TCP-Endpoint'
[0.570s] INFO:colcon.colcon_core.shell:Skip shell extension 'powershell' for command environment: Not usable outside of PowerShell
[0.570s] DEBUG:colcon.colcon_core.shell:Skip shell extension 'dsv' for command environment
[0.577s] DEBUG:colcon.colcon_core.event_handler.log_command:Invoking command in '/root/ros2_ws/src/build/rviz_2d_overlay_msgs': CMAKE_PREFIX_PATH=/opt/ros/humble /usr/bin/cmake --build /root/ros2_ws/src/build/rviz_2d_overlay_msgs -- -j24 -l24
[0.580s] DEBUG:colcon.colcon_core.event_handler.log_command:Invoking command in '/root/ros2_ws/src/build/super_odometry_msgs': CMAKE_PREFIX_PATH=/opt/ros/humble /usr/bin/cmake --build /root/ros2_ws/src/build/super_odometry_msgs -- -j24 -l24
[0.583s] DEBUG:colcon.colcon_core.event_handler.log_command:Invoking command in '/root/ros2_ws/src/build/go2_h264_repub': CMAKE_PREFIX_PATH=/opt/ros/humble /usr/bin/cmake --build /root/ros2_ws/src/build/go2_h264_repub -- -j24 -l24
[0.585s] DEBUG:colcon.colcon_core.event_handler.log_command:Invoking command in '/root/ros2_ws/src/build/goalpoint_rviz_plugin': CMAKE_PREFIX_PATH=/opt/ros/humble /usr/bin/cmake --build /root/ros2_ws/src/build/goalpoint_rviz_plugin -- -j24 -l24
[0.591s] DEBUG:colcon.colcon_core.event_handler.log_command:Invoking command in '/root/ros2_ws/src/build/sensor_scan_generation': CMAKE_PREFIX_PATH=/opt/ros/humble /usr/bin/cmake --build /root/ros2_ws/src/build/sensor_scan_generation -- -j24 -l24
[0.594s] DEBUG:colcon.colcon_core.event_handler.log_command:Invoking command in '/root/ros2_ws/src/build/teleop_rviz_plugin': CMAKE_PREFIX_PATH=/opt/ros/humble /usr/bin/cmake --build /root/ros2_ws/src/build/teleop_rviz_plugin -- -j24 -l24
[0.597s] DEBUG:colcon.colcon_core.event_handler.log_command:Invoking command in '/root/ros2_ws/src/build/teleop_rviz_plugin_plus': CMAKE_PREFIX_PATH=/opt/ros/humble /usr/bin/cmake --build /root/ros2_ws/src/build/teleop_rviz_plugin_plus -- -j24 -l24
[0.600s] DEBUG:colcon.colcon_core.event_handler.log_command:Invoking command in '/root/ros2_ws/src/build/terrain_analysis': CMAKE_PREFIX_PATH=/opt/ros/humble /usr/bin/cmake --build /root/ros2_ws/src/build/terrain_analysis -- -j24 -l24
[0.602s] DEBUG:colcon.colcon_core.event_handler.log_command:Invoking command in '/root/ros2_ws/src/build/terrain_analysis_ext': CMAKE_PREFIX_PATH=/opt/ros/humble /usr/bin/cmake --build /root/ros2_ws/src/build/terrain_analysis_ext -- -j24 -l24
[0.876s] INFO:colcon.colcon_core.task.python.build:Building Python package in '/root/ros2_ws/src/utilities/transform_sensors'
[0.877s] INFO:colcon.colcon_core.shell:Skip shell extension 'powershell' for command environment: Not usable outside of PowerShell
[0.877s] DEBUG:colcon.colcon_core.shell:Skip shell extension 'dsv' for command environment
[0.883s] DEBUG:colcon.colcon_core.event_handler.log_command:Invoking command in '/root/ros2_ws/src/build/visualization_tools': CMAKE_PREFIX_PATH=/opt/ros/humble /usr/bin/cmake --build /root/ros2_ws/src/build/visualization_tools -- -j24 -l24
[0.888s] DEBUG:colcon.colcon_core.event_handler.log_command:Invoking command in '/root/ros2_ws/src/build/waypoint_example': CMAKE_PREFIX_PATH=/opt/ros/humble /usr/bin/cmake --build /root/ros2_ws/src/build/waypoint_example -- -j24 -l24
[0.918s] DEBUG:colcon.colcon_core.event_handler.log_command:Invoked command in '/root/ros2_ws/src/build/go2_h264_repub' returned '0': CMAKE_PREFIX_PATH=/opt/ros/humble /usr/bin/cmake --build /root/ros2_ws/src/build/go2_h264_repub -- -j24 -l24
[0.929s] DEBUG:colcon.colcon_core.event_handler.log_command:Invoking command in '/root/ros2_ws/src/build/go2_h264_repub': CMAKE_PREFIX_PATH=/opt/ros/humble /usr/bin/cmake --install /root/ros2_ws/src/build/go2_h264_repub
[0.930s] DEBUG:colcon.colcon_core.event_handler.log_command:Invoked command in '/root/ros2_ws/src/build/sensor_scan_generation' returned '0': CMAKE_PREFIX_PATH=/opt/ros/humble /usr/bin/cmake --build /root/ros2_ws/src/build/sensor_scan_generation -- -j24 -l24
[0.934s] DEBUG:colcon.colcon_core.event_handler.log_command:Invoking command in '/root/ros2_ws/src/build/sensor_scan_generation': CMAKE_PREFIX_PATH=/opt/ros/humble /usr/bin/cmake --install /root/ros2_ws/src/build/sensor_scan_generation
[0.939s] DEBUG:colcon.colcon_core.event_handler.log_command:Invoking command in '/root/ros2_ws/src/build/waypoint_rviz_plugin': CMAKE_PREFIX_PATH=/opt/ros/humble /usr/bin/cmake --build /root/ros2_ws/src/build/waypoint_rviz_plugin -- -j24 -l24
[0.939s] DEBUG:colcon.colcon_core.event_handler.log_command:Invoked command in '/root/ros2_ws/src/build/teleop_rviz_plugin_plus' returned '0': CMAKE_PREFIX_PATH=/opt/ros/humble /usr/bin/cmake --build /root/ros2_ws/src/build/teleop_rviz_plugin_plus -- -j24 -l24
[0.942s] DEBUG:colcon.colcon_core.event_handler.log_command:Invoking command in '/root/ros2_ws/src/build/teleop_rviz_plugin_plus': CMAKE_PREFIX_PATH=/opt/ros/humble /usr/bin/cmake --install /root/ros2_ws/src/build/teleop_rviz_plugin_plus
[0.942s] DEBUG:colcon.colcon_core.event_handler.log_command:Invoked command in '/root/ros2_ws/src/build/teleop_rviz_plugin' returned '0': CMAKE_PREFIX_PATH=/opt/ros/humble /usr/bin/cmake --build /root/ros2_ws/src/build/teleop_rviz_plugin -- -j24 -l24
[0.946s] DEBUG:colcon.colcon_core.event_handler.log_command:Invoking command in '/root/ros2_ws/src/build/teleop_rviz_plugin': CMAKE_PREFIX_PATH=/opt/ros/humble /usr/bin/cmake --install /root/ros2_ws/src/build/teleop_rviz_plugin
[0.946s] DEBUG:colcon.colcon_core.event_handler.log_command:Invoked command in '/root/ros2_ws/src/build/terrain_analysis_ext' returned '0': CMAKE_PREFIX_PATH=/opt/ros/humble /usr/bin/cmake --build /root/ros2_ws/src/build/terrain_analysis_ext -- -j24 -l24
[0.956s] DEBUG:colcon.colcon_core.event_handler.log_command:Invoking command in '/root/ros2_ws/src/build/terrain_analysis_ext': CMAKE_PREFIX_PATH=/opt/ros/humble /usr/bin/cmake --install /root/ros2_ws/src/build/terrain_analysis_ext
[0.957s] DEBUG:colcon.colcon_core.event_handler.log_command:Invoked command in '/root/ros2_ws/src/build/terrain_analysis' returned '0': CMAKE_PREFIX_PATH=/opt/ros/humble /usr/bin/cmake --build /root/ros2_ws/src/build/terrain_analysis -- -j24 -l24
[0.977s] DEBUG:colcon.colcon_core.event_handler.log_command:Invoking command in '/root/ros2_ws/src/build/terrain_analysis': CMAKE_PREFIX_PATH=/opt/ros/humble /usr/bin/cmake --install /root/ros2_ws/src/build/terrain_analysis
[1.005s] Level 1:colcon.colcon_core.environment:create_environment_scripts_only(go2_h264_repub)
[1.013s] DEBUG:colcon.colcon_core.event_handler.log_command:Invoked command in '/root/ros2_ws/src/build/go2_h264_repub' returned '0': CMAKE_PREFIX_PATH=/opt/ros/humble /usr/bin/cmake --install /root/ros2_ws/src/build/go2_h264_repub
[1.021s] Level 1:colcon.colcon_core.environment:checking '/root/ros2_ws/src/install/go2_h264_repub' for CMake module files
[1.021s] Level 1:colcon.colcon_core.environment:checking '/root/ros2_ws/src/install/go2_h264_repub' for CMake config files
[1.022s] Level 1:colcon.colcon_core.shell:create_environment_hook('go2_h264_repub', 'cmake_prefix_path')
[1.022s] INFO:colcon.colcon_core.shell:Creating environment hook '/root/ros2_ws/src/install/go2_h264_repub/share/go2_h264_repub/hook/cmake_prefix_path.ps1'
[1.022s] INFO:colcon.colcon_core.shell:Creating environment descriptor '/root/ros2_ws/src/install/go2_h264_repub/share/go2_h264_repub/hook/cmake_prefix_path.dsv'
[1.023s] INFO:colcon.colcon_core.shell:Creating environment hook '/root/ros2_ws/src/install/go2_h264_repub/share/go2_h264_repub/hook/cmake_prefix_path.sh'
[1.023s] Level 1:colcon.colcon_core.environment:checking '/root/ros2_ws/src/install/go2_h264_repub/lib'
[1.023s] Level 1:colcon.colcon_core.environment:checking '/root/ros2_ws/src/install/go2_h264_repub/bin'
[1.023s] Level 1:colcon.colcon_core.environment:checking '/root/ros2_ws/src/install/go2_h264_repub/lib/pkgconfig/go2_h264_repub.pc'
[1.023s] Level 1:colcon.colcon_core.environment:checking '/root/ros2_ws/src/install/go2_h264_repub/lib/python3.10/site-packages'
[1.024s] Level 1:colcon.colcon_core.environment:checking '/root/ros2_ws/src/install/go2_h264_repub/bin'
[1.024s] INFO:colcon.colcon_core.shell:Creating package script '/root/ros2_ws/src/install/go2_h264_repub/share/go2_h264_repub/package.ps1'
[1.025s] INFO:colcon.colcon_core.shell:Creating package descriptor '/root/ros2_ws/src/install/go2_h264_repub/share/go2_h264_repub/package.dsv'
[1.027s] INFO:colcon.colcon_core.shell:Creating package script '/root/ros2_ws/src/install/go2_h264_repub/share/go2_h264_repub/package.sh'
[1.027s] INFO:colcon.colcon_core.shell:Creating package script '/root/ros2_ws/src/install/go2_h264_repub/share/go2_h264_repub/package.bash'
[1.029s] INFO:colcon.colcon_core.shell:Creating package script '/root/ros2_ws/src/install/go2_h264_repub/share/go2_h264_repub/package.zsh'
[1.033s] Level 1:colcon.colcon_core.environment:create_file_with_runtime_dependencies(/root/ros2_ws/src/install/go2_h264_repub/share/colcon-core/packages/go2_h264_repub)
[1.034s] Level 1:colcon.colcon_core.environment:create_environment_scripts_only(go2_h264_repub)
[1.034s] Level 1:colcon.colcon_core.environment:checking '/root/ros2_ws/src/install/go2_h264_repub' for CMake module files
[1.034s] Level 1:colcon.colcon_core.environment:checking '/root/ros2_ws/src/install/go2_h264_repub' for CMake config files
[1.034s] Level 1:colcon.colcon_core.shell:create_environment_hook('go2_h264_repub', 'cmake_prefix_path')
[1.035s] INFO:colcon.colcon_core.shell:Creating environment hook '/root/ros2_ws/src/install/go2_h264_repub/share/go2_h264_repub/hook/cmake_prefix_path.ps1'
[1.035s] INFO:colcon.colcon_core.shell:Creating environment descriptor '/root/ros2_ws/src/install/go2_h264_repub/share/go2_h264_repub/hook/cmake_prefix_path.dsv'
[1.035s] INFO:colcon.colcon_core.shell:Creating environment hook '/root/ros2_ws/src/install/go2_h264_repub/share/go2_h264_repub/hook/cmake_prefix_path.sh'
[1.035s] Level 1:colcon.colcon_core.environment:checking '/root/ros2_ws/src/install/go2_h264_repub/lib'
[1.036s] Level 1:colcon.colcon_core.environment:checking '/root/ros2_ws/src/install/go2_h264_repub/bin'
[1.036s] Level 1:colcon.colcon_core.environment:checking '/root/ros2_ws/src/install/go2_h264_repub/lib/pkgconfig/go2_h264_repub.pc'
[1.036s] Level 1:colcon.colcon_core.environment:checking '/root/ros2_ws/src/install/go2_h264_repub/lib/python3.10/site-packages'
[1.036s] Level 1:colcon.colcon_core.environment:checking '/root/ros2_ws/src/install/go2_h264_repub/bin'
[1.036s] INFO:colcon.colcon_core.shell:Creating package script '/root/ros2_ws/src/install/go2_h264_repub/share/go2_h264_repub/package.ps1'
[1.037s] INFO:colcon.colcon_core.shell:Creating package descriptor '/root/ros2_ws/src/install/go2_h264_repub/share/go2_h264_repub/package.dsv'
[1.037s] INFO:colcon.colcon_core.shell:Creating package script '/root/ros2_ws/src/install/go2_h264_repub/share/go2_h264_repub/package.sh'
[1.037s] INFO:colcon.colcon_core.shell:Creating package script '/root/ros2_ws/src/install/go2_h264_repub/share/go2_h264_repub/package.bash'
[1.037s] INFO:colcon.colcon_core.shell:Creating package script '/root/ros2_ws/src/install/go2_h264_repub/share/go2_h264_repub/package.zsh'
[1.038s] Level 1:colcon.colcon_core.environment:create_file_with_runtime_dependencies(/root/ros2_ws/src/install/go2_h264_repub/share/colcon-core/packages/go2_h264_repub)
[1.039s] Level 1:colcon.colcon_core.environment:create_environment_scripts_only(sensor_scan_generation)
[1.039s] Level 1:colcon.colcon_core.environment:checking '/root/ros2_ws/src/install/sensor_scan_generation' for CMake module files
[1.040s] DEBUG:colcon.colcon_core.event_handler.log_command:Invoked command in '/root/ros2_ws/src/build/sensor_scan_generation' returned '0': CMAKE_PREFIX_PATH=/opt/ros/humble /usr/bin/cmake --install /root/ros2_ws/src/build/sensor_scan_generation
[1.041s] Level 1:colcon.colcon_core.environment:checking '/root/ros2_ws/src/install/sensor_scan_generation' for CMake config files
[1.042s] Level 1:colcon.colcon_core.shell:create_environment_hook('sensor_scan_generation', 'cmake_prefix_path')
[1.042s] INFO:colcon.colcon_core.shell:Creating environment hook '/root/ros2_ws/src/install/sensor_scan_generation/share/sensor_scan_generation/hook/cmake_prefix_path.ps1'
[1.042s] INFO:colcon.colcon_core.shell:Creating environment descriptor '/root/ros2_ws/src/install/sensor_scan_generation/share/sensor_scan_generation/hook/cmake_prefix_path.dsv'
[1.042s] INFO:colcon.colcon_core.shell:Creating environment hook '/root/ros2_ws/src/install/sensor_scan_generation/share/sensor_scan_generation/hook/cmake_prefix_path.sh'
[1.043s] Level 1:colcon.colcon_core.environment:checking '/root/ros2_ws/src/install/sensor_scan_generation/lib'
[1.043s] Level 1:colcon.colcon_core.environment:checking '/root/ros2_ws/src/install/sensor_scan_generation/bin'
[1.043s] Level 1:colcon.colcon_core.environment:checking '/root/ros2_ws/src/install/sensor_scan_generation/lib/pkgconfig/sensor_scan_generation.pc'
[1.043s] Level 1:colcon.colcon_core.environment:checking '/root/ros2_ws/src/install/sensor_scan_generation/lib/python3.10/site-packages'
[1.043s] Level 1:colcon.colcon_core.environment:checking '/root/ros2_ws/src/install/sensor_scan_generation/bin'
[1.044s] INFO:colcon.colcon_core.shell:Creating package script '/root/ros2_ws/src/install/sensor_scan_generation/share/sensor_scan_generation/package.ps1'
[1.044s] INFO:colcon.colcon_core.shell:Creating package descriptor '/root/ros2_ws/src/install/sensor_scan_generation/share/sensor_scan_generation/package.dsv'
[1.044s] INFO:colcon.colcon_core.shell:Creating package script '/root/ros2_ws/src/install/sensor_scan_generation/share/sensor_scan_generation/package.sh'
[1.044s] INFO:colcon.colcon_core.shell:Creating package script '/root/ros2_ws/src/install/sensor_scan_generation/share/sensor_scan_generation/package.bash'
[1.045s] INFO:colcon.colcon_core.shell:Creating package script '/root/ros2_ws/src/install/sensor_scan_generation/share/sensor_scan_generation/package.zsh'
[1.045s] Level 1:colcon.colcon_core.environment:create_file_with_runtime_dependencies(/root/ros2_ws/src/install/sensor_scan_generation/share/colcon-core/packages/sensor_scan_generation)
[1.045s] Level 1:colcon.colcon_core.environment:create_environment_scripts_only(sensor_scan_generation)
[1.047s] Level 1:colcon.colcon_core.environment:checking '/root/ros2_ws/src/install/sensor_scan_generation' for CMake module files
[1.048s] Level 1:colcon.colcon_core.environment:checking '/root/ros2_ws/src/install/sensor_scan_generation' for CMake config files
[1.049s] Level 1:colcon.colcon_core.shell:create_environment_hook('sensor_scan_generation', 'cmake_prefix_path')
[1.049s] INFO:colcon.colcon_core.shell:Creating environment hook '/root/ros2_ws/src/install/sensor_scan_generation/share/sensor_scan_generation/hook/cmake_prefix_path.ps1'
[1.049s] INFO:colcon.colcon_core.shell:Creating environment descriptor '/root/ros2_ws/src/install/sensor_scan_generation/share/sensor_scan_generation/hook/cmake_prefix_path.dsv'
[1.049s] INFO:colcon.colcon_core.shell:Creating environment hook '/root/ros2_ws/src/install/sensor_scan_generation/share/sensor_scan_generation/hook/cmake_prefix_path.sh'
[1.050s] Level 1:colcon.colcon_core.environment:checking '/root/ros2_ws/src/install/sensor_scan_generation/lib'
[1.050s] Level 1:colcon.colcon_core.environment:checking '/root/ros2_ws/src/install/sensor_scan_generation/bin'
[1.050s] Level 1:colcon.colcon_core.environment:checking '/root/ros2_ws/src/install/sensor_scan_generation/lib/pkgconfig/sensor_scan_generation.pc'
[1.050s] Level 1:colcon.colcon_core.environment:checking '/root/ros2_ws/src/install/sensor_scan_generation/lib/python3.10/site-packages'
[1.050s] Level 1:colcon.colcon_core.environment:checking '/root/ros2_ws/src/install/sensor_scan_generation/bin'
[1.050s] INFO:colcon.colcon_core.shell:Creating package script '/root/ros2_ws/src/install/sensor_scan_generation/share/sensor_scan_generation/package.ps1'
[1.051s] INFO:colcon.colcon_core.shell:Creating package descriptor '/root/ros2_ws/src/install/sensor_scan_generation/share/sensor_scan_generation/package.dsv'
[1.051s] INFO:colcon.colcon_core.shell:Creating package script '/root/ros2_ws/src/install/sensor_scan_generation/share/sensor_scan_generation/package.sh'
[1.051s] INFO:colcon.colcon_core.shell:Creating package script '/root/ros2_ws/src/install/sensor_scan_generation/share/sensor_scan_generation/package.bash'
[1.052s] INFO:colcon.colcon_core.shell:Creating package script '/root/ros2_ws/src/install/sensor_scan_generation/share/sensor_scan_generation/package.zsh'
[1.052s] Level 1:colcon.colcon_core.environment:create_file_with_runtime_dependencies(/root/ros2_ws/src/install/sensor_scan_generation/share/colcon-core/packages/sensor_scan_generation)
[1.052s] Level 1:colcon.colcon_core.environment:create_environment_scripts_only(teleop_rviz_plugin_plus)
[1.054s] Level 1:colcon.colcon_core.environment:checking '/root/ros2_ws/src/install/teleop_rviz_plugin_plus' for CMake module files
[1.054s] DEBUG:colcon.colcon_core.event_handler.log_command:Invoked command in '/root/ros2_ws/src/build/teleop_rviz_plugin_plus' returned '0': CMAKE_PREFIX_PATH=/opt/ros/humble /usr/bin/cmake --install /root/ros2_ws/src/build/teleop_rviz_plugin_plus
[1.055s] Level 1:colcon.colcon_core.environment:checking '/root/ros2_ws/src/install/teleop_rviz_plugin_plus' for CMake config files
[1.055s] Level 1:colcon.colcon_core.shell:create_environment_hook('teleop_rviz_plugin_plus', 'cmake_prefix_path')
[1.056s] INFO:colcon.colcon_core.shell:Creating environment hook '/root/ros2_ws/src/install/teleop_rviz_plugin_plus/share/teleop_rviz_plugin_plus/hook/cmake_prefix_path.ps1'
[1.057s] INFO:colcon.colcon_core.shell:Creating environment descriptor '/root/ros2_ws/src/install/teleop_rviz_plugin_plus/share/teleop_rviz_plugin_plus/hook/cmake_prefix_path.dsv'
[1.058s] INFO:colcon.colcon_core.shell:Creating environment hook '/root/ros2_ws/src/install/teleop_rviz_plugin_plus/share/teleop_rviz_plugin_plus/hook/cmake_prefix_path.sh'
[1.058s] Level 1:colcon.colcon_core.environment:checking '/root/ros2_ws/src/install/teleop_rviz_plugin_plus/lib'
[1.058s] Level 1:colcon.colcon_core.environment:checking '/root/ros2_ws/src/install/teleop_rviz_plugin_plus/bin'
[1.058s] Level 1:colcon.colcon_core.environment:checking '/root/ros2_ws/src/install/teleop_rviz_plugin_plus/lib/pkgconfig/teleop_rviz_plugin_plus.pc'
[1.058s] Level 1:colcon.colcon_core.environment:checking '/root/ros2_ws/src/install/teleop_rviz_plugin_plus/lib/python3.10/site-packages'
[1.059s] Level 1:colcon.colcon_core.environment:checking '/root/ros2_ws/src/install/teleop_rviz_plugin_plus/bin'
[1.059s] INFO:colcon.colcon_core.shell:Creating package script '/root/ros2_ws/src/install/teleop_rviz_plugin_plus/share/teleop_rviz_plugin_plus/package.ps1'
[1.059s] INFO:colcon.colcon_core.shell:Creating package descriptor '/root/ros2_ws/src/install/teleop_rviz_plugin_plus/share/teleop_rviz_plugin_plus/package.dsv'
[1.059s] INFO:colcon.colcon_core.shell:Creating package script '/root/ros2_ws/src/install/teleop_rviz_plugin_plus/share/teleop_rviz_plugin_plus/package.sh'
[1.060s] INFO:colcon.colcon_core.shell:Creating package script '/root/ros2_ws/src/install/teleop_rviz_plugin_plus/share/teleop_rviz_plugin_plus/package.bash'
[1.060s] INFO:colcon.colcon_core.shell:Creating package script '/root/ros2_ws/src/install/teleop_rviz_plugin_plus/share/teleop_rviz_plugin_plus/package.zsh'
[1.060s] Level 1:colcon.colcon_core.environment:create_file_with_runtime_dependencies(/root/ros2_ws/src/install/teleop_rviz_plugin_plus/share/colcon-core/packages/teleop_rviz_plugin_plus)
[1.060s] Level 1:colcon.colcon_core.environment:create_environment_scripts_only(teleop_rviz_plugin_plus)
[1.061s] Level 1:colcon.colcon_core.environment:checking '/root/ros2_ws/src/install/teleop_rviz_plugin_plus' for CMake module files
[1.061s] Level 1:colcon.colcon_core.environment:checking '/root/ros2_ws/src/install/teleop_rviz_plugin_plus' for CMake config files
[1.062s] Level 1:colcon.colcon_core.shell:create_environment_hook('teleop_rviz_plugin_plus', 'cmake_prefix_path')
[1.062s] INFO:colcon.colcon_core.shell:Creating environment hook '/root/ros2_ws/src/install/teleop_rviz_plugin_plus/share/teleop_rviz_plugin_plus/hook/cmake_prefix_path.ps1'
[1.064s] INFO:colcon.colcon_core.shell:Creating environment descriptor '/root/ros2_ws/src/install/teleop_rviz_plugin_plus/share/teleop_rviz_plugin_plus/hook/cmake_prefix_path.dsv'
[1.066s] INFO:colcon.colcon_core.shell:Creating environment hook '/root/ros2_ws/src/install/teleop_rviz_plugin_plus/share/teleop_rviz_plugin_plus/hook/cmake_prefix_path.sh'
[1.066s] Level 1:colcon.colcon_core.environment:checking '/root/ros2_ws/src/install/teleop_rviz_plugin_plus/lib'
[1.066s] Level 1:colcon.colcon_core.environment:checking '/root/ros2_ws/src/install/teleop_rviz_plugin_plus/bin'
[1.066s] Level 1:colcon.colcon_core.environment:checking '/root/ros2_ws/src/install/teleop_rviz_plugin_plus/lib/pkgconfig/teleop_rviz_plugin_plus.pc'
[1.066s] Level 1:colcon.colcon_core.environment:checking '/root/ros2_ws/src/install/teleop_rviz_plugin_plus/lib/python3.10/site-packages'
[1.067s] Level 1:colcon.colcon_core.environment:checking '/root/ros2_ws/src/install/teleop_rviz_plugin_plus/bin'
[1.067s] INFO:colcon.colcon_core.shell:Creating package script '/root/ros2_ws/src/install/teleop_rviz_plugin_plus/share/teleop_rviz_plugin_plus/package.ps1'
[1.067s] INFO:colcon.colcon_core.shell:Creating package descriptor '/root/ros2_ws/src/install/teleop_rviz_plugin_plus/share/teleop_rviz_plugin_plus/package.dsv'
[1.068s] INFO:colcon.colcon_core.shell:Creating package script '/root/ros2_ws/src/install/teleop_rviz_plugin_plus/share/teleop_rviz_plugin_plus/package.sh'
[1.069s] INFO:colcon.colcon_core.shell:Creating package script '/root/ros2_ws/src/install/teleop_rviz_plugin_plus/share/teleop_rviz_plugin_plus/package.bash'
[1.071s] INFO:colcon.colcon_core.shell:Creating package script '/root/ros2_ws/src/install/teleop_rviz_plugin_plus/share/teleop_rviz_plugin_plus/package.zsh'
[1.071s] Level 1:colcon.colcon_core.environment:create_file_with_runtime_dependencies(/root/ros2_ws/src/install/teleop_rviz_plugin_plus/share/colcon-core/packages/teleop_rviz_plugin_plus)
[1.072s] Level 1:colcon.colcon_core.environment:create_environment_scripts_only(teleop_rviz_plugin)
[1.075s] DEBUG:colcon.colcon_core.event_handler.log_command:Invoked command in '/root/ros2_ws/src/build/teleop_rviz_plugin' returned '0': CMAKE_PREFIX_PATH=/opt/ros/humble /usr/bin/cmake --install /root/ros2_ws/src/build/teleop_rviz_plugin
[1.076s] Level 1:colcon.colcon_core.environment:checking '/root/ros2_ws/src/install/teleop_rviz_plugin' for CMake module files
[1.077s] Level 1:colcon.colcon_core.environment:checking '/root/ros2_ws/src/install/teleop_rviz_plugin' for CMake config files
[1.077s] Level 1:colcon.colcon_core.shell:create_environment_hook('teleop_rviz_plugin', 'cmake_prefix_path')
[1.077s] INFO:colcon.colcon_core.shell:Creating environment hook '/root/ros2_ws/src/install/teleop_rviz_plugin/share/teleop_rviz_plugin/hook/cmake_prefix_path.ps1'
[1.077s] INFO:colcon.colcon_core.shell:Creating environment descriptor '/root/ros2_ws/src/install/teleop_rviz_plugin/share/teleop_rviz_plugin/hook/cmake_prefix_path.dsv'
[1.078s] INFO:colcon.colcon_core.shell:Creating environment hook '/root/ros2_ws/src/install/teleop_rviz_plugin/share/teleop_rviz_plugin/hook/cmake_prefix_path.sh'
[1.078s] Level 1:colcon.colcon_core.environment:checking '/root/ros2_ws/src/install/teleop_rviz_plugin/lib'
[1.078s] Level 1:colcon.colcon_core.environment:checking '/root/ros2_ws/src/install/teleop_rviz_plugin/bin'
[1.078s] Level 1:colcon.colcon_core.environment:checking '/root/ros2_ws/src/install/teleop_rviz_plugin/lib/pkgconfig/teleop_rviz_plugin.pc'
[1.078s] Level 1:colcon.colcon_core.environment:checking '/root/ros2_ws/src/install/teleop_rviz_plugin/lib/python3.10/site-packages'
[1.079s] Level 1:colcon.colcon_core.environment:checking '/root/ros2_ws/src/install/teleop_rviz_plugin/bin'
[1.079s] INFO:colcon.colcon_core.shell:Creating package script '/root/ros2_ws/src/install/teleop_rviz_plugin/share/teleop_rviz_plugin/package.ps1'
[1.081s] INFO:colcon.colcon_core.shell:Creating package descriptor '/root/ros2_ws/src/install/teleop_rviz_plugin/share/teleop_rviz_plugin/package.dsv'
[1.083s] INFO:colcon.colcon_core.shell:Creating package script '/root/ros2_ws/src/install/teleop_rviz_plugin/share/teleop_rviz_plugin/package.sh'
[1.083s] INFO:colcon.colcon_core.shell:Creating package script '/root/ros2_ws/src/install/teleop_rviz_plugin/share/teleop_rviz_plugin/package.bash'
[1.084s] INFO:colcon.colcon_core.shell:Creating package script '/root/ros2_ws/src/install/teleop_rviz_plugin/share/teleop_rviz_plugin/package.zsh'
[1.084s] Level 1:colcon.colcon_core.environment:create_file_with_runtime_dependencies(/root/ros2_ws/src/install/teleop_rviz_plugin/share/colcon-core/packages/teleop_rviz_plugin)
[1.085s] Level 1:colcon.colcon_core.environment:create_environment_scripts_only(teleop_rviz_plugin)
[1.086s] Level 1:colcon.colcon_core.environment:checking '/root/ros2_ws/src/install/teleop_rviz_plugin' for CMake module files
[1.086s] Level 1:colcon.colcon_core.environment:checking '/root/ros2_ws/src/install/teleop_rviz_plugin' for CMake config files
[1.086s] Level 1:colcon.colcon_core.shell:create_environment_hook('teleop_rviz_plugin', 'cmake_prefix_path')
[1.086s] INFO:colcon.colcon_core.shell:Creating environment hook '/root/ros2_ws/src/install/teleop_rviz_plugin/share/teleop_rviz_plugin/hook/cmake_prefix_path.ps1'
[1.087s] INFO:colcon.colcon_core.shell:Creating environment descriptor '/root/ros2_ws/src/install/teleop_rviz_plugin/share/teleop_rviz_plugin/hook/cmake_prefix_path.dsv'
[1.087s] INFO:colcon.colcon_core.shell:Creating environment hook '/root/ros2_ws/src/install/teleop_rviz_plugin/share/teleop_rviz_plugin/hook/cmake_prefix_path.sh'
[1.088s] Level 1:colcon.colcon_core.environment:checking '/root/ros2_ws/src/install/teleop_rviz_plugin/lib'
[1.088s] Level 1:colcon.colcon_core.environment:checking '/root/ros2_ws/src/install/teleop_rviz_plugin/bin'
[1.088s] Level 1:colcon.colcon_core.environment:checking '/root/ros2_ws/src/install/teleop_rviz_plugin/lib/pkgconfig/teleop_rviz_plugin.pc'
[1.088s] Level 1:colcon.colcon_core.environment:checking '/root/ros2_ws/src/install/teleop_rviz_plugin/lib/python3.10/site-packages'
[1.088s] Level 1:colcon.colcon_core.environment:checking '/root/ros2_ws/src/install/teleop_rviz_plugin/bin'
[1.089s] INFO:colcon.colcon_core.shell:Creating package script '/root/ros2_ws/src/install/teleop_rviz_plugin/share/teleop_rviz_plugin/package.ps1'
[1.089s] INFO:colcon.colcon_core.shell:Creating package descriptor '/root/ros2_ws/src/install/teleop_rviz_plugin/share/teleop_rviz_plugin/package.dsv'
[1.090s] INFO:colcon.colcon_core.shell:Creating package script '/root/ros2_ws/src/install/teleop_rviz_plugin/share/teleop_rviz_plugin/package.sh'
[1.090s] INFO:colcon.colcon_core.shell:Creating package script '/root/ros2_ws/src/install/teleop_rviz_plugin/share/teleop_rviz_plugin/package.bash'
[1.091s] INFO:colcon.colcon_core.shell:Creating package script '/root/ros2_ws/src/install/teleop_rviz_plugin/share/teleop_rviz_plugin/package.zsh'
[1.091s] Level 1:colcon.colcon_core.environment:create_file_with_runtime_dependencies(/root/ros2_ws/src/install/teleop_rviz_plugin/share/colcon-core/packages/teleop_rviz_plugin)
[1.091s] Level 1:colcon.colcon_core.environment:create_environment_scripts_only(terrain_analysis)
[1.092s] Level 1:colcon.colcon_core.environment:checking '/root/ros2_ws/src/install/terrain_analysis' for CMake module files
[1.092s] DEBUG:colcon.colcon_core.event_handler.log_command:Invoked command in '/root/ros2_ws/src/build/terrain_analysis' returned '0': CMAKE_PREFIX_PATH=/opt/ros/humble /usr/bin/cmake --install /root/ros2_ws/src/build/terrain_analysis
[1.093s] Level 1:colcon.colcon_core.environment:checking '/root/ros2_ws/src/install/terrain_analysis' for CMake config files
[1.093s] Level 1:colcon.colcon_core.shell:create_environment_hook('terrain_analysis', 'cmake_prefix_path')
[1.093s] INFO:colcon.colcon_core.shell:Creating environment hook '/root/ros2_ws/src/install/terrain_analysis/share/terrain_analysis/hook/cmake_prefix_path.ps1'
[1.093s] INFO:colcon.colcon_core.shell:Creating environment descriptor '/root/ros2_ws/src/install/terrain_analysis/share/terrain_analysis/hook/cmake_prefix_path.dsv'
[1.094s] INFO:colcon.colcon_core.shell:Creating environment hook '/root/ros2_ws/src/install/terrain_analysis/share/terrain_analysis/hook/cmake_prefix_path.sh'
[1.094s] Level 1:colcon.colcon_core.environment:checking '/root/ros2_ws/src/install/terrain_analysis/lib'
[1.095s] Level 1:colcon.colcon_core.environment:checking '/root/ros2_ws/src/install/terrain_analysis/bin'
[1.095s] Level 1:colcon.colcon_core.environment:checking '/root/ros2_ws/src/install/terrain_analysis/lib/pkgconfig/terrain_analysis.pc'
[1.095s] Level 1:colcon.colcon_core.environment:checking '/root/ros2_ws/src/install/terrain_analysis/lib/python3.10/site-packages'
[1.095s] Level 1:colcon.colcon_core.environment:checking '/root/ros2_ws/src/install/terrain_analysis/bin'
[1.096s] INFO:colcon.colcon_core.shell:Creating package script '/root/ros2_ws/src/install/terrain_analysis/share/terrain_analysis/package.ps1'
[1.096s] INFO:colcon.colcon_core.shell:Creating package descriptor '/root/ros2_ws/src/install/terrain_analysis/share/terrain_analysis/package.dsv'
[1.097s] INFO:colcon.colcon_core.shell:Creating package script '/root/ros2_ws/src/install/terrain_analysis/share/terrain_analysis/package.sh'
[1.097s] INFO:colcon.colcon_core.shell:Creating package script '/root/ros2_ws/src/install/terrain_analysis/share/terrain_analysis/package.bash'
[1.098s] INFO:colcon.colcon_core.shell:Creating package script '/root/ros2_ws/src/install/terrain_analysis/share/terrain_analysis/package.zsh'
[1.098s] Level 1:colcon.colcon_core.environment:create_file_with_runtime_dependencies(/root/ros2_ws/src/install/terrain_analysis/share/colcon-core/packages/terrain_analysis)
[1.098s] Level 1:colcon.colcon_core.environment:create_environment_scripts_only(terrain_analysis)
[1.099s] Level 1:colcon.colcon_core.environment:checking '/root/ros2_ws/src/install/terrain_analysis' for CMake module files
[1.099s] Level 1:colcon.colcon_core.environment:checking '/root/ros2_ws/src/install/terrain_analysis' for CMake config files
[1.100s] Level 1:colcon.colcon_core.shell:create_environment_hook('terrain_analysis', 'cmake_prefix_path')
[1.101s] INFO:colcon.colcon_core.shell:Creating environment hook '/root/ros2_ws/src/install/terrain_analysis/share/terrain_analysis/hook/cmake_prefix_path.ps1'
[1.102s] INFO:colcon.colcon_core.shell:Creating environment descriptor '/root/ros2_ws/src/install/terrain_analysis/share/terrain_analysis/hook/cmake_prefix_path.dsv'
[1.102s] INFO:colcon.colcon_core.shell:Creating environment hook '/root/ros2_ws/src/install/terrain_analysis/share/terrain_analysis/hook/cmake_prefix_path.sh'
[1.103s] Level 1:colcon.colcon_core.environment:checking '/root/ros2_ws/src/install/terrain_analysis/lib'
[1.103s] Level 1:colcon.colcon_core.environment:checking '/root/ros2_ws/src/install/terrain_analysis/bin'
[1.103s] Level 1:colcon.colcon_core.environment:checking '/root/ros2_ws/src/install/terrain_analysis/lib/pkgconfig/terrain_analysis.pc'
[1.103s] Level 1:colcon.colcon_core.environment:checking '/root/ros2_ws/src/install/terrain_analysis/lib/python3.10/site-packages'
[1.103s] Level 1:colcon.colcon_core.environment:checking '/root/ros2_ws/src/install/terrain_analysis/bin'
[1.104s] INFO:colcon.colcon_core.shell:Creating package script '/root/ros2_ws/src/install/terrain_analysis/share/terrain_analysis/package.ps1'
[1.104s] INFO:colcon.colcon_core.shell:Creating package descriptor '/root/ros2_ws/src/install/terrain_analysis/share/terrain_analysis/package.dsv'
[1.105s] INFO:colcon.colcon_core.shell:Creating package script '/root/ros2_ws/src/install/terrain_analysis/share/terrain_analysis/package.sh'
[1.105s] INFO:colcon.colcon_core.shell:Creating package script '/root/ros2_ws/src/install/terrain_analysis/share/terrain_analysis/package.bash'
[1.105s] INFO:colcon.colcon_core.shell:Creating package script '/root/ros2_ws/src/install/terrain_analysis/share/terrain_analysis/package.zsh'
[1.106s] Level 1:colcon.colcon_core.environment:create_file_with_runtime_dependencies(/root/ros2_ws/src/install/terrain_analysis/share/colcon-core/packages/terrain_analysis)
[1.107s] DEBUG:colcon.colcon_core.event_handler.log_command:Invoked command in '/root/ros2_ws/src/build/waypoint_example' returned '0': CMAKE_PREFIX_PATH=/opt/ros/humble /usr/bin/cmake --build /root/ros2_ws/src/build/waypoint_example -- -j24 -l24
[1.110s] DEBUG:colcon.colcon_core.event_handler.log_command:Invoking command in '/root/ros2_ws/src/build/waypoint_example': CMAKE_PREFIX_PATH=/opt/ros/humble /usr/bin/cmake --install /root/ros2_ws/src/build/waypoint_example
[1.110s] Level 1:colcon.colcon_core.environment:create_environment_scripts_only(terrain_analysis_ext)
[1.111s] Level 1:colcon.colcon_core.environment:checking '/root/ros2_ws/src/install/terrain_analysis_ext' for CMake module files
[1.112s] Level 1:colcon.colcon_core.environment:checking '/root/ros2_ws/src/install/terrain_analysis_ext' for CMake config files
[1.113s] Level 1:colcon.colcon_core.shell:create_environment_hook('terrain_analysis_ext', 'cmake_prefix_path')
[1.113s] INFO:colcon.colcon_core.shell:Creating environment hook '/root/ros2_ws/src/install/terrain_analysis_ext/share/terrain_analysis_ext/hook/cmake_prefix_path.ps1'
[1.111s] DEBUG:colcon.colcon_core.event_handler.log_command:Invoked command in '/root/ros2_ws/src/build/terrain_analysis_ext' returned '0': CMAKE_PREFIX_PATH=/opt/ros/humble /usr/bin/cmake --install /root/ros2_ws/src/build/terrain_analysis_ext
[1.114s] INFO:colcon.colcon_core.shell:Creating environment descriptor '/root/ros2_ws/src/install/terrain_analysis_ext/share/terrain_analysis_ext/hook/cmake_prefix_path.dsv'
[1.115s] INFO:colcon.colcon_core.shell:Creating environment hook '/root/ros2_ws/src/install/terrain_analysis_ext/share/terrain_analysis_ext/hook/cmake_prefix_path.sh'
[1.115s] Level 1:colcon.colcon_core.environment:checking '/root/ros2_ws/src/install/terrain_analysis_ext/lib'
[1.116s] Level 1:colcon.colcon_core.environment:checking '/root/ros2_ws/src/install/terrain_analysis_ext/bin'
[1.116s] Level 1:colcon.colcon_core.environment:checking '/root/ros2_ws/src/install/terrain_analysis_ext/lib/pkgconfig/terrain_analysis_ext.pc'
[1.116s] Level 1:colcon.colcon_core.environment:checking '/root/ros2_ws/src/install/terrain_analysis_ext/lib/python3.10/site-packages'
[1.116s] Level 1:colcon.colcon_core.environment:checking '/root/ros2_ws/src/install/terrain_analysis_ext/bin'
[1.117s] INFO:colcon.colcon_core.shell:Creating package script '/root/ros2_ws/src/install/terrain_analysis_ext/share/terrain_analysis_ext/package.ps1'
[1.117s] INFO:colcon.colcon_core.shell:Creating package descriptor '/root/ros2_ws/src/install/terrain_analysis_ext/share/terrain_analysis_ext/package.dsv'
[1.118s] INFO:colcon.colcon_core.shell:Creating package script '/root/ros2_ws/src/install/terrain_analysis_ext/share/terrain_analysis_ext/package.sh'
[1.119s] INFO:colcon.colcon_core.shell:Creating package script '/root/ros2_ws/src/install/terrain_analysis_ext/share/terrain_analysis_ext/package.bash'
[1.119s] INFO:colcon.colcon_core.shell:Creating package script '/root/ros2_ws/src/install/terrain_analysis_ext/share/terrain_analysis_ext/package.zsh'
[1.119s] Level 1:colcon.colcon_core.environment:create_file_with_runtime_dependencies(/root/ros2_ws/src/install/terrain_analysis_ext/share/colcon-core/packages/terrain_analysis_ext)
[1.120s] Level 1:colcon.colcon_core.environment:create_environment_scripts_only(terrain_analysis_ext)
[1.120s] Level 1:colcon.colcon_core.environment:checking '/root/ros2_ws/src/install/terrain_analysis_ext' for CMake module files
[1.120s] Level 1:colcon.colcon_core.environment:checking '/root/ros2_ws/src/install/terrain_analysis_ext' for CMake config files
[1.120s] Level 1:colcon.colcon_core.shell:create_environment_hook('terrain_analysis_ext', 'cmake_prefix_path')
[1.121s] INFO:colcon.colcon_core.shell:Creating environment hook '/root/ros2_ws/src/install/terrain_analysis_ext/share/terrain_analysis_ext/hook/cmake_prefix_path.ps1'
[1.121s] INFO:colcon.colcon_core.shell:Creating environment descriptor '/root/ros2_ws/src/install/terrain_analysis_ext/share/terrain_analysis_ext/hook/cmake_prefix_path.dsv'
[1.121s] INFO:colcon.colcon_core.shell:Creating environment hook '/root/ros2_ws/src/install/terrain_analysis_ext/share/terrain_analysis_ext/hook/cmake_prefix_path.sh'
[1.122s] Level 1:colcon.colcon_core.environment:checking '/root/ros2_ws/src/install/terrain_analysis_ext/lib'
[1.122s] Level 1:colcon.colcon_core.environment:checking '/root/ros2_ws/src/install/terrain_analysis_ext/bin'
[1.122s] Level 1:colcon.colcon_core.environment:checking '/root/ros2_ws/src/install/terrain_analysis_ext/lib/pkgconfig/terrain_analysis_ext.pc'
[1.122s] Level 1:colcon.colcon_core.environment:checking '/root/ros2_ws/src/install/terrain_analysis_ext/lib/python3.10/site-packages'
[1.123s] Level 1:colcon.colcon_core.environment:checking '/root/ros2_ws/src/install/terrain_analysis_ext/bin'
[1.123s] INFO:colcon.colcon_core.shell:Creating package script '/root/ros2_ws/src/install/terrain_analysis_ext/share/terrain_analysis_ext/package.ps1'
[1.123s] INFO:colcon.colcon_core.shell:Creating package descriptor '/root/ros2_ws/src/install/terrain_analysis_ext/share/terrain_analysis_ext/package.dsv'
[1.124s] INFO:colcon.colcon_core.shell:Creating package script '/root/ros2_ws/src/install/terrain_analysis_ext/share/terrain_analysis_ext/package.sh'
[1.124s] INFO:colcon.colcon_core.shell:Creating package script '/root/ros2_ws/src/install/terrain_analysis_ext/share/terrain_analysis_ext/package.bash'
[1.124s] INFO:colcon.colcon_core.shell:Creating package script '/root/ros2_ws/src/install/terrain_analysis_ext/share/terrain_analysis_ext/package.zsh'
[1.125s] Level 1:colcon.colcon_core.environment:create_file_with_runtime_dependencies(/root/ros2_ws/src/install/terrain_analysis_ext/share/colcon-core/packages/terrain_analysis_ext)
[1.128s] DEBUG:colcon.colcon_core.event_handler.log_command:Invoked command in '/root/ros2_ws/src/build/unitree_go' returned '0': CMAKE_PREFIX_PATH=/opt/ros/humble /usr/bin/cmake --build /root/ros2_ws/src/build/unitree_go -- -j24 -l24
[1.128s] DEBUG:colcon.colcon_core.event_handler.log_command:Invoking command in '/root/ros2_ws/src/build/unitree_go': CMAKE_PREFIX_PATH=/opt/ros/humble /usr/bin/cmake --install /root/ros2_ws/src/build/unitree_go
[1.129s] DEBUG:colcon.colcon_core.event_handler.log_command:Invoked command in '/root/ros2_ws/src/build/unitree_api' returned '0': CMAKE_PREFIX_PATH=/opt/ros/humble /usr/bin/cmake --build /root/ros2_ws/src/build/unitree_api -- -j24 -l24
[1.134s] DEBUG:colcon.colcon_core.event_handler.log_command:Invoking command in '/root/ros2_ws/src/build/unitree_api': CMAKE_PREFIX_PATH=/opt/ros/humble /usr/bin/cmake --install /root/ros2_ws/src/build/unitree_api
[1.134s] DEBUG:colcon.colcon_core.event_handler.log_command:Invoked command in '/root/ros2_ws/src/build/livox_ros_driver2' returned '0': CMAKE_PREFIX_PATH=/opt/ros/humble /usr/bin/cmake --build /root/ros2_ws/src/build/livox_ros_driver2 -- -j24 -l24
[1.136s] DEBUG:colcon.colcon_core.event_handler.log_command:Invoking command in '/root/ros2_ws/src/build/livox_ros_driver2': CMAKE_PREFIX_PATH=/opt/ros/humble /usr/bin/cmake --install /root/ros2_ws/src/build/livox_ros_driver2
[1.138s] DEBUG:colcon.colcon_core.event_handler.log_command:Invoked command in '/root/ros2_ws/src/build/visibility_graph_msg' returned '0': CMAKE_PREFIX_PATH=/opt/ros/humble /usr/bin/cmake --build /root/ros2_ws/src/build/visibility_graph_msg -- -j24 -l24
[1.147s] Level 1:colcon.colcon_core.environment:create_environment_scripts_only(waypoint_example)
[1.149s] Level 1:colcon.colcon_core.environment:checking '/root/ros2_ws/src/install/waypoint_example' for CMake module files
[1.155s] Level 1:colcon.colcon_core.environment:checking '/root/ros2_ws/src/install/waypoint_example' for CMake config files
[1.157s] Level 1:colcon.colcon_core.shell:create_environment_hook('waypoint_example', 'cmake_prefix_path')
[1.157s] INFO:colcon.colcon_core.shell:Creating environment hook '/root/ros2_ws/src/install/waypoint_example/share/waypoint_example/hook/cmake_prefix_path.ps1'
[1.157s] INFO:colcon.colcon_core.shell:Creating environment descriptor '/root/ros2_ws/src/install/waypoint_example/share/waypoint_example/hook/cmake_prefix_path.dsv'
[1.157s] DEBUG:colcon.colcon_core.event_handler.log_command:Invoking command in '/root/ros2_ws/src/build/visibility_graph_msg': CMAKE_PREFIX_PATH=/opt/ros/humble /usr/bin/cmake --install /root/ros2_ws/src/build/visibility_graph_msg
[1.159s] INFO:colcon.colcon_core.shell:Creating environment hook '/root/ros2_ws/src/install/waypoint_example/share/waypoint_example/hook/cmake_prefix_path.sh'
[1.161s] Level 1:colcon.colcon_core.environment:checking '/root/ros2_ws/src/install/waypoint_example/lib'
[1.162s] Level 1:colcon.colcon_core.environment:checking '/root/ros2_ws/src/install/waypoint_example/bin'
[1.164s] Level 1:colcon.colcon_core.environment:checking '/root/ros2_ws/src/install/waypoint_example/lib/pkgconfig/waypoint_example.pc'
[1.165s] Level 1:colcon.colcon_core.environment:checking '/root/ros2_ws/src/install/waypoint_example/lib/python3.10/site-packages'
[1.167s] Level 1:colcon.colcon_core.environment:checking '/root/ros2_ws/src/install/waypoint_example/bin'
[1.167s] INFO:colcon.colcon_core.shell:Creating package script '/root/ros2_ws/src/install/waypoint_example/share/waypoint_example/package.ps1'
[1.169s] DEBUG:colcon.colcon_core.event_handler.log_command:Invoked command in '/root/ros2_ws/src/build/waypoint_example' returned '0': CMAKE_PREFIX_PATH=/opt/ros/humble /usr/bin/cmake --install /root/ros2_ws/src/build/waypoint_example
[1.172s] INFO:colcon.colcon_core.shell:Creating package descriptor '/root/ros2_ws/src/install/waypoint_example/share/waypoint_example/package.dsv'
[1.172s] INFO:colcon.colcon_core.shell:Creating package script '/root/ros2_ws/src/install/waypoint_example/share/waypoint_example/package.sh'
[1.173s] INFO:colcon.colcon_core.shell:Creating package script '/root/ros2_ws/src/install/waypoint_example/share/waypoint_example/package.bash'
[1.173s] INFO:colcon.colcon_core.shell:Creating package script '/root/ros2_ws/src/install/waypoint_example/share/waypoint_example/package.zsh'
[1.173s] Level 1:colcon.colcon_core.environment:create_file_with_runtime_dependencies(/root/ros2_ws/src/install/waypoint_example/share/colcon-core/packages/waypoint_example)
[1.174s] Level 1:colcon.colcon_core.environment:create_environment_scripts_only(waypoint_example)
[1.174s] Level 1:colcon.colcon_core.environment:checking '/root/ros2_ws/src/install/waypoint_example' for CMake module files
[1.174s] Level 1:colcon.colcon_core.environment:checking '/root/ros2_ws/src/install/waypoint_example' for CMake config files
[1.175s] Level 1:colcon.colcon_core.shell:create_environment_hook('waypoint_example', 'cmake_prefix_path')
[1.175s] INFO:colcon.colcon_core.shell:Creating environment hook '/root/ros2_ws/src/install/waypoint_example/share/waypoint_example/hook/cmake_prefix_path.ps1'
[1.176s] INFO:colcon.colcon_core.shell:Creating environment descriptor '/root/ros2_ws/src/install/waypoint_example/share/waypoint_example/hook/cmake_prefix_path.dsv'
[1.178s] INFO:colcon.colcon_core.shell:Creating environment hook '/root/ros2_ws/src/install/waypoint_example/share/waypoint_example/hook/cmake_prefix_path.sh'
[1.179s] Level 1:colcon.colcon_core.environment:checking '/root/ros2_ws/src/install/waypoint_example/lib'
[1.179s] Level 1:colcon.colcon_core.environment:checking '/root/ros2_ws/src/install/waypoint_example/bin'
[1.179s] Level 1:colcon.colcon_core.environment:checking '/root/ros2_ws/src/install/waypoint_example/lib/pkgconfig/waypoint_example.pc'
[1.179s] Level 1:colcon.colcon_core.environment:checking '/root/ros2_ws/src/install/waypoint_example/lib/python3.10/site-packages'
[1.180s] Level 1:colcon.colcon_core.environment:checking '/root/ros2_ws/src/install/waypoint_example/bin'
[1.180s] INFO:colcon.colcon_core.shell:Creating package script '/root/ros2_ws/src/install/waypoint_example/share/waypoint_example/package.ps1'
[1.181s] INFO:colcon.colcon_core.shell:Creating package descriptor '/root/ros2_ws/src/install/waypoint_example/share/waypoint_example/package.dsv'
[1.181s] INFO:colcon.colcon_core.shell:Creating package script '/root/ros2_ws/src/install/waypoint_example/share/waypoint_example/package.sh'
[1.181s] INFO:colcon.colcon_core.shell:Creating package script '/root/ros2_ws/src/install/waypoint_example/share/waypoint_example/package.bash'
[1.182s] INFO:colcon.colcon_core.shell:Creating package script '/root/ros2_ws/src/install/waypoint_example/share/waypoint_example/package.zsh'
[1.185s] Level 1:colcon.colcon_core.environment:create_file_with_runtime_dependencies(/root/ros2_ws/src/install/waypoint_example/share/colcon-core/packages/waypoint_example)
[1.218s] Level 1:colcon.colcon_core.environment:create_environment_scripts_only(visibility_graph_msg)
[1.218s] Level 1:colcon.colcon_core.environment:checking '/root/ros2_ws/src/install/visibility_graph_msg' for CMake module files
[1.222s] Level 1:colcon.colcon_core.environment:checking '/root/ros2_ws/src/install/visibility_graph_msg' for CMake config files
[1.233s] Level 1:colcon.colcon_core.shell:create_environment_hook('visibility_graph_msg', 'cmake_prefix_path')
[1.233s] INFO:colcon.colcon_core.shell:Creating environment hook '/root/ros2_ws/src/install/visibility_graph_msg/share/visibility_graph_msg/hook/cmake_prefix_path.ps1'
[1.245s] INFO:colcon.colcon_core.shell:Creating environment descriptor '/root/ros2_ws/src/install/visibility_graph_msg/share/visibility_graph_msg/hook/cmake_prefix_path.dsv'
[1.247s] INFO:colcon.colcon_core.shell:Creating environment hook '/root/ros2_ws/src/install/visibility_graph_msg/share/visibility_graph_msg/hook/cmake_prefix_path.sh'
[1.248s] Level 1:colcon.colcon_core.environment:checking '/root/ros2_ws/src/install/visibility_graph_msg/lib'
[1.248s] Level 1:colcon.colcon_core.shell:create_environment_hook('visibility_graph_msg', 'ld_library_path_lib')
[1.248s] INFO:colcon.colcon_core.shell:Creating environment hook '/root/ros2_ws/src/install/visibility_graph_msg/share/visibility_graph_msg/hook/ld_library_path_lib.ps1'
[1.248s] INFO:colcon.colcon_core.shell:Creating environment descriptor '/root/ros2_ws/src/install/visibility_graph_msg/share/visibility_graph_msg/hook/ld_library_path_lib.dsv'
[1.249s] INFO:colcon.colcon_core.shell:Creating environment hook '/root/ros2_ws/src/install/visibility_graph_msg/share/visibility_graph_msg/hook/ld_library_path_lib.sh'
[1.249s] Level 1:colcon.colcon_core.environment:checking '/root/ros2_ws/src/install/visibility_graph_msg/bin'
[1.249s] Level 1:colcon.colcon_core.environment:checking '/root/ros2_ws/src/install/visibility_graph_msg/lib/pkgconfig/visibility_graph_msg.pc'
[1.249s] Level 1:colcon.colcon_core.environment:checking '/root/ros2_ws/src/install/visibility_graph_msg/lib/python3.10/site-packages'
[1.249s] Level 1:colcon.colcon_core.environment:checking '/root/ros2_ws/src/install/visibility_graph_msg/bin'
[1.250s] INFO:colcon.colcon_core.shell:Creating package script '/root/ros2_ws/src/install/visibility_graph_msg/share/visibility_graph_msg/package.ps1'
[1.250s] INFO:colcon.colcon_core.shell:Creating package descriptor '/root/ros2_ws/src/install/visibility_graph_msg/share/visibility_graph_msg/package.dsv'
[1.251s] INFO:colcon.colcon_core.shell:Creating package script '/root/ros2_ws/src/install/visibility_graph_msg/share/visibility_graph_msg/package.sh'
[1.256s] INFO:colcon.colcon_core.shell:Creating package script '/root/ros2_ws/src/install/visibility_graph_msg/share/visibility_graph_msg/package.bash'
[1.256s] DEBUG:colcon.colcon_core.event_handler.log_command:Invoked command in '/root/ros2_ws/src/build/rviz_2d_overlay_msgs' returned '0': CMAKE_PREFIX_PATH=/opt/ros/humble /usr/bin/cmake --build /root/ros2_ws/src/build/rviz_2d_overlay_msgs -- -j24 -l24
[1.256s] DEBUG:colcon.colcon_core.event_handler.log_command:Invoking command in '/root/ros2_ws/src/build/rviz_2d_overlay_msgs': CMAKE_PREFIX_PATH=/opt/ros/humble /usr/bin/cmake --install /root/ros2_ws/src/build/rviz_2d_overlay_msgs
[1.256s] INFO:colcon.colcon_core.shell:Creating package script '/root/ros2_ws/src/install/visibility_graph_msg/share/visibility_graph_msg/package.zsh'
[1.257s] DEBUG:colcon.colcon_core.event_handler.log_command:Invoked command in '/root/ros2_ws/src/build/super_odometry_msgs' returned '0': CMAKE_PREFIX_PATH=/opt/ros/humble /usr/bin/cmake --build /root/ros2_ws/src/build/super_odometry_msgs -- -j24 -l24
[1.257s] DEBUG:colcon.colcon_core.event_handler.log_command:Invoking command in '/root/ros2_ws/src/build/super_odometry_msgs': CMAKE_PREFIX_PATH=/opt/ros/humble /usr/bin/cmake --install /root/ros2_ws/src/build/super_odometry_msgs
[1.257s] Level 1:colcon.colcon_core.environment:create_file_with_runtime_dependencies(/root/ros2_ws/src/install/visibility_graph_msg/share/colcon-core/packages/visibility_graph_msg)
[1.261s] Level 1:colcon.colcon_core.environment:create_environment_scripts_only(visibility_graph_msg)
[1.263s] Level 1:colcon.colcon_core.environment:checking '/root/ros2_ws/src/install/visibility_graph_msg' for CMake module files
[1.266s] Level 1:colcon.colcon_core.environment:checking '/root/ros2_ws/src/install/visibility_graph_msg' for CMake config files
[1.266s] Level 1:colcon.colcon_core.shell:create_environment_hook('visibility_graph_msg', 'cmake_prefix_path')
[1.266s] INFO:colcon.colcon_core.shell:Creating environment hook '/root/ros2_ws/src/install/visibility_graph_msg/share/visibility_graph_msg/hook/cmake_prefix_path.ps1'
[1.267s] INFO:colcon.colcon_core.shell:Creating environment descriptor '/root/ros2_ws/src/install/visibility_graph_msg/share/visibility_graph_msg/hook/cmake_prefix_path.dsv'
[1.269s] INFO:colcon.colcon_core.shell:Creating environment hook '/root/ros2_ws/src/install/visibility_graph_msg/share/visibility_graph_msg/hook/cmake_prefix_path.sh'
[1.274s] Level 1:colcon.colcon_core.environment:checking '/root/ros2_ws/src/install/visibility_graph_msg/lib'
[1.274s] Level 1:colcon.colcon_core.shell:create_environment_hook('visibility_graph_msg', 'ld_library_path_lib')
[1.274s] INFO:colcon.colcon_core.shell:Creating environment hook '/root/ros2_ws/src/install/visibility_graph_msg/share/visibility_graph_msg/hook/ld_library_path_lib.ps1'
[1.274s] INFO:colcon.colcon_core.shell:Creating environment descriptor '/root/ros2_ws/src/install/visibility_graph_msg/share/visibility_graph_msg/hook/ld_library_path_lib.dsv'
[1.275s] INFO:colcon.colcon_core.shell:Creating environment hook '/root/ros2_ws/src/install/visibility_graph_msg/share/visibility_graph_msg/hook/ld_library_path_lib.sh'
[1.276s] Level 1:colcon.colcon_core.environment:checking '/root/ros2_ws/src/install/visibility_graph_msg/bin'
[1.276s] Level 1:colcon.colcon_core.environment:checking '/root/ros2_ws/src/install/visibility_graph_msg/lib/pkgconfig/visibility_graph_msg.pc'
[1.276s] Level 1:colcon.colcon_core.environment:checking '/root/ros2_ws/src/install/visibility_graph_msg/lib/python3.10/site-packages'
[1.276s] Level 1:colcon.colcon_core.environment:checking '/root/ros2_ws/src/install/visibility_graph_msg/bin'
[1.277s] INFO:colcon.colcon_core.shell:Creating package script '/root/ros2_ws/src/install/visibility_graph_msg/share/visibility_graph_msg/package.ps1'
[1.277s] INFO:colcon.colcon_core.shell:Creating package descriptor '/root/ros2_ws/src/install/visibility_graph_msg/share/visibility_graph_msg/package.dsv'
[1.280s] INFO:colcon.colcon_core.shell:Creating package script '/root/ros2_ws/src/install/visibility_graph_msg/share/visibility_graph_msg/package.sh'
[1.281s] INFO:colcon.colcon_core.shell:Creating package script '/root/ros2_ws/src/install/visibility_graph_msg/share/visibility_graph_msg/package.bash'
[1.281s] INFO:colcon.colcon_core.shell:Creating package script '/root/ros2_ws/src/install/visibility_graph_msg/share/visibility_graph_msg/package.zsh'
[1.281s] Level 1:colcon.colcon_core.environment:create_file_with_runtime_dependencies(/root/ros2_ws/src/install/visibility_graph_msg/share/colcon-core/packages/visibility_graph_msg)
[1.284s] INFO:colcon.colcon_ros.task.ament_cmake.build:Building ROS package in '/root/ros2_ws/src/route_planner/boundary_handler' with build type 'ament_cmake'
[1.285s] INFO:colcon.colcon_cmake.task.cmake.build:Building CMake package in '/root/ros2_ws/src/route_planner/boundary_handler'
[1.286s] INFO:colcon.colcon_core.shell:Skip shell extension 'powershell' for command environment: Not usable outside of PowerShell
[1.286s] DEBUG:colcon.colcon_core.shell:Skip shell extension 'dsv' for command environment
[1.297s] DEBUG:colcon.colcon_core.event_handler.log_command:Invoked command in '/root/ros2_ws/src/build/visibility_graph_msg' returned '0': CMAKE_PREFIX_PATH=/opt/ros/humble /usr/bin/cmake --install /root/ros2_ws/src/build/visibility_graph_msg
[1.297s] INFO:colcon.colcon_ros.task.ament_cmake.build:Building ROS package in '/root/ros2_ws/src/route_planner/far_planner' with build type 'ament_cmake'
[1.297s] INFO:colcon.colcon_cmake.task.cmake.build:Building CMake package in '/root/ros2_ws/src/route_planner/far_planner'
[1.297s] INFO:colcon.colcon_core.shell:Skip shell extension 'powershell' for command environment: Not usable outside of PowerShell
[1.297s] DEBUG:colcon.colcon_core.shell:Skip shell extension 'dsv' for command environment
[1.303s] INFO:colcon.colcon_ros.task.ament_cmake.build:Building ROS package in '/root/ros2_ws/src/route_planner/graph_decoder' with build type 'ament_cmake'
[1.303s] INFO:colcon.colcon_cmake.task.cmake.build:Building CMake package in '/root/ros2_ws/src/route_planner/graph_decoder'
[1.303s] INFO:colcon.colcon_core.shell:Skip shell extension 'powershell' for command environment: Not usable outside of PowerShell
[1.303s] DEBUG:colcon.colcon_core.shell:Skip shell extension 'dsv' for command environment
[1.310s] Level 1:colcon.colcon_core.environment:create_environment_scripts_only(livox_ros_driver2)
[1.310s] Level 1:colcon.colcon_core.environment:checking '/root/ros2_ws/src/install/livox_ros_driver2' for CMake module files
[1.310s] Level 1:colcon.colcon_core.environment:checking '/root/ros2_ws/src/install/livox_ros_driver2' for CMake config files
[1.311s] DEBUG:colcon.colcon_core.event_handler.log_command:Invoked command in '/root/ros2_ws/src/build/livox_ros_driver2' returned '0': CMAKE_PREFIX_PATH=/opt/ros/humble /usr/bin/cmake --install /root/ros2_ws/src/build/livox_ros_driver2
[1.312s] Level 1:colcon.colcon_core.shell:create_environment_hook('livox_ros_driver2', 'cmake_prefix_path')
[1.312s] INFO:colcon.colcon_core.shell:Creating environment hook '/root/ros2_ws/src/install/livox_ros_driver2/share/livox_ros_driver2/hook/cmake_prefix_path.ps1'
[1.312s] INFO:colcon.colcon_core.shell:Creating environment descriptor '/root/ros2_ws/src/install/livox_ros_driver2/share/livox_ros_driver2/hook/cmake_prefix_path.dsv'
[1.312s] INFO:colcon.colcon_core.shell:Creating environment hook '/root/ros2_ws/src/install/livox_ros_driver2/share/livox_ros_driver2/hook/cmake_prefix_path.sh'
[1.313s] Level 1:colcon.colcon_core.environment:checking '/root/ros2_ws/src/install/livox_ros_driver2/lib'
[1.313s] Level 1:colcon.colcon_core.shell:create_environment_hook('livox_ros_driver2', 'ld_library_path_lib')
[1.313s] INFO:colcon.colcon_core.shell:Creating environment hook '/root/ros2_ws/src/install/livox_ros_driver2/share/livox_ros_driver2/hook/ld_library_path_lib.ps1'
[1.313s] INFO:colcon.colcon_core.shell:Creating environment descriptor '/root/ros2_ws/src/install/livox_ros_driver2/share/livox_ros_driver2/hook/ld_library_path_lib.dsv'
[1.314s] INFO:colcon.colcon_core.shell:Creating environment hook '/root/ros2_ws/src/install/livox_ros_driver2/share/livox_ros_driver2/hook/ld_library_path_lib.sh'
[1.314s] Level 1:colcon.colcon_core.environment:checking '/root/ros2_ws/src/install/livox_ros_driver2/bin'
[1.314s] Level 1:colcon.colcon_core.environment:checking '/root/ros2_ws/src/install/livox_ros_driver2/lib/pkgconfig/livox_ros_driver2.pc'
[1.314s] Level 1:colcon.colcon_core.environment:checking '/root/ros2_ws/src/install/livox_ros_driver2/lib/python3.10/site-packages'
[1.315s] Level 1:colcon.colcon_core.environment:checking '/root/ros2_ws/src/install/livox_ros_driver2/bin'
[1.315s] INFO:colcon.colcon_core.shell:Creating package script '/root/ros2_ws/src/install/livox_ros_driver2/share/livox_ros_driver2/package.ps1'
[1.315s] INFO:colcon.colcon_core.shell:Creating package descriptor '/root/ros2_ws/src/install/livox_ros_driver2/share/livox_ros_driver2/package.dsv'
[1.315s] INFO:colcon.colcon_core.shell:Creating package script '/root/ros2_ws/src/install/livox_ros_driver2/share/livox_ros_driver2/package.sh'
[1.316s] INFO:colcon.colcon_core.shell:Creating package script '/root/ros2_ws/src/install/livox_ros_driver2/share/livox_ros_driver2/package.bash'
[1.316s] INFO:colcon.colcon_core.shell:Creating package script '/root/ros2_ws/src/install/livox_ros_driver2/share/livox_ros_driver2/package.zsh'
[1.316s] Level 1:colcon.colcon_core.environment:create_file_with_runtime_dependencies(/root/ros2_ws/src/install/livox_ros_driver2/share/colcon-core/packages/livox_ros_driver2)
[1.317s] Level 1:colcon.colcon_core.environment:create_environment_scripts_only(livox_ros_driver2)
[1.317s] Level 1:colcon.colcon_core.environment:checking '/root/ros2_ws/src/install/livox_ros_driver2' for CMake module files
[1.317s] Level 1:colcon.colcon_core.environment:checking '/root/ros2_ws/src/install/livox_ros_driver2' for CMake config files
[1.317s] Level 1:colcon.colcon_core.shell:create_environment_hook('livox_ros_driver2', 'cmake_prefix_path')
[1.318s] INFO:colcon.colcon_core.shell:Creating environment hook '/root/ros2_ws/src/install/livox_ros_driver2/share/livox_ros_driver2/hook/cmake_prefix_path.ps1'
[1.318s] INFO:colcon.colcon_core.shell:Creating environment descriptor '/root/ros2_ws/src/install/livox_ros_driver2/share/livox_ros_driver2/hook/cmake_prefix_path.dsv'
[1.318s] INFO:colcon.colcon_core.shell:Creating environment hook '/root/ros2_ws/src/install/livox_ros_driver2/share/livox_ros_driver2/hook/cmake_prefix_path.sh'
[1.318s] Level 1:colcon.colcon_core.environment:checking '/root/ros2_ws/src/install/livox_ros_driver2/lib'
[1.318s] Level 1:colcon.colcon_core.shell:create_environment_hook('livox_ros_driver2', 'ld_library_path_lib')
[1.319s] INFO:colcon.colcon_core.shell:Creating environment hook '/root/ros2_ws/src/install/livox_ros_driver2/share/livox_ros_driver2/hook/ld_library_path_lib.ps1'
[1.319s] INFO:colcon.colcon_core.shell:Creating environment descriptor '/root/ros2_ws/src/install/livox_ros_driver2/share/livox_ros_driver2/hook/ld_library_path_lib.dsv'
[1.319s] INFO:colcon.colcon_core.shell:Creating environment hook '/root/ros2_ws/src/install/livox_ros_driver2/share/livox_ros_driver2/hook/ld_library_path_lib.sh'
[1.319s] Level 1:colcon.colcon_core.environment:checking '/root/ros2_ws/src/install/livox_ros_driver2/bin'
[1.319s] Level 1:colcon.colcon_core.environment:checking '/root/ros2_ws/src/install/livox_ros_driver2/lib/pkgconfig/livox_ros_driver2.pc'
[1.320s] Level 1:colcon.colcon_core.environment:checking '/root/ros2_ws/src/install/livox_ros_driver2/lib/python3.10/site-packages'
[1.320s] Level 1:colcon.colcon_core.environment:checking '/root/ros2_ws/src/install/livox_ros_driver2/bin'
[1.320s] INFO:colcon.colcon_core.shell:Creating package script '/root/ros2_ws/src/install/livox_ros_driver2/share/livox_ros_driver2/package.ps1'
[1.320s] INFO:colcon.colcon_core.shell:Creating package descriptor '/root/ros2_ws/src/install/livox_ros_driver2/share/livox_ros_driver2/package.dsv'
[1.321s] INFO:colcon.colcon_core.shell:Creating package script '/root/ros2_ws/src/install/livox_ros_driver2/share/livox_ros_driver2/package.sh'
[1.321s] INFO:colcon.colcon_core.shell:Creating package script '/root/ros2_ws/src/install/livox_ros_driver2/share/livox_ros_driver2/package.bash'
[1.321s] INFO:colcon.colcon_core.shell:Creating package script '/root/ros2_ws/src/install/livox_ros_driver2/share/livox_ros_driver2/package.zsh'
[1.321s] Level 1:colcon.colcon_core.environment:create_file_with_runtime_dependencies(/root/ros2_ws/src/install/livox_ros_driver2/share/colcon-core/packages/livox_ros_driver2)
[1.322s] Level 1:colcon.colcon_core.environment:create_environment_scripts_only(unitree_go)
[1.322s] Level 1:colcon.colcon_core.environment:checking '/root/ros2_ws/src/install/unitree_go' for CMake module files
[1.324s] Level 1:colcon.colcon_core.environment:checking '/root/ros2_ws/src/install/unitree_go' for CMake config files
[1.324s] DEBUG:colcon.colcon_core.event_handler.log_command:Invoked command in '/root/ros2_ws/src/build/unitree_go' returned '0': CMAKE_PREFIX_PATH=/opt/ros/humble /usr/bin/cmake --install /root/ros2_ws/src/build/unitree_go
[1.325s] Level 1:colcon.colcon_core.shell:create_environment_hook('unitree_go', 'cmake_prefix_path')
[1.325s] INFO:colcon.colcon_core.shell:Creating environment hook '/root/ros2_ws/src/install/unitree_go/share/unitree_go/hook/cmake_prefix_path.ps1'
[1.325s] INFO:colcon.colcon_core.shell:Creating environment descriptor '/root/ros2_ws/src/install/unitree_go/share/unitree_go/hook/cmake_prefix_path.dsv'
[1.325s] INFO:colcon.colcon_core.shell:Creating environment hook '/root/ros2_ws/src/install/unitree_go/share/unitree_go/hook/cmake_prefix_path.sh'
[1.326s] Level 1:colcon.colcon_core.environment:checking '/root/ros2_ws/src/install/unitree_go/lib'
[1.326s] Level 1:colcon.colcon_core.shell:create_environment_hook('unitree_go', 'ld_library_path_lib')
[1.326s] INFO:colcon.colcon_core.shell:Creating environment hook '/root/ros2_ws/src/install/unitree_go/share/unitree_go/hook/ld_library_path_lib.ps1'
[1.326s] INFO:colcon.colcon_core.shell:Creating environment descriptor '/root/ros2_ws/src/install/unitree_go/share/unitree_go/hook/ld_library_path_lib.dsv'
[1.326s] INFO:colcon.colcon_core.shell:Creating environment hook '/root/ros2_ws/src/install/unitree_go/share/unitree_go/hook/ld_library_path_lib.sh'
[1.327s] Level 1:colcon.colcon_core.environment:checking '/root/ros2_ws/src/install/unitree_go/bin'
[1.327s] Level 1:colcon.colcon_core.environment:checking '/root/ros2_ws/src/install/unitree_go/lib/pkgconfig/unitree_go.pc'
[1.327s] Level 1:colcon.colcon_core.environment:checking '/root/ros2_ws/src/install/unitree_go/lib/python3.10/site-packages'
[1.327s] Level 1:colcon.colcon_core.environment:checking '/root/ros2_ws/src/install/unitree_go/bin'
[1.327s] INFO:colcon.colcon_core.shell:Creating package script '/root/ros2_ws/src/install/unitree_go/share/unitree_go/package.ps1'
[1.328s] INFO:colcon.colcon_core.shell:Creating package descriptor '/root/ros2_ws/src/install/unitree_go/share/unitree_go/package.dsv'
[1.328s] INFO:colcon.colcon_core.shell:Creating package script '/root/ros2_ws/src/install/unitree_go/share/unitree_go/package.sh'
[1.330s] INFO:colcon.colcon_core.shell:Creating package script '/root/ros2_ws/src/install/unitree_go/share/unitree_go/package.bash'
[1.330s] INFO:colcon.colcon_core.shell:Creating package script '/root/ros2_ws/src/install/unitree_go/share/unitree_go/package.zsh'
[1.330s] Level 1:colcon.colcon_core.environment:create_file_with_runtime_dependencies(/root/ros2_ws/src/install/unitree_go/share/colcon-core/packages/unitree_go)
[1.330s] Level 1:colcon.colcon_core.environment:create_environment_scripts_only(unitree_go)
[1.331s] Level 1:colcon.colcon_core.environment:checking '/root/ros2_ws/src/install/unitree_go' for CMake module files
[1.331s] Level 1:colcon.colcon_core.environment:checking '/root/ros2_ws/src/install/unitree_go' for CMake config files
[1.331s] Level 1:colcon.colcon_core.shell:create_environment_hook('unitree_go', 'cmake_prefix_path')
[1.331s] INFO:colcon.colcon_core.shell:Creating environment hook '/root/ros2_ws/src/install/unitree_go/share/unitree_go/hook/cmake_prefix_path.ps1'
[1.332s] INFO:colcon.colcon_core.shell:Creating environment descriptor '/root/ros2_ws/src/install/unitree_go/share/unitree_go/hook/cmake_prefix_path.dsv'
[1.332s] INFO:colcon.colcon_core.shell:Creating environment hook '/root/ros2_ws/src/install/unitree_go/share/unitree_go/hook/cmake_prefix_path.sh'
[1.332s] Level 1:colcon.colcon_core.environment:checking '/root/ros2_ws/src/install/unitree_go/lib'
[1.332s] Level 1:colcon.colcon_core.shell:create_environment_hook('unitree_go', 'ld_library_path_lib')
[1.332s] INFO:colcon.colcon_core.shell:Creating environment hook '/root/ros2_ws/src/install/unitree_go/share/unitree_go/hook/ld_library_path_lib.ps1'
[1.333s] INFO:colcon.colcon_core.shell:Creating environment descriptor '/root/ros2_ws/src/install/unitree_go/share/unitree_go/hook/ld_library_path_lib.dsv'
[1.333s] INFO:colcon.colcon_core.shell:Creating environment hook '/root/ros2_ws/src/install/unitree_go/share/unitree_go/hook/ld_library_path_lib.sh'
[1.334s] Level 1:colcon.colcon_core.environment:checking '/root/ros2_ws/src/install/unitree_go/bin'
[1.334s] Level 1:colcon.colcon_core.environment:checking '/root/ros2_ws/src/install/unitree_go/lib/pkgconfig/unitree_go.pc'
[1.334s] Level 1:colcon.colcon_core.environment:checking '/root/ros2_ws/src/install/unitree_go/lib/python3.10/site-packages'
[1.334s] Level 1:colcon.colcon_core.environment:checking '/root/ros2_ws/src/install/unitree_go/bin'
[1.334s] INFO:colcon.colcon_core.shell:Creating package script '/root/ros2_ws/src/install/unitree_go/share/unitree_go/package.ps1'
[1.335s] INFO:colcon.colcon_core.shell:Creating package descriptor '/root/ros2_ws/src/install/unitree_go/share/unitree_go/package.dsv'
[1.335s] INFO:colcon.colcon_core.shell:Creating package script '/root/ros2_ws/src/install/unitree_go/share/unitree_go/package.sh'
[1.335s] INFO:colcon.colcon_core.shell:Creating package script '/root/ros2_ws/src/install/unitree_go/share/unitree_go/package.bash'
[1.335s] INFO:colcon.colcon_core.shell:Creating package script '/root/ros2_ws/src/install/unitree_go/share/unitree_go/package.zsh'
[1.336s] Level 1:colcon.colcon_core.environment:create_file_with_runtime_dependencies(/root/ros2_ws/src/install/unitree_go/share/colcon-core/packages/unitree_go)
[1.336s] Level 1:colcon.colcon_core.environment:create_environment_scripts_only(unitree_api)
[1.336s] Level 1:colcon.colcon_core.environment:checking '/root/ros2_ws/src/install/unitree_api' for CMake module files
[1.337s] Level 1:colcon.colcon_core.environment:checking '/root/ros2_ws/src/install/unitree_api' for CMake config files
[1.337s] DEBUG:colcon.colcon_core.event_handler.log_command:Invoked command in '/root/ros2_ws/src/build/unitree_api' returned '0': CMAKE_PREFIX_PATH=/opt/ros/humble /usr/bin/cmake --install /root/ros2_ws/src/build/unitree_api
[1.338s] Level 1:colcon.colcon_core.shell:create_environment_hook('unitree_api', 'cmake_prefix_path')
[1.338s] INFO:colcon.colcon_core.shell:Creating environment hook '/root/ros2_ws/src/install/unitree_api/share/unitree_api/hook/cmake_prefix_path.ps1'
[1.338s] INFO:colcon.colcon_core.shell:Creating environment descriptor '/root/ros2_ws/src/install/unitree_api/share/unitree_api/hook/cmake_prefix_path.dsv'
[1.339s] INFO:colcon.colcon_core.shell:Creating environment hook '/root/ros2_ws/src/install/unitree_api/share/unitree_api/hook/cmake_prefix_path.sh'
[1.339s] Level 1:colcon.colcon_core.environment:checking '/root/ros2_ws/src/install/unitree_api/lib'
[1.339s] Level 1:colcon.colcon_core.shell:create_environment_hook('unitree_api', 'ld_library_path_lib')
[1.339s] INFO:colcon.colcon_core.shell:Creating environment hook '/root/ros2_ws/src/install/unitree_api/share/unitree_api/hook/ld_library_path_lib.ps1'
[1.339s] INFO:colcon.colcon_core.shell:Creating environment descriptor '/root/ros2_ws/src/install/unitree_api/share/unitree_api/hook/ld_library_path_lib.dsv'
[1.340s] INFO:colcon.colcon_core.shell:Creating environment hook '/root/ros2_ws/src/install/unitree_api/share/unitree_api/hook/ld_library_path_lib.sh'
[1.340s] Level 1:colcon.colcon_core.environment:checking '/root/ros2_ws/src/install/unitree_api/bin'
[1.340s] Level 1:colcon.colcon_core.environment:checking '/root/ros2_ws/src/install/unitree_api/lib/pkgconfig/unitree_api.pc'
[1.340s] Level 1:colcon.colcon_core.environment:checking '/root/ros2_ws/src/install/unitree_api/lib/python3.10/site-packages'
[1.340s] Level 1:colcon.colcon_core.environment:checking '/root/ros2_ws/src/install/unitree_api/bin'
[1.340s] INFO:colcon.colcon_core.shell:Creating package script '/root/ros2_ws/src/install/unitree_api/share/unitree_api/package.ps1'
[1.341s] INFO:colcon.colcon_core.shell:Creating package descriptor '/root/ros2_ws/src/install/unitree_api/share/unitree_api/package.dsv'
[1.341s] INFO:colcon.colcon_core.shell:Creating package script '/root/ros2_ws/src/install/unitree_api/share/unitree_api/package.sh'
[1.341s] INFO:colcon.colcon_core.shell:Creating package script '/root/ros2_ws/src/install/unitree_api/share/unitree_api/package.bash'
[1.341s] INFO:colcon.colcon_core.shell:Creating package script '/root/ros2_ws/src/install/unitree_api/share/unitree_api/package.zsh'
[1.342s] Level 1:colcon.colcon_core.environment:create_file_with_runtime_dependencies(/root/ros2_ws/src/install/unitree_api/share/colcon-core/packages/unitree_api)
[1.342s] Level 1:colcon.colcon_core.environment:create_environment_scripts_only(unitree_api)
[1.343s] Level 1:colcon.colcon_core.environment:checking '/root/ros2_ws/src/install/unitree_api' for CMake module files
[1.343s] Level 1:colcon.colcon_core.environment:checking '/root/ros2_ws/src/install/unitree_api' for CMake config files
[1.343s] Level 1:colcon.colcon_core.shell:create_environment_hook('unitree_api', 'cmake_prefix_path')
[1.343s] INFO:colcon.colcon_core.shell:Creating environment hook '/root/ros2_ws/src/install/unitree_api/share/unitree_api/hook/cmake_prefix_path.ps1'
[1.344s] INFO:colcon.colcon_core.shell:Creating environment descriptor '/root/ros2_ws/src/install/unitree_api/share/unitree_api/hook/cmake_prefix_path.dsv'
[1.344s] INFO:colcon.colcon_core.shell:Creating environment hook '/root/ros2_ws/src/install/unitree_api/share/unitree_api/hook/cmake_prefix_path.sh'
[1.345s] Level 1:colcon.colcon_core.environment:checking '/root/ros2_ws/src/install/unitree_api/lib'
[1.345s] Level 1:colcon.colcon_core.shell:create_environment_hook('unitree_api', 'ld_library_path_lib')
[1.345s] INFO:colcon.colcon_core.shell:Creating environment hook '/root/ros2_ws/src/install/unitree_api/share/unitree_api/hook/ld_library_path_lib.ps1'
[1.349s] INFO:colcon.colcon_core.shell:Creating environment descriptor '/root/ros2_ws/src/install/unitree_api/share/unitree_api/hook/ld_library_path_lib.dsv'
[1.350s] INFO:colcon.colcon_core.shell:Creating environment hook '/root/ros2_ws/src/install/unitree_api/share/unitree_api/hook/ld_library_path_lib.sh'
[1.351s] Level 1:colcon.colcon_core.environment:checking '/root/ros2_ws/src/install/unitree_api/bin'
[1.351s] Level 1:colcon.colcon_core.environment:checking '/root/ros2_ws/src/install/unitree_api/lib/pkgconfig/unitree_api.pc'
[1.351s] Level 1:colcon.colcon_core.environment:checking '/root/ros2_ws/src/install/unitree_api/lib/python3.10/site-packages'
[1.351s] Level 1:colcon.colcon_core.environment:checking '/root/ros2_ws/src/install/unitree_api/bin'
[1.351s] INFO:colcon.colcon_core.shell:Creating package script '/root/ros2_ws/src/install/unitree_api/share/unitree_api/package.ps1'
[1.352s] INFO:colcon.colcon_core.shell:Creating package descriptor '/root/ros2_ws/src/install/unitree_api/share/unitree_api/package.dsv'
[1.352s] INFO:colcon.colcon_core.shell:Creating package script '/root/ros2_ws/src/install/unitree_api/share/unitree_api/package.sh'
[1.352s] INFO:colcon.colcon_core.shell:Creating package script '/root/ros2_ws/src/install/unitree_api/share/unitree_api/package.bash'
[1.353s] INFO:colcon.colcon_core.shell:Creating package script '/root/ros2_ws/src/install/unitree_api/share/unitree_api/package.zsh'
[1.353s] Level 1:colcon.colcon_core.environment:create_file_with_runtime_dependencies(/root/ros2_ws/src/install/unitree_api/share/colcon-core/packages/unitree_api)
[1.353s] Level 1:colcon.colcon_core.environment:create_environment_scripts_only(super_odometry_msgs)
[1.354s] Level 1:colcon.colcon_core.environment:checking '/root/ros2_ws/src/install/super_odometry_msgs' for CMake module files
[1.354s] Level 1:colcon.colcon_core.environment:checking '/root/ros2_ws/src/install/super_odometry_msgs' for CMake config files
[1.355s] DEBUG:colcon.colcon_core.event_handler.log_command:Invoked command in '/root/ros2_ws/src/build/super_odometry_msgs' returned '0': CMAKE_PREFIX_PATH=/opt/ros/humble /usr/bin/cmake --install /root/ros2_ws/src/build/super_odometry_msgs
[1.356s] Level 1:colcon.colcon_core.shell:create_environment_hook('super_odometry_msgs', 'cmake_prefix_path')
[1.356s] INFO:colcon.colcon_core.shell:Creating environment hook '/root/ros2_ws/src/install/super_odometry_msgs/share/super_odometry_msgs/hook/cmake_prefix_path.ps1'
[1.356s] INFO:colcon.colcon_core.shell:Creating environment descriptor '/root/ros2_ws/src/install/super_odometry_msgs/share/super_odometry_msgs/hook/cmake_prefix_path.dsv'
[1.356s] INFO:colcon.colcon_core.shell:Creating environment hook '/root/ros2_ws/src/install/super_odometry_msgs/share/super_odometry_msgs/hook/cmake_prefix_path.sh'
[1.357s] Level 1:colcon.colcon_core.environment:checking '/root/ros2_ws/src/install/super_odometry_msgs/lib'
[1.357s] Level 1:colcon.colcon_core.shell:create_environment_hook('super_odometry_msgs', 'ld_library_path_lib')
[1.357s] INFO:colcon.colcon_core.shell:Creating environment hook '/root/ros2_ws/src/install/super_odometry_msgs/share/super_odometry_msgs/hook/ld_library_path_lib.ps1'
[1.357s] INFO:colcon.colcon_core.shell:Creating environment descriptor '/root/ros2_ws/src/install/super_odometry_msgs/share/super_odometry_msgs/hook/ld_library_path_lib.dsv'
[1.357s] INFO:colcon.colcon_core.shell:Creating environment hook '/root/ros2_ws/src/install/super_odometry_msgs/share/super_odometry_msgs/hook/ld_library_path_lib.sh'
[1.358s] Level 1:colcon.colcon_core.environment:checking '/root/ros2_ws/src/install/super_odometry_msgs/bin'
[1.358s] Level 1:colcon.colcon_core.environment:checking '/root/ros2_ws/src/install/super_odometry_msgs/lib/pkgconfig/super_odometry_msgs.pc'
[1.358s] Level 1:colcon.colcon_core.environment:checking '/root/ros2_ws/src/install/super_odometry_msgs/lib/python3.10/site-packages'
[1.358s] Level 1:colcon.colcon_core.environment:checking '/root/ros2_ws/src/install/super_odometry_msgs/bin'
[1.358s] INFO:colcon.colcon_core.shell:Creating package script '/root/ros2_ws/src/install/super_odometry_msgs/share/super_odometry_msgs/package.ps1'
[1.359s] INFO:colcon.colcon_core.shell:Creating package descriptor '/root/ros2_ws/src/install/super_odometry_msgs/share/super_odometry_msgs/package.dsv'
[1.360s] INFO:colcon.colcon_core.shell:Creating package script '/root/ros2_ws/src/install/super_odometry_msgs/share/super_odometry_msgs/package.sh'
[1.360s] INFO:colcon.colcon_core.shell:Creating package script '/root/ros2_ws/src/install/super_odometry_msgs/share/super_odometry_msgs/package.bash'
[1.360s] INFO:colcon.colcon_core.shell:Creating package script '/root/ros2_ws/src/install/super_odometry_msgs/share/super_odometry_msgs/package.zsh'
[1.361s] Level 1:colcon.colcon_core.environment:create_file_with_runtime_dependencies(/root/ros2_ws/src/install/super_odometry_msgs/share/colcon-core/packages/super_odometry_msgs)
[1.361s] Level 1:colcon.colcon_core.environment:create_environment_scripts_only(super_odometry_msgs)
[1.361s] Level 1:colcon.colcon_core.environment:checking '/root/ros2_ws/src/install/super_odometry_msgs' for CMake module files
[1.361s] Level 1:colcon.colcon_core.environment:checking '/root/ros2_ws/src/install/super_odometry_msgs' for CMake config files
[1.362s] Level 1:colcon.colcon_core.shell:create_environment_hook('super_odometry_msgs', 'cmake_prefix_path')
[1.362s] INFO:colcon.colcon_core.shell:Creating environment hook '/root/ros2_ws/src/install/super_odometry_msgs/share/super_odometry_msgs/hook/cmake_prefix_path.ps1'
[1.362s] INFO:colcon.colcon_core.shell:Creating environment descriptor '/root/ros2_ws/src/install/super_odometry_msgs/share/super_odometry_msgs/hook/cmake_prefix_path.dsv'
[1.362s] INFO:colcon.colcon_core.shell:Creating environment hook '/root/ros2_ws/src/install/super_odometry_msgs/share/super_odometry_msgs/hook/cmake_prefix_path.sh'
[1.363s] Level 1:colcon.colcon_core.environment:checking '/root/ros2_ws/src/install/super_odometry_msgs/lib'
[1.363s] Level 1:colcon.colcon_core.shell:create_environment_hook('super_odometry_msgs', 'ld_library_path_lib')
[1.363s] INFO:colcon.colcon_core.shell:Creating environment hook '/root/ros2_ws/src/install/super_odometry_msgs/share/super_odometry_msgs/hook/ld_library_path_lib.ps1'
[1.364s] INFO:colcon.colcon_core.shell:Creating environment descriptor '/root/ros2_ws/src/install/super_odometry_msgs/share/super_odometry_msgs/hook/ld_library_path_lib.dsv'
[1.364s] INFO:colcon.colcon_core.shell:Creating environment hook '/root/ros2_ws/src/install/super_odometry_msgs/share/super_odometry_msgs/hook/ld_library_path_lib.sh'
[1.364s] Level 1:colcon.colcon_core.environment:checking '/root/ros2_ws/src/install/super_odometry_msgs/bin'
[1.364s] Level 1:colcon.colcon_core.environment:checking '/root/ros2_ws/src/install/super_odometry_msgs/lib/pkgconfig/super_odometry_msgs.pc'
[1.364s] Level 1:colcon.colcon_core.environment:checking '/root/ros2_ws/src/install/super_odometry_msgs/lib/python3.10/site-packages'
[1.365s] Level 1:colcon.colcon_core.environment:checking '/root/ros2_ws/src/install/super_odometry_msgs/bin'
[1.365s] INFO:colcon.colcon_core.shell:Creating package script '/root/ros2_ws/src/install/super_odometry_msgs/share/super_odometry_msgs/package.ps1'
[1.365s] INFO:colcon.colcon_core.shell:Creating package descriptor '/root/ros2_ws/src/install/super_odometry_msgs/share/super_odometry_msgs/package.dsv'
[1.365s] INFO:colcon.colcon_core.shell:Creating package script '/root/ros2_ws/src/install/super_odometry_msgs/share/super_odometry_msgs/package.sh'
[1.366s] INFO:colcon.colcon_core.shell:Creating package script '/root/ros2_ws/src/install/super_odometry_msgs/share/super_odometry_msgs/package.bash'
[1.366s] INFO:colcon.colcon_core.shell:Creating package script '/root/ros2_ws/src/install/super_odometry_msgs/share/super_odometry_msgs/package.zsh'
[1.366s] Level 1:colcon.colcon_core.environment:create_file_with_runtime_dependencies(/root/ros2_ws/src/install/super_odometry_msgs/share/colcon-core/packages/super_odometry_msgs)
[1.366s] Level 1:colcon.colcon_core.environment:create_environment_scripts_only(rviz_2d_overlay_msgs)
[1.368s] Level 1:colcon.colcon_core.environment:checking '/root/ros2_ws/src/install/rviz_2d_overlay_msgs' for CMake module files
[1.368s] Level 1:colcon.colcon_core.environment:checking '/root/ros2_ws/src/install/rviz_2d_overlay_msgs' for CMake config files
[1.368s] DEBUG:colcon.colcon_core.event_handler.log_command:Invoked command in '/root/ros2_ws/src/build/rviz_2d_overlay_msgs' returned '0': CMAKE_PREFIX_PATH=/opt/ros/humble /usr/bin/cmake --install /root/ros2_ws/src/build/rviz_2d_overlay_msgs
[1.369s] Level 1:colcon.colcon_core.shell:create_environment_hook('rviz_2d_overlay_msgs', 'cmake_prefix_path')
[1.369s] INFO:colcon.colcon_core.shell:Creating environment hook '/root/ros2_ws/src/install/rviz_2d_overlay_msgs/share/rviz_2d_overlay_msgs/hook/cmake_prefix_path.ps1'
[1.369s] INFO:colcon.colcon_core.shell:Creating environment descriptor '/root/ros2_ws/src/install/rviz_2d_overlay_msgs/share/rviz_2d_overlay_msgs/hook/cmake_prefix_path.dsv'
[1.369s] INFO:colcon.colcon_core.shell:Creating environment hook '/root/ros2_ws/src/install/rviz_2d_overlay_msgs/share/rviz_2d_overlay_msgs/hook/cmake_prefix_path.sh'
[1.370s] Level 1:colcon.colcon_core.environment:checking '/root/ros2_ws/src/install/rviz_2d_overlay_msgs/lib'
[1.370s] Level 1:colcon.colcon_core.shell:create_environment_hook('rviz_2d_overlay_msgs', 'ld_library_path_lib')
[1.370s] INFO:colcon.colcon_core.shell:Creating environment hook '/root/ros2_ws/src/install/rviz_2d_overlay_msgs/share/rviz_2d_overlay_msgs/hook/ld_library_path_lib.ps1'
[1.370s] INFO:colcon.colcon_core.shell:Creating environment descriptor '/root/ros2_ws/src/install/rviz_2d_overlay_msgs/share/rviz_2d_overlay_msgs/hook/ld_library_path_lib.dsv'
[1.370s] INFO:colcon.colcon_core.shell:Creating environment hook '/root/ros2_ws/src/install/rviz_2d_overlay_msgs/share/rviz_2d_overlay_msgs/hook/ld_library_path_lib.sh'
[1.371s] Level 1:colcon.colcon_core.environment:checking '/root/ros2_ws/src/install/rviz_2d_overlay_msgs/bin'
[1.371s] Level 1:colcon.colcon_core.environment:checking '/root/ros2_ws/src/install/rviz_2d_overlay_msgs/lib/pkgconfig/rviz_2d_overlay_msgs.pc'
[1.371s] Level 1:colcon.colcon_core.environment:checking '/root/ros2_ws/src/install/rviz_2d_overlay_msgs/lib/python3.10/site-packages'
[1.372s] Level 1:colcon.colcon_core.environment:checking '/root/ros2_ws/src/install/rviz_2d_overlay_msgs/bin'
[1.372s] INFO:colcon.colcon_core.shell:Creating package script '/root/ros2_ws/src/install/rviz_2d_overlay_msgs/share/rviz_2d_overlay_msgs/package.ps1'
[1.372s] INFO:colcon.colcon_core.shell:Creating package descriptor '/root/ros2_ws/src/install/rviz_2d_overlay_msgs/share/rviz_2d_overlay_msgs/package.dsv'
[1.372s] INFO:colcon.colcon_core.shell:Creating package script '/root/ros2_ws/src/install/rviz_2d_overlay_msgs/share/rviz_2d_overlay_msgs/package.sh'
[1.374s] INFO:colcon.colcon_core.shell:Creating package script '/root/ros2_ws/src/install/rviz_2d_overlay_msgs/share/rviz_2d_overlay_msgs/package.bash'
[1.375s] INFO:colcon.colcon_core.shell:Creating package script '/root/ros2_ws/src/install/rviz_2d_overlay_msgs/share/rviz_2d_overlay_msgs/package.zsh'
[1.375s] Level 1:colcon.colcon_core.environment:create_file_with_runtime_dependencies(/root/ros2_ws/src/install/rviz_2d_overlay_msgs/share/colcon-core/packages/rviz_2d_overlay_msgs)
[1.376s] Level 1:colcon.colcon_core.environment:create_environment_scripts_only(rviz_2d_overlay_msgs)
[1.376s] Level 1:colcon.colcon_core.environment:checking '/root/ros2_ws/src/install/rviz_2d_overlay_msgs' for CMake module files
[1.376s] Level 1:colcon.colcon_core.environment:checking '/root/ros2_ws/src/install/rviz_2d_overlay_msgs' for CMake config files
[1.376s] Level 1:colcon.colcon_core.shell:create_environment_hook('rviz_2d_overlay_msgs', 'cmake_prefix_path')
[1.376s] INFO:colcon.colcon_core.shell:Creating environment hook '/root/ros2_ws/src/install/rviz_2d_overlay_msgs/share/rviz_2d_overlay_msgs/hook/cmake_prefix_path.ps1'
[1.377s] INFO:colcon.colcon_core.shell:Creating environment descriptor '/root/ros2_ws/src/install/rviz_2d_overlay_msgs/share/rviz_2d_overlay_msgs/hook/cmake_prefix_path.dsv'
[1.377s] INFO:colcon.colcon_core.shell:Creating environment hook '/root/ros2_ws/src/install/rviz_2d_overlay_msgs/share/rviz_2d_overlay_msgs/hook/cmake_prefix_path.sh'
[1.377s] Level 1:colcon.colcon_core.environment:checking '/root/ros2_ws/src/install/rviz_2d_overlay_msgs/lib'
[1.377s] Level 1:colcon.colcon_core.shell:create_environment_hook('rviz_2d_overlay_msgs', 'ld_library_path_lib')
[1.377s] INFO:colcon.colcon_core.shell:Creating environment hook '/root/ros2_ws/src/install/rviz_2d_overlay_msgs/share/rviz_2d_overlay_msgs/hook/ld_library_path_lib.ps1'
[1.378s] INFO:colcon.colcon_core.shell:Creating environment descriptor '/root/ros2_ws/src/install/rviz_2d_overlay_msgs/share/rviz_2d_overlay_msgs/hook/ld_library_path_lib.dsv'
[1.380s] INFO:colcon.colcon_core.shell:Creating environment hook '/root/ros2_ws/src/install/rviz_2d_overlay_msgs/share/rviz_2d_overlay_msgs/hook/ld_library_path_lib.sh'
[1.381s] Level 1:colcon.colcon_core.environment:checking '/root/ros2_ws/src/install/rviz_2d_overlay_msgs/bin'
[1.381s] Level 1:colcon.colcon_core.environment:checking '/root/ros2_ws/src/install/rviz_2d_overlay_msgs/lib/pkgconfig/rviz_2d_overlay_msgs.pc'
[1.381s] Level 1:colcon.colcon_core.environment:checking '/root/ros2_ws/src/install/rviz_2d_overlay_msgs/lib/python3.10/site-packages'
[1.381s] Level 1:colcon.colcon_core.environment:checking '/root/ros2_ws/src/install/rviz_2d_overlay_msgs/bin'
[1.381s] INFO:colcon.colcon_core.shell:Creating package script '/root/ros2_ws/src/install/rviz_2d_overlay_msgs/share/rviz_2d_overlay_msgs/package.ps1'
[1.382s] INFO:colcon.colcon_core.shell:Creating package descriptor '/root/ros2_ws/src/install/rviz_2d_overlay_msgs/share/rviz_2d_overlay_msgs/package.dsv'
[1.382s] INFO:colcon.colcon_core.shell:Creating package script '/root/ros2_ws/src/install/rviz_2d_overlay_msgs/share/rviz_2d_overlay_msgs/package.sh'
[1.386s] INFO:colcon.colcon_core.shell:Creating package script '/root/ros2_ws/src/install/rviz_2d_overlay_msgs/share/rviz_2d_overlay_msgs/package.bash'
[1.386s] INFO:colcon.colcon_core.shell:Creating package script '/root/ros2_ws/src/install/rviz_2d_overlay_msgs/share/rviz_2d_overlay_msgs/package.zsh'
[1.387s] Level 1:colcon.colcon_core.environment:create_file_with_runtime_dependencies(/root/ros2_ws/src/install/rviz_2d_overlay_msgs/share/colcon-core/packages/rviz_2d_overlay_msgs)
[1.390s] INFO:colcon.colcon_ros.task.ament_cmake.build:Building ROS package in '/root/ros2_ws/src/utilities/unitree_pkgs/go2_sport_api' with build type 'ament_cmake'
[1.390s] INFO:colcon.colcon_cmake.task.cmake.build:Building CMake package in '/root/ros2_ws/src/utilities/unitree_pkgs/go2_sport_api'
[1.390s] INFO:colcon.colcon_core.shell:Skip shell extension 'powershell' for command environment: Not usable outside of PowerShell
[1.390s] DEBUG:colcon.colcon_core.shell:Skip shell extension 'dsv' for command environment
[1.395s] INFO:colcon.colcon_ros.task.ament_cmake.build:Building ROS package in '/root/ros2_ws/src/slam/rviz_2d_overlay_plugins/rviz_2d_overlay_plugins' with build type 'ament_cmake'
[1.395s] INFO:colcon.colcon_cmake.task.cmake.build:Building CMake package in '/root/ros2_ws/src/slam/rviz_2d_overlay_plugins/rviz_2d_overlay_plugins'
[1.395s] INFO:colcon.colcon_core.shell:Skip shell extension 'powershell' for command environment: Not usable outside of PowerShell
[1.395s] DEBUG:colcon.colcon_core.shell:Skip shell extension 'dsv' for command environment
[1.397s] INFO:colcon.colcon_ros.task.ament_cmake.build:Building ROS package in '/root/ros2_ws/src/slam/SuperOdom/super_odometry' with build type 'ament_cmake'
[1.397s] INFO:colcon.colcon_cmake.task.cmake.build:Building CMake package in '/root/ros2_ws/src/slam/SuperOdom/super_odometry'
[1.397s] INFO:colcon.colcon_core.shell:Skip shell extension 'powershell' for command environment: Not usable outside of PowerShell
[1.398s] DEBUG:colcon.colcon_core.shell:Skip shell extension 'dsv' for command environment
[1.404s] DEBUG:colcon.colcon_core.event_handler.log_command:Invoking command in '/root/ros2_ws/src/build/boundary_handler': AMENT_PREFIX_PATH=/root/ros2_ws/src/install/visibility_graph_msg:${AMENT_PREFIX_PATH} CMAKE_PREFIX_PATH=/root/ros2_ws/src/install/visibility_graph_msg:/opt/ros/humble LD_LIBRARY_PATH=/root/ros2_ws/src/install/visibility_graph_msg/lib:${LD_LIBRARY_PATH} PYTHONPATH=/root/ros2_ws/src/install/visibility_graph_msg/local/lib/python3.10/dist-packages:${PYTHONPATH} /usr/bin/cmake --build /root/ros2_ws/src/build/boundary_handler -- -j24 -l24
[1.406s] DEBUG:colcon.colcon_core.event_handler.log_command:Invoking command in '/root/ros2_ws/src/build/far_planner': AMENT_PREFIX_PATH=/root/ros2_ws/src/install/visibility_graph_msg:${AMENT_PREFIX_PATH} CMAKE_PREFIX_PATH=/root/ros2_ws/src/install/visibility_graph_msg:/opt/ros/humble LD_LIBRARY_PATH=/root/ros2_ws/src/install/visibility_graph_msg/lib:${LD_LIBRARY_PATH} PYTHONPATH=/root/ros2_ws/src/install/visibility_graph_msg/local/lib/python3.10/dist-packages:${PYTHONPATH} /usr/bin/cmake --build /root/ros2_ws/src/build/far_planner -- -j24 -l24
[1.410s] DEBUG:colcon.colcon_core.event_handler.log_command:Invoking command in '/root/ros2_ws/src/build/graph_decoder': AMENT_PREFIX_PATH=/root/ros2_ws/src/install/visibility_graph_msg:${AMENT_PREFIX_PATH} CMAKE_PREFIX_PATH=/root/ros2_ws/src/install/visibility_graph_msg:/opt/ros/humble LD_LIBRARY_PATH=/root/ros2_ws/src/install/visibility_graph_msg/lib:${LD_LIBRARY_PATH} PYTHONPATH=/root/ros2_ws/src/install/visibility_graph_msg/local/lib/python3.10/dist-packages:${PYTHONPATH} /usr/bin/cmake --build /root/ros2_ws/src/build/graph_decoder -- -j24 -l24
[1.413s] DEBUG:colcon.colcon_core.event_handler.log_command:Invoking command in '/root/ros2_ws/src/utilities/transform_sensors': PYTHONPATH=/root/ros2_ws/src/build/transform_sensors/prefix_override:/usr/lib/python3/dist-packages/colcon_core/task/python/colcon_distutils_commands:/root/ros2_ws/src/install/transform_sensors/lib/python3.10/site-packages:${PYTHONPATH} /usr/bin/python3 -W ignore:setup.py install is deprecated -W ignore:easy_install command is deprecated setup.py egg_info --egg-base ../../build/transform_sensors build --build-base /root/ros2_ws/src/build/transform_sensors/build install --record /root/ros2_ws/src/build/transform_sensors/install.log --install-scripts $base/lib/transform_sensors --single-version-externally-managed install_data
[1.413s] DEBUG:colcon.colcon_core.event_handler.log_command:Invoking command in '/root/ros2_ws/src/utilities/ROS-TCP-Endpoint': PYTHONPATH=/root/ros2_ws/src/build/ros_tcp_endpoint/prefix_override:/usr/lib/python3/dist-packages/colcon_core/task/python/colcon_distutils_commands:/root/ros2_ws/src/install/ros_tcp_endpoint/lib/python3.10/site-packages:${PYTHONPATH} /usr/bin/python3 -W ignore:setup.py install is deprecated -W ignore:easy_install command is deprecated setup.py egg_info --egg-base ../../build/ros_tcp_endpoint build --build-base /root/ros2_ws/src/build/ros_tcp_endpoint/build install --record /root/ros2_ws/src/build/ros_tcp_endpoint/install.log --install-scripts $base/lib/ros_tcp_endpoint --single-version-externally-managed install_data
[1.419s] DEBUG:colcon.colcon_core.event_handler.log_command:Invoked command in '/root/ros2_ws/src/build/visualization_tools' returned '0': CMAKE_PREFIX_PATH=/opt/ros/humble /usr/bin/cmake --build /root/ros2_ws/src/build/visualization_tools -- -j24 -l24
[1.420s] DEBUG:colcon.colcon_core.event_handler.log_command:Invoking command in '/root/ros2_ws/src/build/visualization_tools': CMAKE_PREFIX_PATH=/opt/ros/humble /usr/bin/cmake --install /root/ros2_ws/src/build/visualization_tools
[1.422s] DEBUG:colcon.colcon_core.event_handler.log_command:Invoking command in '/root/ros2_ws/src/build/go2_sport_api': AMENT_PREFIX_PATH=/root/ros2_ws/src/install/unitree_go:/root/ros2_ws/src/install/unitree_api:${AMENT_PREFIX_PATH} CMAKE_PREFIX_PATH=/root/ros2_ws/src/install/unitree_go:/root/ros2_ws/src/install/unitree_api:/opt/ros/humble LD_LIBRARY_PATH=/root/ros2_ws/src/install/unitree_go/lib:/root/ros2_ws/src/install/unitree_api/lib:${LD_LIBRARY_PATH} PYTHONPATH=/root/ros2_ws/src/install/unitree_go/local/lib/python3.10/dist-packages:/root/ros2_ws/src/install/unitree_api/local/lib/python3.10/dist-packages:${PYTHONPATH} /usr/bin/cmake --build /root/ros2_ws/src/build/go2_sport_api -- -j24 -l24
[1.423s] DEBUG:colcon.colcon_core.event_handler.log_command:Invoking command in '/root/ros2_ws/src/build/rviz_2d_overlay_plugins': AMENT_PREFIX_PATH=/root/ros2_ws/src/install/rviz_2d_overlay_msgs:${AMENT_PREFIX_PATH} CMAKE_PREFIX_PATH=/root/ros2_ws/src/install/rviz_2d_overlay_msgs:/opt/ros/humble LD_LIBRARY_PATH=/root/ros2_ws/src/install/rviz_2d_overlay_msgs/lib:${LD_LIBRARY_PATH} PYTHONPATH=/root/ros2_ws/src/install/rviz_2d_overlay_msgs/local/lib/python3.10/dist-packages:${PYTHONPATH} /usr/bin/cmake --build /root/ros2_ws/src/build/rviz_2d_overlay_plugins -- -j24 -l24
[1.431s] DEBUG:colcon.colcon_core.event_handler.log_command:Invoking command in '/root/ros2_ws/src/build/super_odometry': AMENT_PREFIX_PATH=/root/ros2_ws/src/install/super_odometry_msgs:/root/ros2_ws/src/install/livox_ros_driver2:${AMENT_PREFIX_PATH} CMAKE_PREFIX_PATH=/root/ros2_ws/src/install/super_odometry_msgs:/root/ros2_ws/src/install/livox_ros_driver2:/opt/ros/humble LD_LIBRARY_PATH=/root/ros2_ws/src/install/super_odometry_msgs/lib:/root/ros2_ws/src/install/livox_ros_driver2/lib:${LD_LIBRARY_PATH} PYTHONPATH=/root/ros2_ws/src/install/super_odometry_msgs/local/lib/python3.10/dist-packages:/root/ros2_ws/src/install/livox_ros_driver2/local/lib/python3.10/dist-packages:${PYTHONPATH} /usr/bin/cmake --build /root/ros2_ws/src/build/super_odometry -- -j24 -l24
[1.470s] Level 1:colcon.colcon_core.environment:create_environment_scripts_only(visualization_tools)
[1.470s] Level 1:colcon.colcon_core.environment:checking '/root/ros2_ws/src/install/visualization_tools' for CMake module files
[1.471s] DEBUG:colcon.colcon_core.event_handler.log_command:Invoked command in '/root/ros2_ws/src/build/visualization_tools' returned '0': CMAKE_PREFIX_PATH=/opt/ros/humble /usr/bin/cmake --install /root/ros2_ws/src/build/visualization_tools
[1.471s] Level 1:colcon.colcon_core.environment:checking '/root/ros2_ws/src/install/visualization_tools' for CMake config files
[1.472s] Level 1:colcon.colcon_core.shell:create_environment_hook('visualization_tools', 'cmake_prefix_path')
[1.472s] INFO:colcon.colcon_core.shell:Creating environment hook '/root/ros2_ws/src/install/visualization_tools/share/visualization_tools/hook/cmake_prefix_path.ps1'
[1.473s] INFO:colcon.colcon_core.shell:Creating environment descriptor '/root/ros2_ws/src/install/visualization_tools/share/visualization_tools/hook/cmake_prefix_path.dsv'
[1.473s] INFO:colcon.colcon_core.shell:Creating environment hook '/root/ros2_ws/src/install/visualization_tools/share/visualization_tools/hook/cmake_prefix_path.sh'
[1.474s] Level 1:colcon.colcon_core.environment:checking '/root/ros2_ws/src/install/visualization_tools/lib'
[1.474s] Level 1:colcon.colcon_core.environment:checking '/root/ros2_ws/src/install/visualization_tools/bin'
[1.474s] Level 1:colcon.colcon_core.environment:checking '/root/ros2_ws/src/install/visualization_tools/lib/pkgconfig/visualization_tools.pc'
[1.474s] Level 1:colcon.colcon_core.environment:checking '/root/ros2_ws/src/install/visualization_tools/lib/python3.10/site-packages'
[1.475s] Level 1:colcon.colcon_core.environment:checking '/root/ros2_ws/src/install/visualization_tools/bin'
[1.475s] INFO:colcon.colcon_core.shell:Creating package script '/root/ros2_ws/src/install/visualization_tools/share/visualization_tools/package.ps1'
[1.476s] INFO:colcon.colcon_core.shell:Creating package descriptor '/root/ros2_ws/src/install/visualization_tools/share/visualization_tools/package.dsv'
[1.476s] INFO:colcon.colcon_core.shell:Creating package script '/root/ros2_ws/src/install/visualization_tools/share/visualization_tools/package.sh'
[1.477s] INFO:colcon.colcon_core.shell:Creating package script '/root/ros2_ws/src/install/visualization_tools/share/visualization_tools/package.bash'
[1.477s] INFO:colcon.colcon_core.shell:Creating package script '/root/ros2_ws/src/install/visualization_tools/share/visualization_tools/package.zsh'
[1.477s] Level 1:colcon.colcon_core.environment:create_file_with_runtime_dependencies(/root/ros2_ws/src/install/visualization_tools/share/colcon-core/packages/visualization_tools)
[1.478s] Level 1:colcon.colcon_core.environment:create_environment_scripts_only(visualization_tools)
[1.479s] Level 1:colcon.colcon_core.environment:checking '/root/ros2_ws/src/install/visualization_tools' for CMake module files
[1.480s] Level 1:colcon.colcon_core.environment:checking '/root/ros2_ws/src/install/visualization_tools' for CMake config files
[1.480s] Level 1:colcon.colcon_core.shell:create_environment_hook('visualization_tools', 'cmake_prefix_path')
[1.481s] INFO:colcon.colcon_core.shell:Creating environment hook '/root/ros2_ws/src/install/visualization_tools/share/visualization_tools/hook/cmake_prefix_path.ps1'
[1.481s] INFO:colcon.colcon_core.shell:Creating environment descriptor '/root/ros2_ws/src/install/visualization_tools/share/visualization_tools/hook/cmake_prefix_path.dsv'
[1.481s] INFO:colcon.colcon_core.shell:Creating environment hook '/root/ros2_ws/src/install/visualization_tools/share/visualization_tools/hook/cmake_prefix_path.sh'
[1.482s] Level 1:colcon.colcon_core.environment:checking '/root/ros2_ws/src/install/visualization_tools/lib'
[1.482s] Level 1:colcon.colcon_core.environment:checking '/root/ros2_ws/src/install/visualization_tools/bin'
[1.482s] Level 1:colcon.colcon_core.environment:checking '/root/ros2_ws/src/install/visualization_tools/lib/pkgconfig/visualization_tools.pc'
[1.482s] Level 1:colcon.colcon_core.environment:checking '/root/ros2_ws/src/install/visualization_tools/lib/python3.10/site-packages'
[1.482s] Level 1:colcon.colcon_core.environment:checking '/root/ros2_ws/src/install/visualization_tools/bin'
[1.483s] INFO:colcon.colcon_core.shell:Creating package script '/root/ros2_ws/src/install/visualization_tools/share/visualization_tools/package.ps1'
[1.484s] INFO:colcon.colcon_core.shell:Creating package descriptor '/root/ros2_ws/src/install/visualization_tools/share/visualization_tools/package.dsv'
[1.484s] INFO:colcon.colcon_core.shell:Creating package script '/root/ros2_ws/src/install/visualization_tools/share/visualization_tools/package.sh'
[1.485s] INFO:colcon.colcon_core.shell:Creating package script '/root/ros2_ws/src/install/visualization_tools/share/visualization_tools/package.bash'
[1.485s] INFO:colcon.colcon_core.shell:Creating package script '/root/ros2_ws/src/install/visualization_tools/share/visualization_tools/package.zsh'
[1.486s] Level 1:colcon.colcon_core.environment:create_file_with_runtime_dependencies(/root/ros2_ws/src/install/visualization_tools/share/colcon-core/packages/visualization_tools)
[1.491s] DEBUG:colcon.colcon_core.event_handler.log_command:Invoked command in '/root/ros2_ws/src/build/boundary_handler' returned '0': AMENT_PREFIX_PATH=/root/ros2_ws/src/install/visibility_graph_msg:${AMENT_PREFIX_PATH} CMAKE_PREFIX_PATH=/root/ros2_ws/src/install/visibility_graph_msg:/opt/ros/humble LD_LIBRARY_PATH=/root/ros2_ws/src/install/visibility_graph_msg/lib:${LD_LIBRARY_PATH} PYTHONPATH=/root/ros2_ws/src/install/visibility_graph_msg/local/lib/python3.10/dist-packages:${PYTHONPATH} /usr/bin/cmake --build /root/ros2_ws/src/build/boundary_handler -- -j24 -l24
[1.496s] DEBUG:colcon.colcon_core.event_handler.log_command:Invoking command in '/root/ros2_ws/src/build/boundary_handler': AMENT_PREFIX_PATH=/root/ros2_ws/src/install/visibility_graph_msg:${AMENT_PREFIX_PATH} CMAKE_PREFIX_PATH=/root/ros2_ws/src/install/visibility_graph_msg:/opt/ros/humble LD_LIBRARY_PATH=/root/ros2_ws/src/install/visibility_graph_msg/lib:${LD_LIBRARY_PATH} PYTHONPATH=/root/ros2_ws/src/install/visibility_graph_msg/local/lib/python3.10/dist-packages:${PYTHONPATH} /usr/bin/cmake --install /root/ros2_ws/src/build/boundary_handler
[1.496s] DEBUG:colcon.colcon_core.event_handler.log_command:Invoked command in '/root/ros2_ws/src/build/go2_sport_api' returned '0': AMENT_PREFIX_PATH=/root/ros2_ws/src/install/unitree_go:/root/ros2_ws/src/install/unitree_api:${AMENT_PREFIX_PATH} CMAKE_PREFIX_PATH=/root/ros2_ws/src/install/unitree_go:/root/ros2_ws/src/install/unitree_api:/opt/ros/humble LD_LIBRARY_PATH=/root/ros2_ws/src/install/unitree_go/lib:/root/ros2_ws/src/install/unitree_api/lib:${LD_LIBRARY_PATH} PYTHONPATH=/root/ros2_ws/src/install/unitree_go/local/lib/python3.10/dist-packages:/root/ros2_ws/src/install/unitree_api/local/lib/python3.10/dist-packages:${PYTHONPATH} /usr/bin/cmake --build /root/ros2_ws/src/build/go2_sport_api -- -j24 -l24
[1.496s] DEBUG:colcon.colcon_core.event_handler.log_command:Invoking command in '/root/ros2_ws/src/build/go2_sport_api': AMENT_PREFIX_PATH=/root/ros2_ws/src/install/unitree_go:/root/ros2_ws/src/install/unitree_api:${AMENT_PREFIX_PATH} CMAKE_PREFIX_PATH=/root/ros2_ws/src/install/unitree_go:/root/ros2_ws/src/install/unitree_api:/opt/ros/humble LD_LIBRARY_PATH=/root/ros2_ws/src/install/unitree_go/lib:/root/ros2_ws/src/install/unitree_api/lib:${LD_LIBRARY_PATH} PYTHONPATH=/root/ros2_ws/src/install/unitree_go/local/lib/python3.10/dist-packages:/root/ros2_ws/src/install/unitree_api/local/lib/python3.10/dist-packages:${PYTHONPATH} /usr/bin/cmake --install /root/ros2_ws/src/build/go2_sport_api
[1.496s] DEBUG:colcon.colcon_core.event_handler.log_command:Invoked command in '/root/ros2_ws/src/build/graph_decoder' returned '0': AMENT_PREFIX_PATH=/root/ros2_ws/src/install/visibility_graph_msg:${AMENT_PREFIX_PATH} CMAKE_PREFIX_PATH=/root/ros2_ws/src/install/visibility_graph_msg:/opt/ros/humble LD_LIBRARY_PATH=/root/ros2_ws/src/install/visibility_graph_msg/lib:${LD_LIBRARY_PATH} PYTHONPATH=/root/ros2_ws/src/install/visibility_graph_msg/local/lib/python3.10/dist-packages:${PYTHONPATH} /usr/bin/cmake --build /root/ros2_ws/src/build/graph_decoder -- -j24 -l24
[1.498s] DEBUG:colcon.colcon_core.event_handler.log_command:Invoking command in '/root/ros2_ws/src/build/graph_decoder': AMENT_PREFIX_PATH=/root/ros2_ws/src/install/visibility_graph_msg:${AMENT_PREFIX_PATH} CMAKE_PREFIX_PATH=/root/ros2_ws/src/install/visibility_graph_msg:/opt/ros/humble LD_LIBRARY_PATH=/root/ros2_ws/src/install/visibility_graph_msg/lib:${LD_LIBRARY_PATH} PYTHONPATH=/root/ros2_ws/src/install/visibility_graph_msg/local/lib/python3.10/dist-packages:${PYTHONPATH} /usr/bin/cmake --install /root/ros2_ws/src/build/graph_decoder
[1.509s] Level 1:colcon.colcon_core.environment:create_environment_scripts_only(boundary_handler)
[1.511s] Level 1:colcon.colcon_core.environment:checking '/root/ros2_ws/src/install/boundary_handler' for CMake module files
[1.512s] Level 1:colcon.colcon_core.environment:checking '/root/ros2_ws/src/install/boundary_handler' for CMake config files
[1.516s] DEBUG:colcon.colcon_core.event_handler.log_command:Invoked command in '/root/ros2_ws/src/build/boundary_handler' returned '0': AMENT_PREFIX_PATH=/root/ros2_ws/src/install/visibility_graph_msg:${AMENT_PREFIX_PATH} CMAKE_PREFIX_PATH=/root/ros2_ws/src/install/visibility_graph_msg:/opt/ros/humble LD_LIBRARY_PATH=/root/ros2_ws/src/install/visibility_graph_msg/lib:${LD_LIBRARY_PATH} PYTHONPATH=/root/ros2_ws/src/install/visibility_graph_msg/local/lib/python3.10/dist-packages:${PYTHONPATH} /usr/bin/cmake --install /root/ros2_ws/src/build/boundary_handler
[1.535s] Level 1:colcon.colcon_core.shell:create_environment_hook('boundary_handler', 'cmake_prefix_path')
[1.536s] INFO:colcon.colcon_core.shell:Creating environment hook '/root/ros2_ws/src/install/boundary_handler/share/boundary_handler/hook/cmake_prefix_path.ps1'
[1.536s] INFO:colcon.colcon_core.shell:Creating environment descriptor '/root/ros2_ws/src/install/boundary_handler/share/boundary_handler/hook/cmake_prefix_path.dsv'
[1.539s] INFO:colcon.colcon_core.shell:Creating environment hook '/root/ros2_ws/src/install/boundary_handler/share/boundary_handler/hook/cmake_prefix_path.sh'
[1.539s] Level 1:colcon.colcon_core.environment:checking '/root/ros2_ws/src/install/boundary_handler/lib'
[1.539s] Level 1:colcon.colcon_core.environment:checking '/root/ros2_ws/src/install/boundary_handler/bin'
[1.540s] Level 1:colcon.colcon_core.environment:checking '/root/ros2_ws/src/install/boundary_handler/lib/pkgconfig/boundary_handler.pc'
[1.540s] Level 1:colcon.colcon_core.environment:checking '/root/ros2_ws/src/install/boundary_handler/lib/python3.10/site-packages'
[1.540s] Level 1:colcon.colcon_core.environment:checking '/root/ros2_ws/src/install/boundary_handler/bin'
[1.540s] INFO:colcon.colcon_core.shell:Creating package script '/root/ros2_ws/src/install/boundary_handler/share/boundary_handler/package.ps1'
[1.541s] INFO:colcon.colcon_core.shell:Creating package descriptor '/root/ros2_ws/src/install/boundary_handler/share/boundary_handler/package.dsv'
[1.541s] INFO:colcon.colcon_core.shell:Creating package script '/root/ros2_ws/src/install/boundary_handler/share/boundary_handler/package.sh'
[1.541s] INFO:colcon.colcon_core.shell:Creating package script '/root/ros2_ws/src/install/boundary_handler/share/boundary_handler/package.bash'
[1.541s] INFO:colcon.colcon_core.shell:Creating package script '/root/ros2_ws/src/install/boundary_handler/share/boundary_handler/package.zsh'
[1.541s] Level 1:colcon.colcon_core.environment:create_file_with_runtime_dependencies(/root/ros2_ws/src/install/boundary_handler/share/colcon-core/packages/boundary_handler)
[1.542s] Level 1:colcon.colcon_core.environment:create_environment_scripts_only(boundary_handler)
[1.542s] Level 1:colcon.colcon_core.environment:checking '/root/ros2_ws/src/install/boundary_handler' for CMake module files
[1.542s] Level 1:colcon.colcon_core.environment:checking '/root/ros2_ws/src/install/boundary_handler' for CMake config files
[1.543s] Level 1:colcon.colcon_core.shell:create_environment_hook('boundary_handler', 'cmake_prefix_path')
[1.543s] INFO:colcon.colcon_core.shell:Creating environment hook '/root/ros2_ws/src/install/boundary_handler/share/boundary_handler/hook/cmake_prefix_path.ps1'
[1.544s] INFO:colcon.colcon_core.shell:Creating environment descriptor '/root/ros2_ws/src/install/boundary_handler/share/boundary_handler/hook/cmake_prefix_path.dsv'
[1.544s] INFO:colcon.colcon_core.shell:Creating environment hook '/root/ros2_ws/src/install/boundary_handler/share/boundary_handler/hook/cmake_prefix_path.sh'
[1.545s] Level 1:colcon.colcon_core.environment:checking '/root/ros2_ws/src/install/boundary_handler/lib'
[1.545s] Level 1:colcon.colcon_core.environment:checking '/root/ros2_ws/src/install/boundary_handler/bin'
[1.545s] Level 1:colcon.colcon_core.environment:checking '/root/ros2_ws/src/install/boundary_handler/lib/pkgconfig/boundary_handler.pc'
[1.546s] Level 1:colcon.colcon_core.environment:checking '/root/ros2_ws/src/install/boundary_handler/lib/python3.10/site-packages'
[1.546s] Level 1:colcon.colcon_core.environment:checking '/root/ros2_ws/src/install/boundary_handler/bin'
[1.546s] INFO:colcon.colcon_core.shell:Creating package script '/root/ros2_ws/src/install/boundary_handler/share/boundary_handler/package.ps1'
[1.546s] INFO:colcon.colcon_core.shell:Creating package descriptor '/root/ros2_ws/src/install/boundary_handler/share/boundary_handler/package.dsv'
[1.547s] INFO:colcon.colcon_core.shell:Creating package script '/root/ros2_ws/src/install/boundary_handler/share/boundary_handler/package.sh'
[1.547s] INFO:colcon.colcon_core.shell:Creating package script '/root/ros2_ws/src/install/boundary_handler/share/boundary_handler/package.bash'
[1.547s] INFO:colcon.colcon_core.shell:Creating package script '/root/ros2_ws/src/install/boundary_handler/share/boundary_handler/package.zsh'
[1.548s] Level 1:colcon.colcon_core.environment:create_file_with_runtime_dependencies(/root/ros2_ws/src/install/boundary_handler/share/colcon-core/packages/boundary_handler)
[1.548s] Level 1:colcon.colcon_core.environment:create_environment_scripts_only(graph_decoder)
[1.549s] DEBUG:colcon.colcon_core.event_handler.log_command:Invoked command in '/root/ros2_ws/src/build/graph_decoder' returned '0': AMENT_PREFIX_PATH=/root/ros2_ws/src/install/visibility_graph_msg:${AMENT_PREFIX_PATH} CMAKE_PREFIX_PATH=/root/ros2_ws/src/install/visibility_graph_msg:/opt/ros/humble LD_LIBRARY_PATH=/root/ros2_ws/src/install/visibility_graph_msg/lib:${LD_LIBRARY_PATH} PYTHONPATH=/root/ros2_ws/src/install/visibility_graph_msg/local/lib/python3.10/dist-packages:${PYTHONPATH} /usr/bin/cmake --install /root/ros2_ws/src/build/graph_decoder
[1.549s] Level 1:colcon.colcon_core.environment:checking '/root/ros2_ws/src/install/graph_decoder' for CMake module files
[1.550s] Level 1:colcon.colcon_core.environment:checking '/root/ros2_ws/src/install/graph_decoder' for CMake config files
[1.551s] Level 1:colcon.colcon_core.shell:create_environment_hook('graph_decoder', 'cmake_prefix_path')
[1.552s] INFO:colcon.colcon_core.shell:Creating environment hook '/root/ros2_ws/src/install/graph_decoder/share/graph_decoder/hook/cmake_prefix_path.ps1'
[1.552s] INFO:colcon.colcon_core.shell:Creating environment descriptor '/root/ros2_ws/src/install/graph_decoder/share/graph_decoder/hook/cmake_prefix_path.dsv'
[1.553s] INFO:colcon.colcon_core.shell:Creating environment hook '/root/ros2_ws/src/install/graph_decoder/share/graph_decoder/hook/cmake_prefix_path.sh'
[1.554s] Level 1:colcon.colcon_core.environment:checking '/root/ros2_ws/src/install/graph_decoder/lib'
[1.554s] Level 1:colcon.colcon_core.environment:checking '/root/ros2_ws/src/install/graph_decoder/bin'
[1.554s] Level 1:colcon.colcon_core.environment:checking '/root/ros2_ws/src/install/graph_decoder/lib/pkgconfig/graph_decoder.pc'
[1.554s] Level 1:colcon.colcon_core.environment:checking '/root/ros2_ws/src/install/graph_decoder/lib/python3.10/site-packages'
[1.554s] Level 1:colcon.colcon_core.environment:checking '/root/ros2_ws/src/install/graph_decoder/bin'
[1.555s] INFO:colcon.colcon_core.shell:Creating package script '/root/ros2_ws/src/install/graph_decoder/share/graph_decoder/package.ps1'
[1.555s] INFO:colcon.colcon_core.shell:Creating package descriptor '/root/ros2_ws/src/install/graph_decoder/share/graph_decoder/package.dsv'
[1.555s] INFO:colcon.colcon_core.shell:Creating package script '/root/ros2_ws/src/install/graph_decoder/share/graph_decoder/package.sh'
[1.556s] INFO:colcon.colcon_core.shell:Creating package script '/root/ros2_ws/src/install/graph_decoder/share/graph_decoder/package.bash'
[1.556s] INFO:colcon.colcon_core.shell:Creating package script '/root/ros2_ws/src/install/graph_decoder/share/graph_decoder/package.zsh'
[1.556s] Level 1:colcon.colcon_core.environment:create_file_with_runtime_dependencies(/root/ros2_ws/src/install/graph_decoder/share/colcon-core/packages/graph_decoder)
[1.556s] Level 1:colcon.colcon_core.environment:create_environment_scripts_only(graph_decoder)
[1.556s] Level 1:colcon.colcon_core.environment:checking '/root/ros2_ws/src/install/graph_decoder' for CMake module files
[1.557s] Level 1:colcon.colcon_core.environment:checking '/root/ros2_ws/src/install/graph_decoder' for CMake config files
[1.557s] Level 1:colcon.colcon_core.shell:create_environment_hook('graph_decoder', 'cmake_prefix_path')
[1.557s] INFO:colcon.colcon_core.shell:Creating environment hook '/root/ros2_ws/src/install/graph_decoder/share/graph_decoder/hook/cmake_prefix_path.ps1'
[1.557s] INFO:colcon.colcon_core.shell:Creating environment descriptor '/root/ros2_ws/src/install/graph_decoder/share/graph_decoder/hook/cmake_prefix_path.dsv'
[1.558s] INFO:colcon.colcon_core.shell:Creating environment hook '/root/ros2_ws/src/install/graph_decoder/share/graph_decoder/hook/cmake_prefix_path.sh'
[1.558s] Level 1:colcon.colcon_core.environment:checking '/root/ros2_ws/src/install/graph_decoder/lib'
[1.558s] Level 1:colcon.colcon_core.environment:checking '/root/ros2_ws/src/install/graph_decoder/bin'
[1.558s] Level 1:colcon.colcon_core.environment:checking '/root/ros2_ws/src/install/graph_decoder/lib/pkgconfig/graph_decoder.pc'
[1.558s] Level 1:colcon.colcon_core.environment:checking '/root/ros2_ws/src/install/graph_decoder/lib/python3.10/site-packages'
[1.558s] Level 1:colcon.colcon_core.environment:checking '/root/ros2_ws/src/install/graph_decoder/bin'
[1.559s] INFO:colcon.colcon_core.shell:Creating package script '/root/ros2_ws/src/install/graph_decoder/share/graph_decoder/package.ps1'
[1.559s] INFO:colcon.colcon_core.shell:Creating package descriptor '/root/ros2_ws/src/install/graph_decoder/share/graph_decoder/package.dsv'
[1.559s] INFO:colcon.colcon_core.shell:Creating package script '/root/ros2_ws/src/install/graph_decoder/share/graph_decoder/package.sh'
[1.560s] INFO:colcon.colcon_core.shell:Creating package script '/root/ros2_ws/src/install/graph_decoder/share/graph_decoder/package.bash'
[1.560s] INFO:colcon.colcon_core.shell:Creating package script '/root/ros2_ws/src/install/graph_decoder/share/graph_decoder/package.zsh'
[1.560s] Level 1:colcon.colcon_core.environment:create_file_with_runtime_dependencies(/root/ros2_ws/src/install/graph_decoder/share/colcon-core/packages/graph_decoder)
[1.564s] DEBUG:colcon.colcon_core.event_handler.log_command:Invoked command in '/root/ros2_ws/src/build/rviz_2d_overlay_plugins' returned '0': AMENT_PREFIX_PATH=/root/ros2_ws/src/install/rviz_2d_overlay_msgs:${AMENT_PREFIX_PATH} CMAKE_PREFIX_PATH=/root/ros2_ws/src/install/rviz_2d_overlay_msgs:/opt/ros/humble LD_LIBRARY_PATH=/root/ros2_ws/src/install/rviz_2d_overlay_msgs/lib:${LD_LIBRARY_PATH} PYTHONPATH=/root/ros2_ws/src/install/rviz_2d_overlay_msgs/local/lib/python3.10/dist-packages:${PYTHONPATH} /usr/bin/cmake --build /root/ros2_ws/src/build/rviz_2d_overlay_plugins -- -j24 -l24
[1.571s] Level 1:colcon.colcon_core.environment:create_environment_scripts_only(go2_sport_api)
[1.571s] Level 1:colcon.colcon_core.environment:checking '/root/ros2_ws/src/install/go2_sport_api' for CMake module files
[1.571s] DEBUG:colcon.colcon_core.event_handler.log_command:Invoking command in '/root/ros2_ws/src/build/rviz_2d_overlay_plugins': AMENT_PREFIX_PATH=/root/ros2_ws/src/install/rviz_2d_overlay_msgs:${AMENT_PREFIX_PATH} CMAKE_PREFIX_PATH=/root/ros2_ws/src/install/rviz_2d_overlay_msgs:/opt/ros/humble LD_LIBRARY_PATH=/root/ros2_ws/src/install/rviz_2d_overlay_msgs/lib:${LD_LIBRARY_PATH} PYTHONPATH=/root/ros2_ws/src/install/rviz_2d_overlay_msgs/local/lib/python3.10/dist-packages:${PYTHONPATH} /usr/bin/cmake --install /root/ros2_ws/src/build/rviz_2d_overlay_plugins
[1.572s] DEBUG:colcon.colcon_core.event_handler.log_command:Invoked command in '/root/ros2_ws/src/build/go2_sport_api' returned '0': AMENT_PREFIX_PATH=/root/ros2_ws/src/install/unitree_go:/root/ros2_ws/src/install/unitree_api:${AMENT_PREFIX_PATH} CMAKE_PREFIX_PATH=/root/ros2_ws/src/install/unitree_go:/root/ros2_ws/src/install/unitree_api:/opt/ros/humble LD_LIBRARY_PATH=/root/ros2_ws/src/install/unitree_go/lib:/root/ros2_ws/src/install/unitree_api/lib:${LD_LIBRARY_PATH} PYTHONPATH=/root/ros2_ws/src/install/unitree_go/local/lib/python3.10/dist-packages:/root/ros2_ws/src/install/unitree_api/local/lib/python3.10/dist-packages:${PYTHONPATH} /usr/bin/cmake --install /root/ros2_ws/src/build/go2_sport_api
[1.572s] Level 1:colcon.colcon_core.environment:checking '/root/ros2_ws/src/install/go2_sport_api' for CMake config files
[1.572s] Level 1:colcon.colcon_core.shell:create_environment_hook('go2_sport_api', 'cmake_prefix_path')
[1.573s] INFO:colcon.colcon_core.shell:Creating environment hook '/root/ros2_ws/src/install/go2_sport_api/share/go2_sport_api/hook/cmake_prefix_path.ps1'
[1.573s] INFO:colcon.colcon_core.shell:Creating environment descriptor '/root/ros2_ws/src/install/go2_sport_api/share/go2_sport_api/hook/cmake_prefix_path.dsv'
[1.573s] INFO:colcon.colcon_core.shell:Creating environment hook '/root/ros2_ws/src/install/go2_sport_api/share/go2_sport_api/hook/cmake_prefix_path.sh'
[1.574s] Level 1:colcon.colcon_core.environment:checking '/root/ros2_ws/src/install/go2_sport_api/lib'
[1.574s] Level 1:colcon.colcon_core.shell:create_environment_hook('go2_sport_api', 'ld_library_path_lib')
[1.574s] INFO:colcon.colcon_core.shell:Creating environment hook '/root/ros2_ws/src/install/go2_sport_api/share/go2_sport_api/hook/ld_library_path_lib.ps1'
[1.574s] INFO:colcon.colcon_core.shell:Creating environment descriptor '/root/ros2_ws/src/install/go2_sport_api/share/go2_sport_api/hook/ld_library_path_lib.dsv'
[1.574s] INFO:colcon.colcon_core.shell:Creating environment hook '/root/ros2_ws/src/install/go2_sport_api/share/go2_sport_api/hook/ld_library_path_lib.sh'
[1.575s] Level 1:colcon.colcon_core.environment:checking '/root/ros2_ws/src/install/go2_sport_api/bin'
[1.575s] Level 1:colcon.colcon_core.environment:checking '/root/ros2_ws/src/install/go2_sport_api/lib/pkgconfig/go2_sport_api.pc'
[1.575s] Level 1:colcon.colcon_core.environment:checking '/root/ros2_ws/src/install/go2_sport_api/lib/python3.10/site-packages'
[1.575s] Level 1:colcon.colcon_core.environment:checking '/root/ros2_ws/src/install/go2_sport_api/bin'
[1.580s] INFO:colcon.colcon_core.shell:Creating package script '/root/ros2_ws/src/install/go2_sport_api/share/go2_sport_api/package.ps1'
[1.582s] INFO:colcon.colcon_core.shell:Creating package descriptor '/root/ros2_ws/src/install/go2_sport_api/share/go2_sport_api/package.dsv'
[1.582s] INFO:colcon.colcon_core.shell:Creating package script '/root/ros2_ws/src/install/go2_sport_api/share/go2_sport_api/package.sh'
[1.582s] INFO:colcon.colcon_core.shell:Creating package script '/root/ros2_ws/src/install/go2_sport_api/share/go2_sport_api/package.bash'
[1.582s] INFO:colcon.colcon_core.shell:Creating package script '/root/ros2_ws/src/install/go2_sport_api/share/go2_sport_api/package.zsh'
[1.583s] Level 1:colcon.colcon_core.environment:create_file_with_runtime_dependencies(/root/ros2_ws/src/install/go2_sport_api/share/colcon-core/packages/go2_sport_api)
[1.583s] Level 1:colcon.colcon_core.environment:create_environment_scripts_only(go2_sport_api)
[1.583s] Level 1:colcon.colcon_core.environment:checking '/root/ros2_ws/src/install/go2_sport_api' for CMake module files
[1.584s] Level 1:colcon.colcon_core.environment:checking '/root/ros2_ws/src/install/go2_sport_api' for CMake config files
[1.584s] Level 1:colcon.colcon_core.shell:create_environment_hook('go2_sport_api', 'cmake_prefix_path')
[1.585s] INFO:colcon.colcon_core.shell:Creating environment hook '/root/ros2_ws/src/install/go2_sport_api/share/go2_sport_api/hook/cmake_prefix_path.ps1'
[1.585s] INFO:colcon.colcon_core.shell:Creating environment descriptor '/root/ros2_ws/src/install/go2_sport_api/share/go2_sport_api/hook/cmake_prefix_path.dsv'
[1.586s] INFO:colcon.colcon_core.shell:Creating environment hook '/root/ros2_ws/src/install/go2_sport_api/share/go2_sport_api/hook/cmake_prefix_path.sh'
[1.586s] Level 1:colcon.colcon_core.environment:checking '/root/ros2_ws/src/install/go2_sport_api/lib'
[1.586s] Level 1:colcon.colcon_core.shell:create_environment_hook('go2_sport_api', 'ld_library_path_lib')
[1.586s] INFO:colcon.colcon_core.shell:Creating environment hook '/root/ros2_ws/src/install/go2_sport_api/share/go2_sport_api/hook/ld_library_path_lib.ps1'
[1.587s] INFO:colcon.colcon_core.shell:Creating environment descriptor '/root/ros2_ws/src/install/go2_sport_api/share/go2_sport_api/hook/ld_library_path_lib.dsv'
[1.587s] INFO:colcon.colcon_core.shell:Creating environment hook '/root/ros2_ws/src/install/go2_sport_api/share/go2_sport_api/hook/ld_library_path_lib.sh'
[1.587s] Level 1:colcon.colcon_core.environment:checking '/root/ros2_ws/src/install/go2_sport_api/bin'
[1.587s] Level 1:colcon.colcon_core.environment:checking '/root/ros2_ws/src/install/go2_sport_api/lib/pkgconfig/go2_sport_api.pc'
[1.588s] Level 1:colcon.colcon_core.environment:checking '/root/ros2_ws/src/install/go2_sport_api/lib/python3.10/site-packages'
[1.588s] Level 1:colcon.colcon_core.environment:checking '/root/ros2_ws/src/install/go2_sport_api/bin'
[1.588s] INFO:colcon.colcon_core.shell:Creating package script '/root/ros2_ws/src/install/go2_sport_api/share/go2_sport_api/package.ps1'
[1.589s] INFO:colcon.colcon_core.shell:Creating package descriptor '/root/ros2_ws/src/install/go2_sport_api/share/go2_sport_api/package.dsv'
[1.589s] INFO:colcon.colcon_core.shell:Creating package script '/root/ros2_ws/src/install/go2_sport_api/share/go2_sport_api/package.sh'
[1.589s] INFO:colcon.colcon_core.shell:Creating package script '/root/ros2_ws/src/install/go2_sport_api/share/go2_sport_api/package.bash'
[1.590s] INFO:colcon.colcon_core.shell:Creating package script '/root/ros2_ws/src/install/go2_sport_api/share/go2_sport_api/package.zsh'
[1.590s] Level 1:colcon.colcon_core.environment:create_file_with_runtime_dependencies(/root/ros2_ws/src/install/go2_sport_api/share/colcon-core/packages/go2_sport_api)
[1.591s] DEBUG:colcon.colcon_core.event_handler.log_command:Invoked command in '/root/ros2_ws/src/build/far_planner' returned '0': AMENT_PREFIX_PATH=/root/ros2_ws/src/install/visibility_graph_msg:${AMENT_PREFIX_PATH} CMAKE_PREFIX_PATH=/root/ros2_ws/src/install/visibility_graph_msg:/opt/ros/humble LD_LIBRARY_PATH=/root/ros2_ws/src/install/visibility_graph_msg/lib:${LD_LIBRARY_PATH} PYTHONPATH=/root/ros2_ws/src/install/visibility_graph_msg/local/lib/python3.10/dist-packages:${PYTHONPATH} /usr/bin/cmake --build /root/ros2_ws/src/build/far_planner -- -j24 -l24
[1.592s] DEBUG:colcon.colcon_core.event_handler.log_command:Invoking command in '/root/ros2_ws/src/build/far_planner': AMENT_PREFIX_PATH=/root/ros2_ws/src/install/visibility_graph_msg:${AMENT_PREFIX_PATH} CMAKE_PREFIX_PATH=/root/ros2_ws/src/install/visibility_graph_msg:/opt/ros/humble LD_LIBRARY_PATH=/root/ros2_ws/src/install/visibility_graph_msg/lib:${LD_LIBRARY_PATH} PYTHONPATH=/root/ros2_ws/src/install/visibility_graph_msg/local/lib/python3.10/dist-packages:${PYTHONPATH} /usr/bin/cmake --install /root/ros2_ws/src/build/far_planner
[1.594s] INFO:colcon.colcon_ros.task.ament_cmake.build:Building ROS package in '/root/ros2_ws/src/utilities/calibrate_imu' with build type 'ament_cmake'
[1.595s] INFO:colcon.colcon_cmake.task.cmake.build:Building CMake package in '/root/ros2_ws/src/utilities/calibrate_imu'
[1.595s] INFO:colcon.colcon_core.shell:Skip shell extension 'powershell' for command environment: Not usable outside of PowerShell
[1.595s] DEBUG:colcon.colcon_core.shell:Skip shell extension 'dsv' for command environment
[1.600s] INFO:colcon.colcon_ros.task.ament_cmake.build:Building ROS package in '/root/ros2_ws/src/base_autonomy/local_planner' with build type 'ament_cmake'
[1.600s] INFO:colcon.colcon_cmake.task.cmake.build:Building CMake package in '/root/ros2_ws/src/base_autonomy/local_planner'
[1.600s] INFO:colcon.colcon_core.shell:Skip shell extension 'powershell' for command environment: Not usable outside of PowerShell
[1.600s] DEBUG:colcon.colcon_core.shell:Skip shell extension 'dsv' for command environment
[1.609s] Level 1:colcon.colcon_core.environment:create_environment_scripts_only(rviz_2d_overlay_plugins)
[1.609s] Level 1:colcon.colcon_core.environment:checking '/root/ros2_ws/src/install/rviz_2d_overlay_plugins' for CMake module files
[1.611s] Level 1:colcon.colcon_core.environment:checking '/root/ros2_ws/src/install/rviz_2d_overlay_plugins' for CMake config files
[1.611s] DEBUG:colcon.colcon_core.event_handler.log_command:Invoked command in '/root/ros2_ws/src/build/rviz_2d_overlay_plugins' returned '0': AMENT_PREFIX_PATH=/root/ros2_ws/src/install/rviz_2d_overlay_msgs:${AMENT_PREFIX_PATH} CMAKE_PREFIX_PATH=/root/ros2_ws/src/install/rviz_2d_overlay_msgs:/opt/ros/humble LD_LIBRARY_PATH=/root/ros2_ws/src/install/rviz_2d_overlay_msgs/lib:${LD_LIBRARY_PATH} PYTHONPATH=/root/ros2_ws/src/install/rviz_2d_overlay_msgs/local/lib/python3.10/dist-packages:${PYTHONPATH} /usr/bin/cmake --install /root/ros2_ws/src/build/rviz_2d_overlay_plugins
[1.612s] Level 1:colcon.colcon_core.shell:create_environment_hook('rviz_2d_overlay_plugins', 'cmake_prefix_path')
[1.612s] INFO:colcon.colcon_core.shell:Creating environment hook '/root/ros2_ws/src/install/rviz_2d_overlay_plugins/share/rviz_2d_overlay_plugins/hook/cmake_prefix_path.ps1'
[1.613s] INFO:colcon.colcon_core.shell:Creating environment descriptor '/root/ros2_ws/src/install/rviz_2d_overlay_plugins/share/rviz_2d_overlay_plugins/hook/cmake_prefix_path.dsv'
[1.613s] INFO:colcon.colcon_core.shell:Creating environment hook '/root/ros2_ws/src/install/rviz_2d_overlay_plugins/share/rviz_2d_overlay_plugins/hook/cmake_prefix_path.sh'
[1.613s] Level 1:colcon.colcon_core.environment:checking '/root/ros2_ws/src/install/rviz_2d_overlay_plugins/lib'
[1.613s] Level 1:colcon.colcon_core.shell:create_environment_hook('rviz_2d_overlay_plugins', 'ld_library_path_lib')
[1.613s] INFO:colcon.colcon_core.shell:Creating environment hook '/root/ros2_ws/src/install/rviz_2d_overlay_plugins/share/rviz_2d_overlay_plugins/hook/ld_library_path_lib.ps1'
[1.614s] INFO:colcon.colcon_core.shell:Creating environment descriptor '/root/ros2_ws/src/install/rviz_2d_overlay_plugins/share/rviz_2d_overlay_plugins/hook/ld_library_path_lib.dsv'
[1.614s] INFO:colcon.colcon_core.shell:Creating environment hook '/root/ros2_ws/src/install/rviz_2d_overlay_plugins/share/rviz_2d_overlay_plugins/hook/ld_library_path_lib.sh'
[1.614s] Level 1:colcon.colcon_core.environment:checking '/root/ros2_ws/src/install/rviz_2d_overlay_plugins/bin'
[1.614s] Level 1:colcon.colcon_core.environment:checking '/root/ros2_ws/src/install/rviz_2d_overlay_plugins/lib/pkgconfig/rviz_2d_overlay_plugins.pc'
[1.615s] Level 1:colcon.colcon_core.environment:checking '/root/ros2_ws/src/install/rviz_2d_overlay_plugins/lib/python3.10/site-packages'
[1.615s] Level 1:colcon.colcon_core.environment:checking '/root/ros2_ws/src/install/rviz_2d_overlay_plugins/bin'
[1.615s] INFO:colcon.colcon_core.shell:Creating package script '/root/ros2_ws/src/install/rviz_2d_overlay_plugins/share/rviz_2d_overlay_plugins/package.ps1'
[1.616s] INFO:colcon.colcon_core.shell:Creating package descriptor '/root/ros2_ws/src/install/rviz_2d_overlay_plugins/share/rviz_2d_overlay_plugins/package.dsv'
[1.616s] INFO:colcon.colcon_core.shell:Creating package script '/root/ros2_ws/src/install/rviz_2d_overlay_plugins/share/rviz_2d_overlay_plugins/package.sh'
[1.616s] INFO:colcon.colcon_core.shell:Creating package script '/root/ros2_ws/src/install/rviz_2d_overlay_plugins/share/rviz_2d_overlay_plugins/package.bash'
[1.617s] INFO:colcon.colcon_core.shell:Creating package script '/root/ros2_ws/src/install/rviz_2d_overlay_plugins/share/rviz_2d_overlay_plugins/package.zsh'
[1.617s] Level 1:colcon.colcon_core.environment:create_file_with_runtime_dependencies(/root/ros2_ws/src/install/rviz_2d_overlay_plugins/share/colcon-core/packages/rviz_2d_overlay_plugins)
[1.618s] Level 1:colcon.colcon_core.environment:create_environment_scripts_only(rviz_2d_overlay_plugins)
[1.618s] Level 1:colcon.colcon_core.environment:checking '/root/ros2_ws/src/install/rviz_2d_overlay_plugins' for CMake module files
[1.618s] Level 1:colcon.colcon_core.environment:checking '/root/ros2_ws/src/install/rviz_2d_overlay_plugins' for CMake config files
[1.618s] Level 1:colcon.colcon_core.shell:create_environment_hook('rviz_2d_overlay_plugins', 'cmake_prefix_path')
[1.618s] INFO:colcon.colcon_core.shell:Creating environment hook '/root/ros2_ws/src/install/rviz_2d_overlay_plugins/share/rviz_2d_overlay_plugins/hook/cmake_prefix_path.ps1'
[1.619s] INFO:colcon.colcon_core.shell:Creating environment descriptor '/root/ros2_ws/src/install/rviz_2d_overlay_plugins/share/rviz_2d_overlay_plugins/hook/cmake_prefix_path.dsv'
[1.619s] INFO:colcon.colcon_core.shell:Creating environment hook '/root/ros2_ws/src/install/rviz_2d_overlay_plugins/share/rviz_2d_overlay_plugins/hook/cmake_prefix_path.sh'
[1.619s] Level 1:colcon.colcon_core.environment:checking '/root/ros2_ws/src/install/rviz_2d_overlay_plugins/lib'
[1.619s] Level 1:colcon.colcon_core.shell:create_environment_hook('rviz_2d_overlay_plugins', 'ld_library_path_lib')
[1.620s] INFO:colcon.colcon_core.shell:Creating environment hook '/root/ros2_ws/src/install/rviz_2d_overlay_plugins/share/rviz_2d_overlay_plugins/hook/ld_library_path_lib.ps1'
[1.620s] INFO:colcon.colcon_core.shell:Creating environment descriptor '/root/ros2_ws/src/install/rviz_2d_overlay_plugins/share/rviz_2d_overlay_plugins/hook/ld_library_path_lib.dsv'
[1.620s] INFO:colcon.colcon_core.shell:Creating environment hook '/root/ros2_ws/src/install/rviz_2d_overlay_plugins/share/rviz_2d_overlay_plugins/hook/ld_library_path_lib.sh'
[1.620s] Level 1:colcon.colcon_core.environment:checking '/root/ros2_ws/src/install/rviz_2d_overlay_plugins/bin'
[1.620s] Level 1:colcon.colcon_core.environment:checking '/root/ros2_ws/src/install/rviz_2d_overlay_plugins/lib/pkgconfig/rviz_2d_overlay_plugins.pc'
[1.621s] Level 1:colcon.colcon_core.environment:checking '/root/ros2_ws/src/install/rviz_2d_overlay_plugins/lib/python3.10/site-packages'
[1.621s] Level 1:colcon.colcon_core.environment:checking '/root/ros2_ws/src/install/rviz_2d_overlay_plugins/bin'
[1.621s] INFO:colcon.colcon_core.shell:Creating package script '/root/ros2_ws/src/install/rviz_2d_overlay_plugins/share/rviz_2d_overlay_plugins/package.ps1'
[1.622s] INFO:colcon.colcon_core.shell:Creating package descriptor '/root/ros2_ws/src/install/rviz_2d_overlay_plugins/share/rviz_2d_overlay_plugins/package.dsv'
[1.622s] INFO:colcon.colcon_core.shell:Creating package script '/root/ros2_ws/src/install/rviz_2d_overlay_plugins/share/rviz_2d_overlay_plugins/package.sh'
[1.622s] INFO:colcon.colcon_core.shell:Creating package script '/root/ros2_ws/src/install/rviz_2d_overlay_plugins/share/rviz_2d_overlay_plugins/package.bash'
[1.623s] INFO:colcon.colcon_core.shell:Creating package script '/root/ros2_ws/src/install/rviz_2d_overlay_plugins/share/rviz_2d_overlay_plugins/package.zsh'
[1.623s] Level 1:colcon.colcon_core.environment:create_file_with_runtime_dependencies(/root/ros2_ws/src/install/rviz_2d_overlay_plugins/share/colcon-core/packages/rviz_2d_overlay_plugins)
[1.624s] DEBUG:colcon.colcon_core.event_handler.log_command:Invoked command in '/root/ros2_ws/src/build/super_odometry' returned '0': AMENT_PREFIX_PATH=/root/ros2_ws/src/install/super_odometry_msgs:/root/ros2_ws/src/install/livox_ros_driver2:${AMENT_PREFIX_PATH} CMAKE_PREFIX_PATH=/root/ros2_ws/src/install/super_odometry_msgs:/root/ros2_ws/src/install/livox_ros_driver2:/opt/ros/humble LD_LIBRARY_PATH=/root/ros2_ws/src/install/super_odometry_msgs/lib:/root/ros2_ws/src/install/livox_ros_driver2/lib:${LD_LIBRARY_PATH} PYTHONPATH=/root/ros2_ws/src/install/super_odometry_msgs/local/lib/python3.10/dist-packages:/root/ros2_ws/src/install/livox_ros_driver2/local/lib/python3.10/dist-packages:${PYTHONPATH} /usr/bin/cmake --build /root/ros2_ws/src/build/super_odometry -- -j24 -l24
[1.625s] DEBUG:colcon.colcon_core.event_handler.log_command:Invoking command in '/root/ros2_ws/src/build/super_odometry': AMENT_PREFIX_PATH=/root/ros2_ws/src/install/super_odometry_msgs:/root/ros2_ws/src/install/livox_ros_driver2:${AMENT_PREFIX_PATH} CMAKE_PREFIX_PATH=/root/ros2_ws/src/install/super_odometry_msgs:/root/ros2_ws/src/install/livox_ros_driver2:/opt/ros/humble LD_LIBRARY_PATH=/root/ros2_ws/src/install/super_odometry_msgs/lib:/root/ros2_ws/src/install/livox_ros_driver2/lib:${LD_LIBRARY_PATH} PYTHONPATH=/root/ros2_ws/src/install/super_odometry_msgs/local/lib/python3.10/dist-packages:/root/ros2_ws/src/install/livox_ros_driver2/local/lib/python3.10/dist-packages:${PYTHONPATH} /usr/bin/cmake --install /root/ros2_ws/src/build/super_odometry
[1.628s] DEBUG:colcon.colcon_core.event_handler.log_command:Invoking command in '/root/ros2_ws/src/build/calibrate_imu': AMENT_PREFIX_PATH=/root/ros2_ws/src/install/go2_sport_api:/root/ros2_ws/src/install/unitree_go:/root/ros2_ws/src/install/unitree_api:${AMENT_PREFIX_PATH} CMAKE_PREFIX_PATH=/root/ros2_ws/src/install/go2_sport_api:/root/ros2_ws/src/install/unitree_go:/root/ros2_ws/src/install/unitree_api:/opt/ros/humble LD_LIBRARY_PATH=/root/ros2_ws/src/install/go2_sport_api/lib:/root/ros2_ws/src/install/unitree_go/lib:/root/ros2_ws/src/install/unitree_api/lib:${LD_LIBRARY_PATH} PYTHONPATH=/root/ros2_ws/src/install/unitree_go/local/lib/python3.10/dist-packages:/root/ros2_ws/src/install/unitree_api/local/lib/python3.10/dist-packages:${PYTHONPATH} /usr/bin/cmake --build /root/ros2_ws/src/build/calibrate_imu -- -j24 -l24
[1.632s] Level 1:colcon.colcon_core.environment:create_environment_scripts_only(far_planner)
[1.632s] Level 1:colcon.colcon_core.environment:checking '/root/ros2_ws/src/install/far_planner' for CMake module files
[1.633s] DEBUG:colcon.colcon_core.event_handler.log_command:Invoking command in '/root/ros2_ws/src/build/local_planner': AMENT_PREFIX_PATH=/root/ros2_ws/src/install/go2_sport_api:/root/ros2_ws/src/install/unitree_go:/root/ros2_ws/src/install/unitree_api:${AMENT_PREFIX_PATH} CMAKE_PREFIX_PATH=/root/ros2_ws/src/install/go2_sport_api:/root/ros2_ws/src/install/unitree_go:/root/ros2_ws/src/install/unitree_api:/opt/ros/humble LD_LIBRARY_PATH=/root/ros2_ws/src/install/go2_sport_api/lib:/root/ros2_ws/src/install/unitree_go/lib:/root/ros2_ws/src/install/unitree_api/lib:${LD_LIBRARY_PATH} PYTHONPATH=/root/ros2_ws/src/install/unitree_go/local/lib/python3.10/dist-packages:/root/ros2_ws/src/install/unitree_api/local/lib/python3.10/dist-packages:${PYTHONPATH} /usr/bin/cmake --build /root/ros2_ws/src/build/local_planner -- -j24 -l24
[1.633s] DEBUG:colcon.colcon_core.event_handler.log_command:Invoked command in '/root/ros2_ws/src/build/far_planner' returned '0': AMENT_PREFIX_PATH=/root/ros2_ws/src/install/visibility_graph_msg:${AMENT_PREFIX_PATH} CMAKE_PREFIX_PATH=/root/ros2_ws/src/install/visibility_graph_msg:/opt/ros/humble LD_LIBRARY_PATH=/root/ros2_ws/src/install/visibility_graph_msg/lib:${LD_LIBRARY_PATH} PYTHONPATH=/root/ros2_ws/src/install/visibility_graph_msg/local/lib/python3.10/dist-packages:${PYTHONPATH} /usr/bin/cmake --install /root/ros2_ws/src/build/far_planner
[1.633s] Level 1:colcon.colcon_core.environment:checking '/root/ros2_ws/src/install/far_planner' for CMake config files
[1.634s] Level 1:colcon.colcon_core.shell:create_environment_hook('far_planner', 'cmake_prefix_path')
[1.634s] INFO:colcon.colcon_core.shell:Creating environment hook '/root/ros2_ws/src/install/far_planner/share/far_planner/hook/cmake_prefix_path.ps1'
[1.635s] INFO:colcon.colcon_core.shell:Creating environment descriptor '/root/ros2_ws/src/install/far_planner/share/far_planner/hook/cmake_prefix_path.dsv'
[1.635s] INFO:colcon.colcon_core.shell:Creating environment hook '/root/ros2_ws/src/install/far_planner/share/far_planner/hook/cmake_prefix_path.sh'
[1.635s] Level 1:colcon.colcon_core.environment:checking '/root/ros2_ws/src/install/far_planner/lib'
[1.637s] Level 1:colcon.colcon_core.environment:checking '/root/ros2_ws/src/install/far_planner/bin'
[1.637s] Level 1:colcon.colcon_core.environment:checking '/root/ros2_ws/src/install/far_planner/lib/pkgconfig/far_planner.pc'
[1.641s] Level 1:colcon.colcon_core.environment:checking '/root/ros2_ws/src/install/far_planner/lib/python3.10/site-packages'
[1.642s] Level 1:colcon.colcon_core.environment:checking '/root/ros2_ws/src/install/far_planner/bin'
[1.643s] INFO:colcon.colcon_core.shell:Creating package script '/root/ros2_ws/src/install/far_planner/share/far_planner/package.ps1'
[1.643s] INFO:colcon.colcon_core.shell:Creating package descriptor '/root/ros2_ws/src/install/far_planner/share/far_planner/package.dsv'
[1.643s] INFO:colcon.colcon_core.shell:Creating package script '/root/ros2_ws/src/install/far_planner/share/far_planner/package.sh'
[1.644s] INFO:colcon.colcon_core.shell:Creating package script '/root/ros2_ws/src/install/far_planner/share/far_planner/package.bash'
[1.644s] INFO:colcon.colcon_core.shell:Creating package script '/root/ros2_ws/src/install/far_planner/share/far_planner/package.zsh'
[1.644s] Level 1:colcon.colcon_core.environment:create_file_with_runtime_dependencies(/root/ros2_ws/src/install/far_planner/share/colcon-core/packages/far_planner)
[1.644s] Level 1:colcon.colcon_core.environment:create_environment_scripts_only(far_planner)
[1.645s] Level 1:colcon.colcon_core.environment:checking '/root/ros2_ws/src/install/far_planner' for CMake module files
[1.645s] Level 1:colcon.colcon_core.environment:checking '/root/ros2_ws/src/install/far_planner' for CMake config files
[1.645s] Level 1:colcon.colcon_core.shell:create_environment_hook('far_planner', 'cmake_prefix_path')
[1.645s] INFO:colcon.colcon_core.shell:Creating environment hook '/root/ros2_ws/src/install/far_planner/share/far_planner/hook/cmake_prefix_path.ps1'
[1.645s] INFO:colcon.colcon_core.shell:Creating environment descriptor '/root/ros2_ws/src/install/far_planner/share/far_planner/hook/cmake_prefix_path.dsv'
[1.646s] INFO:colcon.colcon_core.shell:Creating environment hook '/root/ros2_ws/src/install/far_planner/share/far_planner/hook/cmake_prefix_path.sh'
[1.646s] Level 1:colcon.colcon_core.environment:checking '/root/ros2_ws/src/install/far_planner/lib'
[1.647s] Level 1:colcon.colcon_core.environment:checking '/root/ros2_ws/src/install/far_planner/bin'
[1.647s] Level 1:colcon.colcon_core.environment:checking '/root/ros2_ws/src/install/far_planner/lib/pkgconfig/far_planner.pc'
[1.647s] Level 1:colcon.colcon_core.environment:checking '/root/ros2_ws/src/install/far_planner/lib/python3.10/site-packages'
[1.648s] Level 1:colcon.colcon_core.environment:checking '/root/ros2_ws/src/install/far_planner/bin'
[1.648s] INFO:colcon.colcon_core.shell:Creating package script '/root/ros2_ws/src/install/far_planner/share/far_planner/package.ps1'
[1.648s] INFO:colcon.colcon_core.shell:Creating package descriptor '/root/ros2_ws/src/install/far_planner/share/far_planner/package.dsv'
[1.648s] INFO:colcon.colcon_core.shell:Creating package script '/root/ros2_ws/src/install/far_planner/share/far_planner/package.sh'
[1.649s] INFO:colcon.colcon_core.shell:Creating package script '/root/ros2_ws/src/install/far_planner/share/far_planner/package.bash'
[1.649s] INFO:colcon.colcon_core.shell:Creating package script '/root/ros2_ws/src/install/far_planner/share/far_planner/package.zsh'
[1.649s] Level 1:colcon.colcon_core.environment:create_file_with_runtime_dependencies(/root/ros2_ws/src/install/far_planner/share/colcon-core/packages/far_planner)
[1.655s] Level 1:colcon.colcon_core.environment:create_environment_scripts_only(super_odometry)
[1.655s] Level 1:colcon.colcon_core.environment:checking '/root/ros2_ws/src/install/super_odometry' for CMake module files
[1.656s] Level 1:colcon.colcon_core.environment:checking '/root/ros2_ws/src/install/super_odometry' for CMake config files
[1.657s] DEBUG:colcon.colcon_core.event_handler.log_command:Invoked command in '/root/ros2_ws/src/build/super_odometry' returned '0': AMENT_PREFIX_PATH=/root/ros2_ws/src/install/super_odometry_msgs:/root/ros2_ws/src/install/livox_ros_driver2:${AMENT_PREFIX_PATH} CMAKE_PREFIX_PATH=/root/ros2_ws/src/install/super_odometry_msgs:/root/ros2_ws/src/install/livox_ros_driver2:/opt/ros/humble LD_LIBRARY_PATH=/root/ros2_ws/src/install/super_odometry_msgs/lib:/root/ros2_ws/src/install/livox_ros_driver2/lib:${LD_LIBRARY_PATH} PYTHONPATH=/root/ros2_ws/src/install/super_odometry_msgs/local/lib/python3.10/dist-packages:/root/ros2_ws/src/install/livox_ros_driver2/local/lib/python3.10/dist-packages:${PYTHONPATH} /usr/bin/cmake --install /root/ros2_ws/src/build/super_odometry
[1.657s] Level 1:colcon.colcon_core.shell:create_environment_hook('super_odometry', 'cmake_prefix_path')
[1.657s] INFO:colcon.colcon_core.shell:Creating environment hook '/root/ros2_ws/src/install/super_odometry/share/super_odometry/hook/cmake_prefix_path.ps1'
[1.658s] INFO:colcon.colcon_core.shell:Creating environment descriptor '/root/ros2_ws/src/install/super_odometry/share/super_odometry/hook/cmake_prefix_path.dsv'
[1.658s] INFO:colcon.colcon_core.shell:Creating environment hook '/root/ros2_ws/src/install/super_odometry/share/super_odometry/hook/cmake_prefix_path.sh'
[1.658s] Level 1:colcon.colcon_core.environment:checking '/root/ros2_ws/src/install/super_odometry/lib'
[1.658s] Level 1:colcon.colcon_core.shell:create_environment_hook('super_odometry', 'ld_library_path_lib')
[1.658s] INFO:colcon.colcon_core.shell:Creating environment hook '/root/ros2_ws/src/install/super_odometry/share/super_odometry/hook/ld_library_path_lib.ps1'
[1.659s] INFO:colcon.colcon_core.shell:Creating environment descriptor '/root/ros2_ws/src/install/super_odometry/share/super_odometry/hook/ld_library_path_lib.dsv'
[1.659s] INFO:colcon.colcon_core.shell:Creating environment hook '/root/ros2_ws/src/install/super_odometry/share/super_odometry/hook/ld_library_path_lib.sh'
[1.659s] Level 1:colcon.colcon_core.environment:checking '/root/ros2_ws/src/install/super_odometry/bin'
[1.659s] Level 1:colcon.colcon_core.environment:checking '/root/ros2_ws/src/install/super_odometry/lib/pkgconfig/super_odometry.pc'
[1.660s] Level 1:colcon.colcon_core.environment:checking '/root/ros2_ws/src/install/super_odometry/lib/python3.10/site-packages'
[1.660s] Level 1:colcon.colcon_core.environment:checking '/root/ros2_ws/src/install/super_odometry/bin'
[1.662s] INFO:colcon.colcon_core.shell:Creating package script '/root/ros2_ws/src/install/super_odometry/share/super_odometry/package.ps1'
[1.663s] INFO:colcon.colcon_core.shell:Creating package descriptor '/root/ros2_ws/src/install/super_odometry/share/super_odometry/package.dsv'
[1.663s] INFO:colcon.colcon_core.shell:Creating package script '/root/ros2_ws/src/install/super_odometry/share/super_odometry/package.sh'
[1.663s] INFO:colcon.colcon_core.shell:Creating package script '/root/ros2_ws/src/install/super_odometry/share/super_odometry/package.bash'
[1.664s] INFO:colcon.colcon_core.shell:Creating package script '/root/ros2_ws/src/install/super_odometry/share/super_odometry/package.zsh'
[1.664s] Level 1:colcon.colcon_core.environment:create_file_with_runtime_dependencies(/root/ros2_ws/src/install/super_odometry/share/colcon-core/packages/super_odometry)
[1.664s] Level 1:colcon.colcon_core.environment:create_environment_scripts_only(super_odometry)
[1.664s] Level 1:colcon.colcon_core.environment:checking '/root/ros2_ws/src/install/super_odometry' for CMake module files
[1.665s] Level 1:colcon.colcon_core.environment:checking '/root/ros2_ws/src/install/super_odometry' for CMake config files
[1.665s] Level 1:colcon.colcon_core.shell:create_environment_hook('super_odometry', 'cmake_prefix_path')
[1.665s] INFO:colcon.colcon_core.shell:Creating environment hook '/root/ros2_ws/src/install/super_odometry/share/super_odometry/hook/cmake_prefix_path.ps1'
[1.665s] INFO:colcon.colcon_core.shell:Creating environment descriptor '/root/ros2_ws/src/install/super_odometry/share/super_odometry/hook/cmake_prefix_path.dsv'
[1.666s] INFO:colcon.colcon_core.shell:Creating environment hook '/root/ros2_ws/src/install/super_odometry/share/super_odometry/hook/cmake_prefix_path.sh'
[1.666s] Level 1:colcon.colcon_core.environment:checking '/root/ros2_ws/src/install/super_odometry/lib'
[1.666s] Level 1:colcon.colcon_core.shell:create_environment_hook('super_odometry', 'ld_library_path_lib')
[1.666s] INFO:colcon.colcon_core.shell:Creating environment hook '/root/ros2_ws/src/install/super_odometry/share/super_odometry/hook/ld_library_path_lib.ps1'
[1.666s] INFO:colcon.colcon_core.shell:Creating environment descriptor '/root/ros2_ws/src/install/super_odometry/share/super_odometry/hook/ld_library_path_lib.dsv'
[1.667s] INFO:colcon.colcon_core.shell:Creating environment hook '/root/ros2_ws/src/install/super_odometry/share/super_odometry/hook/ld_library_path_lib.sh'
[1.667s] Level 1:colcon.colcon_core.environment:checking '/root/ros2_ws/src/install/super_odometry/bin'
[1.667s] Level 1:colcon.colcon_core.environment:checking '/root/ros2_ws/src/install/super_odometry/lib/pkgconfig/super_odometry.pc'
[1.667s] Level 1:colcon.colcon_core.environment:checking '/root/ros2_ws/src/install/super_odometry/lib/python3.10/site-packages'
[1.668s] Level 1:colcon.colcon_core.environment:checking '/root/ros2_ws/src/install/super_odometry/bin'
[1.668s] INFO:colcon.colcon_core.shell:Creating package script '/root/ros2_ws/src/install/super_odometry/share/super_odometry/package.ps1'
[1.668s] INFO:colcon.colcon_core.shell:Creating package descriptor '/root/ros2_ws/src/install/super_odometry/share/super_odometry/package.dsv'
[1.668s] INFO:colcon.colcon_core.shell:Creating package script '/root/ros2_ws/src/install/super_odometry/share/super_odometry/package.sh'
[1.669s] INFO:colcon.colcon_core.shell:Creating package script '/root/ros2_ws/src/install/super_odometry/share/super_odometry/package.bash'
[1.669s] INFO:colcon.colcon_core.shell:Creating package script '/root/ros2_ws/src/install/super_odometry/share/super_odometry/package.zsh'
[1.669s] Level 1:colcon.colcon_core.environment:create_file_with_runtime_dependencies(/root/ros2_ws/src/install/super_odometry/share/colcon-core/packages/super_odometry)
[1.692s] DEBUG:colcon.colcon_core.event_handler.log_command:Invoked command in '/root/ros2_ws/src/build/calibrate_imu' returned '0': AMENT_PREFIX_PATH=/root/ros2_ws/src/install/go2_sport_api:/root/ros2_ws/src/install/unitree_go:/root/ros2_ws/src/install/unitree_api:${AMENT_PREFIX_PATH} CMAKE_PREFIX_PATH=/root/ros2_ws/src/install/go2_sport_api:/root/ros2_ws/src/install/unitree_go:/root/ros2_ws/src/install/unitree_api:/opt/ros/humble LD_LIBRARY_PATH=/root/ros2_ws/src/install/go2_sport_api/lib:/root/ros2_ws/src/install/unitree_go/lib:/root/ros2_ws/src/install/unitree_api/lib:${LD_LIBRARY_PATH} PYTHONPATH=/root/ros2_ws/src/install/unitree_go/local/lib/python3.10/dist-packages:/root/ros2_ws/src/install/unitree_api/local/lib/python3.10/dist-packages:${PYTHONPATH} /usr/bin/cmake --build /root/ros2_ws/src/build/calibrate_imu -- -j24 -l24
[1.694s] DEBUG:colcon.colcon_core.event_handler.log_command:Invoking command in '/root/ros2_ws/src/build/calibrate_imu': AMENT_PREFIX_PATH=/root/ros2_ws/src/install/go2_sport_api:/root/ros2_ws/src/install/unitree_go:/root/ros2_ws/src/install/unitree_api:${AMENT_PREFIX_PATH} CMAKE_PREFIX_PATH=/root/ros2_ws/src/install/go2_sport_api:/root/ros2_ws/src/install/unitree_go:/root/ros2_ws/src/install/unitree_api:/opt/ros/humble LD_LIBRARY_PATH=/root/ros2_ws/src/install/go2_sport_api/lib:/root/ros2_ws/src/install/unitree_go/lib:/root/ros2_ws/src/install/unitree_api/lib:${LD_LIBRARY_PATH} PYTHONPATH=/root/ros2_ws/src/install/unitree_go/local/lib/python3.10/dist-packages:/root/ros2_ws/src/install/unitree_api/local/lib/python3.10/dist-packages:${PYTHONPATH} /usr/bin/cmake --install /root/ros2_ws/src/build/calibrate_imu
[1.706s] Level 1:colcon.colcon_core.environment:create_environment_scripts_only(calibrate_imu)
[1.706s] Level 1:colcon.colcon_core.environment:checking '/root/ros2_ws/src/install/calibrate_imu' for CMake module files
[1.706s] DEBUG:colcon.colcon_core.event_handler.log_command:Invoked command in '/root/ros2_ws/src/build/calibrate_imu' returned '0': AMENT_PREFIX_PATH=/root/ros2_ws/src/install/go2_sport_api:/root/ros2_ws/src/install/unitree_go:/root/ros2_ws/src/install/unitree_api:${AMENT_PREFIX_PATH} CMAKE_PREFIX_PATH=/root/ros2_ws/src/install/go2_sport_api:/root/ros2_ws/src/install/unitree_go:/root/ros2_ws/src/install/unitree_api:/opt/ros/humble LD_LIBRARY_PATH=/root/ros2_ws/src/install/go2_sport_api/lib:/root/ros2_ws/src/install/unitree_go/lib:/root/ros2_ws/src/install/unitree_api/lib:${LD_LIBRARY_PATH} PYTHONPATH=/root/ros2_ws/src/install/unitree_go/local/lib/python3.10/dist-packages:/root/ros2_ws/src/install/unitree_api/local/lib/python3.10/dist-packages:${PYTHONPATH} /usr/bin/cmake --install /root/ros2_ws/src/build/calibrate_imu
[1.707s] Level 1:colcon.colcon_core.environment:checking '/root/ros2_ws/src/install/calibrate_imu' for CMake config files
[1.707s] Level 1:colcon.colcon_core.shell:create_environment_hook('calibrate_imu', 'cmake_prefix_path')
[1.707s] INFO:colcon.colcon_core.shell:Creating environment hook '/root/ros2_ws/src/install/calibrate_imu/share/calibrate_imu/hook/cmake_prefix_path.ps1'
[1.708s] INFO:colcon.colcon_core.shell:Creating environment descriptor '/root/ros2_ws/src/install/calibrate_imu/share/calibrate_imu/hook/cmake_prefix_path.dsv'
[1.708s] INFO:colcon.colcon_core.shell:Creating environment hook '/root/ros2_ws/src/install/calibrate_imu/share/calibrate_imu/hook/cmake_prefix_path.sh'
[1.708s] Level 1:colcon.colcon_core.environment:checking '/root/ros2_ws/src/install/calibrate_imu/lib'
[1.708s] Level 1:colcon.colcon_core.environment:checking '/root/ros2_ws/src/install/calibrate_imu/bin'
[1.709s] Level 1:colcon.colcon_core.environment:checking '/root/ros2_ws/src/install/calibrate_imu/lib/pkgconfig/calibrate_imu.pc'
[1.709s] Level 1:colcon.colcon_core.environment:checking '/root/ros2_ws/src/install/calibrate_imu/lib/python3.10/site-packages'
[1.709s] Level 1:colcon.colcon_core.environment:checking '/root/ros2_ws/src/install/calibrate_imu/bin'
[1.709s] INFO:colcon.colcon_core.shell:Creating package script '/root/ros2_ws/src/install/calibrate_imu/share/calibrate_imu/package.ps1'
[1.709s] INFO:colcon.colcon_core.shell:Creating package descriptor '/root/ros2_ws/src/install/calibrate_imu/share/calibrate_imu/package.dsv'
[1.710s] INFO:colcon.colcon_core.shell:Creating package script '/root/ros2_ws/src/install/calibrate_imu/share/calibrate_imu/package.sh'
[1.710s] INFO:colcon.colcon_core.shell:Creating package script '/root/ros2_ws/src/install/calibrate_imu/share/calibrate_imu/package.bash'
[1.710s] INFO:colcon.colcon_core.shell:Creating package script '/root/ros2_ws/src/install/calibrate_imu/share/calibrate_imu/package.zsh'
[1.710s] Level 1:colcon.colcon_core.environment:create_file_with_runtime_dependencies(/root/ros2_ws/src/install/calibrate_imu/share/colcon-core/packages/calibrate_imu)
[1.711s] Level 1:colcon.colcon_core.environment:create_environment_scripts_only(calibrate_imu)
[1.711s] Level 1:colcon.colcon_core.environment:checking '/root/ros2_ws/src/install/calibrate_imu' for CMake module files
[1.711s] Level 1:colcon.colcon_core.environment:checking '/root/ros2_ws/src/install/calibrate_imu' for CMake config files
[1.711s] Level 1:colcon.colcon_core.shell:create_environment_hook('calibrate_imu', 'cmake_prefix_path')
[1.712s] INFO:colcon.colcon_core.shell:Creating environment hook '/root/ros2_ws/src/install/calibrate_imu/share/calibrate_imu/hook/cmake_prefix_path.ps1'
[1.712s] INFO:colcon.colcon_core.shell:Creating environment descriptor '/root/ros2_ws/src/install/calibrate_imu/share/calibrate_imu/hook/cmake_prefix_path.dsv'
[1.712s] INFO:colcon.colcon_core.shell:Creating environment hook '/root/ros2_ws/src/install/calibrate_imu/share/calibrate_imu/hook/cmake_prefix_path.sh'
[1.713s] Level 1:colcon.colcon_core.environment:checking '/root/ros2_ws/src/install/calibrate_imu/lib'
[1.713s] Level 1:colcon.colcon_core.environment:checking '/root/ros2_ws/src/install/calibrate_imu/bin'
[1.713s] Level 1:colcon.colcon_core.environment:checking '/root/ros2_ws/src/install/calibrate_imu/lib/pkgconfig/calibrate_imu.pc'
[1.713s] Level 1:colcon.colcon_core.environment:checking '/root/ros2_ws/src/install/calibrate_imu/lib/python3.10/site-packages'
[1.713s] Level 1:colcon.colcon_core.environment:checking '/root/ros2_ws/src/install/calibrate_imu/bin'
[1.713s] INFO:colcon.colcon_core.shell:Creating package script '/root/ros2_ws/src/install/calibrate_imu/share/calibrate_imu/package.ps1'
[1.714s] INFO:colcon.colcon_core.shell:Creating package descriptor '/root/ros2_ws/src/install/calibrate_imu/share/calibrate_imu/package.dsv'
[1.714s] INFO:colcon.colcon_core.shell:Creating package script '/root/ros2_ws/src/install/calibrate_imu/share/calibrate_imu/package.sh'
[1.714s] INFO:colcon.colcon_core.shell:Creating package script '/root/ros2_ws/src/install/calibrate_imu/share/calibrate_imu/package.bash'
[1.715s] INFO:colcon.colcon_core.shell:Creating package script '/root/ros2_ws/src/install/calibrate_imu/share/calibrate_imu/package.zsh'
[1.715s] Level 1:colcon.colcon_core.environment:create_file_with_runtime_dependencies(/root/ros2_ws/src/install/calibrate_imu/share/colcon-core/packages/calibrate_imu)
[1.720s] DEBUG:colcon.colcon_core.event_handler.log_command:Invoked command in '/root/ros2_ws/src/build/local_planner' returned '0': AMENT_PREFIX_PATH=/root/ros2_ws/src/install/go2_sport_api:/root/ros2_ws/src/install/unitree_go:/root/ros2_ws/src/install/unitree_api:${AMENT_PREFIX_PATH} CMAKE_PREFIX_PATH=/root/ros2_ws/src/install/go2_sport_api:/root/ros2_ws/src/install/unitree_go:/root/ros2_ws/src/install/unitree_api:/opt/ros/humble LD_LIBRARY_PATH=/root/ros2_ws/src/install/go2_sport_api/lib:/root/ros2_ws/src/install/unitree_go/lib:/root/ros2_ws/src/install/unitree_api/lib:${LD_LIBRARY_PATH} PYTHONPATH=/root/ros2_ws/src/install/unitree_go/local/lib/python3.10/dist-packages:/root/ros2_ws/src/install/unitree_api/local/lib/python3.10/dist-packages:${PYTHONPATH} /usr/bin/cmake --build /root/ros2_ws/src/build/local_planner -- -j24 -l24
[1.726s] DEBUG:colcon.colcon_core.event_handler.log_command:Invoking command in '/root/ros2_ws/src/build/local_planner': AMENT_PREFIX_PATH=/root/ros2_ws/src/install/go2_sport_api:/root/ros2_ws/src/install/unitree_go:/root/ros2_ws/src/install/unitree_api:${AMENT_PREFIX_PATH} CMAKE_PREFIX_PATH=/root/ros2_ws/src/install/go2_sport_api:/root/ros2_ws/src/install/unitree_go:/root/ros2_ws/src/install/unitree_api:/opt/ros/humble LD_LIBRARY_PATH=/root/ros2_ws/src/install/go2_sport_api/lib:/root/ros2_ws/src/install/unitree_go/lib:/root/ros2_ws/src/install/unitree_api/lib:${LD_LIBRARY_PATH} PYTHONPATH=/root/ros2_ws/src/install/unitree_go/local/lib/python3.10/dist-packages:/root/ros2_ws/src/install/unitree_api/local/lib/python3.10/dist-packages:${PYTHONPATH} /usr/bin/cmake --install /root/ros2_ws/src/build/local_planner
[1.735s] Level 1:colcon.colcon_core.environment:create_environment_scripts_only(local_planner)
[1.735s] Level 1:colcon.colcon_core.environment:checking '/root/ros2_ws/src/install/local_planner' for CMake module files
[1.736s] DEBUG:colcon.colcon_core.event_handler.log_command:Invoked command in '/root/ros2_ws/src/build/local_planner' returned '0': AMENT_PREFIX_PATH=/root/ros2_ws/src/install/go2_sport_api:/root/ros2_ws/src/install/unitree_go:/root/ros2_ws/src/install/unitree_api:${AMENT_PREFIX_PATH} CMAKE_PREFIX_PATH=/root/ros2_ws/src/install/go2_sport_api:/root/ros2_ws/src/install/unitree_go:/root/ros2_ws/src/install/unitree_api:/opt/ros/humble LD_LIBRARY_PATH=/root/ros2_ws/src/install/go2_sport_api/lib:/root/ros2_ws/src/install/unitree_go/lib:/root/ros2_ws/src/install/unitree_api/lib:${LD_LIBRARY_PATH} PYTHONPATH=/root/ros2_ws/src/install/unitree_go/local/lib/python3.10/dist-packages:/root/ros2_ws/src/install/unitree_api/local/lib/python3.10/dist-packages:${PYTHONPATH} /usr/bin/cmake --install /root/ros2_ws/src/build/local_planner
[1.736s] Level 1:colcon.colcon_core.environment:checking '/root/ros2_ws/src/install/local_planner' for CMake config files
[1.736s] Level 1:colcon.colcon_core.shell:create_environment_hook('local_planner', 'cmake_prefix_path')
[1.737s] INFO:colcon.colcon_core.shell:Creating environment hook '/root/ros2_ws/src/install/local_planner/share/local_planner/hook/cmake_prefix_path.ps1'
[1.737s] INFO:colcon.colcon_core.shell:Creating environment descriptor '/root/ros2_ws/src/install/local_planner/share/local_planner/hook/cmake_prefix_path.dsv'
[1.737s] INFO:colcon.colcon_core.shell:Creating environment hook '/root/ros2_ws/src/install/local_planner/share/local_planner/hook/cmake_prefix_path.sh'
[1.738s] Level 1:colcon.colcon_core.environment:checking '/root/ros2_ws/src/install/local_planner/lib'
[1.738s] Level 1:colcon.colcon_core.environment:checking '/root/ros2_ws/src/install/local_planner/bin'
[1.738s] Level 1:colcon.colcon_core.environment:checking '/root/ros2_ws/src/install/local_planner/lib/pkgconfig/local_planner.pc'
[1.738s] Level 1:colcon.colcon_core.environment:checking '/root/ros2_ws/src/install/local_planner/lib/python3.10/site-packages'
[1.738s] Level 1:colcon.colcon_core.environment:checking '/root/ros2_ws/src/install/local_planner/bin'
[1.738s] INFO:colcon.colcon_core.shell:Creating package script '/root/ros2_ws/src/install/local_planner/share/local_planner/package.ps1'
[1.739s] INFO:colcon.colcon_core.shell:Creating package descriptor '/root/ros2_ws/src/install/local_planner/share/local_planner/package.dsv'
[1.739s] INFO:colcon.colcon_core.shell:Creating package script '/root/ros2_ws/src/install/local_planner/share/local_planner/package.sh'
[1.739s] INFO:colcon.colcon_core.shell:Creating package script '/root/ros2_ws/src/install/local_planner/share/local_planner/package.bash'
[1.740s] INFO:colcon.colcon_core.shell:Creating package script '/root/ros2_ws/src/install/local_planner/share/local_planner/package.zsh'
[1.740s] Level 1:colcon.colcon_core.environment:create_file_with_runtime_dependencies(/root/ros2_ws/src/install/local_planner/share/colcon-core/packages/local_planner)
[1.740s] Level 1:colcon.colcon_core.environment:create_environment_scripts_only(local_planner)
[1.740s] Level 1:colcon.colcon_core.environment:checking '/root/ros2_ws/src/install/local_planner' for CMake module files
[1.741s] Level 1:colcon.colcon_core.environment:checking '/root/ros2_ws/src/install/local_planner' for CMake config files
[1.741s] Level 1:colcon.colcon_core.shell:create_environment_hook('local_planner', 'cmake_prefix_path')
[1.741s] INFO:colcon.colcon_core.shell:Creating environment hook '/root/ros2_ws/src/install/local_planner/share/local_planner/hook/cmake_prefix_path.ps1'
[1.741s] INFO:colcon.colcon_core.shell:Creating environment descriptor '/root/ros2_ws/src/install/local_planner/share/local_planner/hook/cmake_prefix_path.dsv'
[1.741s] INFO:colcon.colcon_core.shell:Creating environment hook '/root/ros2_ws/src/install/local_planner/share/local_planner/hook/cmake_prefix_path.sh'
[1.742s] Level 1:colcon.colcon_core.environment:checking '/root/ros2_ws/src/install/local_planner/lib'
[1.742s] Level 1:colcon.colcon_core.environment:checking '/root/ros2_ws/src/install/local_planner/bin'
[1.742s] Level 1:colcon.colcon_core.environment:checking '/root/ros2_ws/src/install/local_planner/lib/pkgconfig/local_planner.pc'
[1.742s] Level 1:colcon.colcon_core.environment:checking '/root/ros2_ws/src/install/local_planner/lib/python3.10/site-packages'
[1.742s] Level 1:colcon.colcon_core.environment:checking '/root/ros2_ws/src/install/local_planner/bin'
[1.743s] INFO:colcon.colcon_core.shell:Creating package script '/root/ros2_ws/src/install/local_planner/share/local_planner/package.ps1'
[1.743s] INFO:colcon.colcon_core.shell:Creating package descriptor '/root/ros2_ws/src/install/local_planner/share/local_planner/package.dsv'
[1.743s] INFO:colcon.colcon_core.shell:Creating package script '/root/ros2_ws/src/install/local_planner/share/local_planner/package.sh'
[1.743s] INFO:colcon.colcon_core.shell:Creating package script '/root/ros2_ws/src/install/local_planner/share/local_planner/package.bash'
[1.744s] INFO:colcon.colcon_core.shell:Creating package script '/root/ros2_ws/src/install/local_planner/share/local_planner/package.zsh'
[1.744s] Level 1:colcon.colcon_core.environment:create_file_with_runtime_dependencies(/root/ros2_ws/src/install/local_planner/share/colcon-core/packages/local_planner)
[1.792s] Level 1:colcon.colcon_core.environment:checking '/root/ros2_ws/src/install/transform_sensors' for CMake module files
[1.792s] DEBUG:colcon.colcon_core.event_handler.log_command:Invoked command in '/root/ros2_ws/src/utilities/transform_sensors' returned '0': PYTHONPATH=/root/ros2_ws/src/build/transform_sensors/prefix_override:/usr/lib/python3/dist-packages/colcon_core/task/python/colcon_distutils_commands:/root/ros2_ws/src/install/transform_sensors/lib/python3.10/site-packages:${PYTHONPATH} /usr/bin/python3 -W ignore:setup.py install is deprecated -W ignore:easy_install command is deprecated setup.py egg_info --egg-base ../../build/transform_sensors build --build-base /root/ros2_ws/src/build/transform_sensors/build install --record /root/ros2_ws/src/build/transform_sensors/install.log --install-scripts $base/lib/transform_sensors --single-version-externally-managed install_data
[1.792s] Level 1:colcon.colcon_core.environment:checking '/root/ros2_ws/src/install/transform_sensors' for CMake config files
[1.793s] Level 1:colcon.colcon_core.environment:checking '/root/ros2_ws/src/install/transform_sensors/lib'
[1.793s] Level 1:colcon.colcon_core.environment:checking '/root/ros2_ws/src/install/transform_sensors/bin'
[1.793s] Level 1:colcon.colcon_core.environment:checking '/root/ros2_ws/src/install/transform_sensors/lib/pkgconfig/transform_sensors.pc'
[1.793s] Level 1:colcon.colcon_core.environment:checking '/root/ros2_ws/src/install/transform_sensors/lib/python3.10/site-packages'
[1.793s] Level 1:colcon.colcon_core.shell:create_environment_hook('transform_sensors', 'pythonpath')
[1.793s] INFO:colcon.colcon_core.shell:Creating environment hook '/root/ros2_ws/src/install/transform_sensors/share/transform_sensors/hook/pythonpath.ps1'
[1.794s] INFO:colcon.colcon_core.shell:Creating environment descriptor '/root/ros2_ws/src/install/transform_sensors/share/transform_sensors/hook/pythonpath.dsv'
[1.794s] INFO:colcon.colcon_core.shell:Creating environment hook '/root/ros2_ws/src/install/transform_sensors/share/transform_sensors/hook/pythonpath.sh'
[1.794s] Level 1:colcon.colcon_core.environment:checking '/root/ros2_ws/src/install/transform_sensors/bin'
[1.794s] Level 1:colcon.colcon_core.environment:create_environment_scripts_only(transform_sensors)
[1.795s] INFO:colcon.colcon_core.shell:Creating package script '/root/ros2_ws/src/install/transform_sensors/share/transform_sensors/package.ps1'
[1.795s] INFO:colcon.colcon_core.shell:Creating package descriptor '/root/ros2_ws/src/install/transform_sensors/share/transform_sensors/package.dsv'
[1.795s] INFO:colcon.colcon_core.shell:Creating package script '/root/ros2_ws/src/install/transform_sensors/share/transform_sensors/package.sh'
[1.795s] INFO:colcon.colcon_core.shell:Creating package script '/root/ros2_ws/src/install/transform_sensors/share/transform_sensors/package.bash'
[1.796s] INFO:colcon.colcon_core.shell:Creating package script '/root/ros2_ws/src/install/transform_sensors/share/transform_sensors/package.zsh'
[1.796s] Level 1:colcon.colcon_core.environment:create_file_with_runtime_dependencies(/root/ros2_ws/src/install/transform_sensors/share/colcon-core/packages/transform_sensors)
[1.797s] Level 1:colcon.colcon_core.environment:checking '/root/ros2_ws/src/install/ros_tcp_endpoint' for CMake module files
[1.797s] DEBUG:colcon.colcon_core.event_handler.log_command:Invoked command in '/root/ros2_ws/src/utilities/ROS-TCP-Endpoint' returned '0': PYTHONPATH=/root/ros2_ws/src/build/ros_tcp_endpoint/prefix_override:/usr/lib/python3/dist-packages/colcon_core/task/python/colcon_distutils_commands:/root/ros2_ws/src/install/ros_tcp_endpoint/lib/python3.10/site-packages:${PYTHONPATH} /usr/bin/python3 -W ignore:setup.py install is deprecated -W ignore:easy_install command is deprecated setup.py egg_info --egg-base ../../build/ros_tcp_endpoint build --build-base /root/ros2_ws/src/build/ros_tcp_endpoint/build install --record /root/ros2_ws/src/build/ros_tcp_endpoint/install.log --install-scripts $base/lib/ros_tcp_endpoint --single-version-externally-managed install_data
[1.797s] Level 1:colcon.colcon_core.environment:checking '/root/ros2_ws/src/install/ros_tcp_endpoint' for CMake config files
[1.798s] Level 1:colcon.colcon_core.environment:checking '/root/ros2_ws/src/install/ros_tcp_endpoint/lib'
[1.798s] Level 1:colcon.colcon_core.environment:checking '/root/ros2_ws/src/install/ros_tcp_endpoint/bin'
[1.798s] Level 1:colcon.colcon_core.environment:checking '/root/ros2_ws/src/install/ros_tcp_endpoint/lib/pkgconfig/ros_tcp_endpoint.pc'
[1.798s] Level 1:colcon.colcon_core.environment:checking '/root/ros2_ws/src/install/ros_tcp_endpoint/lib/python3.10/site-packages'
[1.798s] Level 1:colcon.colcon_core.shell:create_environment_hook('ros_tcp_endpoint', 'pythonpath')
[1.798s] INFO:colcon.colcon_core.shell:Creating environment hook '/root/ros2_ws/src/install/ros_tcp_endpoint/share/ros_tcp_endpoint/hook/pythonpath.ps1'
[1.798s] INFO:colcon.colcon_core.shell:Creating environment descriptor '/root/ros2_ws/src/install/ros_tcp_endpoint/share/ros_tcp_endpoint/hook/pythonpath.dsv'
[1.799s] INFO:colcon.colcon_core.shell:Creating environment hook '/root/ros2_ws/src/install/ros_tcp_endpoint/share/ros_tcp_endpoint/hook/pythonpath.sh'
[1.799s] Level 1:colcon.colcon_core.environment:checking '/root/ros2_ws/src/install/ros_tcp_endpoint/bin'
[1.799s] Level 1:colcon.colcon_core.environment:create_environment_scripts_only(ros_tcp_endpoint)
[1.799s] INFO:colcon.colcon_core.shell:Creating package script '/root/ros2_ws/src/install/ros_tcp_endpoint/share/ros_tcp_endpoint/package.ps1'
[1.799s] INFO:colcon.colcon_core.shell:Creating package descriptor '/root/ros2_ws/src/install/ros_tcp_endpoint/share/ros_tcp_endpoint/package.dsv'
[1.800s] INFO:colcon.colcon_core.shell:Creating package script '/root/ros2_ws/src/install/ros_tcp_endpoint/share/ros_tcp_endpoint/package.sh'
[1.800s] INFO:colcon.colcon_core.shell:Creating package script '/root/ros2_ws/src/install/ros_tcp_endpoint/share/ros_tcp_endpoint/package.bash'
[1.800s] INFO:colcon.colcon_core.shell:Creating package script '/root/ros2_ws/src/install/ros_tcp_endpoint/share/ros_tcp_endpoint/package.zsh'
[1.800s] Level 1:colcon.colcon_core.environment:create_file_with_runtime_dependencies(/root/ros2_ws/src/install/ros_tcp_endpoint/share/colcon-core/packages/ros_tcp_endpoint)
[1.800s] INFO:colcon.colcon_ros.task.ament_cmake.build:Building ROS package in '/root/ros2_ws/src/base_autonomy/vehicle_simulator' with build type 'ament_cmake'
[1.800s] INFO:colcon.colcon_cmake.task.cmake.build:Building CMake package in '/root/ros2_ws/src/base_autonomy/vehicle_simulator'
[1.801s] INFO:colcon.colcon_core.shell:Skip shell extension 'powershell' for command environment: Not usable outside of PowerShell
[1.801s] DEBUG:colcon.colcon_core.shell:Skip shell extension 'dsv' for command environment
[1.807s] DEBUG:colcon.colcon_core.event_handler.log_command:Invoking command in '/root/ros2_ws/src/build/vehicle_simulator': AMENT_PREFIX_PATH=/root/ros2_ws/src/install/ros_tcp_endpoint:${AMENT_PREFIX_PATH} CMAKE_PREFIX_PATH=/opt/ros/humble PYTHONPATH=/root/ros2_ws/src/install/ros_tcp_endpoint/lib/python3.10/site-packages:${PYTHONPATH} /usr/bin/cmake --build /root/ros2_ws/src/build/vehicle_simulator -- -j24 -l24
[1.867s] DEBUG:colcon.colcon_core.event_handler.log_command:Invoked command in '/root/ros2_ws/src/build/vehicle_simulator' returned '0': AMENT_PREFIX_PATH=/root/ros2_ws/src/install/ros_tcp_endpoint:${AMENT_PREFIX_PATH} CMAKE_PREFIX_PATH=/opt/ros/humble PYTHONPATH=/root/ros2_ws/src/install/ros_tcp_endpoint/lib/python3.10/site-packages:${PYTHONPATH} /usr/bin/cmake --build /root/ros2_ws/src/build/vehicle_simulator -- -j24 -l24
[1.868s] DEBUG:colcon.colcon_core.event_handler.log_command:Invoking command in '/root/ros2_ws/src/build/vehicle_simulator': AMENT_PREFIX_PATH=/root/ros2_ws/src/install/ros_tcp_endpoint:${AMENT_PREFIX_PATH} CMAKE_PREFIX_PATH=/opt/ros/humble PYTHONPATH=/root/ros2_ws/src/install/ros_tcp_endpoint/lib/python3.10/site-packages:${PYTHONPATH} /usr/bin/cmake --install /root/ros2_ws/src/build/vehicle_simulator
[1.879s] Level 1:colcon.colcon_core.environment:create_environment_scripts_only(vehicle_simulator)
[1.879s] Level 1:colcon.colcon_core.environment:checking '/root/ros2_ws/src/install/vehicle_simulator' for CMake module files
[1.879s] DEBUG:colcon.colcon_core.event_handler.log_command:Invoked command in '/root/ros2_ws/src/build/vehicle_simulator' returned '0': AMENT_PREFIX_PATH=/root/ros2_ws/src/install/ros_tcp_endpoint:${AMENT_PREFIX_PATH} CMAKE_PREFIX_PATH=/opt/ros/humble PYTHONPATH=/root/ros2_ws/src/install/ros_tcp_endpoint/lib/python3.10/site-packages:${PYTHONPATH} /usr/bin/cmake --install /root/ros2_ws/src/build/vehicle_simulator
[1.880s] Level 1:colcon.colcon_core.environment:checking '/root/ros2_ws/src/install/vehicle_simulator' for CMake config files
[1.880s] Level 1:colcon.colcon_core.shell:create_environment_hook('vehicle_simulator', 'cmake_prefix_path')
[1.880s] INFO:colcon.colcon_core.shell:Creating environment hook '/root/ros2_ws/src/install/vehicle_simulator/share/vehicle_simulator/hook/cmake_prefix_path.ps1'
[1.880s] INFO:colcon.colcon_core.shell:Creating environment descriptor '/root/ros2_ws/src/install/vehicle_simulator/share/vehicle_simulator/hook/cmake_prefix_path.dsv'
[1.881s] INFO:colcon.colcon_core.shell:Creating environment hook '/root/ros2_ws/src/install/vehicle_simulator/share/vehicle_simulator/hook/cmake_prefix_path.sh'
[1.881s] Level 1:colcon.colcon_core.environment:checking '/root/ros2_ws/src/install/vehicle_simulator/lib'
[1.881s] Level 1:colcon.colcon_core.environment:checking '/root/ros2_ws/src/install/vehicle_simulator/bin'
[1.881s] Level 1:colcon.colcon_core.environment:checking '/root/ros2_ws/src/install/vehicle_simulator/lib/pkgconfig/vehicle_simulator.pc'
[1.881s] Level 1:colcon.colcon_core.environment:checking '/root/ros2_ws/src/install/vehicle_simulator/lib/python3.10/site-packages'
[1.881s] Level 1:colcon.colcon_core.environment:checking '/root/ros2_ws/src/install/vehicle_simulator/bin'
[1.882s] INFO:colcon.colcon_core.shell:Creating package script '/root/ros2_ws/src/install/vehicle_simulator/share/vehicle_simulator/package.ps1'
[1.882s] INFO:colcon.colcon_core.shell:Creating package descriptor '/root/ros2_ws/src/install/vehicle_simulator/share/vehicle_simulator/package.dsv'
[1.882s] INFO:colcon.colcon_core.shell:Creating package script '/root/ros2_ws/src/install/vehicle_simulator/share/vehicle_simulator/package.sh'
[1.882s] INFO:colcon.colcon_core.shell:Creating package script '/root/ros2_ws/src/install/vehicle_simulator/share/vehicle_simulator/package.bash'
[1.883s] INFO:colcon.colcon_core.shell:Creating package script '/root/ros2_ws/src/install/vehicle_simulator/share/vehicle_simulator/package.zsh'
[1.883s] Level 1:colcon.colcon_core.environment:create_file_with_runtime_dependencies(/root/ros2_ws/src/install/vehicle_simulator/share/colcon-core/packages/vehicle_simulator)
[1.883s] Level 1:colcon.colcon_core.environment:create_environment_scripts_only(vehicle_simulator)
[1.884s] Level 1:colcon.colcon_core.environment:checking '/root/ros2_ws/src/install/vehicle_simulator' for CMake module files
[1.884s] Level 1:colcon.colcon_core.environment:checking '/root/ros2_ws/src/install/vehicle_simulator' for CMake config files
[1.884s] Level 1:colcon.colcon_core.shell:create_environment_hook('vehicle_simulator', 'cmake_prefix_path')
[1.884s] INFO:colcon.colcon_core.shell:Creating environment hook '/root/ros2_ws/src/install/vehicle_simulator/share/vehicle_simulator/hook/cmake_prefix_path.ps1'
[1.884s] INFO:colcon.colcon_core.shell:Creating environment descriptor '/root/ros2_ws/src/install/vehicle_simulator/share/vehicle_simulator/hook/cmake_prefix_path.dsv'
[1.884s] INFO:colcon.colcon_core.shell:Creating environment hook '/root/ros2_ws/src/install/vehicle_simulator/share/vehicle_simulator/hook/cmake_prefix_path.sh'
[1.885s] Level 1:colcon.colcon_core.environment:checking '/root/ros2_ws/src/install/vehicle_simulator/lib'
[1.885s] Level 1:colcon.colcon_core.environment:checking '/root/ros2_ws/src/install/vehicle_simulator/bin'
[1.885s] Level 1:colcon.colcon_core.environment:checking '/root/ros2_ws/src/install/vehicle_simulator/lib/pkgconfig/vehicle_simulator.pc'
[1.885s] Level 1:colcon.colcon_core.environment:checking '/root/ros2_ws/src/install/vehicle_simulator/lib/python3.10/site-packages'
[1.885s] Level 1:colcon.colcon_core.environment:checking '/root/ros2_ws/src/install/vehicle_simulator/bin'
[1.885s] INFO:colcon.colcon_core.shell:Creating package script '/root/ros2_ws/src/install/vehicle_simulator/share/vehicle_simulator/package.ps1'
[1.886s] INFO:colcon.colcon_core.shell:Creating package descriptor '/root/ros2_ws/src/install/vehicle_simulator/share/vehicle_simulator/package.dsv'
[1.886s] INFO:colcon.colcon_core.shell:Creating package script '/root/ros2_ws/src/install/vehicle_simulator/share/vehicle_simulator/package.sh'
[1.886s] INFO:colcon.colcon_core.shell:Creating package script '/root/ros2_ws/src/install/vehicle_simulator/share/vehicle_simulator/package.bash'
[1.886s] INFO:colcon.colcon_core.shell:Creating package script '/root/ros2_ws/src/install/vehicle_simulator/share/vehicle_simulator/package.zsh'
[1.887s] Level 1:colcon.colcon_core.environment:create_file_with_runtime_dependencies(/root/ros2_ws/src/install/vehicle_simulator/share/colcon-core/packages/vehicle_simulator)
[7.194s] DEBUG:colcon.colcon_core.event_handler.log_command:Invoked command in '/root/ros2_ws/src/build/waypoint_rviz_plugin' returned '0': CMAKE_PREFIX_PATH=/opt/ros/humble /usr/bin/cmake --build /root/ros2_ws/src/build/waypoint_rviz_plugin -- -j24 -l24
[7.195s] DEBUG:colcon.colcon_core.event_handler.log_command:Invoking command in '/root/ros2_ws/src/build/waypoint_rviz_plugin': CMAKE_PREFIX_PATH=/opt/ros/humble /usr/bin/cmake --install /root/ros2_ws/src/build/waypoint_rviz_plugin
[7.197s] DEBUG:colcon.colcon_core.event_handler.log_command:Invoked command in '/root/ros2_ws/src/build/goalpoint_rviz_plugin' returned '0': CMAKE_PREFIX_PATH=/opt/ros/humble /usr/bin/cmake --build /root/ros2_ws/src/build/goalpoint_rviz_plugin -- -j24 -l24
[7.198s] DEBUG:colcon.colcon_core.event_handler.log_command:Invoking command in '/root/ros2_ws/src/build/goalpoint_rviz_plugin': CMAKE_PREFIX_PATH=/opt/ros/humble /usr/bin/cmake --install /root/ros2_ws/src/build/goalpoint_rviz_plugin
[7.206s] Level 1:colcon.colcon_core.environment:create_environment_scripts_only(waypoint_rviz_plugin)
[7.206s] Level 1:colcon.colcon_core.environment:checking '/root/ros2_ws/src/install/waypoint_rviz_plugin' for CMake module files
[7.207s] DEBUG:colcon.colcon_core.event_handler.log_command:Invoked command in '/root/ros2_ws/src/build/waypoint_rviz_plugin' returned '0': CMAKE_PREFIX_PATH=/opt/ros/humble /usr/bin/cmake --install /root/ros2_ws/src/build/waypoint_rviz_plugin
[7.207s] Level 1:colcon.colcon_core.environment:checking '/root/ros2_ws/src/install/waypoint_rviz_plugin' for CMake config files
[7.207s] Level 1:colcon.colcon_core.shell:create_environment_hook('waypoint_rviz_plugin', 'cmake_prefix_path')
[7.207s] INFO:colcon.colcon_core.shell:Creating environment hook '/root/ros2_ws/src/install/waypoint_rviz_plugin/share/waypoint_rviz_plugin/hook/cmake_prefix_path.ps1'
[7.208s] INFO:colcon.colcon_core.shell:Creating environment descriptor '/root/ros2_ws/src/install/waypoint_rviz_plugin/share/waypoint_rviz_plugin/hook/cmake_prefix_path.dsv'
[7.208s] INFO:colcon.colcon_core.shell:Creating environment hook '/root/ros2_ws/src/install/waypoint_rviz_plugin/share/waypoint_rviz_plugin/hook/cmake_prefix_path.sh'
[7.209s] Level 1:colcon.colcon_core.environment:checking '/root/ros2_ws/src/install/waypoint_rviz_plugin/lib'
[7.209s] Level 1:colcon.colcon_core.environment:checking '/root/ros2_ws/src/install/waypoint_rviz_plugin/bin'
[7.209s] Level 1:colcon.colcon_core.environment:checking '/root/ros2_ws/src/install/waypoint_rviz_plugin/lib/pkgconfig/waypoint_rviz_plugin.pc'
[7.209s] Level 1:colcon.colcon_core.environment:checking '/root/ros2_ws/src/install/waypoint_rviz_plugin/lib/python3.10/site-packages'
[7.209s] Level 1:colcon.colcon_core.environment:checking '/root/ros2_ws/src/install/waypoint_rviz_plugin/bin'
[7.209s] INFO:colcon.colcon_core.shell:Creating package script '/root/ros2_ws/src/install/waypoint_rviz_plugin/share/waypoint_rviz_plugin/package.ps1'
[7.210s] INFO:colcon.colcon_core.shell:Creating package descriptor '/root/ros2_ws/src/install/waypoint_rviz_plugin/share/waypoint_rviz_plugin/package.dsv'
[7.211s] INFO:colcon.colcon_core.shell:Creating package script '/root/ros2_ws/src/install/waypoint_rviz_plugin/share/waypoint_rviz_plugin/package.sh'
[7.211s] INFO:colcon.colcon_core.shell:Creating package script '/root/ros2_ws/src/install/waypoint_rviz_plugin/share/waypoint_rviz_plugin/package.bash'
[7.211s] INFO:colcon.colcon_core.shell:Creating package script '/root/ros2_ws/src/install/waypoint_rviz_plugin/share/waypoint_rviz_plugin/package.zsh'
[7.211s] Level 1:colcon.colcon_core.environment:create_file_with_runtime_dependencies(/root/ros2_ws/src/install/waypoint_rviz_plugin/share/colcon-core/packages/waypoint_rviz_plugin)
[7.212s] Level 1:colcon.colcon_core.environment:create_environment_scripts_only(waypoint_rviz_plugin)
[7.212s] Level 1:colcon.colcon_core.environment:checking '/root/ros2_ws/src/install/waypoint_rviz_plugin' for CMake module files
[7.212s] Level 1:colcon.colcon_core.environment:checking '/root/ros2_ws/src/install/waypoint_rviz_plugin' for CMake config files
[7.212s] Level 1:colcon.colcon_core.shell:create_environment_hook('waypoint_rviz_plugin', 'cmake_prefix_path')
[7.212s] INFO:colcon.colcon_core.shell:Creating environment hook '/root/ros2_ws/src/install/waypoint_rviz_plugin/share/waypoint_rviz_plugin/hook/cmake_prefix_path.ps1'
[7.212s] INFO:colcon.colcon_core.shell:Creating environment descriptor '/root/ros2_ws/src/install/waypoint_rviz_plugin/share/waypoint_rviz_plugin/hook/cmake_prefix_path.dsv'
[7.213s] INFO:colcon.colcon_core.shell:Creating environment hook '/root/ros2_ws/src/install/waypoint_rviz_plugin/share/waypoint_rviz_plugin/hook/cmake_prefix_path.sh'
[7.213s] Level 1:colcon.colcon_core.environment:checking '/root/ros2_ws/src/install/waypoint_rviz_plugin/lib'
[7.213s] Level 1:colcon.colcon_core.environment:checking '/root/ros2_ws/src/install/waypoint_rviz_plugin/bin'
[7.213s] Level 1:colcon.colcon_core.environment:checking '/root/ros2_ws/src/install/waypoint_rviz_plugin/lib/pkgconfig/waypoint_rviz_plugin.pc'
[7.213s] Level 1:colcon.colcon_core.environment:checking '/root/ros2_ws/src/install/waypoint_rviz_plugin/lib/python3.10/site-packages'
[7.213s] Level 1:colcon.colcon_core.environment:checking '/root/ros2_ws/src/install/waypoint_rviz_plugin/bin'
[7.213s] INFO:colcon.colcon_core.shell:Creating package script '/root/ros2_ws/src/install/waypoint_rviz_plugin/share/waypoint_rviz_plugin/package.ps1'
[7.214s] INFO:colcon.colcon_core.shell:Creating package descriptor '/root/ros2_ws/src/install/waypoint_rviz_plugin/share/waypoint_rviz_plugin/package.dsv'
[7.214s] INFO:colcon.colcon_core.shell:Creating package script '/root/ros2_ws/src/install/waypoint_rviz_plugin/share/waypoint_rviz_plugin/package.sh'
[7.214s] INFO:colcon.colcon_core.shell:Creating package script '/root/ros2_ws/src/install/waypoint_rviz_plugin/share/waypoint_rviz_plugin/package.bash'
[7.214s] INFO:colcon.colcon_core.shell:Creating package script '/root/ros2_ws/src/install/waypoint_rviz_plugin/share/waypoint_rviz_plugin/package.zsh'
[7.214s] Level 1:colcon.colcon_core.environment:create_file_with_runtime_dependencies(/root/ros2_ws/src/install/waypoint_rviz_plugin/share/colcon-core/packages/waypoint_rviz_plugin)
[7.215s] Level 1:colcon.colcon_core.environment:create_environment_scripts_only(goalpoint_rviz_plugin)
[7.215s] Level 1:colcon.colcon_core.environment:checking '/root/ros2_ws/src/install/goalpoint_rviz_plugin' for CMake module files
[7.215s] Level 1:colcon.colcon_core.environment:checking '/root/ros2_ws/src/install/goalpoint_rviz_plugin' for CMake config files
[7.215s] DEBUG:colcon.colcon_core.event_handler.log_command:Invoked command in '/root/ros2_ws/src/build/goalpoint_rviz_plugin' returned '0': CMAKE_PREFIX_PATH=/opt/ros/humble /usr/bin/cmake --install /root/ros2_ws/src/build/goalpoint_rviz_plugin
[7.216s] Level 1:colcon.colcon_core.shell:create_environment_hook('goalpoint_rviz_plugin', 'cmake_prefix_path')
[7.216s] INFO:colcon.colcon_core.shell:Creating environment hook '/root/ros2_ws/src/install/goalpoint_rviz_plugin/share/goalpoint_rviz_plugin/hook/cmake_prefix_path.ps1'
[7.216s] INFO:colcon.colcon_core.shell:Creating environment descriptor '/root/ros2_ws/src/install/goalpoint_rviz_plugin/share/goalpoint_rviz_plugin/hook/cmake_prefix_path.dsv'
[7.216s] INFO:colcon.colcon_core.shell:Creating environment hook '/root/ros2_ws/src/install/goalpoint_rviz_plugin/share/goalpoint_rviz_plugin/hook/cmake_prefix_path.sh'
[7.217s] Level 1:colcon.colcon_core.environment:checking '/root/ros2_ws/src/install/goalpoint_rviz_plugin/lib'
[7.217s] Level 1:colcon.colcon_core.environment:checking '/root/ros2_ws/src/install/goalpoint_rviz_plugin/bin'
[7.217s] Level 1:colcon.colcon_core.environment:checking '/root/ros2_ws/src/install/goalpoint_rviz_plugin/lib/pkgconfig/goalpoint_rviz_plugin.pc'
[7.217s] Level 1:colcon.colcon_core.environment:checking '/root/ros2_ws/src/install/goalpoint_rviz_plugin/lib/python3.10/site-packages'
[7.217s] Level 1:colcon.colcon_core.environment:checking '/root/ros2_ws/src/install/goalpoint_rviz_plugin/bin'
[7.217s] INFO:colcon.colcon_core.shell:Creating package script '/root/ros2_ws/src/install/goalpoint_rviz_plugin/share/goalpoint_rviz_plugin/package.ps1'
[7.217s] INFO:colcon.colcon_core.shell:Creating package descriptor '/root/ros2_ws/src/install/goalpoint_rviz_plugin/share/goalpoint_rviz_plugin/package.dsv'
[7.218s] INFO:colcon.colcon_core.shell:Creating package script '/root/ros2_ws/src/install/goalpoint_rviz_plugin/share/goalpoint_rviz_plugin/package.sh'
[7.218s] INFO:colcon.colcon_core.shell:Creating package script '/root/ros2_ws/src/install/goalpoint_rviz_plugin/share/goalpoint_rviz_plugin/package.bash'
[7.218s] INFO:colcon.colcon_core.shell:Creating package script '/root/ros2_ws/src/install/goalpoint_rviz_plugin/share/goalpoint_rviz_plugin/package.zsh'
[7.218s] Level 1:colcon.colcon_core.environment:create_file_with_runtime_dependencies(/root/ros2_ws/src/install/goalpoint_rviz_plugin/share/colcon-core/packages/goalpoint_rviz_plugin)
[7.218s] Level 1:colcon.colcon_core.environment:create_environment_scripts_only(goalpoint_rviz_plugin)
[7.218s] Level 1:colcon.colcon_core.environment:checking '/root/ros2_ws/src/install/goalpoint_rviz_plugin' for CMake module files
[7.219s] Level 1:colcon.colcon_core.environment:checking '/root/ros2_ws/src/install/goalpoint_rviz_plugin' for CMake config files
[7.219s] Level 1:colcon.colcon_core.shell:create_environment_hook('goalpoint_rviz_plugin', 'cmake_prefix_path')
[7.219s] INFO:colcon.colcon_core.shell:Creating environment hook '/root/ros2_ws/src/install/goalpoint_rviz_plugin/share/goalpoint_rviz_plugin/hook/cmake_prefix_path.ps1'
[7.219s] INFO:colcon.colcon_core.shell:Creating environment descriptor '/root/ros2_ws/src/install/goalpoint_rviz_plugin/share/goalpoint_rviz_plugin/hook/cmake_prefix_path.dsv'
[7.219s] INFO:colcon.colcon_core.shell:Creating environment hook '/root/ros2_ws/src/install/goalpoint_rviz_plugin/share/goalpoint_rviz_plugin/hook/cmake_prefix_path.sh'
[7.219s] Level 1:colcon.colcon_core.environment:checking '/root/ros2_ws/src/install/goalpoint_rviz_plugin/lib'
[7.219s] Level 1:colcon.colcon_core.environment:checking '/root/ros2_ws/src/install/goalpoint_rviz_plugin/bin'
[7.219s] Level 1:colcon.colcon_core.environment:checking '/root/ros2_ws/src/install/goalpoint_rviz_plugin/lib/pkgconfig/goalpoint_rviz_plugin.pc'
[7.219s] Level 1:colcon.colcon_core.environment:checking '/root/ros2_ws/src/install/goalpoint_rviz_plugin/lib/python3.10/site-packages'
[7.220s] Level 1:colcon.colcon_core.environment:checking '/root/ros2_ws/src/install/goalpoint_rviz_plugin/bin'
[7.220s] INFO:colcon.colcon_core.shell:Creating package script '/root/ros2_ws/src/install/goalpoint_rviz_plugin/share/goalpoint_rviz_plugin/package.ps1'
[7.220s] INFO:colcon.colcon_core.shell:Creating package descriptor '/root/ros2_ws/src/install/goalpoint_rviz_plugin/share/goalpoint_rviz_plugin/package.dsv'
[7.221s] INFO:colcon.colcon_core.shell:Creating package script '/root/ros2_ws/src/install/goalpoint_rviz_plugin/share/goalpoint_rviz_plugin/package.sh'
[7.221s] INFO:colcon.colcon_core.shell:Creating package script '/root/ros2_ws/src/install/goalpoint_rviz_plugin/share/goalpoint_rviz_plugin/package.bash'
[7.221s] INFO:colcon.colcon_core.shell:Creating package script '/root/ros2_ws/src/install/goalpoint_rviz_plugin/share/goalpoint_rviz_plugin/package.zsh'
[7.221s] Level 1:colcon.colcon_core.environment:create_file_with_runtime_dependencies(/root/ros2_ws/src/install/goalpoint_rviz_plugin/share/colcon-core/packages/goalpoint_rviz_plugin)
[7.221s] DEBUG:colcon.colcon_parallel_executor.executor.parallel:closing loop
[7.221s] DEBUG:colcon.colcon_parallel_executor.executor.parallel:loop closed
[7.221s] DEBUG:colcon.colcon_parallel_executor.executor.parallel:run_until_complete finished with '0'
[7.221s] DEBUG:colcon.colcon_core.event_reactor:joining thread
[7.228s] INFO:colcon.colcon_core.plugin_system:Skipping extension 'colcon_notification.desktop_notification.notify_send': Could not find 'notify-send'
[7.229s] INFO:colcon.colcon_core.plugin_system:Skipping extension 'colcon_notification.desktop_notification.terminal_notifier': Not used on non-Darwin systems
[7.229s] INFO:colcon.colcon_core.plugin_system:Skipping extension 'colcon_notification.desktop_notification.win32': Not used on non-Windows systems
[7.229s] INFO:colcon.colcon_notification.desktop_notification:Sending desktop notification using 'notify2'
[7.234s] DEBUG:colcon.colcon_notification.desktop_notification.notify2:Failed to initialize notify2: org.freedesktop.DBus.Error.Spawn.ExecFailed: /usr/bin/dbus-launch terminated abnormally without any error message
[7.235s] DEBUG:colcon.colcon_core.event_reactor:joined thread
[7.235s] INFO:colcon.colcon_core.shell:Creating prefix script '/root/ros2_ws/src/install/local_setup.ps1'
[7.236s] INFO:colcon.colcon_core.shell:Creating prefix util module '/root/ros2_ws/src/install/_local_setup_util_ps1.py'
[7.237s] INFO:colcon.colcon_core.shell:Creating prefix chain script '/root/ros2_ws/src/install/setup.ps1'
[7.237s] INFO:colcon.colcon_core.shell:Creating prefix script '/root/ros2_ws/src/install/local_setup.sh'
[7.238s] INFO:colcon.colcon_core.shell:Creating prefix util module '/root/ros2_ws/src/install/_local_setup_util_sh.py'
[7.238s] INFO:colcon.colcon_core.shell:Creating prefix chain script '/root/ros2_ws/src/install/setup.sh'
[7.239s] INFO:colcon.colcon_core.shell:Creating prefix script '/root/ros2_ws/src/install/local_setup.bash'
[7.239s] INFO:colcon.colcon_core.shell:Creating prefix chain script '/root/ros2_ws/src/install/setup.bash'
[7.239s] INFO:colcon.colcon_core.shell:Creating prefix script '/root/ros2_ws/src/install/local_setup.zsh'
[7.240s] INFO:colcon.colcon_core.shell:Creating prefix chain script '/root/ros2_ws/src/install/setup.zsh'
